wine_id,wine_name,winery,year,wine_type,rating,num_reviews,price,country,region,style,style_body,style_acidity,intensity,sweetness,tannin
77137,Unico (Gran Reserva) 2025,Vega Sicilia,2025,Red,4.7,55779,615.65,España,Ribera del Duero,Ribera del Duero Tinto (España),5,3,4.0,1.0,4.0
77136,Unico Reserva Especial Edición 2025,Vega Sicilia,2025,Red,4.7,15151,502.47,España,Ribera del Duero,Ribera del Duero Tinto (España),5,3,4.0,1.0,4.0
1876294,Pingus 2023,Dominio de Pingus,2023,Red,4.6,7031,1450.0,España,Ribera del Duero,Ribera del Duero Tinto (España),5,3,4.0,1.0,4.0
84140,El Nido 2023,Bodegas El Nido,2023,Red,4.7,6556,143.9,España,Jumilla,Tinto (España),4,3,4.0,1.0,3.0
77172,Toro 2015,Pintia,2015,Red,4.5,6288,135.0,España,Toro,Toro Tinto (España),5,3,4.5,1.0,3.5
1100735,La Nieta 2023,Viñedos de Páganos,2023,Red,4.5,5773,121.0,España,Rioja,Rioja Tinto (España),4,3,4.0,1.0,4.5
7972,Rioja Gran Reserva 904 2015,La Rioja Alta,2015,Red,4.5,5654,71.1,España,Rioja,Rioja Tinto (España),4,3,4.0,1.0,4.5
77171,Ribera del Duero 2017,Alión,2017,Red,4.6,5010,120.69,España,Ribera del Duero,Ribera del Duero Tinto (España),5,3,4.0,1.0,4.0
1175427,Valbuena 5º (Reserva) 2016,Vega Sicilia,2016,Red,4.7,4809,254.0,España,Ribera del Duero,Ribera del Duero Tinto (España),5,3,4.0,1.0,4.0
2839955,Bruto 2023,Juan Gil,2023,Red,4.5,4573,37.4,España,Jumilla,Monastrell (España),5,3,3.5,1.0,4.5
99584,Trasnocho 2019,Remírez de Ganuza,2019,Red,4.5,4336,88.91,España,Rioja,Rioja Tinto (España),4,3,4.0,1.0,4.5
18717,Cirsion Rioja 2021,Bodegas Roda,2021,Red,4.6,4306,213.0,España,Rioja,Rioja Tinto (España),4,3,4.0,1.0,4.5
1428373,Pago De Valtarreña 2022,Carmelo Rodero,2022,Red,4.5,4061,53.9,España,Ribera del Duero,Ribera del Duero Tinto (España),5,3,4.0,1.0,4.0
79814,Flor de Pingus 2016,Dominio de Pingus,2016,Red,4.5,3907,249.68,España,Ribera del Duero,Ribera del Duero Tinto (España),5,3,4.0,1.0,4.0
49754,Viña El Pison 2022,Artadi,2022,Red,4.6,3681,349.0,España,Vino de España,Tempranillo (España),4,2,4.5,1.0,4.0
1379762,Alabaster 2023,Teso La Monja,2023,Red,4.6,3611,179.0,España,Toro,Toro Tinto (España),5,3,4.5,1.0,3.5
3293391,Finca el Bosque 2023,Sierra Cantabria,2023,Red,4.5,3236,109.5,España,Rioja,Rioja Tinto (España),4,3,4.0,1.0,4.5
67064,L'Ermita Velles Vinyes Priorat 2022,Álvaro Palacios,2022,Red,4.6,2874,1449.0,España,Priorato,Priorat Tinto (España),4,3,5.0,1.0,3.5
98838,Contador Rioja 2023,Bodega Contador (Benjamín Romeo),2023,Red,4.6,2860,435.0,España,Rioja,Rioja Tinto (España),4,3,4.0,1.0,4.5
1221009,Amancio 2022,Sierra Cantabria,2022,Red,4.5,2739,96.7,España,Rioja,Rioja Tinto (España),4,3,4.0,1.0,4.5
11001,Castillo Ygay Gran Reserva Especial Tinto 2011,Marqués de Murrieta,2011,Red,4.6,2672,477.5,España,Rioja,Rioja Tinto (España),4,3,4.0,1.0,4.5
100292,Reserva Especial 2020,Hacienda Monasterio,2020,Red,4.5,2581,96.9,España,Ribera del Duero,Ribera del Duero Tinto (España),5,3,4.0,1.0,4.0
1994112,Macán 2014,Benjamin de Rothschild - Vega Sicilia,2014,Red,4.5,2372,116.0,España,Rioja,Rioja Tinto (España),4,3,4.0,1.0,4.5
1219218,Clio 2020,Bodegas El Nido,2020,Red,4.5,2020,97.9,España,Jumilla,Monastrell (España),5,3,3.5,1.0,4.5
1164373,Priorat 2023,Clos Erasmus,2023,Red,4.5,1963,255.0,España,Priorato,Priorat Tinto (España),4,3,5.0,1.0,3.5
7971,Gran Reserva 890 2010,La Rioja Alta,2010,Red,4.5,1771,187.0,España,Rioja,Rioja Tinto (España),4,3,4.0,1.0,4.5
73592,Petit Verdot 2021,Abadía Retuerta,2021,Red,4.5,1760,139.0,España,Abadía Retuerta,Tinto (España),4,3,4.0,1.0,3.0
736577,Pesus Ribera del Duero 2019,Viña Sastre,2019,Red,4.5,1757,380.9,España,Ribera del Duero,Ribera del Duero Tinto (España),5,3,4.0,1.0,4.0
1189647,Aquilon Garnacha 2018,Alto Moncayo,2018,Red,4.5,1714,125.0,España,Campo de Borja,Garnacha (España),5,3,5.0,1.0,3.0
1129282,PS (Pagos Seleccionados) 2020,Aalto,2020,Red,4.5,1675,219.31,España,Ribera del Duero,Ribera del Duero Tinto (España),5,3,4.0,1.0,4.0
1213831,La Mula de la Quietud 2020,Quinta de la Quietud,2020,Red,4.5,1664,76.45,España,Toro,Toro Tinto (España),5,3,4.5,1.0,3.5
83823,La Creu Alta 2020,Bodegas Mas Alta,2020,Red,4.5,1609,96.8,España,Priorato,Priorat Tinto (España),4,3,5.0,1.0,3.5
1219509,Camí Pesseroles 2022,Martinet,2022,Red,4.5,1315,82.75,España,Priorato,Priorat Tinto (España),4,3,5.0,1.0,3.5
4712965,Kalamity Rioja 2024,Oxer Wines,2024,Red,4.5,1279,119.0,España,Rioja,Rioja Tinto (España),4,3,4.0,1.0,4.5
2162093,Priorat 2015,Clos Mogador,2015,Red,4.5,1181,125.14,España,Priorato,Priorat Tinto (España),4,3,5.0,1.0,3.5
1696799,El Carretil 2023,Artadi,2023,Red,4.5,1162,189.0,España,Vino de España,Tempranillo (España),4,2,4.5,1.0,4.0
1126964,Termanthia 2012,Bodega Numanthia,2012,Red,4.6,1012,452.5,España,Toro,Toro Tinto (España),5,3,4.5,1.0,3.5
2539047,Mas de la Rosa 2023,Vall Llach,2023,Red,4.5,832,495.0,España,Priorato,Priorat Tinto (España),4,3,5.0,1.0,3.5
1370772,El Anejón 2010,Pago de Carraovejas,2010,Red,4.5,831,325.0,España,Ribera del Duero,Ribera del Duero Tinto (España),5,3,4.0,1.0,4.0
4375272,Gran Reserva Peñas Aladas 2019,Dominio del Águila,2019,Red,4.5,786,256.0,España,Ribera del Duero,Ribera del Duero Tinto (España),5,3,4.0,1.0,4.0
1450977,Tinto 2021,Teso La Monja,2021,Red,4.7,778,1500.0,España,Toro,Toro Tinto (España),5,3,4.5,1.0,3.5
99351,Finca Garbet 2021,Castillo Perelada,2021,Red,4.5,721,127.0,España,Empordà,Syrah (España),4,3,4.0,1.0,4.0
1290160,María Remírez de Ganuza 2019,Remírez de Ganuza,2019,Red,4.6,707,221.4,España,Rioja,Rioja Tinto (España),4,3,4.0,1.0,4.5
5599210,Quiñon de Valmira 2023,Álvaro Palacios,2023,Red,4.5,690,440.0,España,Rioja,Rioja Tinto (España),4,3,4.0,1.0,4.5
8029511,Cruz del Pendón 2023,Dominio de Cair,2023,Red,4.5,638,73.9,España,Ribera del Duero,Ribera del Duero Tinto (España),5,3,4.0,1.0,4.0
736588,Pago de Santa Cruz 2016,Viña Sastre,2016,Red,4.5,624,95.95,España,Ribera del Duero,Ribera del Duero Tinto (España),5,3,4.0,1.0,4.0
1632340,La Faraona Bierzo (Corullón) 2022,Descendientes de J. Palacios,2022,Red,4.6,585,1264.0,España,Bierzo,Mencia (España),3,3,3.5,1.0,3.0
5917220,Tm 2021,Tresmano - Tr3smano,2021,Red,4.5,574,124.0,España,Ribera del Duero,Ribera del Duero Tinto (España),5,3,4.0,1.0,4.0
5443219,Canta la Perdiz 2020,Dominio del Águila,2020,Red,4.5,534,325.0,España,Ribera del Duero,Ribera del Duero Tinto (España),5,3,4.0,1.0,4.0
7711572,Quercus Pyrenacia Rebollo Tinto 2019,Tomás Postigo,2019,Red,4.7,523,142.0,España,Ribera del Duero,Ribera del Duero Tinto (España),5,3,4.0,1.0,4.0
1591090,Sed de Caná 2019,Jaro,2019,Red,4.5,519,95.0,España,Ribera del Duero,Ribera del Duero Tinto (España),5,3,4.0,1.0,4.0
1163704,Mauro VS 2021,Bodegas Mauro,2021,Red,4.5,513,74.55,España,Castilla y León,Tempranillo (España),4,2,4.5,1.0,4.0
3966393,Respeto 2022,Bodegas 6º Elemento - Vino Sexto Elemento,2022,Red,4.5,504,32.95,España,Utiel-Requena,Tinto (España),4,3,4.0,1.0,3.0
11605,Malleolus de Valderramiro 2019,Emilio Moro,2019,Red,4.5,451,104.95,España,Ribera del Duero,Ribera del Duero Tinto (España),5,3,4.0,1.0,4.0
4184137,Pendón De La Aguilera 2021,Dominio de Cair,2021,Red,4.6,438,249.0,España,Ribera del Duero,Ribera del Duero Tinto (España),5,3,4.0,1.0,4.0
4347148,Les Aubaguetes Priorat 2022,Álvaro Palacios,2022,Red,4.5,411,375.0,España,Priorato,Priorat Tinto (España),4,3,5.0,1.0,3.5
1479987,Ribera del Duero Prestigio Pago de las Solanas 2016,Matarromera,2016,Red,4.5,403,259.0,España,Ribera del Duero,Ribera del Duero Tinto (España),5,3,4.0,1.0,4.0
4387135,Taberner No. 1 2016,Huerta de Albala,2016,Red,4.5,375,105.9,España,Cádiz,Tinto (España),4,3,4.0,1.0,3.0
7188241,Ribera del Duero Vinificación Integral Tinto 2019,Tomás Postigo,2019,Red,4.6,373,196.46,España,Ribera del Duero,Ribera del Duero Tinto (España),5,3,4.0,1.0,4.0
4569097,Cuesta de las Musas Tinta de Toro 2019,Dominio del Bendito,2019,Red,4.5,363,165.0,España,Toro,Toro Tinto (España),5,3,4.5,1.0,3.5
7086363,El Regollar 2021,Bodegas Amaren,2021,Red,4.5,339,75.4,España,Rioja,Rioja Tinto (España),4,3,4.0,1.0,4.5
1180183,AAA 2013,Marqués de Griñon,2013,Red,4.5,336,167.89,España,Dominio de Valdepusa,Tinto (España),4,3,4.0,1.0,3.0
1139435,Cuesta de Las Liebres 2019,Pago de Carraovejas,2019,Red,4.6,324,183.52,España,Ribera del Duero,Ribera del Duero Tinto (España),5,3,4.0,1.0,4.0
99588,Gran Reserva 2004,Remírez de Ganuza,2004,Red,4.7,301,1049.0,España,Rioja,Rioja Tinto (España),4,3,4.0,1.0,4.5
7538767,Stratum Wines La Calera del Escaramujo 2022,Bodega Cerrón,2022,Red,4.5,299,95.0,España,Jumilla,Monastrell (España),5,3,3.5,1.0,4.5
5262176,LaA 2019,Pago de Cirsus,2019,Red,4.5,282,36.8,España,Navarra,Tinto (España),4,3,4.0,1.0,3.0
1382462,Parcela El Picón Tinto 2010,Pago de Los Capellanes,2010,Red,4.5,273,290.0,España,Ribera del Duero,Ribera del Duero Tinto (España),5,3,4.0,1.0,4.0
5806244,Mágico 2020,Sierra Cantabria,2020,Red,4.7,259,489.0,España,Rioja,Rioja Tinto (España),4,3,4.0,1.0,4.5
4282272,Territorio Luthier Reserva 2016,Territorio Luthier,2016,Red,4.5,254,65.0,España,Ribera del Duero,Ribera del Duero Tinto (España),5,3,4.0,1.0,4.0
736555,Regina Vides Ribera del Duero 2014,Viña Sastre,2014,Red,4.5,242,159.9,España,Ribera del Duero,Ribera del Duero Tinto (España),5,3,4.0,1.0,4.0
14882,Félix Callejo (Viñedos de la Familia) 2005,Callejo,2005,Red,4.5,231,337.59,España,Ribera del Duero,Ribera del Duero Tinto (España),5,3,4.0,1.0,4.0
8992888,Los Yelsones 2022,Cuentaviñas,2022,Red,4.5,223,149.89,España,Rioja,Rioja Tinto (España),4,3,4.0,1.0,4.5
9048362,Una Cepa Premium 2015,Bodegas Valduero,2015,Red,4.6,215,399.4,España,Ribera del Duero,Ribera del Duero Tinto (España),5,3,4.0,1.0,4.0
11607,Malleolus de Sanchomartin 2020,Emilio Moro,2020,Red,4.5,213,135.86,España,Ribera del Duero,Ribera del Duero Tinto (España),5,3,4.0,1.0,4.0
2022997,Viñas Viejas de Soria Ribera Del Duero 2018,Dominio de Es,2018,Red,4.5,194,225.47,España,Ribera del Duero,Ribera del Duero Tinto (España),5,3,4.0,1.0,4.0
1126965,Terreus Paraje de Cueva Baja 2021,Bodegas Mauro,2021,Red,4.5,180,104.92,España,Castilla y León,Tempranillo (España),4,2,4.5,1.0,4.0
7495,Aro 2019,Bodegas Muga,2019,Red,4.5,166,262.0,España,Rioja,Rioja Tinto (España),4,3,4.0,1.0,4.5
9045156,El Tiznado 2023,Cuentaviñas,2023,Red,4.6,166,202.02,España,Rioja,Rioja Tinto (España),4,3,4.0,1.0,4.5
7921,Gran Reserva Ribera del Duero 2019,Arzuaga,2019,Red,4.5,166,84.5,España,Ribera del Duero,Ribera del Duero Tinto (España),5,3,4.0,1.0,4.0
1210558,Tinto 2011,Adamá Wines,2011,Red,4.5,166,50.0,España,Ribera del Duero,Ribera del Duero Tinto (España),5,3,4.0,1.0,4.0
1695725,Gran Reserva 2013,Tinto Pesquera,2013,Red,4.6,161,58.9,España,Ribera del Duero,Ribera del Duero Tinto (España),5,3,4.0,1.0,4.0
4260045,La Diva Tinto Ribera del Duero 2017,Dominio de Es,2017,Red,4.5,159,563.55,España,Ribera del Duero,Ribera del Duero Tinto (España),5,3,4.0,1.0,4.0
5905888,Viña Tondonia Gran Reserva 2004,R. López de Heredia,2004,Red,4.5,150,320.0,España,Rioja,Rioja Tinto (España),4,3,4.0,1.0,4.5
5093522,La Roza Ribera del Duero 2018,Dominio de Atauta,2018,Red,4.5,150,248.99,España,Ribera del Duero,Ribera del Duero Tinto (España),5,3,4.0,1.0,4.0
9530734,Doroteo Edición Especial 25 Aniversario 2019,Pago de Los Capellanes,2019,Red,4.5,148,90.0,España,Ribera del Duero,Ribera del Duero Tinto (España),5,3,4.0,1.0,4.0
1215527,Blecua Somontano 2016,Viñas del Vero,2016,Red,4.5,139,90.5,España,Somontano,Tinto (España),4,3,4.0,1.0,3.0
1648183,Son Negre 2011,Ànima Negra,2011,Red,4.5,136,298.0,España,Mallorca,Tinto (España),4,3,4.0,1.0,3.0
5875136,Tinto 2018,Pinea,2018,Red,4.5,127,159.24,España,Ribera del Duero,Ribera del Duero Tinto (España),5,3,4.0,1.0,4.0
2055586,Tinto 2021,Sei Solo,2021,Red,4.5,124,66.5,España,Ribera del Duero,Ribera del Duero Tinto (España),5,3,4.0,1.0,4.0
4427277,5º Año Ribera del Duero Tinto 2020,Tomás Postigo,2020,Red,4.5,118,77.5,España,Ribera del Duero,Ribera del Duero Tinto (España),5,3,4.0,1.0,4.0
2298357,Acediano 2015,Bodegas Naluar & Acediano,2015,Red,4.5,109,126.0,España,Ribera del Duero,Ribera del Duero Tinto (España),5,3,4.0,1.0,4.0
2439813,10º X Aniversario 2006,Abadía Retuerta,2006,Red,4.5,107,270.0,España,Abadía Retuerta,Tinto (España),4,3,4.0,1.0,3.0
1557083,Gran Arzuaga Ribera del Duero 2018,Arzuaga,2018,Red,4.5,106,163.5,España,Ribera del Duero,Ribera del Duero Tinto (España),5,3,4.0,1.0,4.0
6091368,Vatan Arena Tinta de Toro 2014,Ordóñez,2014,Red,4.8,105,369.05,España,Toro,Toro Tinto (España),5,3,4.5,1.0,3.5
9119,Viña Tondonia Reserva 1980,R. López de Heredia,1980,Red,4.5,105,493.75,España,Rioja,Rioja Tinto (España),4,3,4.0,1.0,4.5
9159380,Tierra Alta de 2 Racimos Gran Reserva 2015,Bodegas Valduero,2015,Red,4.5,101,108.3,España,Ribera del Duero,Ribera del Duero Tinto (España),5,3,4.0,1.0,4.0
9594951,Tinto 2017,Vivaltus,2017,Red,4.5,93,129.23,España,Ribera del Duero,Ribera del Duero Tinto (España),5,3,4.0,1.0,4.0
1815148,1902 Centenary Carignan Priorat 2017,Mas Doix,2017,Red,4.6,86,479.0,España,Priorato,Priorat Tinto (España),4,3,5.0,1.0,3.5
7203961,Luthier Gran Reserva 2012,Territorio Luthier,2012,Red,4.6,81,248.0,España,Ribera del Duero,Ribera del Duero Tinto (España),5,3,4.0,1.0,4.0
9235812,La Garnatxa D En Pitu Gran Reserva Garnatxa Roja Dolça 2013,Celler Massis de l'Albera,2013,Red,4.5,81,41.9,España,Empordà,Tinto (España),4,3,4.0,1.0,3.0
1451951,Janus Gran Reserva 2018,Tinto Pesquera,2018,Red,4.5,78,248.99,España,Ribera del Duero,Ribera del Duero Tinto (España),5,3,4.0,1.0,4.0
11238770,Viariz Vino de Altura 2022,Raúl Pérez,2022,Red,4.5,67,169.9,España,Bierzo,Mencia (España),3,3,3.5,1.0,3.0
2034907,Clon De La Familia 2018,Emilio Moro,2018,Red,4.7,67,289.34,España,Ribera del Duero,Ribera del Duero Tinto (España),5,3,4.0,1.0,4.0
9124,Viña Bosconia Gran Reserva 2001,R. López de Heredia,2001,Red,4.5,65,239.98,España,Rioja Alta,Rioja Tinto (España),4,3,4.0,1.0,4.5
5441031,Jacobus 2014,Comenge,2014,Red,4.6,64,212.58,España,Ribera del Duero,Ribera del Duero Tinto (España),5,3,4.0,1.0,4.0
2306556,Daphne Glorian Colección Vila Viniteca 75 Aniversario 2007,Clos Erasmus,2007,Red,4.6,63,219.9,España,Priorato,Priorat Tinto (España),4,3,5.0,1.0,3.5
9724334,1902 Centenary Carignan Tossal D'En Bou Gran Vinya Classificada Poboleda 2019,Mas Doix,2019,Red,4.6,58,400.0,España,Priorato,Priorat Tinto (España),4,3,5.0,1.0,3.5
8117524,La Rodeda 2023,Nin-Ortiz,2023,Red,4.5,56,270.0,España,Priorato,Priorat Tinto (España),4,3,5.0,1.0,3.5
7087248,Fondillon 50 Años 1968,Monóvar,1968,Red,4.7,56,196.08,España,Alicante,Monastrell (España),5,3,3.5,1.0,4.5
8105935,Les Sentius d'En Joan Bta. Domènech 2008,Cims de Porrera,2008,Red,4.5,55,86.83,España,Priorato,Priorat Tinto (España),4,3,5.0,1.0,3.5
6449504,Horcajo 2020,Cepa 21,2020,Red,4.5,54,75.91,España,Ribera del Duero,Ribera del Duero Tinto (España),5,3,4.0,1.0,4.0
5297971,Uno Tinto 2010,Enate,2010,Red,4.5,50,143.5,España,Somontano,Tinto (España),4,3,4.0,1.0,3.0
3880023,Pago de Santa Cruz Gran Reserva Ribera del Duero 2018,Viña Sastre,2018,Red,4.5,50,102.5,España,Ribera del Duero,Ribera del Duero Tinto (España),5,3,4.0,1.0,4.0
10813230,1903 Garnatxa Velles Vinyes Coma de Cases 2019,Mas Doix,2019,Red,4.5,46,400.0,España,Priorato,Priorat Tinto (España),4,3,5.0,1.0,3.5
6316691,Torralvo Gran Reserva 2015,Vizcarra,2015,Red,4.5,45,138.55,España,Ribera del Duero,Ribera del Duero Tinto (España),5,3,4.0,1.0,4.0
9842609,Rizado Old Vines Monastrell 2020,Trenza,2020,Red,4.5,45,60.35,España,Yecla,Monastrell (España),5,3,3.5,1.0,4.5
1784091,Valdegatiles Ribera del Duero 2014,Dominio de Atauta,2014,Red,4.5,44,327.5,España,Ribera del Duero,Ribera del Duero Tinto (España),5,3,4.0,1.0,4.0
1664071,Llanos del Almendro Ribera del Duero 2017,Dominio de Atauta,2017,Red,4.5,44,115.2,España,Ribera del Duero,Ribera del Duero Tinto (España),5,3,4.0,1.0,4.0
8982411,Single Vineyard San Juan 2018,Dominio de Atauta,2018,Red,4.7,41,224.95,España,Ribera del Duero,Ribera del Duero Tinto (España),5,3,4.0,1.0,4.0
1854434,Cuveé Julia Ribera del Duero 2011,Altos del Terral,2011,Red,4.5,40,157.0,España,Ribera del Duero,Ribera del Duero Tinto (España),5,3,4.0,1.0,4.0
12765227,Pago de Torrosillo 2019,Figuero,2019,Red,4.5,40,61.98,España,Ribera del Duero,Ribera del Duero Tinto (España),5,3,4.0,1.0,4.0
12554991,52-60 2022,Abel Mendoza Monge,2022,Red,4.5,38,81.25,España,Rioja,Rioja Tinto (España),4,3,4.0,1.0,4.5
7026145,Mas de la Rosa Porrera Vinyes Velles 2019,Familia Torres,2019,Red,4.5,36,375.0,España,Priorato,Priorat Tinto (España),4,3,5.0,1.0,3.5
2021425,Gran Reserva 2017,Matarromera,2017,Red,4.5,35,89.9,España,Ribera del Duero,Ribera del Duero Tinto (España),5,3,4.0,1.0,4.0
1662515,Tomás Esteban 2017,Valderiz,2017,Red,4.5,32,69.95,España,Ribera del Duero,Ribera del Duero Tinto (España),5,3,4.0,1.0,4.0
8106369,Luma 2016,Astrales,2016,Red,4.5,32,110.0,España,Ribera del Duero,Ribera del Duero Tinto (España),5,3,4.0,1.0,4.0
7614735,El Jardín de las Iguales Viñedo Historico Garnacha 2019,Bodegas Frontonio,2019,Red,4.5,30,264.7,España,Aragón,Garnacha (España),5,3,5.0,1.0,3.0
13321998,La Rebusca 2024,Entre Lindes,2024,Red,4.5,30,26.9,España,Castilla,Tinto (España),4,3,4.0,1.0,3.0
99572,Rioja Reserva 2018,Remírez de Ganuza,2018,Red,4.5,29,62.3,España,Rioja,Rioja Tinto (España),4,3,4.0,1.0,4.5
6900561,1903 Centenary Grenache 2017,Mas Doix,2017,Red,4.5,29,479.0,España,Priorato,Priorat Tinto (España),4,3,5.0,1.0,3.5
1237418,Ribera Del Duero Gran Reserva 12 Años 2004,Bodegas Valduero,2004,Red,4.7,29,1369.4,España,Ribera del Duero,Ribera del Duero Tinto (España),5,3,4.0,1.0,4.0
11102978,Tapias de Marqués de Riscal 2020,Marqués de Riscal,2020,Red,4.5,27,110.0,España,Rioja,Rioja Tinto (España),4,3,4.0,1.0,4.5
1139117,Gran Reserva 2001,Viña Pedrosa,2001,Red,4.5,27,248.0,España,Ribera del Duero,Ribera del Duero Tinto (España),5,3,4.0,1.0,4.0
5805405,La Morera de San Lázaro 2021,Artadi,2021,Red,4.5,26,112.0,España,Vino de España,Tempranillo (España),4,2,4.5,1.0,4.0
1966359,La Mala Ribera del Duero 2017,Dominio de Atauta,2017,Red,4.5,25,117.62,España,Ribera del Duero,Ribera del Duero Tinto (España),5,3,4.0,1.0,4.0
5259792,EF 2009,Adamá Wines,2009,Red,4.5,25,74.0,España,Ribera del Duero,Ribera del Duero Tinto (España),5,3,4.0,1.0,4.0
1139434,Tinto 2019,Pago de Carraovejas,2019,Red,4.5,7005,37.5,España,Ribera del Duero,Ribera del Duero Tinto (España),5,3,4.0,1.0,4.0
23337,Aalto 2018,Aalto,2018,Red,4.5,3147,69.0,España,Ribera del Duero,Ribera del Duero Tinto (España),5,3,4.0,1.0,4.0
1126125,Prado Enea Gran Reserva 2015,Bodegas Muga,2015,Red,4.5,2627,69.8,España,Rioja,Rioja Tinto (España),4,3,4.0,1.0,4.5
7494,Torre Muga 2016,Bodegas Muga,2016,Red,4.5,1576,87.73,España,Rioja,Rioja Tinto (España),4,3,4.0,1.0,4.5
1139258,Reserva 2012,Pago de Carraovejas,2012,Red,4.5,1281,129.9,España,Ribera del Duero,Ribera del Duero Tinto (España),5,3,4.0,1.0,4.0
2026372,Barón de Chirel Reserva 2017,Marqués de Riscal,2017,Red,4.5,920,70.7,España,Rioja,Rioja Tinto (España),4,3,4.0,1.0,4.5
1415247,Ribera Del Duero Reserva Premium 6 Anos 2015,Bodegas Valduero,2015,Red,4.5,696,79.0,España,Ribera del Duero,Ribera del Duero Tinto (España),5,3,4.0,1.0,4.0
6377165,La Loma 2022,Miguel Merino,2022,Red,4.5,693,62.9,España,Rioja Alta,Rioja Tinto (España),4,3,4.0,1.0,4.5
1504122,Millenium Reserva 2008,Tinto Pesquera,2008,Red,4.5,563,74.0,España,Ribera del Duero,Ribera del Duero Tinto (España),5,3,4.0,1.0,4.0
5937785,Touran 2022,Morca,2022,Red,4.5,539,94.5,España,Campo de Borja,Garnacha (España),5,3,5.0,1.0,3.0
9105692,1076 Tinto 2018,Milsetentayseis,2018,Red,4.5,463,56.95,España,Ribera del Duero,Ribera del Duero Tinto (España),5,3,4.0,1.0,4.0
1179387,Clos Martinet 2014,Martinet,2014,Red,4.5,412,65.0,España,Priorato,Priorat Tinto (España),4,3,5.0,1.0,3.5
1126750,Viña del Olivo 2017,Contino,2017,Red,4.5,388,65.0,España,Rioja,Rioja Tinto (España),4,3,4.0,1.0,4.5
98835,La Cueva del Contador Rioja 2017,Bodega Contador (Benjamín Romeo),2017,Red,4.5,372,72.5,España,Rioja,Rioja Tinto (España),4,3,4.0,1.0,4.5
12262,Ribera del Duero Prestigio 2015,Matarromera,2015,Red,4.5,335,52.0,España,Ribera del Duero,Ribera del Duero Tinto (España),5,3,4.0,1.0,4.0
3666125,Zona Zepa Monastrell 2021,Barahonda,2021,Red,4.5,319,61.9,España,Yecla,Monastrell (España),5,3,3.5,1.0,4.5
2149967,Selecció Especial Vinyes Velles 2015,Ferrer Bobet,2015,Red,4.5,277,99.9,España,Priorato,Priorat Tinto (España),4,3,5.0,1.0,3.5
100284,Reserva 2017,Hacienda Monasterio,2017,Red,4.5,274,79.0,España,Ribera del Duero,Ribera del Duero Tinto (España),5,3,4.0,1.0,4.0
1829321,Grillo 2019,El Grillo y La Luna,2019,Red,4.5,248,35.0,España,Somontano,Tinto (España),4,3,4.0,1.0,3.0
67084,Finca Dofí 2006,Álvaro Palacios,2006,Red,4.5,224,75.0,España,Priorato,Priorat Tinto (España),4,3,5.0,1.0,3.5
77247,Pie Franco 2020,Casa Castillo,2020,Red,4.5,219,245.0,España,Jumilla,Monastrell (España),5,3,3.5,1.0,4.5
1198728,Clos Fontà Priorat 2004,Mas d'en Gil,2004,Red,4.6,207,150.0,España,Priorato,Priorat Tinto (España),4,3,5.0,1.0,3.5
2121743,El Laberinto 2012,Viña Ane,2012,Red,4.5,204,39.33,España,Rioja,Rioja Tinto (España),4,3,4.0,1.0,4.5
2559407,Epistem No. 5 2020,Atlan & Artisan,2020,Red,4.5,193,93.95,España,Yecla,Monastrell (España),5,3,3.5,1.0,4.5
6696954,Cuvée N Viñas Viejas 2015,Casa Castillo,2015,Red,4.6,187,68.0,España,Jumilla,Monastrell (España),5,3,3.5,1.0,4.5
5133582,Cuesta de Las Virgenes Tempranillo 2019,,2019,Red,4.5,159,31.19,España,Ribera del Duero,Ribera del Duero Tinto (España),5,3,4.0,1.0,4.0
7010830,Pico de Luyas 2016,Trus,2016,Red,4.5,156,48.5,España,Ribera del Duero,Ribera del Duero Tinto (España),5,3,4.0,1.0,4.0
1289986,Nit de Nin Mas d'en Caçador 2011,Nin-Ortiz,2011,Red,4.5,154,395.0,España,Priorato,Priorat Tinto (España),4,3,5.0,1.0,3.5
1563086,Gran Buig Priorat 2016,Mas d'en Gil,2016,Red,4.6,144,325.0,España,Priorato,Priorat Tinto (España),4,3,5.0,1.0,3.5
7051839,1194 2016,Perinet,2016,Red,4.5,144,101.07,España,Priorato,Priorat Tinto (España),4,3,5.0,1.0,3.5
1657556,Planots Priorat 2009,Cal Pla,2009,Red,4.5,140,59.2,España,Priorato,Priorat Tinto (España),4,3,5.0,1.0,3.5
5269028,Gran Reserva Clos Monlleó 2000,Sangenís I Vaqué,2000,Red,4.5,135,90.0,España,Priorato,Priorat Tinto (España),4,3,5.0,1.0,3.5
6314289,Finca El Canto 2018,Tarsus,2018,Red,4.5,126,74.2,España,Ribera del Duero,Ribera del Duero Tinto (España),5,3,4.0,1.0,4.0
1605489,Grandes Añadas Rioja 2001,Artadi,2001,Red,4.5,126,345.0,España,Rioja,Rioja Tinto (España),4,3,4.0,1.0,4.5
2555028,Sir Cupani 2021,Cupani,2021,Red,4.5,124,22.0,España,Rioja,Rioja Tinto (España),4,3,4.0,1.0,4.5
7459405,Colom de Penya 2018,Vins Miquel Gelabert,2018,Red,4.5,117,86.0,España,Plà i Llevant,Tinto (España),4,3,4.0,1.0,3.0
6318153,Monjoia de Mortitx 2020,Mortitx,2020,Red,4.5,116,67.8,España,Islas Baleares,Syrah (España),4,3,4.0,1.0,4.0
99273,Vinyes Altes Selecció Míriam Priorat 2022,Bodegas Celler Francisco Castillo - Clos Dominic,2022,Red,4.5,113,69.0,España,Priorato,Priorat Tinto (España),4,3,5.0,1.0,3.5
4901444,Matacán 2022,Pepe Rodríguez de Vera,2022,Red,4.6,102,252.6,España,Almansa,Syrah (España),4,3,4.0,1.0,4.0
79953,Salinas 1237 2012,Sierra Salinas,2012,Red,4.5,94,58.7,España,Alicante,Tinto (España),4,3,4.0,1.0,3.0
1360275,Finca Helena 2019,Bodegas Abadía de San Quirce,2019,Red,4.6,86,54.79,España,Ribera del Duero,Ribera del Duero Tinto (España),5,3,4.0,1.0,4.0
1148822,Grans Muralles 2000,Familia Torres,2000,Red,4.5,85,125.05,España,Conca de Barberà,Tinto (España),4,3,4.0,1.0,3.0
97711,Les Tosses 2016,Terroir Al Límit Soc. Lda,2016,Red,4.5,76,225.0,España,Priorato,Priorat Tinto (España),4,3,5.0,1.0,3.5
5263601,Labrador 2019,Lagar do Merens,2019,Red,4.5,71,114.95,España,Castilla y León,Tinto (España),4,3,4.0,1.0,3.0
1174676,Reserva Especial 2006,Enate,2006,Red,4.5,70,84.46,España,Somontano,Tinto (España),4,3,4.0,1.0,3.0
97710,Les Manyes 2018,Terroir Al Límit Soc. Lda,2018,Red,4.5,67,199.0,España,Priorato,Priorat Tinto (España),4,3,5.0,1.0,3.5
5479950,La Vinya del Vuit (8) 2015,La Vinya del Vuit,2015,Red,4.5,65,95.83,España,Priorato,Priorat Tinto (España),4,3,5.0,1.0,3.5
2647502,Gran Reserva 2015,Dehesa de Los Canónigos,2015,Red,4.6,61,22.1,España,Ribera del Duero,Ribera del Duero Tinto (España),5,3,4.0,1.0,4.0
1473737,El Belisario 2015,Bodegas Tierra,2015,Red,4.5,60,40.0,España,Rioja,Rioja Tinto (España),4,3,4.0,1.0,4.5
8037614,Carraquintana de Amaren 2017,Bodegas Amaren,2017,Red,4.5,59,74.64,España,Rioja Alavesa,Rioja Tinto (España),4,3,4.0,1.0,4.5
10998,Reserva Rioja (Finca Ygay) 1954,Marqués de Murrieta,1954,Red,4.5,54,252.5,España,Rioja,Rioja Tinto (España),4,3,4.0,1.0,4.5
2915468,Selección Especial 2015,Clos d'Agon,2015,Red,4.5,51,87.19,España,Cataluña,Tinto (España),4,3,4.0,1.0,3.0
3781108,Bendiciones 2014,Convento de las Claras,2014,Red,4.5,49,92.73,España,Ribera del Duero,Ribera del Duero Tinto (España),5,3,4.0,1.0,4.0
1244873,Tinto 2018,Bodega Rento,2018,Red,4.5,46,46.4,España,Ribera del Duero,Ribera del Duero Tinto (España),5,3,4.0,1.0,4.0
4344855,Calmo 2014,Legaris,2014,Red,4.5,45,71.9,España,Ribera del Duero,Ribera del Duero Tinto (España),5,3,4.0,1.0,4.0
9064817,Materia Bobal 2020,Chozas Carrascal,2020,Red,4.5,44,63.75,España,Valencia,Tinto (España),4,3,4.0,1.0,3.0
7356283,La Baixada 2019,Álvaro Palacios,2019,Red,4.5,43,219.75,España,Priorato,Priorat Tinto (España),4,3,5.0,1.0,3.5
4794055,Solterroir 2012,Compañía Vinícola Solterra,2012,Red,4.6,39,90.0,España,Ribera del Duero,Ribera del Duero Tinto (España),5,3,4.0,1.0,4.0
10610046,Camino de Ribas Parcela La Cóncova 2022,José Gil,2022,Red,4.6,39,65.95,España,Rioja,Rioja Tinto (España),4,3,4.0,1.0,4.5
1450186,Celia 2016,Vizcarra,2016,Red,4.5,38,82.5,España,Ribera del Duero,Ribera del Duero Tinto (España),5,3,4.0,1.0,4.0
23505,Doix 1999,Mas Doix,1999,Red,4.6,32,405.0,España,Priorato,Priorat Tinto (España),4,3,5.0,1.0,3.5
2511174,Puro Vicio 2017,Inurrieta,2017,Red,4.5,28,26.1,España,Navarra,Syrah (España),4,3,4.0,1.0,4.0
6351120,Lantigua 1989 1989,Bodegas Valduero,1989,Red,4.7,26,2800.0,España,Ribera del Duero,Ribera del Duero Tinto (España),5,3,4.0,1.0,4.0
6266660,Mucho Más Tinto N.V.,Félix Solís,N.V.,Red,4.1,111130,5.55,España,Vino de España,Tinto (España),4,3,4.0,1.0,3.0
12264,Crianza 2023,Matarromera,2023,Red,4.1,41919,24.9,España,Ribera del Duero,Ribera del Duero Tinto (España),5,3,4.0,1.0,4.0
18715,Roda Reserva Rioja 2022,Bodegas Roda,2022,Red,4.2,31269,64.9,España,Rioja,Rioja Tinto (España),4,3,4.0,1.0,4.5
1383553,Roda I Reserva Rioja 2022,Bodegas Roda,2022,Red,4.4,29250,64.4,España,Rioja,Rioja Tinto (España),4,3,4.0,1.0,4.5
86683,AN/2 2004,Ànima Negra,2004,Red,4.0,27422,71.2,España,Mallorca,Tinto (España),4,3,4.0,1.0,3.0
5445838,The Guv’nor N.V.,Félix Solís,N.V.,Red,4.1,26368,5.5,España,Valdepeñas,Tempranillo (España),4,2,4.5,1.0,4.0
67074,Les Terrasses Laderas de Pizarra 2023,Álvaro Palacios,2023,Red,4.2,26034,92.0,España,Priorato,Priorat Tinto (España),4,3,5.0,1.0,3.5
1921801,Macán Clásico 2022,Benjamin de Rothschild - Vega Sicilia,2022,Red,4.3,25313,46.5,España,Rioja,Rioja Tinto (España),4,3,4.0,1.0,4.5
76284,Crianza 2023,Carmelo Rodero,2023,Red,4.1,23678,23.35,España,Ribera del Duero,Ribera del Duero Tinto (España),5,3,4.0,1.0,4.0
1151535,Lalama 2022,Dominio do Bibei,2022,Red,4.0,18171,20.0,España,Ribeira Sacra,Mencia (España),3,3,3.5,1.0,3.0
1163903,Reserva 2019,Marqués de Riscal,2019,Red,4.2,15957,40.56,España,Rioja,Rioja Tinto (España),4,3,4.0,1.0,4.5
77884,El Puntido 2022,Viñedos de Páganos,2022,Red,4.3,11672,41.5,España,Rioja,Rioja Tinto (España),4,3,4.0,1.0,4.5
1176638,Crianza 2023,Dehesa de Los Canónigos,2023,Red,4.1,11365,20.95,España,Ribera del Duero,Ribera del Duero Tinto (España),5,3,4.0,1.0,4.0
23109,Ribera Del Duero Crianza 2020,Bodegas Valduero,2020,Red,4.0,10479,23.5,España,Ribera del Duero,Ribera del Duero Tinto (España),5,3,4.0,1.0,4.0
1166594,Parcela El Nogal Tinto 2021,Pago de Los Capellanes,2021,Red,4.4,10026,56.4,España,Ribera del Duero,Ribera del Duero Tinto (España),5,3,4.0,1.0,4.0
1212282,Parada de Atauta 2022,Dominio de Atauta,2022,Red,4.0,9689,17.95,España,Ribera del Duero,Ribera del Duero Tinto (España),5,3,4.0,1.0,4.0
1138894,Reserva 2020,Marques de Vargas,2020,Red,4.0,9621,23.0,España,Rioja,Rioja Tinto (España),4,3,4.0,1.0,4.5
1386686,Emilio Moro 2019,Emilio Moro,2019,Red,4.2,9254,49.5,España,Ribera del Duero,Ribera del Duero Tinto (España),5,3,4.0,1.0,4.0
12263,Ribera del Duero Reserva 2018,Matarromera,2018,Red,4.4,8830,39.75,España,Ribera del Duero,Ribera del Duero Tinto (España),5,3,4.0,1.0,4.0
1193017,Bassus Pinot Noir 2023,Hispano Suizas,2023,Red,4.2,7865,25.5,España,Utiel-Requena,Tinto (España),4,3,4.0,1.0,3.0
1145049,No. 12 Selección Especial 2022,Venta del Puerto,2022,Red,4.1,7685,11.74,España,Valencia,Tinto (España),4,3,4.0,1.0,3.0
1721127,Reserva 2022,Carmelo Rodero,2022,Red,4.4,7543,39.78,España,Ribera del Duero,Ribera del Duero Tinto (España),5,3,4.0,1.0,4.0
99555,Finca Terrerazo 2023,Mustiguillo,2023,Red,4.1,7495,27.1,España,El Terrerazo,Tinto (España),4,3,4.0,1.0,3.0
1135777,QS 2020,Quinta Sardonia,2020,Red,4.2,7481,36.3,España,Castilla y León,Tinto (España),4,3,4.0,1.0,3.0
9240299,Mucho Más Tinto - Black Edition N.V.,Félix Solís,N.V.,Red,4.1,7410,6.75,España,Vino de España,Tinto (España),4,3,4.0,1.0,3.0
1126961,Àn 2023,Ànima Negra,2023,Red,4.2,7216,42.51,España,Mallorca,Tinto (España),4,3,4.0,1.0,3.0
1609930,Laurel 2023,Clos Erasmus,2023,Red,4.2,7086,58.9,España,Priorato,Priorat Tinto (España),4,3,5.0,1.0,3.5
7586997,Crianza 2005,El Vínculo,2005,Red,4.0,6898,16.0,España,La Mancha,Tempranillo (España),4,2,4.5,1.0,4.0
1186088,Viñedos Propios 2021,Finca Moncloa,2021,Red,4.0,6535,15.0,España,Cádiz,Tinto (España),4,3,4.0,1.0,3.0
7973,Viña Ardanza Reserva 2017,La Rioja Alta,2017,Red,4.3,6529,54.45,España,Rioja,Rioja Tinto (España),4,3,4.0,1.0,4.5
1230455,Altos de Luzón 2023,Luzon,2023,Red,4.0,6432,13.36,España,Jumilla,Monastrell (España),5,3,3.5,1.0,4.5
1917453,Vi de Vila Gratallops 2023,Álvaro Palacios,2023,Red,4.3,6398,64.95,España,Priorato,Priorat Tinto (España),4,3,5.0,1.0,3.5
1206543,Fagus de Coto de Hayas Garnacha 2023,Bodegas Aragonesas,2023,Red,4.2,6218,19.95,España,Aragón,Garnacha (España),5,3,5.0,1.0,3.0
2317863,Crianza 2019,Tinto Pesquera,2019,Red,4.2,6079,19.66,España,Ribera del Duero,Ribera del Duero Tinto (España),5,3,4.0,1.0,4.0
3313942,Celeste Crianza 2016,Pago del Cielo,2016,Red,4.0,6074,38.5,España,Ribera del Duero,Ribera del Duero Tinto (España),5,3,4.0,1.0,4.0
1937521,Bobos Finca Casa la Borracha 2023,Hispano Suizas,2023,Red,4.2,6013,26.0,España,Utiel-Requena,Tinto (España),4,3,4.0,1.0,3.0
2388758,Selección Especial 2018,Abadía Retuerta,2018,Red,4.3,5990,36.24,España,Abadía Retuerta,Tinto (España),4,3,4.0,1.0,3.0
12200870,Mucho Mas Gold N.V.,Félix Solís,N.V.,Red,4.0,5874,9.99,España,Vino de España,Tempranillo (España),4,2,4.5,1.0,4.0
1572777,Vinya Le Havre Reserva Cabernet Sauvignon 2022,Jean Leon,2022,Red,4.0,5735,24.3,España,Penedès,Cabernet Sauvignon (España),4,3,5.0,1.0,4.0
1136746,El Recio 2020,Matsu,2020,Red,4.1,5610,37.25,España,Toro,Toro Tinto (España),5,3,4.5,1.0,3.5
88835,Viña Lanciano Reserva 2020,Lan,2020,Red,4.0,5597,17.4,España,Rioja,Rioja Tinto (España),4,3,4.0,1.0,4.5
1164695,Rioja Reserva 2017,Beronia,2017,Red,4.1,5551,14.6,España,Rioja,Rioja Tinto (España),4,3,4.0,1.0,4.5
1205756,Aragonia Selección Especial Garnacha 2022,Bodegas Aragonesas,2022,Red,4.0,5535,17.95,España,Campo de Borja,Garnacha (España),5,3,5.0,1.0,3.0
1539907,Petit Hipperia 2024,Pago de Vallegarcía,2024,Red,4.0,5500,16.9,España,Castilla,Tinto (España),4,3,4.0,1.0,3.0
1213195,4 Kilos 2023,4 Kilos Vinícola,2023,Red,4.0,5482,33.6,España,Mallorca,Tinto (España),4,3,4.0,1.0,3.0
2402855,Lousas Viña de Aldea 2024,Envínate,2024,Red,4.1,5396,22.9,España,Ribeira Sacra,Mencia (España),3,3,3.5,1.0,3.0
1385716,3.9 2022,Abadal,2022,Red,4.1,5299,58.0,España,Pla de Bages,Tinto (España),4,3,4.0,1.0,3.0
77250,Las Gravas 2022,Casa Castillo,2022,Red,4.0,5209,44.95,España,Jumilla,España Rhône Blend Tinto,5,3,5.0,1.0,4.0
77021,Crianza Rioja 2020,Ramón Bilbao,2020,Red,4.0,5193,5.15,España,Rioja,Rioja Tinto (España),4,3,4.0,1.0,4.5
1674878,Sió Negre 2023,Bodega Ribas,2023,Red,4.1,5180,28.0,España,Mallorca,Tinto (España),4,3,4.0,1.0,3.0
99874,Torre Albéniz Reserva Ribera del Duero 2021,Finca Torremilanos,2021,Red,4.1,5049,34.25,España,Ribera del Duero,Ribera del Duero Tinto (España),5,3,4.0,1.0,4.0
3051453,Gran Reserva 2018,Viña Pomal,2018,Red,4.0,5019,27.95,España,Rioja,Rioja Tinto (España),4,3,4.0,1.0,4.5
77022,Rioja Reserva (Tempranillo) 2018,Ramón Bilbao,2018,Red,4.1,4836,16.5,España,Rioja,Rioja Tinto (España),4,3,4.0,1.0,4.5
21584,Rioja Reserva 2020,Baron de Ley,2020,Red,4.0,4793,9.95,España,Rioja,Rioja Tinto (España),4,3,4.0,1.0,4.5
1671049,Ultreia Valtuille Mencía 2023,Raúl Pérez,2023,Red,4.1,4761,94.95,España,Bierzo,Mencia (España),3,3,3.5,1.0,3.0
1245550,PSI 2020,Dominio de Pingus,2020,Red,4.2,4744,43.2,España,Ribera del Duero,Ribera del Duero Tinto (España),5,3,4.0,1.0,4.0
2214,Frank Gehry Selection 2022,Marqués de Riscal,2022,Red,4.0,4704,372.5,España,Rioja,Rioja Tinto (España),4,3,4.0,1.0,4.5
1423563,El Regalo 2022,Izadi,2022,Red,4.1,4674,36.95,España,Rioja,Rioja Tinto (España),4,3,4.0,1.0,4.5
1154044,Finca Resalso 2023,Emilio Moro,2023,Red,4.0,4601,25.0,España,Ribera del Duero,Ribera del Duero Tinto (España),5,3,4.0,1.0,4.0
9888252,El Cortez Xo Extra Ordinario N.V.,Torre Oria,N.V.,Red,4.2,4567,9.95,España,Valencia,Monastrell (España),5,3,3.5,1.0,4.5
1250095,Silencio 2021,Habla,2021,Red,4.1,4478,27.55,España,Extremadura,Tinto (España),4,3,4.0,1.0,3.0
1100228,Rioja Gran Reserva 2011,Montecillo,2011,Red,4.0,4398,18.0,España,Rioja,Rioja Tinto (España),4,3,4.0,1.0,4.5
7932,Ribera del Duero Crianza 2020,Arzuaga,2020,Red,4.2,4352,23.5,España,Ribera del Duero,Ribera del Duero Tinto (España),5,3,4.0,1.0,4.0
96926,Mauro 2018,Bodegas Mauro,2018,Red,4.4,4165,57.6,España,Castilla y León,Tinto (España),4,3,4.0,1.0,3.0
8076080,Cuesta del Herrero 2023,Pago Aylés,2023,Red,4.0,4132,9.95,España,Aragón,Tinto (España),4,3,4.0,1.0,3.0
8377811,20 Aldeas 2018,Condado de Haza,2018,Red,4.0,3979,15.44,España,Castilla y León,Tempranillo (España),4,2,4.5,1.0,4.0
1205497,Las Sabias 2023,Dominio del Bendito,2023,Red,4.1,3965,22.3,España,Toro,Toro Tinto (España),5,3,4.5,1.0,3.5
1165475,Rioja Reserva 2019,Heras Cordon,2019,Red,4.0,3888,16.25,España,Rioja,Rioja Tinto (España),4,3,4.0,1.0,4.5
3186,Petit Verdot 2022,Marqués de Griñon,2022,Red,4.1,3863,25.89,España,Dominio de Valdepusa,Tinto (España),4,3,4.0,1.0,3.0
82952,Estrecho Monastrell 2022,Enrique Mendoza,2022,Red,4.0,3719,22.1,España,Alicante,Monastrell (España),5,3,3.5,1.0,4.5
7493,Selección Especial (Reserva) 2019,Bodegas Muga,2019,Red,4.2,3667,32.0,España,Rioja,Rioja Tinto (España),4,3,4.0,1.0,4.5
1376520,Majuelos de Callejo 2022,Callejo,2022,Red,4.1,3631,35.9,España,Ribera del Duero,Ribera del Duero Tinto (España),5,3,4.0,1.0,4.0
86878,Crianza 2018,Luis Cañas,2018,Red,4.0,3618,23.65,España,Rioja,Rioja Tinto (España),4,3,4.0,1.0,4.5
2049180,Valdegines 2023,Artadi,2023,Red,4.2,3509,47.03,España,Vino de España,Tempranillo (España),4,2,4.5,1.0,4.0
1133054,Vallegarcía Syrah 2023,Pago de Vallegarcía,2023,Red,4.1,3470,26.55,España,Castilla,Syrah (España),4,3,4.0,1.0,4.0
1146111,Ribera del Duero Red 2023,Tábula,2023,Red,4.1,3440,22.95,España,Ribera del Duero,Ribera del Duero Tinto (España),5,3,4.0,1.0,4.0
73589,Pago Valdebellón 2021,Abadía Retuerta,2021,Red,4.4,3412,84.8,España,Abadía Retuerta,Cabernet Sauvignon (España),4,3,5.0,1.0,4.0
67054,Camins del Priorat 2021,Álvaro Palacios,2021,Red,4.1,3400,25.9,España,Priorato,Priorat Tinto (España),4,3,5.0,1.0,3.5
1188186,Galena 2020,Clos Galena,2020,Red,4.1,3283,23.95,España,Priorato,Priorat Tinto (España),4,3,5.0,1.0,3.5
1219110,Ribera del Duero Reserva 2021,Tamaral,2021,Red,4.1,3280,22.5,España,Ribera del Duero,Ribera del Duero Tinto (España),5,3,4.0,1.0,4.0
1171308,Tinto 2022,Espectacle del Montsant,2022,Red,4.4,3270,118.6,España,Montsant,Montsant Tinto (España),4,3,4.5,1.0,3.5
97688,Font de la Figuera Tinto 2022,Clos Figueras,2022,Red,4.0,3205,33.7,España,Priorato,Priorat Tinto (España),4,3,5.0,1.0,3.5
2063984,Gran Reserva Rioja (Tempranillo) 2015,Ramón Bilbao,2015,Red,4.2,3192,27.54,España,Rioja,Rioja Tinto (España),4,3,4.0,1.0,4.5
1201177,Cabernet Sauvignon 2023,Dehesa del Carrizal,2023,Red,4.0,3163,18.25,España,Dehesa del Carrizal,Cabernet Sauvignon (España),4,3,5.0,1.0,4.0
89013,Rioja Reserva 2015,Remelluri,2015,Red,4.2,3134,29.9,España,Rioja,Rioja Tinto (España),4,3,4.0,1.0,4.5
1243390,Varietales Maturana Rioja 2023,Baron de Ley,2023,Red,4.0,3082,12.7,España,Rioja,Rioja Tinto (España),4,3,4.0,1.0,4.5
7796041,Cabriola 2020,Borsao Bodegas,2020,Red,4.0,3075,10.45,España,Campo de Borja,Tinto (España),4,3,4.0,1.0,3.0
86877,Rioja Reserva 2016,Luis Cañas,2016,Red,4.1,3027,33.9,España,Rioja,Rioja Tinto (España),4,3,4.0,1.0,4.5
2211345,Secret del Priorat 2023,Familia Torres,2023,Red,4.0,3018,18.95,España,Priorato,Priorat Tinto (España),4,3,5.0,1.0,3.5
1667257,Hipperia Red Blend 2022,Pago de Vallegarcía,2022,Red,4.2,3007,34.9,España,Castilla,Tinto (España),4,3,4.0,1.0,3.0
3187,Cabernet Sauvignon 2022,Marqués de Griñon,2022,Red,4.1,3005,22.65,España,Dominio de Valdepusa,Cabernet Sauvignon (España),4,3,5.0,1.0,4.0
1280396,Torresilo Ribera del Duero 2001,Cillar de Silos,2001,Red,4.2,2988,58.36,España,Ribera del Duero,Ribera del Duero Tinto (España),5,3,4.0,1.0,4.0
1200575,Gran Reserva 2017,Cune (CVNE),2017,Red,4.1,2983,18.99,España,Rioja,Rioja Tinto (España),4,3,4.0,1.0,4.5
9714396,En Paradero Desconocido N.V.,Bodegas Bastida,N.V.,Red,4.1,2958,9.95,España,Murcia,Tinto (España),4,3,4.0,1.0,3.0
5248344,Garnacha 2023,Morca,2023,Red,4.3,2921,32.6,España,Campo de Borja,Garnacha (España),5,3,5.0,1.0,3.0
73591,Pago Garduña 2021,Abadía Retuerta,2021,Red,4.4,2909,78.25,España,Abadía Retuerta,Syrah (España),4,3,4.0,1.0,4.0
6543584,Cinco Elementos Essentia 2022,La Cepa Alta,2022,Red,4.1,2894,18.5,España,Ribera del Duero,Ribera del Duero Tinto (España),5,3,4.0,1.0,4.0
1552068,Casa Cisca Monastrell 2020,Castaño,2020,Red,4.3,2883,38.6,España,Yecla,Monastrell (España),5,3,3.5,1.0,4.5
1204956,Vinya La Scala Gran Reserva Cabernet Sauvignon 2018,Jean Leon,2018,Red,4.2,2840,47.0,España,Penedès,Cabernet Sauvignon (España),4,3,5.0,1.0,4.0
10509114,Tintafina 2021,Casa Rojo,2021,Red,4.1,2818,53.74,España,Ribera del Duero,Ribera del Duero Tinto (España),5,3,4.0,1.0,4.0
1106662,Geol 2021,Tomàs Cusiné,2021,Red,4.0,2799,21.3,España,Costers del Segre,Tinto (España),4,3,4.0,1.0,3.0
1191215,Clàssic 2016,Cims de Porrera,2016,Red,4.3,2749,103.67,España,Priorato,Priorat Tinto (España),4,3,5.0,1.0,3.5
16226,Crianza Tinto 2022,Pago de Los Capellanes,2022,Red,4.2,2723,26.04,España,Ribera del Duero,Ribera del Duero Tinto (España),5,3,4.0,1.0,4.0
79960,Tinto 2014,Celler Laurona,2014,Red,4.0,2717,24.1,España,Montsant,Montsant Tinto (España),4,3,4.5,1.0,3.5
2052626,Pinot Noir 2024,Los Aguilares,2024,Red,4.2,2706,36.86,España,Sierras de Málaga,Tinto (España),4,3,4.0,1.0,3.0
11604,Malleolus 2022,Emilio Moro,2022,Red,4.3,2706,37.28,España,Ribera del Duero,Ribera del Duero Tinto (España),5,3,4.0,1.0,4.0
86265,Manchuela 2023,Finca Sandoval,2023,Red,4.0,2704,25.49,España,Manchuela,Syrah (España),4,3,4.0,1.0,4.0
11573035,San Vicente de la Sonsierra 2023,Hacienda López de Haro,2023,Red,4.0,2691,12.0,España,Rioja,Rioja Tinto (España),4,3,4.0,1.0,4.5
2055772,Ribera Del Duero 15 Meses en Barrica (Reserva) 2020,Figuero,2020,Red,4.1,2663,34.05,España,Ribera del Duero,Ribera del Duero Tinto (España),5,3,4.0,1.0,4.0
1126984,Negre 2020,Gran Clos,2020,Red,4.1,2655,39.9,España,Priorato,Priorat Tinto (España),4,3,5.0,1.0,3.5
1724002,Crianza 2020,Bodegas Muga,2020,Red,4.0,2628,38.25,España,Rioja,Rioja Tinto (España),4,3,4.0,1.0,4.5
7976,Viña Alberdi Reserva 2020,La Rioja Alta,2020,Red,4.1,2600,20.0,España,Rioja,Rioja Tinto (España),4,3,4.0,1.0,4.5
3128992,Reserva 106 Barricas 2019,Viña Pomal,2019,Red,4.0,2591,17.75,España,Rioja,Rioja Tinto (España),4,3,4.0,1.0,4.5
2031641,La Basseta 2021,Bodegas Mas Alta,2021,Red,4.4,2568,66.0,España,Priorato,Priorat Tinto (España),4,3,5.0,1.0,3.5
3185,Syrah 2021,Marqués de Griñon,2021,Red,4.0,2567,23.0,España,Dominio de Valdepusa,Syrah (España),4,3,4.0,1.0,4.0
10251,Gran Reserva Vendimia Seleccionada 2014,Bodegas Marqués de Cáceres,2014,Red,4.2,2559,23.55,España,Rioja,Rioja Tinto (España),4,3,4.0,1.0,4.5
1595575,Silvanus Crianza 2023,Bodegas Asenjo & Manso,2023,Red,4.0,2555,16.2,España,Ribera del Duero,Ribera del Duero Tinto (España),5,3,4.0,1.0,4.0
77813,Rioja Reserva 2019,Izadi,2019,Red,4.0,2549,15.35,España,Rioja,Rioja Tinto (España),4,3,4.0,1.0,4.5
1126813,Crianza Ribera del Duero 2018,Condado de Haza,2018,Red,4.0,2546,129.99,España,Ribera del Duero,Ribera del Duero Tinto (España),5,3,4.0,1.0,4.0
88833,Gran Reserva Rioja 2016,Lan,2016,Red,4.2,2519,18.0,España,Rioja,Rioja Tinto (España),4,3,4.0,1.0,4.5
1610035,El Puntido Gran Reserva 2014,Viñedos de Páganos,2014,Red,4.3,2515,65.0,España,Rioja,Rioja Tinto (España),4,3,4.0,1.0,4.5
1224334,27 Ribera del Duero 2021,Protos,2021,Red,4.2,2500,23.07,España,Ribera del Duero,Ribera del Duero Tinto (España),5,3,4.0,1.0,4.0
21585,Rioja Gran Reserva 2017,Baron de Ley,2017,Red,4.1,2494,36.55,España,Rioja,Rioja Tinto (España),4,3,4.0,1.0,4.5
1228656,Els Escurçons 2020,Martinet,2020,Red,4.3,2483,79.5,España,Priorato,Priorat Tinto (España),4,3,5.0,1.0,3.5
8623,Coto de Imaz Rioja Gran Reserva 2018,El Coto,2018,Red,4.1,2453,18.3,España,Rioja,Rioja Tinto (España),4,3,4.0,1.0,4.5
1899441,Edicion Limitada 2022,Bosque de Matasnos,2022,Red,4.4,2449,45.5,España,Ribera del Duero,Ribera del Duero Tinto (España),5,3,4.0,1.0,4.0
1161798,Mas La Plana Cabernet Sauvignon 2011,Familia Torres,2011,Red,4.1,2436,121.31,España,Penedès,Cabernet Sauvignon (España),4,3,5.0,1.0,4.0
1164685,Tinto 2020,Quinta de la Quietud,2020,Red,4.1,2407,21.65,España,Toro,Toro Tinto (España),5,3,4.5,1.0,3.5
1383843,Merlot 2022,Enate,2022,Red,4.0,2377,24.95,España,Somontano,Merlot (España),4,3,4.0,1.0,2.5
4883493,Pancrudo 2023,Gómez Cruzado,2023,Red,4.1,2376,39.5,España,Rioja,Rioja Tinto (España),4,3,4.0,1.0,4.5
1233459,Rioja Gran Reserva 2009,Beronia,2009,Red,4.0,2357,22.5,España,Rioja,Rioja Tinto (España),4,3,4.0,1.0,4.5
1518387,Siós Cau del Gat 2023,Costers del Sió,2023,Red,4.0,2352,13.5,España,Costers del Segre,España Rhône Blend Tinto,5,3,5.0,1.0,4.0
97712,Cepa 21 2021,Cepa 21,2021,Red,4.1,2331,20.34,España,Ribera del Duero,Ribera del Duero Tinto (España),5,3,4.0,1.0,4.0
6816934,San Cobate la Finca 2021,San Cobate,2021,Red,4.1,2326,16.9,España,Ribera del Duero,Ribera del Duero Tinto (España),5,3,4.0,1.0,4.0
1625766,Tinto 2022,César Principe,2022,Red,4.1,2308,21.84,España,Cigales,Tempranillo (España),4,2,4.5,1.0,4.0
97708,Dits del Terra 2023,Terroir Al Límit Soc. Lda,2023,Red,4.1,2307,107.85,España,Priorato,Priorat Tinto (España),4,3,5.0,1.0,3.5
91140,Pétalos 2021,Descendientes de J. Palacios,2021,Red,4.0,2297,35.01,España,Bierzo,Mencia (España),3,3,3.5,1.0,3.0
1457999,A Torna Dos Pasas Ribeiro 2023,Luis A. Rodriguez Vazquez,2023,Red,4.0,2284,23.5,España,Ribeiro,Tinto (España),4,3,4.0,1.0,3.0
97709,Arbossar 2023,Terroir Al Límit Soc. Lda,2023,Red,4.1,2282,107.85,España,Priorato,Priorat Tinto (España),4,3,5.0,1.0,3.5
5888184,Avan Tinto 2023,Juan Manuel Burgos,2023,Red,4.0,2243,13.4,España,Ribera del Duero,Ribera del Duero Tinto (España),5,3,4.0,1.0,4.0
1377801,Rioja Viña Coqueta 2018,Remírez de Ganuza,2018,Red,4.3,2220,39.8,España,Rioja,Rioja Tinto (España),4,3,4.0,1.0,4.5
99986,Clos del Portal Somni 2021,Portal del Priorat,2021,Red,4.2,2215,35.0,España,Priorato,Priorat Tinto (España),4,3,5.0,1.0,3.5
9059,Syrah (Shiraz) 2022,Enate,2022,Red,4.1,2207,25.5,España,Somontano,Syrah (España),4,3,4.0,1.0,4.0
3103298,Alexander vs. The Ham Factory 2015,Casa Rojo,2015,Red,4.2,2196,38.0,España,Ribera del Duero,Ribera del Duero Tinto (España),5,3,4.0,1.0,4.0
7280566,El Veneno 2024,Pepe Mendoza Casa Agrícola,2024,Red,4.1,2189,25.6,España,Alicante,Monastrell (España),5,3,3.5,1.0,4.5
75017,María Ribera del Duero 2021,Alonso del Yerro,2021,Red,4.3,2183,71.95,España,Ribera del Duero,Ribera del Duero Tinto (España),5,3,4.0,1.0,4.0
1425807,Aurea 2020,Pittacum,2020,Red,4.1,2171,29.5,España,Bierzo,Mencia (España),3,3,3.5,1.0,3.0
1132696,Reserva 5 Año 2018,Protos,2018,Red,4.2,2160,29.5,España,Ribera del Duero,Ribera del Duero Tinto (España),5,3,4.0,1.0,4.0
1213064,Viñas Jóvenes 2023,Miguel Merino,2023,Red,4.0,2155,16.9,España,Rioja,Rioja Tinto (España),4,3,4.0,1.0,4.5
1158235,Secastilla 2019,Viñas del Vero,2019,Red,4.0,2148,25.55,España,Somontano,Garnacha (España),5,3,5.0,1.0,3.0
3774155,Reserva 2021,Bodegas Vilano,2021,Red,4.0,2142,23.25,España,Ribera del Duero,Ribera del Duero Tinto (España),5,3,4.0,1.0,4.0
1529357,Viña Cubillo 2016,R. López de Heredia,2016,Red,4.1,2142,17.9,España,Rioja Alta,Rioja Tinto (España),4,3,4.0,1.0,4.5
2895989,Cabernet Sauvignon 2023,Son Prim,2023,Red,4.1,2135,21.95,España,Mallorca,Cabernet Sauvignon (España),4,3,5.0,1.0,4.0
4426894,Resalte Expresion 2020,Resalte,2020,Red,4.3,2129,34.1,España,Ribera del Duero,Ribera del Duero Tinto (España),5,3,4.0,1.0,4.0
1191762,Cenit 2020,Viñas del Cénit,2020,Red,4.2,2116,28.5,España,Tierra del Vino de Zamora,Tempranillo (España),4,2,4.5,1.0,4.0
1216613,Samaruco 2023,Bodegas Luis Perez,2023,Red,4.0,2116,19.68,España,Andalucía,Tinto (España),4,3,4.0,1.0,3.0
1603859,Alto Siós 2023,Costers del Sió,2023,Red,4.0,2116,16.65,España,Costers del Segre,Tinto (España),4,3,4.0,1.0,3.0
6966811,Tadeo Petit Verdot 2023,Los Aguilares,2023,Red,4.4,2094,41.72,España,Sierras de Málaga,Tinto (España),4,3,4.0,1.0,3.0
1394173,Tahon de Tobelos Reserva 2016,Tobelos,2016,Red,4.1,2082,18.9,España,Rioja,Rioja Tinto (España),4,3,4.0,1.0,4.5
2927323,Massuria 2021,Mas Asturias,2021,Red,4.0,2073,31.5,España,Bierzo,Mencia (España),3,3,3.5,1.0,3.0
1284755,9 Meses Tinto 2021,Carmelo Rodero,2021,Red,4.1,2073,28.42,España,Ribera del Duero,Ribera del Duero Tinto (España),5,3,4.0,1.0,4.0
2754353,Las Quebradas Monastrell 2022,Enrique Mendoza,2022,Red,4.1,2060,23.9,España,Alicante,Monastrell (España),5,3,3.5,1.0,4.5
1206182,Mas d'En Compte Tinto 2018,Cal Pla,2018,Red,4.1,2054,17.9,España,Priorato,Priorat Tinto (España),4,3,5.0,1.0,3.5
1185311,Red Blend 2020,Clos Galena,2020,Red,4.2,2045,39.95,España,Priorato,Priorat Tinto (España),4,3,5.0,1.0,3.5
77132,Calvario Rioja 2013,Allende,2013,Red,4.4,2011,120.6,España,Rioja,Rioja Tinto (España),4,3,4.0,1.0,4.5
76292,Ribera del Duero TSM 2021,Carmelo Rodero,2021,Red,4.3,1998,67.7,España,Ribera del Duero,Ribera del Duero Tinto (España),5,3,4.0,1.0,4.0
1919846,Las Gundiñas (Lomas de Valtuille) 2023,La Vizcaína,2023,Red,4.0,1997,20.75,España,Bierzo,Mencia (España),3,3,3.5,1.0,3.0
1670099,Garnatxa Hisenda Miret 2022,Parés Baltà,2022,Red,4.1,1962,27.9,España,Penedès,Garnacha (España),5,3,5.0,1.0,3.0
1139293,F de Fuentespina 2020,Fuentespina,2020,Red,4.0,1958,29.7,España,Ribera del Duero,Ribera del Duero Tinto (España),5,3,4.0,1.0,4.0
7311113,Viña Arana Gran Reserva 2016,La Rioja Alta,2016,Red,4.3,1945,42.75,España,Rioja,Rioja Tinto (España),4,3,4.0,1.0,4.5
1126659,Paixar Mencía Bierzo 2023,Luna Beberide,2023,Red,4.0,1944,38.9,España,Bierzo,Mencia (España),3,3,3.5,1.0,3.0
2586584,Suprema 30 Meses 2021,Bodega de Bardos,2021,Red,4.3,1935,42.5,España,Ribera del Duero,Ribera del Duero Tinto (España),5,3,4.0,1.0,4.0
1151533,Valtuille Cepas Centenarias 2022,Castro Ventosa,2022,Red,4.1,1931,45.9,España,Bierzo,Mencia (España),3,3,3.5,1.0,3.0
7573091,Finca Xaconero Monastrell 2023,Enrique Mendoza,2023,Red,4.0,1927,11.95,España,Alicante,Monastrell (España),5,3,3.5,1.0,4.5
9791522,Ceramic Monastrell 2023,Vicente Gandía,2023,Red,4.1,1905,16.9,España,Valencia,Monastrell (España),5,3,3.5,1.0,4.5
1280344,La Montesa 2020,Palacios Remondo,2020,Red,4.0,1903,15.4,España,Rioja,Rioja Tinto (España),4,3,4.0,1.0,4.5
28104,Reserva Real 2020,Familia Torres,2020,Red,4.1,1883,204.0,España,Penedès,Tinto (España),4,3,4.0,1.0,3.0
3652647,Origen Crianza 2020,Azpilicueta,2020,Red,4.0,1880,12.6,España,Rioja,Rioja Tinto (España),4,3,4.0,1.0,4.5
1139002,Altos de Inurrieta Reserva 2021,Inurrieta,2021,Red,4.0,1870,16.1,España,Navarra,Tinto (España),4,3,4.0,1.0,3.0
1136158,San Román 2018,Bodegas San Román,2018,Red,4.3,1870,48.0,España,Toro,Toro Tinto (España),5,3,4.5,1.0,3.5
76305,Cerro Añon Reserva Rioja 2018,Bodegas Olarra,2018,Red,4.1,1860,12.75,España,Rioja,Rioja Tinto (España),4,3,4.0,1.0,4.5
3958413,Silencio de Miros Ribera Del Duero 2021,Bodegas Peñafiel,2021,Red,4.2,1855,48.3,España,Ribera del Duero,Ribera del Duero Tinto (España),5,3,4.0,1.0,4.0
35374,Tres Picos Garnacha 2021,Borsao Bodegas,2021,Red,4.0,1833,14.85,España,Campo de Borja,Garnacha (España),5,3,5.0,1.0,3.0
1148680,Reserva 2019,Viña Otano,2019,Red,4.0,1821,12.95,España,Rioja,Rioja Tinto (España),4,3,4.0,1.0,4.5
1225926,Noralba Crianza 2022,Castillo de Mendoza,2022,Red,4.1,1821,14.95,España,Rioja,Rioja Tinto (España),4,3,4.0,1.0,4.5
2061837,I Gran Reserva 2012,Bodegas Faustino,2012,Red,4.1,1818,23.52,España,Rioja Alavesa,Rioja Tinto (España),4,3,4.0,1.0,4.5
1135271,Crianza 2017,Protos,2017,Red,4.1,1803,17.83,España,Ribera del Duero,Ribera del Duero Tinto (España),5,3,4.0,1.0,4.0
875,Cosecha 2021,Hacienda Monasterio,2021,Red,4.3,1792,40.45,España,Ribera del Duero,Ribera del Duero Tinto (España),5,3,4.0,1.0,4.0
5529189,Com Tu 2021,Clos Mogador,2021,Red,4.1,1786,35.16,España,Montsant,Montsant Tinto (España),4,3,4.5,1.0,3.5
1167280,Termes 2014,Bodega Numanthia,2014,Red,4.0,1775,149.0,España,Toro,Toro Tinto (España),5,3,4.5,1.0,3.5
1199620,Carracedo Mencía Tinto 2019,Abad,2019,Red,4.0,1773,16.95,España,Bierzo,Mencia (España),3,3,3.5,1.0,3.0
1612897,Edición Limitada 2021,Ramón Bilbao,2021,Red,4.1,1772,12.85,España,Rioja,Rioja Tinto (España),4,3,4.0,1.0,4.5
738156,Miserere 2015,Costers del Siurana,2015,Red,4.3,1764,84.4,España,Priorato,Priorat Tinto (España),4,3,5.0,1.0,3.5
5282020,Jumilla Silver Label 2022,Juan Gil,2022,Red,4.0,1755,20.95,España,Jumilla,Monastrell (España),5,3,3.5,1.0,4.5
8689552,150 Aniversario Monastrell 2023,Alceño,2023,Red,4.1,1742,13.5,España,Jumilla,Monastrell (España),5,3,3.5,1.0,4.5
1212913,La Bienquerida 2022,Losada,2022,Red,4.2,1738,43.45,España,Bierzo,Mencia (España),3,3,3.5,1.0,3.0
21169,Félix Martínez Cepas Viejas 2020,Jeromin,2020,Red,4.2,1735,17.85,España,Madrid,Tempranillo (España),4,2,4.5,1.0,4.0
77063,Alma de Luzón 2021,Luzon,2021,Red,4.3,1726,35.09,España,Jumilla,España Rhône Blend Tinto,5,3,5.0,1.0,4.0
3077617,Rozas 1er Cru 2023,Comando G,2023,Red,4.1,1709,77.9,España,Madrid,Garnacha (España),5,3,5.0,1.0,3.0
5812908,Supernova Mantonegro Negre 2024,Bodega Ca'n Verdura,2024,Red,4.1,1706,15.5,España,Binissalem-Mallorca,Tinto (España),4,3,4.0,1.0,3.0
8413099,Giró de Abargues 2024,Pepe Mendoza Casa Agrícola,2024,Red,4.2,1705,25.2,España,Alicante,Tinto (España),4,3,4.0,1.0,3.0
1201321,Teixar 2020,Vinyes Domenech,2020,Red,4.3,1703,65.95,España,Montsant,Montsant Tinto (España),4,3,4.5,1.0,3.5
98782,Garnacha 2018,Alto Moncayo,2018,Red,4.4,1666,85.45,España,Campo de Borja,Garnacha (España),5,3,5.0,1.0,3.0
5565109,L'Alegria Bobal Arcilla 2024,Bruno Murciano,2024,Red,4.0,1635,12.8,España,Utiel-Requena,Tinto (España),4,3,4.0,1.0,3.0
19481,Reserva 2018,Tinto Pesquera,2018,Red,4.3,1633,36.0,España,Ribera del Duero,Ribera del Duero Tinto (España),5,3,4.0,1.0,4.0
1270105,Amaya Arzuaga (Colección) 2022,Arzuaga,2022,Red,4.3,1626,84.55,España,Ribera del Duero,Ribera del Duero Tinto (España),5,3,4.0,1.0,4.0
1251730,Reserva Ribera del Duero 2019,Arzuaga,2019,Red,4.3,1626,41.95,España,Ribera del Duero,Ribera del Duero Tinto (España),5,3,4.0,1.0,4.0
88832,Reserva Rioja 2018,Lan,2018,Red,4.0,1619,13.19,España,Rioja,Rioja Tinto (España),4,3,4.0,1.0,4.5
1215101,Ribera del Duero 2022,Proventus,2022,Red,4.0,1615,22.65,España,Ribera del Duero,Ribera del Duero Tinto (España),5,3,4.0,1.0,4.0
7169895,Cuvée Old Vines Unfiltered 2021,Volver,2021,Red,4.3,1612,25.9,España,Jumilla,Tempranillo (España),4,2,4.5,1.0,4.0
4497892,Hacienda Pradolagar 2015,Marques de Vargas,2015,Red,4.4,1608,127.4,España,Rioja,Rioja Tinto (España),4,3,4.0,1.0,4.5
91143,Las Lamas Bierzo (Corullón) 2023,Descendientes de J. Palacios,2023,Red,4.3,1605,144.5,España,Bierzo,Tinto (España),4,3,4.0,1.0,3.0
4369993,Sofia 2021,De Moya,2021,Red,4.2,1604,20.95,España,Valencia,Tinto (España),4,3,4.0,1.0,3.0
2247886,Ribera Del Duero 12 Meses en Barrica (Crianza) 2018,Figuero,2018,Red,4.0,1597,38.9,España,Ribera del Duero,Ribera del Duero Tinto (España),5,3,4.0,1.0,4.0
2011174,Sang de Corb 2022,Celler Frisach,2022,Red,4.0,1596,17.3,España,Terra Alta,Tinto (España),4,3,4.0,1.0,3.0
4152636,Cerro Las Cuevas Selección Terroir 2023,Gómez Cruzado,2023,Red,4.2,1582,43.85,España,Rioja,Rioja Tinto (España),4,3,4.0,1.0,4.5
1179898,Pegaso Barrancos de Pizarra 2022,Telmo Rodriguez,2022,Red,4.0,1580,42.26,España,Castilla y León,Garnacha (España),5,3,5.0,1.0,3.0
1126963,Tinto 2022,Cérvoles,2022,Red,4.0,1577,25.88,España,Costers del Segre,Tempranillo (España),4,2,4.5,1.0,4.0
1660569,ROC Mencia 2023,Veronica Ortega,2023,Red,4.0,1576,38.5,España,Bierzo,Mencia (España),3,3,3.5,1.0,3.0
1187752,3er Año Ribera del Duero Tinto 2021,Tomás Postigo,2021,Red,4.4,1573,63.48,España,Ribera del Duero,Ribera del Duero Tinto (España),5,3,4.0,1.0,4.0
1217701,Erial Tradición Familia 2023,Epifanio Rivera,2023,Red,4.3,1549,24.95,España,Ribera del Duero,Ribera del Duero Tinto (España),5,3,4.0,1.0,4.0
2528852,La Dama 2019,Domaines Lupier,2019,Red,4.0,1546,31.05,España,Navarra,Garnacha (España),5,3,5.0,1.0,3.0
1137169,Rioja Reserva 2019,Imperial,2019,Red,4.1,1533,29.5,España,Rioja,Rioja Tinto (España),4,3,4.0,1.0,4.5
9498107,Pagos de Anguix Costalara 2020,Juvé & Camps,2020,Red,4.2,1527,23.9,España,Ribera del Duero,Ribera del Duero Tinto (España),5,3,4.0,1.0,4.0
1175683,Merlot Selección 2023,Coloma,2023,Red,4.0,1525,10.95,España,Extremadura,Merlot (España),4,3,4.0,1.0,2.5
5367105,CM Tinto 2020,Carlos Moro,2020,Red,4.1,1522,16.5,España,Rioja,Rioja Tinto (España),4,3,4.0,1.0,4.5
5215973,Avan Viñedos Viejos 2023,Juan Manuel Burgos,2023,Red,4.0,1514,19.9,España,Ribera del Duero,Ribera del Duero Tinto (España),5,3,4.0,1.0,4.0
77888,Numanthia 2018,Bodega Numanthia,2018,Red,4.3,1505,57.9,España,Toro,Toro Tinto (España),5,3,4.5,1.0,3.5
6120375,Viñas Viejas 2022,Hacienda Solano,2022,Red,4.0,1504,22.9,España,Ribera del Duero,Ribera del Duero Tinto (España),5,3,4.0,1.0,4.0
1115654,Almiréz 2017,Teso La Monja,2017,Red,4.0,1493,20.09,España,Toro,Toro Tinto (España),5,3,4.5,1.0,3.5
1146402,Señorío de P. Peciña Gran Reserva 2016,Hermanos Peciña,2016,Red,4.2,1489,29.65,España,Rioja,Rioja Tinto (España),4,3,4.0,1.0,4.5
6522600,Páramos 2023,Legaris,2023,Red,4.0,1487,19.0,España,Ribera del Duero,Ribera del Duero Tinto (España),5,3,4.0,1.0,4.0
49644,Reserva 2018,Cune (CVNE),2018,Red,4.0,1482,11.95,España,Rioja,Rioja Tinto (España),4,3,4.0,1.0,4.5
1110325,Paraje La Golosa Gran Reserva 2019,El Vínculo,2019,Red,4.1,1482,37.4,España,La Mancha,Tempranillo (España),4,2,4.5,1.0,4.0
8732956,De Nariz Monastrell 2023,De Nariz,2023,Red,4.1,1463,17.4,España,Yecla,Monastrell (España),5,3,3.5,1.0,4.5
1535476,Prieto Picudo 2021,Tridente,2021,Red,4.2,1452,26.0,España,Castilla y León,Tinto (España),4,3,4.0,1.0,3.0
5689436,Finca Martelo 2016,Torre de Oña,2016,Red,4.2,1430,24.9,España,Rioja,Rioja Tinto (España),4,3,4.0,1.0,4.5
1160080,Santa Cruz de Artazu 2023,Artadi,2023,Red,4.0,1428,38.6,España,Navarra,Garnacha (España),5,3,5.0,1.0,3.0
1226598,Finca Santa Sabina 2023,Bodega Otto Bestué,2023,Red,4.0,1421,13.5,España,Somontano,Tinto (España),4,3,4.0,1.0,3.0
4875765,Garmón 2016,Bodegas Mauro,2016,Red,4.3,1404,65.0,España,Ribera del Duero,Ribera del Duero Tinto (España),5,3,4.0,1.0,4.0
1489684,Moncerbal Bierzo (Corullón) 2023,Descendientes de J. Palacios,2023,Red,4.3,1386,144.0,España,Bierzo,Mencia (España),3,3,3.5,1.0,3.0
1218067,Ribera del Duero Una Cepa I 2011,Bodegas Valduero,2011,Red,4.2,1383,349.0,España,Ribera del Duero,Ribera del Duero Tinto (España),5,3,4.0,1.0,4.0
26424,Cabrida Old Vines Garnacha 2023,Celler de Capçanes,2023,Red,4.1,1382,39.5,España,Montsant,Montsant Tinto (España),4,3,4.5,1.0,3.5
1158307,LL Reserva 2020,Bodegas Lleiroso,2020,Red,4.0,1379,20.65,España,Ribera del Duero,Ribera del Duero Tinto (España),5,3,4.0,1.0,4.0
1195424,Single Vineyard Tempranillo 2019,Volver,2019,Red,4.0,1373,14.8,España,La Mancha,Tempranillo (España),4,2,4.5,1.0,4.0
1983726,La Poza de Ballesteros 2023,Artadi,2023,Red,4.4,1363,119.0,España,Vino de España,Tempranillo (España),4,2,4.5,1.0,4.0
8924042,Huno Reserva 2019,Pago Los Balancines,2019,Red,4.1,1356,16.1,España,Ribera del Guadiana,Tinto (España),4,3,4.0,1.0,3.0
2634870,Pícaro Viñas Viejas 2022,Dominio del Águila,2022,Red,4.1,1335,28.16,España,Ribera del Duero,Ribera del Duero Tinto (España),5,3,4.0,1.0,4.0
2021017,4 Varietales Colección Rioja 2020,Vivanco,2020,Red,4.1,1317,24.5,España,Rioja,Rioja Tinto (España),4,3,4.0,1.0,4.5
1713612,Jumilla Blue Label 2021,Juan Gil,2021,Red,4.2,1305,26.6,España,Jumilla,Monastrell (España),5,3,3.5,1.0,4.5
10715929,Stratum Wines Matas Altas 2024,Bodega Cerrón,2024,Red,4.1,1295,18.19,España,Jumilla,Monastrell (España),5,3,3.5,1.0,4.5
3933104,Purgatori Costers del Segre 2020,Familia Torres,2020,Red,4.2,1290,31.95,España,Costers del Segre,Tinto (España),4,3,4.0,1.0,3.0
7162689,La Pilosa Garnacha Peluda 2024,Herència Altés,2024,Red,4.0,1274,17.75,España,Terra Alta,Tinto (España),4,3,4.0,1.0,3.0
1945713,Hispania Tinto 2022,Territorio Luthier,2022,Red,4.3,1257,33.0,España,Ribera del Duero,Ribera del Duero Tinto (España),5,3,4.0,1.0,4.0
1126966,Cumal Prieto Picudo 2021,Dominio Dostares,2021,Red,4.0,1246,20.0,España,Bierzo,Tinto (España),4,3,4.0,1.0,3.0
99589,Rioja Norte 2021,Pujanza,2021,Red,4.2,1244,57.16,España,Rioja,Rioja Tinto (España),4,3,4.0,1.0,4.5
1869193,Tinto 2022,Real de Asúa,2022,Red,4.2,1240,95.5,España,Rioja,Rioja Tinto (España),4,3,4.0,1.0,4.5
1235439,Reserva Especial 2019,Señorío de Sarria,2019,Red,4.1,1231,20.35,España,Navarra,Tinto (España),4,3,4.0,1.0,3.0
1138658,Crianza Ribera del Duero 2020,Viña Pedrosa,2020,Red,4.2,1229,53.25,España,Ribera del Duero,Ribera del Duero Tinto (España),5,3,4.0,1.0,4.0
1645963,De Sol a Sol Tinto Velasco 2021,Bodega Bruno Ruiz - Esencia Rural,2021,Red,4.0,1227,12.65,España,La Mancha,Tinto (España),4,3,4.0,1.0,3.0
1571021,Tinto 2014,Ramos-Paul,2014,Red,4.3,1216,43.1,España,Málaga,Tinto (España),4,3,4.0,1.0,3.0
5406280,CM Prestigio 2015,Carlos Moro,2015,Red,4.1,1214,25.2,España,Rioja,Rioja Tinto (España),4,3,4.0,1.0,4.5
1148996,200 Monges Rioja Gran Reserva 2010,Vinícola Real,2010,Red,4.4,1214,70.7,España,Rioja,Rioja Tinto (España),4,3,4.0,1.0,4.5
1704044,Rioja Garnacha 2022,Contino,2022,Red,4.0,1208,31.67,España,Rioja,Rioja Tinto (España),4,3,4.0,1.0,4.5
1739336,As Caborcas Single Vineyard 2022,Telmo Rodriguez,2022,Red,4.1,1204,65.3,España,Valdeorras,Mencia (España),3,3,3.5,1.0,3.0
3309635,Empordà Aires de Garbet 2021,Castillo Perelada,2021,Red,4.3,1203,50.52,España,Empordà,Garnacha (España),5,3,5.0,1.0,3.0
4397263,Antona Garcia 2020,Rejadorada,2020,Red,4.0,1203,12.86,España,Toro,Toro Tinto (España),5,3,4.5,1.0,3.5
9637525,Delicia de Baco Crianza 2022,Señorio de Villarrica,2022,Red,4.2,1166,40.22,España,Rioja,Rioja Tinto (España),4,3,4.0,1.0,4.5
1152838,Tinto 2019,Dehesa La Granja,2019,Red,4.0,1163,9.9,España,Castilla y León,Tempranillo (España),4,2,4.5,1.0,4.0
2177372,Selecció Tinto 2021,Edetària,2021,Red,4.1,1159,27.25,España,Terra Alta,Tinto (España),4,3,4.0,1.0,3.0
1269335,Negre dels Aspres Criança 2022,Vinyes dels Aspres,2022,Red,4.0,1141,17.76,España,Empordà,Tinto (España),4,3,4.0,1.0,3.0
4120598,Rioja Belus 2021,Baigorri,2021,Red,4.0,1140,26.95,España,Rioja,Rioja Tinto (España),4,3,4.0,1.0,4.5
3118465,Preludio 2018,Sei Solo,2018,Red,4.2,1140,39.0,España,Ribera del Duero,Ribera del Duero Tinto (España),5,3,4.0,1.0,4.0
1393195,Paydos Toro 2019,Alonso del Yerro,2019,Red,4.0,1139,36.75,España,Toro,Toro Tinto (España),5,3,4.5,1.0,3.5
1274966,De Batea 2021,Lafou,2021,Red,4.1,1139,43.5,España,Terra Alta,Tinto (España),4,3,4.0,1.0,3.0
2508589,1270 A Vuit Red 2021,Hidalgo Albert,2021,Red,4.0,1137,14.0,España,Priorato,Priorat Tinto (España),4,3,5.0,1.0,3.5
1504403,El Viejo 2019,Matsu,2019,Red,4.3,1133,40.5,España,Toro,Toro Tinto (España),5,3,4.5,1.0,3.5
2652371,Triga 2017,Volver,2017,Red,4.4,1118,34.75,España,Alicante,Tinto (España),4,3,4.0,1.0,3.0
77130,Rioja 2014,Allende,2014,Red,4.0,1118,47.46,España,Rioja,Rioja Tinto (España),4,3,4.0,1.0,4.5
1408885,Tres de 3.000 2021,Pago Aylés,2021,Red,4.0,1118,28.95,España,Cariñena,Tinto (España),4,3,4.0,1.0,3.0
10246805,Rioja Santiago Reserva Cuarto Año 2018,Marqués de la Concordia,2018,Red,4.0,1115,9.7,España,Rioja,Rioja Tinto (España),4,3,4.0,1.0,4.5
1266054,Reserva Especial 2020,Cune (CVNE),2020,Red,4.1,1110,27.1,España,Rioja,Rioja Tinto (España),4,3,4.0,1.0,4.5
1787040,Señorío de Otazu 2022,Bodega Otazu,2022,Red,4.1,1104,22.0,España,Otazu,Tinto (España),4,3,4.0,1.0,3.0
1868658,Reserva 2018,Hacienda López de Haro,2018,Red,4.0,1102,9.83,España,Rioja,Rioja Tinto (España),4,3,4.0,1.0,4.5
1861917,Grano a Grano Tempranillo 2022,Abel Mendoza Monge,2022,Red,4.2,1100,49.25,España,Rioja,Rioja Tinto (España),4,3,4.0,1.0,4.5
1265499,Arnau Oller Selecció de la Familia 2021,Oller del Mas,2021,Red,4.1,1098,40.27,España,Pla de Bages,Merlot (España),4,3,4.0,1.0,2.5
7388608,Reserva XR 2019,Marqués de Riscal,2019,Red,4.2,1084,58.01,España,Rioja,Rioja Tinto (España),4,3,4.0,1.0,4.5
1506970,Malabrigo 2021,Cepa 21,2021,Red,4.2,1080,36.4,España,Ribera del Duero,Ribera del Duero Tinto (España),5,3,4.0,1.0,4.0
6247632,Las Cenizas Tempranillo 2022,Viñedos Hermanos Hernáiz,2022,Red,4.2,1080,25.8,España,Rioja Alta,Rioja Tinto (España),4,3,4.0,1.0,4.5
1138775,Rioja Reserva Selección de 198 Barricas 2020,Beronia,2020,Red,4.2,1080,27.6,España,Rioja,Rioja Tinto (España),4,3,4.0,1.0,4.5
4399827,Zarihs Syrah 2019,Borsao Bodegas,2019,Red,4.1,1077,27.5,España,Campo de Borja,Syrah (España),4,3,4.0,1.0,4.0
1179447,Ramiro's 2023,Bodegas Ramiros,2023,Red,4.4,1074,33.5,España,Castilla y León,Tempranillo (España),4,2,4.5,1.0,4.0
1673618,Tinto 2023,Tianna Negre,2023,Red,4.1,1069,36.45,España,Binissalem-Mallorca,Tinto (España),4,3,4.0,1.0,3.0
1135414,Gran Reserva 2014,Protos,2014,Red,4.3,1067,33.3,España,Ribera del Duero,Ribera del Duero Tinto (España),5,3,4.0,1.0,4.0
63074,Pago La Jara 2021,Telmo Rodriguez,2021,Red,4.1,1066,60.15,España,Toro,Toro Tinto (España),5,3,4.5,1.0,3.5
1188776,Crianza 2020,Áster,2020,Red,4.1,1059,19.1,España,Ribera del Duero,Ribera del Duero Tinto (España),5,3,4.0,1.0,4.0
1956955,Camí de Cormes 2023,Roig Parals,2023,Red,4.2,1058,25.72,España,Empordà,Tinto (España),4,3,4.0,1.0,3.0
1896552,Catalunya Valmaña 2020,Clos d'Agon,2020,Red,4.1,1054,40.1,España,Cataluña,Tinto (España),4,3,4.0,1.0,3.0
1565592,Crianza  Tempranillo 2020,Baigorri,2020,Red,4.0,1053,27.0,España,Rioja,Rioja Tinto (España),4,3,4.0,1.0,4.5
1662058,Viña Bosconia Reserva 2013,R. López de Heredia,2013,Red,4.1,1052,27.0,España,Rioja Alta,Rioja Tinto (España),4,3,4.0,1.0,4.5
98836,Predicador Rioja 2019,Bodega Contador (Benjamín Romeo),2019,Red,4.2,1052,27.0,España,Rioja,Rioja Tinto (España),4,3,4.0,1.0,4.5
10846009,Pagos de Balbás 9 Meses 2024,Balbas,2024,Red,4.1,1045,14.65,España,Ribera del Duero,Ribera del Duero Tinto (España),5,3,4.0,1.0,4.0
2550311,Trossos Vells 2021,Alfredo Arribas,2021,Red,4.0,1039,18.38,España,Montsant,Montsant Tinto (España),4,3,4.5,1.0,3.5
1552273,Reserva 2021,Hacienda Grimon,2021,Red,4.0,1039,15.95,España,Rioja,Rioja Tinto (España),4,3,4.0,1.0,4.5
1214002,Corimbo 2019,Bodegas La Horra,2019,Red,4.1,1037,24.6,España,Ribera del Duero,Ribera del Duero Tinto (España),5,3,4.0,1.0,4.0
6481014,Jesús Yllera Crianza 2016,Yllera,2016,Red,4.0,1034,36.88,España,Ribera del Duero,Ribera del Duero Tinto (España),5,3,4.0,1.0,4.0
1216811,Viña Alberdi Crianza 2019,La Rioja Alta,2019,Red,4.1,1034,16.64,España,Rioja,Rioja Tinto (España),4,3,4.0,1.0,4.5
1759011,Crianza 2021,Altos Ibéricos,2021,Red,4.0,1031,7.34,España,Rioja,Rioja Tinto (España),4,3,4.0,1.0,4.5
3652602,La Atalaya del Camino 2021,Atalaya,2021,Red,4.1,1029,28.9,España,Almansa,Tinto (España),4,3,4.0,1.0,3.0
1180600,Colección Privada 2021,Dehesa del Carrizal,2021,Red,4.3,1027,27.65,España,Dehesa del Carrizal,Tinto (España),4,3,4.0,1.0,3.0
2471786,Coma Fredosa 2018,Hugas de Batlle,2018,Red,4.0,1024,19.3,España,Empordà,Tinto (España),4,3,4.0,1.0,3.0
1126221,Reserva 2010,La Vicalanda,2010,Red,4.0,1023,23.6,España,Rioja,Rioja Tinto (España),4,3,4.0,1.0,4.5
8057356,Batiscafo Garnacha 2024,La Quinta,2024,Red,4.0,1023,15.6,España,Aragón,Garnacha (España),5,3,5.0,1.0,3.0
9091479,Tinto 2022,Ukan,2022,Red,4.3,1018,40.2,España,Rioja Alavesa,Rioja Tinto (España),4,3,4.0,1.0,4.5
1137485,Gloria Rioja 2019,Ostatu,2019,Red,4.3,1014,47.3,España,Rioja Alavesa,Rioja Tinto (España),4,3,4.0,1.0,4.5
1135982,Gran Reserva 2016,Marqués de Riscal,2016,Red,4.3,1009,49.0,España,Rioja,Rioja Tinto (España),4,3,4.0,1.0,4.5
1101472,Prima 2020,Bodegas San Román,2020,Red,4.0,999,12.58,España,Toro,Toro Tinto (España),5,3,4.5,1.0,3.5
3427305,Tadeo Tinto 2020,Los Aguilares,2020,Red,4.3,999,75.0,España,Sierras de Málaga,Tinto (España),4,3,4.0,1.0,3.0
16223,Reserva Tinto 2019,Pago de Los Capellanes,2019,Red,4.4,993,42.45,España,Ribera del Duero,Ribera del Duero Tinto (España),5,3,4.0,1.0,4.0
1601449,Hinia 2021,Martinez Lacuesta,2021,Red,4.1,992,52.85,España,Rioja,Rioja Tinto (España),4,3,4.0,1.0,4.5
2530402,La Casona de Arínzano 2020,Arínzano,2020,Red,4.0,989,28.8,España,Arínzano,Tinto (España),4,3,4.0,1.0,3.0
9037527,Tierra Alta En 2 Maderas 2019,Bodegas Valduero,2019,Red,4.2,989,27.9,España,Ribera del Duero,Ribera del Duero Tinto (España),5,3,4.0,1.0,4.0
1948650,Clos Adrien 2022,Terra Remota,2022,Red,4.3,987,54.0,España,Empordà,España Rhône Blend Tinto,5,3,5.0,1.0,4.0
4967552,La Florens 2023,Josep Grau Viticultor,2023,Red,4.1,987,27.85,España,Montsant,Montsant Tinto (España),4,3,4.5,1.0,3.5
3177849,Gran Reserva Ribera del Duero 2014,Condado de Oriza,2014,Red,4.0,981,20.95,España,Ribera del Duero,Ribera del Duero Tinto (España),5,3,4.0,1.0,4.0
2299180,Casa de la Cera 2017,Castaño,2017,Red,4.2,980,35.4,España,Yecla,Tinto (España),4,3,4.0,1.0,3.0
6304588,Viñedos en San Vicente de la Sonsierra 2024,José Gil,2024,Red,4.1,979,23.5,España,Rioja,Rioja Tinto (España),4,3,4.0,1.0,4.5
1173140,San Vicente Rioja 2007,Señorío de San Vicente,2007,Red,4.3,979,65.0,España,Rioja,Rioja Tinto (España),4,3,4.0,1.0,4.5
1487559,La Mujer Cañón 2022,Comando G,2022,Red,4.0,971,90.3,España,Madrid,Garnacha (España),5,3,5.0,1.0,3.0
2066279,Corimbo I 2015,Bodegas La Horra,2015,Red,4.2,970,98.99,España,Ribera del Duero,Ribera del Duero Tinto (España),5,3,4.0,1.0,4.0
80371,Auditori 2020,Acustic Celler,2020,Red,4.2,966,45.8,España,Montsant,Montsant Tinto (España),4,3,4.5,1.0,3.5
1282069,Pizarra 2021,Algueira,2021,Red,4.0,965,40.8,España,Ribeira Sacra,Mencia (España),3,3,3.5,1.0,3.0
1593270,El Señorito de Ercavio 2021,Más Que Vinos,2021,Red,4.0,956,18.35,España,Castilla,Tempranillo (España),4,2,4.5,1.0,4.0
2474718,3 de Tres Mil 2021,Pago Aylés,2021,Red,4.1,953,28.95,España,Cariñena,Tinto (España),4,3,4.0,1.0,3.0
77812,Crianza 2021,Izadi,2021,Red,4.0,951,10.65,España,Rioja,Rioja Tinto (España),4,3,4.0,1.0,4.5
8081153,Cariñena Nativa Viñas Viejas 2023,Bodegas Care,2023,Red,4.1,946,7.95,España,Cariñena,Tinto (España),4,3,4.0,1.0,3.0
1147887,Berola 2018,Borsao Bodegas,2018,Red,4.0,943,15.1,España,Campo de Borja,España Rhône Blend Tinto,5,3,5.0,1.0,4.0
4175792,El Galgo - The Greyhound 2024,OM Oliver Moragues,2024,Red,4.0,937,30.0,España,Mallorca,Tinto (España),4,3,4.0,1.0,3.0
1207136,Crianza Rioja 2020,Campillo,2020,Red,4.0,934,10.6,España,Rioja,Rioja Tinto (España),4,3,4.0,1.0,4.5
1482018,Saó Expressiu 2021,Mas Blanch I Jove,2021,Red,4.1,926,19.45,España,Costers del Segre,Tinto (España),4,3,4.0,1.0,3.0
1175825,Colección Privada 2018,Sierra Cantabria,2018,Red,4.1,925,44.5,España,Rioja,Rioja Tinto (España),4,3,4.0,1.0,4.5
1915993,Pago Florentino 2020,Arzuaga,2020,Red,4.0,920,26.75,España,Pago Florentino,Tempranillo (España),4,2,4.5,1.0,4.0
1210710,Selección de Autor 2018,Tobia,2018,Red,4.0,911,23.61,España,Rioja,Rioja Tinto (España),4,3,4.0,1.0,4.5
3534109,Solo Mazuelo 2024,Arizcuren,2024,Red,4.0,910,28.6,España,Rioja,Rioja Tinto (España),4,3,4.0,1.0,4.5
5296470,La Garnacha Perdida 2017,Proyecto Garnachas de España,2017,Red,4.0,910,19.94,España,Aragón,Garnacha (España),5,3,5.0,1.0,3.0
5901247,5º Año 2020,Finca Río Negro,2020,Red,4.3,909,34.0,España,La Mancha,Tinto (España),4,3,4.0,1.0,3.0
8685673,La Cirereta 2024,Herència Altés,2024,Red,4.0,900,10.5,España,Terra Alta,Tinto (España),4,3,4.0,1.0,3.0
2870792,Gran Reserva 2012,Hacienda López de Haro,2012,Red,4.0,898,18.75,España,Rioja,Rioja Tinto (España),4,3,4.0,1.0,4.5
89877,Quercus Tinto 2019,Quinta de Quercus,2019,Red,4.1,897,29.9,España,Uclés,Tempranillo (España),4,2,4.5,1.0,4.0
1220886,Bosque de Matasnos Etiqueta Blanca 2021,Bosque de Matasnos,2021,Red,4.3,897,67.51,España,Ribera del Duero,Ribera del Duero Tinto (España),5,3,4.0,1.0,4.0
6970560,Mon Pare Tinto 2021,Les Vinyes del Convent,2021,Red,4.2,896,18.95,España,Terra Alta,Tinto (España),4,3,4.0,1.0,3.0
5764609,El Rumbero 2023,Oriol Artigas,2023,Red,4.0,893,18.75,España,Alella,Tinto (España),4,3,4.0,1.0,3.0
1896217,Finca Comabarra 2021,Tomàs Cusiné,2021,Red,4.2,891,31.8,España,Costers del Segre,Tinto (España),4,3,4.0,1.0,3.0
1209027,Tinto 2023,Antídoto,2023,Red,4.0,876,17.2,España,Ribera del Duero,Ribera del Duero Tinto (España),5,3,4.0,1.0,4.0
1135916,Rioja Gran Reserva 2017,Imperial,2017,Red,4.3,871,68.0,España,Rioja,Rioja Tinto (España),4,3,4.0,1.0,4.5
1667471,S'Alou 2021,Vinyes dels Aspres,2021,Red,4.2,871,34.03,España,Empordà,Tinto (España),4,3,4.0,1.0,3.0
1162573,Aurus 2015,Allende,2015,Red,4.4,863,208.45,España,Rioja,Rioja Tinto (España),4,3,4.0,1.0,4.5
1994535,Reserva Selección de la Familia 2019,Luis Cañas,2019,Red,4.2,858,25.66,España,Rioja,Rioja Tinto (España),4,3,4.0,1.0,4.5
11078791,La Fleur 2019,Vivaltus,2019,Red,4.2,857,49.8,España,Ribera del Duero,Ribera del Duero Tinto (España),5,3,4.0,1.0,4.0
1622324,Arínzano Gran Vino Tinto 2018,Arínzano,2018,Red,4.3,856,80.0,España,Arínzano,Tempranillo (España),4,2,4.5,1.0,4.0
4647636,La Fredat Garnatxa Priorat 2021,Casa Gran del Siurana,2021,Red,4.1,851,26.95,España,Priorato,Priorat Tinto (España),4,3,5.0,1.0,3.5
81648,Embruix 2022,Vall Llach,2022,Red,4.1,847,21.24,España,Priorato,Priorat Tinto (España),4,3,5.0,1.0,3.5
2606777,Penedès Reserva Iohannes 2015,Juvé & Camps,2015,Red,4.2,846,35.9,España,Penedès,Tinto (España),4,3,4.0,1.0,3.0
1141810,Pruno Ribera del Duero 2022,Finca Villacreces,2022,Red,4.0,841,11.56,España,Ribera del Duero,Ribera del Duero Tinto (España),5,3,4.0,1.0,4.0
1404946,El Telar 2021,Vinessens - Casa Balaguer,2021,Red,4.1,840,21.89,España,Alicante,Tinto (España),4,3,4.0,1.0,3.0
6421058,Finca Los Quemados 2024,Goyo Garcia Viadero,2024,Red,4.1,836,31.25,España,Ribera del Duero,Ribera del Duero Tinto (España),5,3,4.0,1.0,4.0
2727660,Desconfío de la Gente Que no Bebe 2023,Bodega Ribas,2023,Red,4.3,832,52.5,España,Mallorca,Tinto (España),4,3,4.0,1.0,3.0
1468317,Finca Valdelayegua Crianza 2021,Pradorey,2021,Red,4.0,832,13.0,España,Ribera del Duero,Ribera del Duero Tinto (España),5,3,4.0,1.0,4.0
4901678,Inspiración Balcón de Pilatos Maturana 2022,Bodegas Valdemar,2022,Red,4.2,828,31.3,España,Rioja,Rioja Tinto (España),4,3,4.0,1.0,4.5
3599149,Inici 2021,Merum Priorati,2021,Red,4.2,815,26.5,España,Priorato,Priorat Tinto (España),4,3,5.0,1.0,3.5
1174990,Ribera del Duero (Crianza) 2019,Cruz de Alba,2019,Red,4.1,811,33.9,España,Ribera del Duero,Ribera del Duero Tinto (España),5,3,4.0,1.0,4.0
1190058,Ribera del Duero Premium 2020,Legón,2020,Red,4.0,808,15.9,España,Ribera del Duero,Ribera del Duero Tinto (España),5,3,4.0,1.0,4.0
1101258,Ribera del Duero Red 2021,Montecastro,2021,Red,4.1,808,18.9,España,Ribera del Duero,Ribera del Duero Tinto (España),5,3,4.0,1.0,4.0
6471360,Syrah de Matasnos 2021,Bosque de Matasnos,2021,Red,4.3,807,32.95,España,Vino de España,Syrah (España),4,3,4.0,1.0,4.0
7895399,Crianza 2019,Dominio Fournier,2019,Red,4.1,805,21.8,España,Ribera del Duero,Ribera del Duero Tinto (España),5,3,4.0,1.0,4.0
1523602,Clos Cypres Vinyes Velles (Old Vines) 2020,Costers del Priorat,2020,Red,4.2,804,63.89,España,Priorato,Priorat Tinto (España),4,3,5.0,1.0,3.5
96855,Dido Tinto 2022,Venus la Universal,2022,Red,4.0,804,18.13,España,Montsant,Montsant Tinto (España),4,3,4.5,1.0,3.5
1182681,Victorino 2018,Teso La Monja,2018,Red,4.3,804,58.6,España,Toro,Toro Tinto (España),5,3,4.5,1.0,3.5
2656,Salmos 2019,Familia Torres,2019,Red,4.1,803,29.7,España,Priorato,Priorat Tinto (España),4,3,5.0,1.0,3.5
1387012,Rioja Gran Reserva 2016,Contino,2016,Red,4.3,802,71.0,España,Rioja,Rioja Tinto (España),4,3,4.0,1.0,4.5
9954550,Tinto 2019,Dominio de Calogía,2019,Red,4.4,794,69.0,España,Ribera del Duero,Ribera del Duero Tinto (España),5,3,4.0,1.0,4.0
1142454,Reserva 2021,El Lagar de Isilla,2021,Red,4.1,791,26.43,España,Ribera del Duero,Ribera del Duero Tinto (España),5,3,4.0,1.0,4.0
1286278,Caus Lubis 1997,Can Ràfols dels Caus,1997,Red,4.2,790,54.43,España,Penedès,Merlot (España),4,3,4.0,1.0,2.5
99586,Rioja Reserva Fincas de Ganuza 2016,Remírez de Ganuza,2016,Red,4.2,788,30.4,España,Rioja,Rioja Tinto (España),4,3,4.0,1.0,4.5
1156860,Gran Ribera del Duero 2021,Resalte,2021,Red,4.3,788,55.55,España,Ribera del Duero,Ribera del Duero Tinto (España),5,3,4.0,1.0,4.0
5486963,Salvaje 2020,Ébano,2020,Red,4.0,779,18.91,España,Ribera del Duero,Ribera del Duero Tinto (España),5,3,4.0,1.0,4.0
7567711,Selección La Aguilera 2019,Dominio de Cair,2019,Red,4.1,774,22.0,España,Ribera del Duero,Ribera del Duero Tinto (España),5,3,4.0,1.0,4.0
2032843,Tintilla 2021,Atlántida,2021,Red,4.1,772,27.8,España,Cádiz,Tinto (España),4,3,4.0,1.0,3.0
10327467,La Santa De Úrsula 2024,Envínate,2024,Red,4.0,772,29.73,España,Vino de España,Tinto (España),4,3,4.0,1.0,3.0
10194735,Matalaz 2024,Oxer Wines,2024,Red,4.1,771,23.9,España,Rioja,Rioja Tinto (España),4,3,4.0,1.0,4.5
1182947,Cartoixa Priorat 2019,Scala Dei,2019,Red,4.1,770,36.52,España,Priorato,Priorat Tinto (España),4,3,5.0,1.0,3.5
3798056,Las Viñas de Eusebio Vendimia Seleccionada 2020,Olivier Rivière,2020,Red,4.2,764,50.75,España,Rioja,Rioja Tinto (España),4,3,4.0,1.0,4.5
4362433,Finca Azaya Premium 2020,Bodegas Valduero,2020,Red,4.2,764,29.0,España,Castilla y León,Tempranillo (España),4,2,4.5,1.0,4.0
1582322,Sant Antoni 2021,Scala Dei,2021,Red,4.3,763,87.95,España,Priorato,Priorat Tinto (España),4,3,5.0,1.0,3.5
96049,Nebro Ribera del Duero 2021,Finca Villacreces,2021,Red,4.4,762,184.0,España,Ribera del Duero,Ribera del Duero Tinto (España),5,3,4.0,1.0,4.0
6429958,Ademán Valdearanda 2022,Bodega y Viñedos Maires,2022,Red,4.0,758,14.5,España,Toro,Toro Tinto (España),5,3,4.5,1.0,3.5
13651,Dominio de Atauta 2020,Dominio de Atauta,2020,Red,4.2,758,70.3,España,Ribera del Duero,Ribera del Duero Tinto (España),5,3,4.0,1.0,4.0
2160720,Cabernet 2021,Enate,2021,Red,4.0,756,22.95,España,Somontano,Cabernet Sauvignon (España),4,3,5.0,1.0,4.0
2684452,Reserva 2019,Dominio del Águila,2019,Red,4.4,756,69.9,España,Ribera del Duero,Ribera del Duero Tinto (España),5,3,4.0,1.0,4.0
8437661,Selvanevada 2021,Villota,2021,Red,4.0,751,24.95,España,Rioja Alavesa,Rioja Tinto (España),4,3,4.0,1.0,4.5
1178074,Crianza 2019,Valtravieso,2019,Red,4.1,748,16.63,España,Ribera del Duero,Ribera del Duero Tinto (España),5,3,4.0,1.0,4.0
11845800,El Vigía de la Atalaya Organico 2023,Atalaya,2023,Red,4.1,747,6.9,España,Almansa,Tinto (España),4,3,4.0,1.0,3.0
77816,Orben 2019,Orben,2019,Red,4.1,747,24.5,España,Rioja,Rioja Tinto (España),4,3,4.0,1.0,4.5
3468711,A Boca do Demo 2020,Castro Candaz,2020,Red,4.0,746,25.75,España,Ribeira Sacra,Mencia (España),3,3,3.5,1.0,3.0
1571334,Grano a Grano Graciano 2022,Abel Mendoza Monge,2022,Red,4.3,745,49.25,España,Rioja,Rioja Tinto (España),4,3,4.0,1.0,4.5
1308704,Finca Torrea 2017,Marqués de Riscal,2017,Red,4.2,745,33.2,España,Rioja,Rioja Tinto (España),4,3,4.0,1.0,4.5
77026,Mirto 2016,Ramón Bilbao,2016,Red,4.3,743,51.77,España,Rioja,Rioja Tinto (España),4,3,4.0,1.0,4.5
9187739,Viña Gena 2022,Villota,2022,Red,4.2,742,39.95,España,Rioja,Rioja Tinto (España),4,3,4.0,1.0,4.5
8313573,La Cueva Colora Cencibel 2023,Bodegas Garcia de Lara,2023,Red,4.0,738,16.4,España,Castilla,Tempranillo (España),4,2,4.5,1.0,4.0
9545264,Valtuille 2023,César Márquez,2023,Red,4.0,736,19.9,España,Bierzo,Mencia (España),3,3,3.5,1.0,3.0
6633884,Vilano 2022,Bodegas Vilano,2022,Red,4.4,735,31.95,España,Ribera del Duero,Ribera del Duero Tinto (España),5,3,4.0,1.0,4.0
2493183,Vatan Tinta de Toro 2020,Ordóñez,2020,Red,4.2,735,37.84,España,Toro,Toro Tinto (España),5,3,4.5,1.0,3.5
1832930,Rioja Selección 2018,Izadi,2018,Red,4.0,732,18.3,España,Rioja,Rioja Tinto (España),4,3,4.0,1.0,4.5
6398358,Encarinyades 2024,Cosmic,2024,Red,4.0,729,20.56,España,Cataluña,Tinto (España),4,3,4.0,1.0,3.0
2391715,Tinus 2015,Figuero,2015,Red,4.2,725,210.0,España,Ribera del Duero,Ribera del Duero Tinto (España),5,3,4.0,1.0,4.0
4422419,Ladeiras Do XIL Falcoeira A Capilla Single Vineyard 2022,Telmo Rodriguez,2022,Red,4.2,725,54.5,España,Valdeorras,Tinto (España),4,3,4.0,1.0,3.0
1683798,El Reventón Cebreros 2022,Daniel Landi Viticultor,2022,Red,4.1,720,125.0,España,Castilla y León,Garnacha (España),5,3,5.0,1.0,3.0
2791620,Tumba del Rey Moro 2022,Comando G,2022,Red,4.3,720,390.0,España,Madrid,Garnacha (España),5,3,5.0,1.0,3.0
1587368,Palacio de Otazu Altar 2018,Bodega Otazu,2018,Red,4.2,717,42.65,España,Otazu,Tinto (España),4,3,4.0,1.0,3.0
2707214,La Hormiga de Antídoto 2022,Antídoto,2022,Red,4.2,714,29.95,España,Ribera del Duero,Ribera del Duero Tinto (España),5,3,4.0,1.0,4.0
1699433,Finca la Oracion 2021,Hacienda Grimon,2021,Red,4.2,712,21.95,España,Rioja,Rioja Tinto (España),4,3,4.0,1.0,4.5
1207335,Las Umbrías 2022,Comando G,2022,Red,4.1,712,240.0,España,Madrid,Garnacha (España),5,3,5.0,1.0,3.0
1140880,Parcelas de Garnacha Colección Rioja 2019,Vivanco,2019,Red,4.1,709,35.0,España,Rioja,Rioja Tinto (España),4,3,4.0,1.0,4.5
1176488,Sela Rioja 2022,Bodegas Roda,2022,Red,4.0,705,17.85,España,Rioja,Rioja Tinto (España),4,3,4.0,1.0,4.5
1501839,Cecias Rioja 2021,Paisajes,2021,Red,4.1,705,29.5,España,Rioja,Rioja Tinto (España),4,3,4.0,1.0,4.5
1733516,Taberner Tierra de Cádiz 2017,Huerta de Albala,2017,Red,4.1,704,26.0,España,Cádiz,Syrah (España),4,3,4.0,1.0,4.0
4527347,Collecció Privada 2018,Macià Batle,2018,Red,4.1,700,30.25,España,Mallorca,Tinto (España),4,3,4.0,1.0,3.0
96100,Sot Lefriec 2020,Alemany i Corrió,2020,Red,4.3,698,64.7,España,Penedès,Tinto (España),4,3,4.0,1.0,3.0
5378678,Las Iruelas El Tiemblo 2023,Daniel Landi Viticultor,2023,Red,4.2,697,278.63,España,Castilla y León,Garnacha (España),5,3,5.0,1.0,3.0
2185778,Parcelas de Maturana Tinta Colección Rioja 2021,Vivanco,2021,Red,4.2,697,36.5,España,Rioja,Rioja Tinto (España),4,3,4.0,1.0,4.5
11038017,Doble 12 Ronda 2019,Bodega Doña Felisa,2019,Red,4.1,689,24.26,España,Sierras de Málaga,Tinto (España),4,3,4.0,1.0,3.0
76786,Gran Reserva 2017,Campo Viejo,2017,Red,4.0,689,18.85,España,Rioja,Rioja Tinto (España),4,3,4.0,1.0,4.5
1187293,A Mano Rioja 2019,Lan,2019,Red,4.3,684,32.79,España,Rioja,Rioja Tinto (España),4,3,4.0,1.0,4.5
16227,Joven Roble Tinto 2024,Pago de Los Capellanes,2024,Red,4.1,684,14.65,España,Ribera del Duero,Ribera del Duero Tinto (España),5,3,4.0,1.0,4.0
7320235,Ventum 2021,Can Axartell,2021,Red,4.1,681,24.95,España,Mallorca,Tinto (España),4,3,4.0,1.0,3.0
1184099,Svmma Varietalis Red Blend (Summa) 2015,Marqués de Griñon,2015,Red,4.0,681,16.99,España,Dominio de Valdepusa,Tinto (España),4,3,4.0,1.0,3.0
96045,Ribera del Duero 2017,Finca Villacreces,2017,Red,4.1,679,70.5,España,Ribera del Duero,Ribera del Duero Tinto (España),5,3,4.0,1.0,4.0
6460498,VO Cobrana 2023,Veronica Ortega,2023,Red,4.0,678,38.95,España,Bierzo,Mencia (España),3,3,3.5,1.0,3.0
10263229,Planetes Classic 2023,Nin-Ortiz,2023,Red,4.2,678,40.85,España,Priorato,Priorat Tinto (España),4,3,5.0,1.0,3.5
1961881,Vendimia Seleccionada 2021,Pagos de Mogar,2021,Red,4.0,677,21.5,España,Ribera del Duero,Ribera del Duero Tinto (España),5,3,4.0,1.0,4.0
98783,Veraton Garnacha 2020,Alto Moncayo,2020,Red,4.2,676,23.9,España,Campo de Borja,Garnacha (España),5,3,5.0,1.0,3.0
1210210,Don Miguel 2019,Comenge,2019,Red,4.2,674,44.35,España,Ribera del Duero,Ribera del Duero Tinto (España),5,3,4.0,1.0,4.0
1163575,Finca la Blanquera 2020,Monteabellon,2020,Red,4.1,671,57.0,España,Ribera del Duero,Ribera del Duero Tinto (España),5,3,4.0,1.0,4.0
8328781,Gold Rupestre Garnacha Tintorera 2023,Rupestre de Alpera,2023,Red,4.2,671,15.65,España,La Mancha,Tinto (España),4,3,4.0,1.0,3.0
1701505,Ladera Los Cantos 2023,Cerro Bercial,2023,Red,4.0,669,16.6,España,Utiel-Requena,Tinto (España),4,3,4.0,1.0,3.0
73590,Pago Negralada 2015,Abadía Retuerta,2015,Red,4.3,666,145.0,España,Abadía Retuerta,Tempranillo (España),4,2,4.5,1.0,4.0
5469026,La Mateo Garnacha Cepas Viejas 2019,D. Mateos,2019,Red,4.2,665,32.95,España,Rioja,Rioja Tinto (España),4,3,4.0,1.0,4.5
1508676,Estrats 2004,Cérvoles,2004,Red,4.3,665,90.5,España,Costers del Segre,Tinto (España),4,3,4.0,1.0,3.0
1621238,Dominio de Casalta - Sorrasca 2019,Pepe Rodríguez de Vera,2019,Red,4.0,663,28.89,España,Almansa,Tinto (España),4,3,4.0,1.0,3.0
1266898,Coma d'En Pou 2022,Bàrbara Forés,2022,Red,4.0,663,28.4,España,Terra Alta,Garnacha (España),5,3,5.0,1.0,3.0
2477058,Les Clivelles de Torroja 2022,Celler Aixalà Alcait,2022,Red,4.0,663,14.28,España,Priorato,Priorat Tinto (España),4,3,5.0,1.0,3.5
1609390,El Pecado 2022,Raúl Pérez,2022,Red,4.2,663,68.95,España,Ribeira Sacra,Mencia (España),3,3,3.5,1.0,3.0
1443518,III a.C 2020,Beronia,2020,Red,4.3,651,54.0,España,Rioja,Rioja Tinto (España),4,3,4.0,1.0,4.5
2646393,Solar de Becquer Gran Reserva 2015,Bodegas Escudero S.L.,2015,Red,4.2,646,18.5,España,Rioja,Rioja Tinto (España),4,3,4.0,1.0,4.5
2128268,Lindes de Remelluri Viñedos de Labastida 2020,Remelluri,2020,Red,4.0,642,17.7,España,Rioja,Rioja Tinto (España),4,3,4.0,1.0,4.5
1201811,Olagosa Reserva 2013,Perica,2013,Red,4.0,640,13.95,España,Rioja,Rioja Tinto (España),4,3,4.0,1.0,4.5
2517787,Laderas Rioja 2019,Ostatu,2019,Red,4.2,638,30.9,España,Rioja Alavesa,Rioja Tinto (España),4,3,4.0,1.0,4.5
8899708,Alomado 2022,Cuentaviñas,2022,Red,4.3,636,46.9,España,Rioja,Rioja Tinto (España),4,3,4.0,1.0,4.5
1612072,Granja Gran Reserva Rioja 2011,Remelluri,2011,Red,4.4,631,146.35,España,Rioja,Rioja Tinto (España),4,3,4.0,1.0,4.5
2326053,Celsus 2023,Vetus,2023,Red,4.0,630,37.5,España,Toro,Toro Tinto (España),5,3,4.5,1.0,3.5
1719892,Pago El Espino 2020,Los Aguilares,2020,Red,4.2,625,39.34,España,Sierras de Málaga,Tinto (España),4,3,4.0,1.0,3.0
1504379,Reserva Ribera del Duero 2019,Lecco,2019,Red,4.0,624,18.25,España,Ribera del Duero,Ribera del Duero Tinto (España),5,3,4.0,1.0,4.0
2109725,Profunda 2019,Raíz de Guzmán,2019,Red,4.3,624,48.95,España,Ribera del Duero,Ribera del Duero Tinto (España),5,3,4.0,1.0,4.0
1927958,Vinya Selva de Mar Tinto 2018,Mas Estela,2018,Red,4.0,621,30.58,España,Empordà,Tinto (España),4,3,4.0,1.0,3.0
2041645,Bonfill 2021,Arché Pagès,2021,Red,4.1,621,22.91,España,Empordà,Tinto (España),4,3,4.0,1.0,3.0
5095121,Alanda Tinto 2021,Quinta da Muradella,2021,Red,4.0,620,33.08,España,Monterrei,Tinto (España),4,3,4.0,1.0,3.0
6401245,Venus de la Figuera 2022,Venus la Universal,2022,Red,4.3,618,44.25,España,Montsant,Montsant Tinto (España),4,3,4.5,1.0,3.5
1510627,Reserva 2020,Solabal,2020,Red,4.1,616,16.6,España,Rioja,Rioja Tinto (España),4,3,4.0,1.0,4.5
1167430,Crianza 2020,Fernández de Piérola,2020,Red,4.0,615,11.1,España,Rioja,Rioja Tinto (España),4,3,4.0,1.0,4.5
11514137,Num. IV 2021,Jesus Madrazo,2021,Red,4.2,615,14.99,España,Rioja,Rioja Tinto (España),4,3,4.0,1.0,4.5
3211626,Cantos del Diablo 2023,Daniel Landi Viticultor,2023,Red,4.1,614,79.46,España,Méntrida,Garnacha (España),5,3,5.0,1.0,3.0
1229812,Clos del Portal Tros de Clos 2020,Portal del Priorat,2020,Red,4.3,608,58.13,España,Priorato,Priorat Tinto (España),4,3,5.0,1.0,3.5
6304259,Suañé Tinto Reserva 2020,Alonso & Pedrajo,2020,Red,4.2,608,24.83,España,Rioja,Rioja Tinto (España),4,3,4.0,1.0,4.5
1204299,Rioja 2012,Ysios,2012,Red,4.1,605,29.1,España,Rioja,Rioja Tinto (España),4,3,4.0,1.0,4.5
1172025,Martinet Bru (Garnatxa - Syrah) 2022,Martinet,2022,Red,4.1,604,26.09,España,Priorato,Priorat Tinto (España),4,3,5.0,1.0,3.5
2055561,Tempranillo 2018,Tridente,2018,Red,4.0,604,12.5,España,Castilla y León,Tempranillo (España),4,2,4.5,1.0,4.0
3772025,Alaya Tierra 2022,Atalaya,2022,Red,4.3,604,28.4,España,Almansa,Garnacha (España),5,3,5.0,1.0,3.0
14874,Gran Callejo 2018,Callejo,2018,Red,4.2,603,137.26,España,Ribera del Duero,Ribera del Duero Tinto (España),5,3,4.0,1.0,4.0
6728694,Flor de Matteria 2016,Yaso,2016,Red,4.1,602,12.25,España,Toro,Toro Tinto (España),5,3,4.5,1.0,3.5
15488,Conde de Valdemar Reserva 2017,Bodegas Valdemar,2017,Red,4.0,601,11.99,España,Rioja,Rioja Tinto (España),4,3,4.0,1.0,4.5
5007340,Finca Barqueres Carignan 2019,Tomàs Cusiné,2019,Red,4.1,600,23.7,España,Costers del Segre,Tinto (España),4,3,4.0,1.0,3.0
99328,5 Finques (Fincas) Reserva 2019,Castillo Perelada,2019,Red,4.0,600,12.01,España,Empordà,Tinto (España),4,3,4.0,1.0,3.0
4234703,Rioja Edición Especial Limitada 2021,Dominio de Anza,2021,Red,4.0,599,19.95,España,Rioja,Rioja Tinto (España),4,3,4.0,1.0,4.5
15489,Conde de Valdemar Gran Reserva 2015,Bodegas Valdemar,2015,Red,4.1,599,19.99,España,Rioja,Rioja Tinto (España),4,3,4.0,1.0,4.5
5028328,Maldito 2021,Pablo Vidal - Vinos Con Personalidad,2021,Red,4.0,598,16.47,España,Valdeorras,Tinto (España),4,3,4.0,1.0,3.0
2510756,Reina de los Deseos 2022,Comando G,2022,Red,4.0,598,95.73,España,Madrid,Garnacha (España),5,3,5.0,1.0,3.0
5246537,Caballero Zifar 2021,Zifar,2021,Red,4.2,597,26.23,España,Ribera del Duero,Ribera del Duero Tinto (España),5,3,4.0,1.0,4.0
3721052,Terra Incognita 2019,Bodegas Vilano,2019,Red,4.2,597,32.75,España,Ribera del Duero,Ribera del Duero Tinto (España),5,3,4.0,1.0,4.0
6176024,Perill Noir Carinyena 2019,Clos Lentiscus,2019,Red,4.1,596,18.2,España,Penedès,Tinto (España),4,3,4.0,1.0,3.0
11843234,Amfitrió de l'Empordà 2023,Castillo Perelada,2023,Red,4.0,595,14.95,España,Empordà,Tinto (España),4,3,4.0,1.0,3.0
12360391,Barón de Chirel 2020,Marqués de Riscal,2020,Red,4.3,595,113.85,España,Rioja,Rioja Tinto (España),4,3,4.0,1.0,4.5
1730187,Teófilo Reyes Reserva 1994,Bodegas Reyes,1994,Red,4.3,593,348.0,España,Ribera del Duero,Ribera del Duero Tinto (España),5,3,4.0,1.0,4.0
7086868,Interpretación 2020,Ausàs,2020,Red,4.3,590,45.9,España,Ribera del Duero,Ribera del Duero Tinto (España),5,3,4.0,1.0,4.0
1554114,Varietales Dos Mil 2016,Enate,2016,Red,4.0,585,24.95,España,Somontano,Tinto (España),4,3,4.0,1.0,3.0
1442980,Rumbo al Norte 2022,Comando G,2022,Red,4.4,578,906.86,España,Madrid,Garnacha (España),5,3,5.0,1.0,3.0
79962,Ribera del Duero 2018,Astrales,2018,Red,4.2,576,25.0,España,Ribera del Duero,Ribera del Duero Tinto (España),5,3,4.0,1.0,4.0
1582225,Partida Pedrer 2022,Sara Pérez y René Barbier,2022,Red,4.1,576,32.75,España,Priorato,Priorat Tinto (España),4,3,5.0,1.0,3.5
1619038,Fiel Edición Limitada 2018,Briego,2018,Red,4.2,574,30.8,España,Ribera del Duero,Ribera del Duero Tinto (España),5,3,4.0,1.0,4.0
1570737,Bagús Ribera del Duero 2012,Lopez Cristobal,2012,Red,4.2,573,54.0,España,Ribera del Duero,Ribera del Duero Tinto (España),5,3,4.0,1.0,4.0
5823227,Tabuerniga 2022,Bodega Lanzaga,2022,Red,4.3,573,89.9,España,Rioja,Rioja Tinto (España),4,3,4.0,1.0,4.5
10489363,Tarima Selección Monastrell - Syrah 2024,Volver,2024,Red,4.0,573,6.57,España,Alicante,España Rhône Blend Tinto,5,3,5.0,1.0,4.0
2735037,Orbus 2020,Alta Alella,2020,Red,4.2,573,29.3,España,Alella,Syrah (España),4,3,4.0,1.0,4.0
5630437,Altar 2018,Bodega Otazu,2018,Red,4.3,573,40.45,España,Navarra,Cabernet Sauvignon (España),4,3,5.0,1.0,4.0
6304704,Vendimia Seleccionada 2022,Emilio Moro,2022,Red,4.2,572,29.29,España,Ribera del Duero,Ribera del Duero Tinto (España),5,3,4.0,1.0,4.0
8432124,Viña Monty Reserva Graciano 2019,Montecillo,2019,Red,4.2,572,32.95,España,Rioja,Rioja Tinto (España),4,3,4.0,1.0,4.5
9970527,Cerro del Lobo Syrah 2021,Finca Río Negro,2021,Red,4.2,571,29.75,España,Castilla,Syrah (España),4,3,4.0,1.0,4.0
1530785,Exopto Tinto 2024,Bodegas Exopto,2024,Red,4.1,569,9.15,España,Rioja,Rioja Tinto (España),4,3,4.0,1.0,4.5
5921113,The Artist 2022,Can Axartell,2022,Red,4.2,569,26.95,España,Mallorca,Tinto (España),4,3,4.0,1.0,3.0
97075,Reserva Rioja Tempranillo 2018,Baigorri,2018,Red,4.1,567,21.08,España,Rioja,Rioja Tinto (España),4,3,4.0,1.0,4.5
1672879,Rioja Gran Reserva 2016,Luis Cañas,2016,Red,4.2,565,37.65,España,Rioja,Rioja Tinto (España),4,3,4.0,1.0,4.5
736563,Ribera del Duero Crianza 2021,Viña Sastre,2021,Red,4.1,563,20.9,España,Ribera del Duero,Ribera del Duero Tinto (España),5,3,4.0,1.0,4.0
1368702,Les Pusses Merlot - Syrah 2020,De Muller,2020,Red,4.0,561,16.58,España,Priorato,Priorat Tinto (España),4,3,5.0,1.0,3.5
1498830,Rioja Gran Reserva 2014,Viña Real,2014,Red,4.1,560,53.7,España,Rioja,Rioja Tinto (España),4,3,4.0,1.0,4.5
2424066,24 Barricas Syrah Barrica 2024,Corcovo - Megía e Hijos,2024,Red,4.0,559,11.25,España,Valdepeñas,Syrah (España),4,3,4.0,1.0,4.0
83825,Els Pics 2021,Bodegas Mas Alta,2021,Red,4.1,558,31.95,España,Priorato,Priorat Tinto (España),4,3,5.0,1.0,3.5
6986827,Calzadas de Aradon 2020,Bodegas Aradon,2020,Red,4.0,556,9.44,España,Rioja,Rioja Tinto (España),4,3,4.0,1.0,4.5
1215843,Flor de Silos Ribera del Duero 2016,Cillar de Silos,2016,Red,4.0,555,44.5,España,Ribera del Duero,Ribera del Duero Tinto (España),5,3,4.0,1.0,4.0
10929723,Ahari 2023,Oxer Wines,2023,Red,4.2,553,37.7,España,Rioja,Rioja Tinto (España),4,3,4.0,1.0,4.5
10922215,Viñas Viejas 2020,La Vicalanda,2020,Red,4.1,551,18.85,España,Rioja,Rioja Tinto (España),4,3,4.0,1.0,4.5
1278100,Empordà Reserva Especial Don Miguel Mateu 2020,Castillo Perelada,2020,Red,4.1,549,18.98,España,Empordà,Tinto (España),4,3,4.0,1.0,3.0
6111381,Finca La Quintanilla 2021,Baigorri,2021,Red,4.0,546,35.86,España,Rioja,Rioja Tinto (España),4,3,4.0,1.0,4.5
86344,Murua Reserva 2016,Murua,2016,Red,4.1,544,17.6,España,Rioja,Rioja Tinto (España),4,3,4.0,1.0,4.5
5295932,Dominio del Pidio 2021,Cillar de Silos,2021,Red,4.3,544,51.9,España,Ribera del Duero,Ribera del Duero Tinto (España),5,3,4.0,1.0,4.0
1509085,La Pasada Rioja 2021,Paisajes,2021,Red,4.0,542,29.5,España,Rioja,Rioja Tinto (España),4,3,4.0,1.0,4.5
10366851,La Colorada 2021,Lopez Cristobal,2021,Red,4.1,541,18.45,España,Ribera del Duero,Ribera del Duero Tinto (España),5,3,4.0,1.0,4.0
51634,Lautus 2016,Guelbenzu,2016,Red,4.0,540,25.0,España,Ribera del Queiles,Tinto (España),4,3,4.0,1.0,3.0
1150730,Gran Cruor 2021,Casa Gran del Siurana,2021,Red,4.2,538,52.0,España,Priorato,Priorat Tinto (España),4,3,5.0,1.0,3.5
78772,Reserva Privada Rioja 2017,Marques de Vargas,2017,Red,4.3,535,59.5,España,Rioja,Rioja Tinto (España),4,3,4.0,1.0,4.5
21211,Toro Crianza 2020,Bodega Elias Mora,2020,Red,4.0,535,12.65,España,Toro,Toro Tinto (España),5,3,4.5,1.0,3.5
22141,Rioja Reserva 2017,Altanza,2017,Red,4.0,535,17.69,España,Rioja,Rioja Tinto (España),4,3,4.0,1.0,4.5
1140759,Pieros Reserva 2016,Tilenus,2016,Red,4.2,531,33.9,España,Bierzo,Mencia (España),3,3,3.5,1.0,3.0
1207094,Altos de Corral Single Estate Reserva 2017,Bodegas Corral - Don Jacobo,2017,Red,4.1,530,39.4,España,Rioja,Rioja Tinto (España),4,3,4.0,1.0,4.5
2184260,César Lucendo A. 2022,Selección Lucendo,2022,Red,4.3,530,21.9,España,Castilla,Tinto (España),4,3,4.0,1.0,3.0
7506859,Roble Garnacha Tintorera 2024,Rupestre de Alpera,2024,Red,4.1,530,6.5,España,Almansa,Tinto (España),4,3,4.0,1.0,3.0
6910171,Unanimous 'Finca la Tejera' 2022,Tres Piedras,2022,Red,4.4,529,44.95,España,Ribera del Duero,Ribera del Duero Tinto (España),5,3,4.0,1.0,4.0
6739432,El Sequé 2020,Bodegas El Sequé,2020,Red,4.2,525,69.52,España,Alicante,Monastrell (España),5,3,3.5,1.0,4.5
1142267,Villa de Corullón Bierzo 2021,Descendientes de J. Palacios,2021,Red,4.1,524,42.89,España,Bierzo,Mencia (España),3,3,3.5,1.0,3.0
2063980,Ángeles de Amaren Tempranillo - Graciano 2019,Bodegas Amaren,2019,Red,4.1,524,19.6,España,Rioja,Rioja Tinto (España),4,3,4.0,1.0,4.5
7177726,Origen de Resalte 2018,Resalte,2018,Red,4.1,524,32.4,España,Ribera del Duero,Ribera del Duero Tinto (España),5,3,4.0,1.0,4.0
4539790,El Jaral 2018,Barcolobo,2018,Red,4.1,521,43.2,España,Castilla y León,Tinto (España),4,3,4.0,1.0,3.0
1428595,Antonio Moral 2022,Moral Diez,2022,Red,4.1,517,15.13,España,Ribera del Duero,Ribera del Duero Tinto (España),5,3,4.0,1.0,4.0
1182136,Finca Monasterio Rioja 2021,Baron de Ley,2021,Red,4.1,517,21.8,España,Rioja,Rioja Tinto (España),4,3,4.0,1.0,4.5
2914174,Selección Monovarietal Garnacha 2022,Vizcarra,2022,Red,4.0,515,23.3,España,Castilla y León,Garnacha (España),5,3,5.0,1.0,3.0
9837294,Senderos de UKAN 2019,Ukan,2019,Red,4.1,513,21.5,España,Rioja Alavesa,Rioja Tinto (España),4,3,4.0,1.0,4.5
5756995,Summa Edición Limitada 2024,Portia,2024,Red,4.4,513,71.0,España,Ribera del Duero,Ribera del Duero Tinto (España),5,3,4.0,1.0,4.0
2067413,Reserva Privada 2018,Macià Batle,2018,Red,4.1,512,24.02,España,Binissalem-Mallorca,Tinto (España),4,3,4.0,1.0,3.0
5509320,El Ribazo Rioja 2018,Valserrano,2018,Red,4.1,511,23.95,España,Rioja,Rioja Tinto (España),4,3,4.0,1.0,4.5
8837362,Tinto 2023,Bodegas Ponce,2023,Red,4.0,510,40.0,España,Manchuela,Tinto (España),4,3,4.0,1.0,3.0
1513332,Pañofino 2022,Torre de Barreda,2022,Red,4.0,509,18.33,España,Castilla,Tempranillo (España),4,2,4.5,1.0,4.0
9573227,Clar del Bosc 2022,Familia Gil,2022,Red,4.3,504,38.5,España,Priorato,Priorat Tinto (España),4,3,5.0,1.0,3.5
1244399,Gran Reserva 2017,Leza García,2017,Red,4.1,504,22.5,España,Rioja,Rioja Tinto (España),4,3,4.0,1.0,4.5
14895,Reserva 2018,Muruve,2018,Red,4.0,503,11.75,España,Toro,Toro Tinto (España),5,3,4.5,1.0,3.5
1503752,Alto de la Caseta 2019,Viña Pomal,2019,Red,4.3,502,84.9,España,Rioja,Rioja Tinto (España),4,3,4.0,1.0,4.5
9224629,Ribera del Duero Tinto Fino 2023,Cuentaviñas,2023,Red,4.3,501,42.9,España,Ribera del Duero,Ribera del Duero Tinto (España),5,3,4.0,1.0,4.0
7224538,Terrum 2022,Can Axartell,2022,Red,4.0,498,22.95,España,Mallorca,Tinto (España),4,3,4.0,1.0,3.0
1135848,200 Monges Rioja Reserva 2014,Vinícola Real,2014,Red,4.3,498,44.9,España,Rioja,Rioja Tinto (España),4,3,4.0,1.0,4.5
7709859,D’Origen P9 Cabernet Sauvignon 2021,Can Bas,2021,Red,4.0,498,17.7,España,Penedès,Cabernet Sauvignon (España),4,3,5.0,1.0,4.0
2268061,Excellens Cuvée Especial 2020,Bodegas Marqués de Cáceres,2020,Red,4.0,495,10.9,España,Rioja,Rioja Tinto (España),4,3,4.0,1.0,4.5
3805827,Bobal 2020,Mikaela,2020,Red,4.1,495,25.9,España,Castilla,Tinto (España),4,3,4.0,1.0,3.0
2033277,Valtuille La Cova de la Raposa 2021,Castro Ventosa,2021,Red,4.1,493,43.9,España,Bierzo,Mencia (España),3,3,3.5,1.0,3.0
6799259,Finca Butaros Vinya Centenària 2019,Mas Llunes,2019,Red,4.4,493,37.11,España,Empordà,Tinto (España),4,3,4.0,1.0,3.0
5982772,Rubatos 2021,La Niña de Cuenca,2021,Red,4.1,492,16.45,España,Manchuela,Tinto (España),4,3,4.0,1.0,3.0
1126523,Les Crestes 2023,Mas Doix,2023,Red,4.1,491,21.26,España,Priorato,Priorat Tinto (España),4,3,5.0,1.0,3.5
8119399,Bourbon Barrel Aged Cabernet Sauvignon 2021,Castillo de Aresan,2021,Red,4.0,491,11.89,España,Vino de España,Cabernet Sauvignon (España),4,3,5.0,1.0,4.0
12358479,Un Sueño En Las Alturas 2020,Pago de Los Capellanes,2020,Red,4.4,491,53.84,España,Ribera del Duero,Ribera del Duero Tinto (España),5,3,4.0,1.0,4.0
1836013,Altrejo Vendimia Seleccionada 2022,Cid Bermúdez,2022,Red,4.0,489,13.8,España,Ribera del Duero,Ribera del Duero Tinto (España),5,3,4.0,1.0,4.0
8468942,Siós Nature Syrah 2024,Costers del Sió,2024,Red,4.0,485,14.0,España,Costers del Segre,Syrah (España),4,3,4.0,1.0,4.0
9501881,Selección Tinto 2021,Latarce,2021,Red,4.3,484,40.0,España,Toro,Toro Tinto (España),5,3,4.5,1.0,3.5
76322,Mayor De Ondarre Rioja Reserva 2018,Ondarre,2018,Red,4.0,484,25.0,España,Rioja,Rioja Tinto (España),4,3,4.0,1.0,4.5
10238917,La Viña de Amaya Viñas Viejas 2021,Rodríguez Sanzo,2021,Red,4.0,481,13.41,España,Toro,Toro Tinto (España),5,3,4.5,1.0,3.5
2918634,Ribera del Duero Crianza 2021,Cillar de Silos,2021,Red,4.1,477,18.9,España,Ribera del Duero,Ribera del Duero Tinto (España),5,3,4.0,1.0,4.0
6207800,Buxus de les Aubagues 2023,Xavi Pallejà,2023,Red,4.1,473,23.5,España,Priorato,Priorat Tinto (España),4,3,5.0,1.0,3.5
2931753,Guardaviñas 2023,Abel Mendoza Monge,2023,Red,4.0,470,32.45,España,Rioja,Rioja Tinto (España),4,3,4.0,1.0,4.5
11621841,El Espino 2020,Áster,2020,Red,4.2,464,33.9,España,Ribera del Duero,Ribera del Duero Tinto (España),5,3,4.0,1.0,4.0
1298070,Red Blend 2018,Finca Río Negro,2018,Red,4.0,460,15.6,España,Castilla,Tinto (España),4,3,4.0,1.0,3.0
5796944,OS Cantals 2022,Cuevas de Arom,2022,Red,4.1,459,42.5,España,Campo de Borja,Garnacha (España),5,3,5.0,1.0,3.0
10637475,Valtuille Vino de Villa 2023,Raúl Pérez,2023,Red,4.0,455,15.5,España,Bierzo,Tinto (España),4,3,4.0,1.0,3.0
6755946,Phoenix 2019,Bodegas Quinta de Aves,2019,Red,4.1,454,18.8,España,Castilla,Tempranillo (España),4,2,4.5,1.0,4.0
2040817,El Sender 2021,Lafou,2021,Red,4.0,451,12.5,España,Terra Alta,Tinto (España),4,3,4.0,1.0,3.0
2674577,Albahra 2023,Envínate,2023,Red,4.0,450,15.0,España,Castilla,Tinto (España),4,3,4.0,1.0,3.0
11858976,El Pacto De Cárdenas Ojo Gallo 2023,El Pacto,2023,Red,4.0,449,19.45,España,Rioja,Rioja Tinto (España),4,3,4.0,1.0,4.5
5006952,Perezoso Tinto 2021,Bodega Gonzalo Beltrán,2021,Red,4.1,449,14.85,España,Málaga,Syrah (España),4,3,4.0,1.0,4.0
9442445,Finca La Canoca 2023,Baigorri,2023,Red,4.0,449,21.15,España,Rioja,Rioja Tinto (España),4,3,4.0,1.0,4.5
11669274,Tinto 2023,Paxaro Tolo,2023,Red,4.1,448,23.44,España,Ribeira Sacra,Mencia (España),3,3,3.5,1.0,3.0
6123141,Tinácula X 2024,Las Calzadas,2024,Red,4.0,448,12.5,España,Ribera del Júcar,Tinto (España),4,3,4.0,1.0,3.0
1176493,Desierto 2022,Azul y Garanza,2022,Red,4.0,448,33.75,España,Navarra,Cabernet Sauvignon (España),4,3,5.0,1.0,4.0
6024196,La Felisa 2022,Emilio Moro,2022,Red,4.1,446,29.65,España,Ribera del Duero,Ribera del Duero Tinto (España),5,3,4.0,1.0,4.0
2309741,Artazu Pasos de San Martín Garnacha 2016,Artadi,2016,Red,4.1,445,38.2,España,Vino de España,Garnacha (España),5,3,5.0,1.0,3.0
4081550,Nexus + (Plus) 2019,Bodegas Nexus,2019,Red,4.2,444,36.9,España,Ribera del Duero,Ribera del Duero Tinto (España),5,3,4.0,1.0,4.0
8979449,Vi Fi de Masia Tinto 2022,L'Enclòs de Peralba,2022,Red,4.0,443,17.2,España,Penedès,Tinto (España),4,3,4.0,1.0,3.0
7703059,Dulas Tinto Barrica 2024,Lagar de la Salud,2024,Red,4.2,440,16.0,España,Montilla-Moriles,Cabernet Sauvignon (España),4,3,5.0,1.0,4.0
1139122,Reserva 2015,Viña Pedrosa,2015,Red,4.2,439,76.0,España,Ribera del Duero,Ribera del Duero Tinto (España),5,3,4.0,1.0,4.0
4569755,el Origen 2023,Prieto Pariente,2023,Red,4.1,439,31.9,España,Castilla y León,Tinto (España),4,3,4.0,1.0,3.0
1142303,Tinto 2015,Conde de Los Andes,2015,Red,4.0,439,120.0,España,Rioja,Rioja Tinto (España),4,3,4.0,1.0,4.5
7292123,Tadeo Tinaja 2020,Los Aguilares,2020,Red,4.3,438,56.5,España,Sierras de Málaga,Tinto (España),4,3,4.0,1.0,3.0
6438949,Xtréme Ecológico Crianza 2018,Lan,2018,Red,4.1,437,15.06,España,Rioja,Rioja Tinto (España),4,3,4.0,1.0,4.5
9894859,Camino A Pardos Garnacha Viñas Viejas 80 Old Vines 2023,Vinos Divertidos,2023,Red,4.1,436,12.9,España,Calatayud,Garnacha (España),5,3,5.0,1.0,3.0
49744,Viñas de Gain 2021,Artadi,2021,Red,4.1,435,25.92,España,Vino de España,Tempranillo (España),4,2,4.5,1.0,4.0
3793508,Gran Reserva Rioja 2016,Marques de Vargas,2016,Red,4.3,433,42.2,España,Rioja,Rioja Tinto (España),4,3,4.0,1.0,4.5
5475247,Lualma 2022,Barahonda,2022,Red,4.2,429,23.25,España,Yecla,Tinto (España),4,3,4.0,1.0,3.0
1538304,Cadac 2012,Martín Faixó,2012,Red,4.1,428,30.55,España,Empordà,Tinto (España),4,3,4.0,1.0,3.0
1964583,Garnatxa 2021,Cims de Porrera,2021,Red,4.1,426,59.82,España,Priorato,Priorat Tinto (España),4,3,5.0,1.0,3.5
10397513,CM Crianza 2019,Matarromera,2019,Red,4.2,426,33.4,España,Rioja,Rioja Tinto (España),4,3,4.0,1.0,4.5
9568319,Los Losares Monastrell 2021,Bodegas Piqueras,2021,Red,4.0,423,14.75,España,Almansa,Monastrell (España),5,3,3.5,1.0,4.5
13469,Absis 2021,Parés Baltà,2021,Red,4.4,422,78.7,España,Penedès,Tinto (España),4,3,4.0,1.0,3.0
6858808,MXI Selección de Barricas 2020,Tinto Pesquera,2020,Red,4.1,422,23.9,España,Ribera del Duero,Ribera del Duero Tinto (España),5,3,4.0,1.0,4.0
1585046,Inés 2021,Vizcarra,2021,Red,4.3,421,61.95,España,Ribera del Duero,Ribera del Duero Tinto (España),5,3,4.0,1.0,4.0
1820071,Viñas Viejas de La Propiedad 2021,Palacios Remondo,2021,Red,4.1,419,27.9,España,Rioja,Rioja Tinto (España),4,3,4.0,1.0,4.5
8803139,Alicante Bouschet by Tarima 2018,Volver,2018,Red,4.1,414,17.15,España,Alicante,Tinto (España),4,3,4.0,1.0,3.0
3746666,Vespres 2022,Josep Grau Viticultor,2022,Red,4.0,414,15.25,España,Montsant,Montsant Tinto (España),4,3,4.5,1.0,3.5
4120596,Rioja B70 2021,Baigorri,2021,Red,4.3,414,123.9,España,Rioja,Rioja Tinto (España),4,3,4.0,1.0,4.5
1138069,Prior 2021,Scala Dei,2021,Red,4.1,413,23.0,España,Priorato,Priorat Tinto (España),4,3,5.0,1.0,3.5
11003635,Tinto 2019,Kolor,2019,Red,4.0,412,36.25,España,Bierzo,Mencia (España),3,3,3.5,1.0,3.0
23506,Salanques 2021,Mas Doix,2021,Red,4.1,412,43.95,España,Priorato,Priorat Tinto (España),4,3,5.0,1.0,3.5
9216680,Tierra Alta de 2 Cotas Reserva 2017,Bodegas Valduero,2017,Red,4.3,410,38.6,España,Ribera del Duero,Ribera del Duero Tinto (España),5,3,4.0,1.0,4.0
5972698,Ribera del Duero Reserva 2016,Cruz de Alba,2016,Red,4.1,410,29.9,España,Ribera del Duero,Ribera del Duero Tinto (España),5,3,4.0,1.0,4.0
6893575,Naluar Tinto 2021,Bodegas Naluar & Acediano,2021,Red,4.0,409,19.36,España,Ribera del Duero,Ribera del Duero Tinto (España),5,3,4.0,1.0,4.0
1713162,Clavis Viñedo Pico Garbanzo 2016,Finca Antigua,2016,Red,4.0,409,38.9,España,La Mancha,Tinto (España),4,3,4.0,1.0,3.0
12496152,Doble M 2020,Dominio de Calogía,2020,Red,4.2,408,36.9,España,Ribera del Duero,Ribera del Duero Tinto (España),5,3,4.0,1.0,4.0
1189733,Aspriu Tinto 2015,Pardas,2015,Red,4.1,406,42.9,España,Penedès,Tinto (España),4,3,4.0,1.0,3.0
5272397,Finca el Rapolao 2024,Dominio de Anza,2024,Red,4.1,406,49.25,España,Bierzo,Mencia (España),3,3,3.5,1.0,3.0
11081310,Finca el Serrano Monastrell 2023,Murviedro,2023,Red,4.0,401,12.5,España,Valencia,Monastrell (España),5,3,3.5,1.0,4.5
75016,Ribera del Duero 2019,Alonso del Yerro,2019,Red,4.1,401,26.56,España,Ribera del Duero,Ribera del Duero Tinto (España),5,3,4.0,1.0,4.0
5985381,La Estrada Tinto 2022,Bodega Lanzaga,2022,Red,4.3,401,92.15,España,Rioja,Rioja Tinto (España),4,3,4.0,1.0,4.5
5746037,Fondillón Estés Donde Estés 1996,Monóvar,1996,Red,4.3,400,74.0,España,Alicante,Monastrell (España),5,3,3.5,1.0,4.5
8550208,Lalomba Finca Valhonta 2019,Ramón Bilbao,2019,Red,4.3,398,78.0,España,Rioja,Rioja Tinto (España),4,3,4.0,1.0,4.5
5172158,GS Terces 2021,Estones,2021,Red,4.0,397,21.2,España,Montsant,Montsant Tinto (España),4,3,4.5,1.0,3.5
5574917,La Font Voltada 2018,Abadia de Poblet,2018,Red,4.1,395,29.9,España,Conca de Barberà,Tinto (España),4,3,4.0,1.0,3.0
8144154,Kikiriki Black 2020,Clos Lentiscus,2020,Red,4.0,395,17.95,España,Penedès,Tinto (España),4,3,4.0,1.0,3.0
2875076,El Cordero y las Vírgenes 2019,Fil·loxera,2019,Red,4.1,395,29.0,España,Valencia,Tinto (España),4,3,4.0,1.0,3.0
9678414,O Gran Val Do Avia Tinto 2019,Viña Meín,2019,Red,4.1,393,37.32,España,Ribeiro,Tinto (España),4,3,4.0,1.0,3.0
7693041,Las Alas de Frontonio 2022,Bodegas Frontonio,2022,Red,4.2,393,73.45,España,Valdejalón,Tinto (España),4,3,4.0,1.0,3.0
1171210,Rioja Reserva 2019,VALENCISO,2019,Red,4.0,393,25.9,España,Rioja,Rioja Tinto (España),4,3,4.0,1.0,4.5
74426,Rioja Reserva 2016,Finca Valpiedra,2016,Red,4.1,391,24.9,España,Rioja,Rioja Tinto (España),4,3,4.0,1.0,4.5
9842552,Los Cipreses Grenache - Syrah 2023,Huerto de la Condesa,2023,Red,4.2,390,20.05,España,Sierras de Málaga,España Rhône Blend Tinto,5,3,5.0,1.0,4.0
1300204,Adaro 2022,Pradorey,2022,Red,4.1,388,20.83,España,Ribera del Duero,Ribera del Duero Tinto (España),5,3,4.0,1.0,4.0
6002085,Les Brugueres 2022,Conreria d'Scala Dei,2022,Red,4.1,387,20.74,España,Priorato,Priorat Tinto (España),4,3,5.0,1.0,3.5
13040636,Raza 2021,Carmelo Rodero,2021,Red,4.4,387,40.95,España,Ribera del Duero,Ribera del Duero Tinto (España),5,3,4.0,1.0,4.0
6401250,La Baraja 2019,Bodegas Vilano,2019,Red,4.2,386,31.0,España,Ribera del Duero,Ribera del Duero Tinto (España),5,3,4.0,1.0,4.0
1607666,Artigas 2021,Bodegas Mas Alta,2021,Red,4.2,385,54.95,España,Priorato,Priorat Tinto (España),4,3,5.0,1.0,3.5
12166125,Navatalgordo 2024,Comando G,2024,Red,4.1,385,45.9,España,Madrid,Garnacha (España),5,3,5.0,1.0,3.0
1923921,Garnacha 2021,Anayón,2021,Red,4.0,385,21.0,España,Aragón,Garnacha (España),5,3,5.0,1.0,3.0
1582890,M de Murua 2016,Murua,2016,Red,4.0,384,32.15,España,Rioja,Rioja Tinto (España),4,3,4.0,1.0,4.5
8083908,Lalomba Finca Ladero 2018,Ramón Bilbao,2018,Red,4.3,384,88.0,España,Rioja,Rioja Tinto (España),4,3,4.0,1.0,4.5
1253646,Finca El Otero 2019,Áster,2019,Red,4.3,384,52.9,España,Ribera del Duero,Ribera del Duero Tinto (España),5,3,4.0,1.0,4.0
1505870,Poker de Tempranillos 2019,Encomienda de Cervera,2019,Red,4.0,382,13.5,España,Castilla,Tempranillo (España),4,2,4.5,1.0,4.0
1146404,Chobeo de Peciña 2014,Hermanos Peciña,2014,Red,4.2,377,32.15,España,Rioja,Rioja Tinto (España),4,3,4.0,1.0,4.5
6262044,El Escolladero 2023,Artuke,2023,Red,4.3,375,67.44,España,Rioja,Rioja Tinto (España),4,3,4.0,1.0,4.5
8048744,Barbas de gata 2020,Pago Los Balancines,2020,Red,4.2,375,36.0,España,Extremadura,Garnacha (España),5,3,5.0,1.0,3.0
8425229,Bobal Negro 2022,Vicente Gandía,2022,Red,4.0,374,15.3,España,Utiel-Requena,Tinto (España),4,3,4.0,1.0,3.0
1849054,Finca Pombeiras 2023,Guimaro,2023,Red,4.2,373,48.76,España,Ribeira Sacra,Mencia (España),3,3,3.5,1.0,3.0
1261538,Reserva 2020,Bodegas Viyuela,2020,Red,4.3,373,11.0,España,Ribera del Duero,Ribera del Duero Tinto (España),5,3,4.0,1.0,4.0
2306926,Finca Valdepoleo 2017,Pujanza,2017,Red,4.0,371,44.95,España,Rioja,Rioja Tinto (España),4,3,4.0,1.0,4.5
6153610,Arcos de la Frontera 2020,Bodega Tesalia,2020,Red,4.2,371,28.35,España,Andalucía,Tinto (España),4,3,4.0,1.0,3.0
1234497,Pissarres 2022,Costers del Priorat,2022,Red,4.1,371,13.31,España,Priorato,Priorat Tinto (España),4,3,5.0,1.0,3.5
10517146,Full Flap Red Blend 2021,Bodegas Vilano,2021,Red,4.0,371,8.5,España,Vino de España,Tinto (España),4,3,4.0,1.0,3.0
1375903,Ataulfos 2021,Jiménez-Landi,2021,Red,4.0,370,57.86,España,Méntrida,Garnacha (España),5,3,5.0,1.0,3.0
82958,Santa Rosa 2020,Enrique Mendoza,2020,Red,4.1,370,22.15,España,Alicante,Tinto (España),4,3,4.0,1.0,3.0
3154893,El Molar 2021,Casa Castillo,2021,Red,4.0,370,20.33,España,Jumilla,Garnacha (España),5,3,5.0,1.0,3.0
9458946,Casa Sosegada Casa de Viñas Autóctonas 2023,Rafael Cambra,2023,Red,4.0,368,24.25,España,Valencia,Monastrell (España),5,3,3.5,1.0,4.5
99591,Rioja Cisma 2021,Pujanza,2021,Red,4.3,367,157.88,España,Rioja,Rioja Tinto (España),4,3,4.0,1.0,4.5
1774491,Tinto Reserva 2004,Lopez Cristobal,2004,Red,4.1,367,50.0,España,Ribera del Duero,Ribera del Duero Tinto (España),5,3,4.0,1.0,4.0
78472,Atio 2019,Bodega Emina,2019,Red,4.2,364,43.0,España,Ribera del Duero,Ribera del Duero Tinto (España),5,3,4.0,1.0,4.0
9484407,Stratum Wines Los Yesares Monastrell 2023,Bodega Cerrón,2023,Red,4.3,364,73.69,España,Jumilla,Monastrell (España),5,3,3.5,1.0,4.5
2218,150 Aniversario 2017,Marqués de Riscal,2017,Red,4.4,364,95.0,España,Rioja,Rioja Tinto (España),4,3,4.0,1.0,4.5
7640051,Monastrell 2022,Bodegas Paco Mulero,2022,Red,4.0,363,11.0,España,Jumilla,Monastrell (España),5,3,3.5,1.0,4.5
8859887,Isidra 2021,Clos de Lôm,2021,Red,4.2,363,19.5,España,Valencia,Tinto (España),4,3,4.0,1.0,3.0
1596684,Rioja Viñedos de Altura 2019,Ramón Bilbao,2019,Red,4.0,361,12.9,España,Rioja,Rioja Tinto (España),4,3,4.0,1.0,4.5
7012562,Whisba Tempranillo Aged 18 Months in Whisky Barrels 2021,Rodríguez Sanzo,2021,Red,4.3,361,26.3,España,Toro,Toro Tinto (España),5,3,4.5,1.0,3.5
1893458,Selección Especial 2019,Montebaco,2019,Red,4.1,359,27.9,España,Ribera del Duero,Ribera del Duero Tinto (España),5,3,4.0,1.0,4.0
1238113,Victoria 2015,Diez Caballero,2015,Red,4.1,359,16.95,España,Rioja,Rioja Tinto (España),4,3,4.0,1.0,4.5
9913602,Patrimonio 2022,Algueira,2022,Red,4.0,358,17.5,España,Ribeira Sacra,Tinto (España),4,3,4.0,1.0,3.0
6590318,Sericis Cepas Viejas Monastrell 2020,Murviedro,2020,Red,4.1,358,8.95,España,Valencia,Monastrell (España),5,3,3.5,1.0,4.5
99336,Finca Malaveïna 2021,Castillo Perelada,2021,Red,4.2,358,19.5,España,Empordà,Tinto (España),4,3,4.0,1.0,3.0
5870019,15 Meses Ribera del Duero 2022,Vizcarra,2022,Red,4.0,358,16.5,España,Ribera del Duero,Ribera del Duero Tinto (España),5,3,4.0,1.0,4.0
12041434,Malpastor Crianza 2021,Bodega La Carbonera,2021,Red,4.1,357,7.99,España,Rioja,Rioja Tinto (España),4,3,4.0,1.0,4.5
1117348,Rioja Reserva 2011,Martinez Lacuesta,2011,Red,4.1,356,19.25,España,Rioja,Rioja Tinto (España),4,3,4.0,1.0,4.5
8356622,Las Arenas Reserva 2018,Obalo,2018,Red,4.1,355,20.0,España,Rioja,Rioja Tinto (España),4,3,4.0,1.0,4.5
6126924,Pegaso Zeta 2022,Telmo Rodriguez,2022,Red,4.0,355,17.8,España,Castilla y León,Garnacha (España),5,3,5.0,1.0,3.0
7706865,Finca El Palacio 2020,Luis Cañas,2020,Red,4.2,355,55.0,España,Rioja Alavesa,Rioja Tinto (España),4,3,4.0,1.0,4.5
1309119,Les Tallades de Cal Nicolau 2022,Orto Vins,2022,Red,4.0,354,74.1,España,Montsant,Montsant Tinto (España),4,3,4.5,1.0,3.5
7634316,El Origen 2020,Comenge,2020,Red,4.1,353,19.85,España,Ribera del Duero,Ribera del Duero Tinto (España),5,3,4.0,1.0,4.0
10428248,Tabuca 2023,Gil Pejenaute,2023,Red,4.1,352,20.5,España,Campo de Borja,Garnacha (España),5,3,5.0,1.0,3.0
9048281,9 Meses en Barrica Tempranillo Ecológico 2022,Protos,2022,Red,4.0,351,13.4,España,Ribera del Duero,Ribera del Duero Tinto (España),5,3,4.0,1.0,4.0
1514598,Terruño Centenario Reserva 2018,Viña Pomal,2018,Red,4.0,350,16.7,España,Rioja,Rioja Tinto (España),4,3,4.0,1.0,4.5
6527768,Ademán Valdecarretas Selección Especial 2022,Bodega y Viñedos Maires,2022,Red,4.2,349,23.0,España,Toro,Toro Tinto (España),5,3,4.5,1.0,3.5
5979983,Oinoz 2015,Carlos Moro,2015,Red,4.1,348,22.6,España,Rioja,Rioja Tinto (España),4,3,4.0,1.0,4.5
6198826,Pago de Otazu Tinto 2022,Bodega Otazu,2022,Red,4.3,347,20.99,España,Otazu,Tinto (España),4,3,4.0,1.0,3.0
4285224,Octogenarius 2019,Bodegas Gama,2019,Red,4.4,347,44.25,España,Rioja,Rioja Tinto (España),4,3,4.0,1.0,4.5
6494042,17 2020,Pinea,2020,Red,4.3,347,52.0,España,Ribera del Duero,Ribera del Duero Tinto (España),5,3,4.0,1.0,4.0
7196016,Crianza 2020,Fariña,2020,Red,4.0,346,13.0,España,Toro,Toro Tinto (España),5,3,4.5,1.0,3.5
4542311,Vendimia 2021,Tresmano - Tr3smano,2021,Red,4.2,346,31.76,España,Ribera del Duero,Ribera del Duero Tinto (España),5,3,4.0,1.0,4.0
5709576,Pico Ferreira 2023,César Márquez,2023,Red,4.1,346,36.5,España,Bierzo,Mencia (España),3,3,3.5,1.0,3.0
6885318,Voltons 2020,Conreria d'Scala Dei,2020,Red,4.3,346,53.35,España,Priorato,Priorat Tinto (España),4,3,5.0,1.0,3.5
5805414,Quintanilla 2023,Artadi,2023,Red,4.3,345,59.0,España,Vino de España,Tempranillo (España),4,2,4.5,1.0,4.0
1232623,Ladeira Vella 2017,A Coroa,2017,Red,4.1,343,26.21,España,Valdeorras,Tinto (España),4,3,4.0,1.0,3.0
7462412,Martín & Pons 2022,Nuntium,2022,Red,4.1,343,19.5,España,Ribera del Duero,Ribera del Duero Tinto (España),5,3,4.0,1.0,4.0
2117378,Vd’O 2 Samsó - Sorra 2017,Olivardots,2017,Red,4.3,342,37.99,España,Empordà,Tinto (España),4,3,4.0,1.0,3.0
7088812,Altos de Losada El Cepón 2022,Losada,2022,Red,4.2,341,36.45,España,Bierzo,Mencia (España),3,3,3.5,1.0,3.0
11702096,Locos Por El Vino Barambán Edición Limitada Garnacha - Tempranillo 2020,Alto Moncayo,2020,Red,4.1,341,22.95,España,Campo de Borja,Tinto (España),4,3,4.0,1.0,3.0
3133485,Valtuille Villegas 2022,Castro Ventosa,2022,Red,4.1,340,58.65,España,Bierzo,Mencia (España),3,3,3.5,1.0,3.0
5853350,Peña Lobera 2021,Hacienda Solano,2021,Red,4.4,340,65.9,España,Ribera del Duero,Ribera del Duero Tinto (España),5,3,4.0,1.0,4.0
1424455,Gran Reserva 2017,Monte Real,2017,Red,4.0,340,12.1,España,Rioja,Rioja Tinto (España),4,3,4.0,1.0,4.5
2260236,Glorioso  Rioja Crianza 2020,Bodegas Cosme Palacio,2020,Red,4.4,339,6.27,España,Rioja,Rioja Tinto (España),4,3,4.0,1.0,4.5
6153582,La Atalaya Almansa 2023,Atalaya,2023,Red,4.1,339,15.0,España,Almansa,España Rhône Blend Tinto,5,3,5.0,1.0,4.0
4974970,Finca Capelinos 2023,Guimaro,2023,Red,4.1,337,44.76,España,Ribeira Sacra,Mencia (España),3,3,3.5,1.0,3.0
4636085,Vd’O 1 Samsó - Pissarra 2017,Olivardots,2017,Red,4.3,337,37.99,España,Empordà,Tinto (España),4,3,4.0,1.0,3.0
9684287,Ferah Montsant 2021,Estones,2021,Red,4.1,336,14.5,España,Montsant,Montsant Tinto (España),4,3,4.5,1.0,3.5
10754401,Viñedo Singular 2020,Viña Zaco,2020,Red,4.2,335,44.55,España,Rioja,Rioja Tinto (España),4,3,4.0,1.0,4.5
7289886,Minami 2022,Casa Rojo,2022,Red,4.4,335,55.9,España,Jumilla,Syrah (España),4,3,4.0,1.0,4.0
9224619,CDVIN Garnacha 2022,Cuentaviñas,2022,Red,4.3,335,49.9,España,Rioja,Rioja Tinto (España),4,3,4.0,1.0,4.5
4080521,Finca La Pedrissa 2020,Edetària,2020,Red,4.1,334,39.3,España,Terra Alta,Tinto (España),4,3,4.0,1.0,3.0
1971409,Mathis Tinta de País 2006,De Blas Serrano,2006,Red,4.1,332,174.0,España,Ribera del Duero,Ribera del Duero Tinto (España),5,3,4.0,1.0,4.0
2710052,La Bruja de Rozas 2023,Comando G,2023,Red,4.0,332,25.65,España,Madrid,Garnacha (España),5,3,5.0,1.0,3.0
6433351,No. 19 2015,Habla,2015,Red,4.2,331,33.11,España,Extremadura,Tempranillo (España),4,2,4.5,1.0,4.0
2888339,Vinyes Velles de Samsó 2019,Vinyes Domenech,2019,Red,4.3,330,51.0,España,Montsant,Montsant Tinto (España),4,3,4.5,1.0,3.5
1955105,Las Uvas de la Ira 2022,Vitícola Mentridana,2022,Red,4.1,329,20.9,España,Méntrida,Garnacha (España),5,3,5.0,1.0,3.0
6353545,El Espinal Maturana Tinta 2023,Bodegas Exopto,2023,Red,4.0,329,29.95,España,Rioja,Rioja Tinto (España),4,3,4.0,1.0,4.5
2513713,As Covas Pinot Noir 2023,Rodrigo Mendez,2023,Red,4.1,328,47.3,España,Galicia,Tinto (España),4,3,4.0,1.0,3.0
1279280,Altos de Corral Single Estate Crianza 2021,Bodegas Corral - Don Jacobo,2021,Red,4.1,328,19.95,España,Rioja,Rioja Tinto (España),4,3,4.0,1.0,4.5
1506900,Estela de Arrayán 2013,Arrayán,2013,Red,4.1,326,30.0,España,Méntrida,Tinto (España),4,3,4.0,1.0,3.0
9293123,Territorio Luthier Gran Reserva 2014,Territorio Luthier,2014,Red,4.4,326,190.05,España,Ribera del Duero,Ribera del Duero Tinto (España),5,3,4.0,1.0,4.0
7674519,Colección Cabernet 2020,Bodega Sommos,2020,Red,4.1,324,26.9,España,Somontano,Cabernet Sauvignon (España),4,3,5.0,1.0,4.0
9585830,Diego Magaña 2021,Dominio de Anza,2021,Red,4.1,324,39.5,España,Rioja,Rioja Tinto (España),4,3,4.0,1.0,4.5
8342071,Blaneo Syrah 2021,Pagos de Aráiz,2021,Red,4.0,323,15.94,España,Navarra,Syrah (España),4,3,4.0,1.0,4.0
5815469,Martelo Reserva 2019,Torre de Oña,2019,Red,4.2,322,31.3,España,Rioja,Rioja Tinto (España),4,3,4.0,1.0,4.5
3894503,Roca Roja 2022,Marco Abella,2022,Red,4.3,321,78.5,España,Priorato,Priorat Tinto (España),4,3,5.0,1.0,3.5
2600424,Bierzo Red 2021,Losada,2021,Red,4.0,320,12.89,España,Bierzo,Mencia (España),3,3,3.5,1.0,3.0
6862256,Finca Guijarrales Graciano 2021,Goyo Garcia Viadero,2021,Red,4.1,319,23.6,España,Castilla y León,Tinto (España),4,3,4.0,1.0,3.0
1126214,Reserva 2019,Viña Pomal,2019,Red,4.0,318,13.75,España,Rioja,Rioja Tinto (España),4,3,4.0,1.0,4.5
1558758,Everest 2023,Altún,2023,Red,4.4,318,58.5,España,Rioja,Rioja Tinto (España),4,3,4.0,1.0,4.5
3946256,Gran Reserva 2010,Finca Nueva,2010,Red,4.2,318,23.2,España,Rioja,Rioja Tinto (España),4,3,4.0,1.0,4.5
4644436,Solideo 2020,Dehesa de Los Canónigos,2020,Red,4.3,317,40.9,España,Ribera del Duero,Ribera del Duero Tinto (España),5,3,4.0,1.0,4.0
1166307,Ribera del Duero 2021,Conde de San Cristobal,2021,Red,4.0,317,39.78,España,Ribera del Duero,Ribera del Duero Tinto (España),5,3,4.0,1.0,4.0
86874,60 Graciano 2019,Bodegas Amaren,2019,Red,4.3,317,75.95,España,Rioja,Rioja Tinto (España),4,3,4.0,1.0,4.5
8183340,Finca La Claudia Garnacha 2019,Familia Montaña,2019,Red,4.3,317,26.4,España,Rioja,Rioja Tinto (España),4,3,4.0,1.0,4.5
1234198,Reserva Ribera del Duero 2019,Condado de Oriza,2019,Red,4.0,316,12.5,España,Ribera del Duero,Ribera del Duero Tinto (España),5,3,4.0,1.0,4.0
7238072,Proventus 2020,Tresmano - Tr3smano,2020,Red,4.1,316,21.13,España,Ribera del Duero,Ribera del Duero Tinto (España),5,3,4.0,1.0,4.0
1283569,Reserva Especial Ribera del Duero 2019,Arzuaga,2019,Red,4.4,315,55.95,España,Ribera del Duero,Ribera del Duero Tinto (España),5,3,4.0,1.0,4.0
8958353,Tintilla Carrascal 2023,Bodegas Luis Perez,2023,Red,4.0,313,21.55,España,Cádiz,Tinto (España),4,3,4.0,1.0,3.0
9078244,Parcela La Cerqueta Garnacha 2022,Bodegas Frontonio,2022,Red,4.2,312,54.2,España,Valdejalón,Garnacha (España),5,3,5.0,1.0,3.0
1503529,Tinto 2010,Sota els Àngels,2010,Red,4.1,309,41.62,España,Empordà,Tinto (España),4,3,4.0,1.0,3.0
7626630,Terruño 2019,Castillo de Aresan,2019,Red,4.0,308,10.97,España,Castilla,Tinto (España),4,3,4.0,1.0,3.0
2251885,Trossos Tros Negre Notaria 2017,Alfredo Arribas,2017,Red,4.1,308,41.14,España,Montsant,Montsant Tinto (España),4,3,4.5,1.0,3.5
5987334,A Ponte 2021,Guimaro,2021,Red,4.0,307,29.95,España,Ribeira Sacra,Mencia (España),3,3,3.5,1.0,3.0
77873,Reserva 2016,Sierra Cantabria,2016,Red,4.0,306,20.65,España,Rioja,Rioja Tinto (España),4,3,4.0,1.0,4.5
4152842,Escondite del Ardacho Las Guillermas 2020,Tentenublo,2020,Red,4.1,304,40.44,España,Rioja,Rioja Tinto (España),4,3,4.0,1.0,4.5
7149930,Altos de Las Gateras Monastrell 2022,Viña al Lado de la Casa,2022,Red,4.4,304,46.5,España,Vino de España,Monastrell (España),5,3,3.5,1.0,4.5
50784,Ribera del Duero Reserva 2014,Tarsus,2014,Red,4.0,304,45.0,España,Ribera del Duero,Ribera del Duero Tinto (España),5,3,4.0,1.0,4.0
6121551,Lindes de Remelluri Viñedos de San Vicente 2020,Remelluri,2020,Red,4.0,304,39.9,España,Rioja,Rioja Tinto (España),4,3,4.0,1.0,4.5
2461429,Félix Azpilicueta Colección Privada 2019,Azpilicueta,2019,Red,4.2,303,23.85,España,Rioja,Rioja Tinto (España),4,3,4.0,1.0,4.5
1235200,Cepas Viejas Mencía Bierzo 2021,Dominio de Tares,2021,Red,4.1,301,16.4,España,Bierzo,Mencia (España),3,3,3.5,1.0,3.0
7664082,Parajes de Callejo 2021,Callejo,2021,Red,4.0,301,46.41,España,Ribera del Duero,Ribera del Duero Tinto (España),5,3,4.0,1.0,4.0
9895044,Camino a Pardos Garnacha Viñas Viejas 40 Old Vines 2024,Vinos Divertidos,2024,Red,4.0,300,9.9,España,Calatayud,Garnacha (España),5,3,5.0,1.0,3.0
1199182,Venta La Ossa Syrah 2019,Bodegas Mano a Mano,2019,Red,4.0,299,12.95,España,Castilla,Syrah (España),4,3,4.0,1.0,4.0
5408134,Alont 2021,Pío del Ramo,2021,Red,4.1,299,23.1,España,Jumilla,Tinto (España),4,3,4.0,1.0,3.0
4152841,Escondite del Ardacho El Abundillano 2023,Tentenublo,2023,Red,4.2,298,32.0,España,Rioja,Rioja Tinto (España),4,3,4.0,1.0,4.5
4437513,Clos Alzina Vinyes Velles (Old Vines) 2022,Costers del Priorat,2022,Red,4.0,298,54.25,España,Priorato,Priorat Tinto (España),4,3,5.0,1.0,3.5
1382857,Rioja Garnacha 2018,Baigorri,2018,Red,4.0,297,22.7,España,Rioja,Rioja Tinto (España),4,3,4.0,1.0,4.5
1225001,Reserva 2020,Contino,2020,Red,4.1,297,28.36,España,Rioja,Rioja Tinto (España),4,3,4.0,1.0,4.5
5418047,Mastines Garnacha Tintorera 2017,Pago Los Balancines,2017,Red,4.2,296,45.0,España,Ribera del Guadiana,Tinto (España),4,3,4.0,1.0,3.0
6415964,Tinto 2021,Casa La Rad,2021,Red,4.0,296,17.5,España,Rioja,Rioja Tinto (España),4,3,4.0,1.0,4.5
1852273,Prados 2019,Pagos del Moncayo,2019,Red,4.1,294,22.15,España,Campo de Borja,Syrah (España),4,3,4.0,1.0,4.0
3199636,Vinos Singulares Graciano 2019,Viña Pomal,2019,Red,4.2,293,29.2,España,Rioja,Rioja Tinto (España),4,3,4.0,1.0,4.5
7518337,Veinte Meses 2023,Bodegas Paco Mulero,2023,Red,4.3,293,24.95,España,Jumilla,Tinto (España),4,3,4.0,1.0,3.0
6002303,Nit de Nin Coma d'en Romeu Tinto 2021,Nin-Ortiz,2021,Red,4.3,290,165.92,España,Priorato,Priorat Tinto (España),4,3,5.0,1.0,3.5
10860300,6 Meses Tinto 2023,Dominio Lubiano,2023,Red,4.0,290,20.78,España,Ribera del Duero,Ribera del Duero Tinto (España),5,3,4.0,1.0,4.0
1607619,Grimalt Caballero 2022,4 Kilos Vinícola,2022,Red,4.1,290,135.0,España,Mallorca,Tinto (España),4,3,4.0,1.0,3.0
6168244,El Velado Tinto 2022,Bodega Lanzaga,2022,Red,4.3,290,78.9,España,Rioja,Rioja Tinto (España),4,3,4.0,1.0,4.5
11252273,Viñedos de Labastida 2024,José Gil,2024,Red,4.1,289,23.5,España,Rioja,Rioja Tinto (España),4,3,4.0,1.0,4.5
1280374,Tierga 2022,Calandria,2022,Red,4.1,289,29.35,España,Navarra,Garnacha (España),5,3,5.0,1.0,3.0
1161487,Ribera del Duero 14 Meses en Barrica 2022,Monteabellon,2022,Red,4.0,288,9.3,España,Ribera del Duero,Ribera del Duero Tinto (España),5,3,4.0,1.0,4.0
2203251,Arco del Reloj 2019,Covitoro,2019,Red,4.2,285,15.98,España,Toro,Toro Tinto (España),5,3,4.5,1.0,3.5
1223355,Aldeasona 2016,Convento San Francisco,2016,Red,4.3,284,42.9,España,Tierra de León,Tempranillo (España),4,2,4.5,1.0,4.0
10722615,Finca Las Navas Tempranillo 2021,Baigorri,2021,Red,4.1,284,30.45,España,Rioja Alavesa,Rioja Tinto (España),4,3,4.0,1.0,4.5
10590289,Pagos de Anguix Prado Lobo Reserva 2019,Juvé & Camps,2019,Red,4.3,284,38.9,España,Ribera del Duero,Ribera del Duero Tinto (España),5,3,4.0,1.0,4.0
8752660,Finca Velia Ribera del Duero 2020,Tamaral,2020,Red,4.3,282,29.95,España,Ribera del Duero,Ribera del Duero Tinto (España),5,3,4.0,1.0,4.0
1150729,Priorat Cruor 2020,Casa Gran del Siurana,2020,Red,4.1,282,20.9,España,Priorato,Priorat Tinto (España),4,3,5.0,1.0,3.5
77036,Reserva Rioja 2018,Campillo,2018,Red,4.0,281,23.6,España,Rioja,Rioja Tinto (España),4,3,4.0,1.0,4.5
2491445,Vendimia Seleccionada 2022,Pago de Cirsus,2022,Red,4.0,281,10.9,España,Navarra,Tinto (España),4,3,4.0,1.0,3.0
6910178,Alto de la Cruz Garnacha 2021,Alto Horizonte,2021,Red,4.2,281,28.5,España,Madrid,Garnacha (España),5,3,5.0,1.0,3.0
6980840,Plantadeta Selecció 2019,Celler Sabaté,2019,Red,4.1,280,16.95,España,Priorato,Priorat Tinto (España),4,3,5.0,1.0,3.5
3316230,Crianza 2021,Pío del Ramo,2021,Red,4.0,278,9.71,España,Jumilla,Tinto (España),4,3,4.0,1.0,3.0
4869171,Il.lia 2021,Celler Devinssi,2021,Red,4.2,277,45.0,España,Priorato,Priorat Tinto (España),4,3,5.0,1.0,3.5
1164218,Viñas Viejas Tempranillo 2017,Leda,2017,Red,4.3,276,29.2,España,Castilla y León,Tempranillo (España),4,2,4.5,1.0,4.0
7499354,Díaz Bayo 20 Meses Reserva 2015,Bodegas Diaz Bayo,2015,Red,4.1,275,25.45,España,Ribera del Duero,Ribera del Duero Tinto (España),5,3,4.0,1.0,4.0
6842070,Moradillo de Roa 2020,Legaris,2020,Red,4.2,275,34.5,España,Ribera del Duero,Ribera del Duero Tinto (España),5,3,4.0,1.0,4.0
6370937,Gonzalo de Berceo Crianza 2022,Berceo,2022,Red,4.0,274,11.55,España,Rioja,Rioja Tinto (España),4,3,4.0,1.0,4.5
1165527,El Primer Paso 2023,Dominio del Bendito,2023,Red,4.1,273,12.95,España,Toro,Toro Tinto (España),5,3,4.5,1.0,3.5
8996354,Specimen 2015,Finca Villacreces,2015,Red,4.4,272,69.9,España,Ribera del Duero,Ribera del Duero Tinto (España),5,3,4.0,1.0,4.0
99554,Mestizaje Tinto 2021,Mustiguillo,2021,Red,4.0,272,9.93,España,El Terrerazo,Tinto (España),4,3,4.0,1.0,3.0
11158975,10 Meses Selección de Barricas 2023,Portia,2023,Red,4.0,270,10.49,España,Ribera del Duero,Ribera del Duero Tinto (España),5,3,4.0,1.0,4.0
1324170,Dalmau Rioja 2019,Marqués de Murrieta,2019,Red,4.4,268,183.2,España,Rioja,Rioja Tinto (España),4,3,4.0,1.0,4.5
11151274,Ànima del Priorat 2022,Casa Gran del Siurana,2022,Red,4.0,267,15.95,España,Priorato,Priorat Tinto (España),4,3,5.0,1.0,3.5
1162101,De Garage Rioja 2018,Baigorri,2018,Red,4.1,266,41.7,España,Rioja,Rioja Tinto (España),4,3,4.0,1.0,4.5
6170276,La Xalamera 2021,Herència Altés,2021,Red,4.0,264,32.95,España,Terra Alta,Garnacha (España),5,3,5.0,1.0,3.0
11132633,Airaz Vino de Pago 2021,Aldeya,2021,Red,4.1,264,12.9,España,Aylés,Tinto (España),4,3,4.0,1.0,3.0
4986304,Finca Siós 2017,Costers del Sió,2017,Red,4.2,264,29.3,España,Costers del Segre,España Rhône Blend Tinto,5,3,5.0,1.0,4.0
11276207,Golerga 2024,Viña Zorzal,2024,Red,4.0,263,15.95,España,Navarra,Garnacha (España),5,3,5.0,1.0,3.0
1206468,Ribera del Duero 2022,Venta Las Vacas,2022,Red,4.0,263,17.76,España,Ribera del Duero,Ribera del Duero Tinto (España),5,3,4.0,1.0,4.0
1891824,Avan Cepas Centenarias 2011,Juan Manuel Burgos,2011,Red,4.1,263,120.0,España,Ribera del Duero,Ribera del Duero Tinto (España),5,3,4.0,1.0,4.0
7632059,Cerro La Isa Garnacha 2022,Bodega Juan Carlos Sancha,2022,Red,4.3,263,39.0,España,Rioja,Rioja Tinto (España),4,3,4.0,1.0,4.5
5343039,Ultreia el Rapolao Mencía 2023,Raúl Pérez,2023,Red,4.1,262,48.2,España,Bierzo,Mencia (España),3,3,3.5,1.0,3.0
7041855,El Tossal de la Salut 2018,Abadia de Poblet,2018,Red,4.1,262,29.95,España,Conca de Barberà,Garnacha (España),5,3,5.0,1.0,3.0
2538963,Señorío de Ondarre Rioja Reserva 2019,Ondarre,2019,Red,4.0,261,10.5,España,Rioja,Rioja Tinto (España),4,3,4.0,1.0,4.5
9774585,Gen One Red 2020,Bodegas Piqueras,2020,Red,4.2,261,39.0,España,Almansa,Tinto (España),4,3,4.0,1.0,3.0
5006230,Perfil de Mibal 2021,Hornillos Ballesteros,2021,Red,4.3,260,33.0,España,Ribera del Duero,Ribera del Duero Tinto (España),5,3,4.0,1.0,4.0
9614677,La Piconada Crianza 2021,Bodega Díez del Corral,2021,Red,4.0,260,13.5,España,Rioja,Rioja Tinto (España),4,3,4.0,1.0,4.5
10074396,Finca Estarijo 2016,Heraclio Alfaro,2016,Red,4.0,259,14.5,España,Rioja,Rioja Tinto (España),4,3,4.0,1.0,4.5
1406998,Gresa Expressió 2009,Olivardots,2009,Red,4.2,259,104.99,España,Empordà,Tinto (España),4,3,4.0,1.0,3.0
1760310,Voy Olé 2023,Raíz de Guzmán,2023,Red,4.0,258,14.95,España,Ribera del Duero,Ribera del Duero Tinto (España),5,3,4.0,1.0,4.0
9045280,Tempranillo - Garnacha Crianza 2021,Ontañón,2021,Red,4.0,257,7.5,España,Rioja,Rioja Tinto (España),4,3,4.0,1.0,4.5
1298038,Clos Mesorah 2022,Elvi,2022,Red,4.3,257,68.75,España,Montsant,Montsant Tinto (España),4,3,4.5,1.0,3.5
9267636,Selección Ribera del Duero 2016,Jesus Madrazo,2016,Red,4.3,257,66.0,España,Ribera del Duero,Ribera del Duero Tinto (España),5,3,4.0,1.0,4.0
4596746,Expresión Rioja 2016,Heras Cordon,2016,Red,4.2,256,34.95,España,Rioja,Rioja Tinto (España),4,3,4.0,1.0,4.5
80085,Ribera del Duero Reserva 2019,Legaris,2019,Red,4.1,255,25.95,España,Ribera del Duero,Ribera del Duero Tinto (España),5,3,4.0,1.0,4.0
1746780,Ribera del Duero Gran Reserva 2019,Pinna Fidelis,2019,Red,4.2,255,32.5,España,Ribera del Duero,Ribera del Duero Tinto (España),5,3,4.0,1.0,4.0
6477749,El Cismático 2020,El Escocés Volante,2020,Red,4.1,255,43.0,España,Aragón,Garnacha (España),5,3,5.0,1.0,3.0
6664393,Serradelo 2018,Algueira,2018,Red,4.0,255,39.75,España,Ribeira Sacra,Tinto (España),4,3,4.0,1.0,3.0
9528901,Garu Crianza 2022,Carlos Moro,2022,Red,4.0,253,11.5,España,Rioja,Rioja Tinto (España),4,3,4.0,1.0,4.5
1583468,Palell 2022,Orto Vins,2022,Red,4.0,252,57.0,España,Montsant,Montsant Tinto (España),4,3,4.5,1.0,3.5
9578660,Tinto 2021,Villota,2021,Red,4.1,252,19.89,España,Rioja Alavesa,Rioja Tinto (España),4,3,4.0,1.0,4.5
1710574,La Capilla Crianza 2021,Finca La Capilla,2021,Red,4.1,252,16.85,España,Ribera del Duero,Ribera del Duero Tinto (España),5,3,4.0,1.0,4.0
4968370,Supersónico Garnacha 2020,Bodegas Frontonio,2020,Red,4.0,251,29.95,España,Valdejalón,Garnacha (España),5,3,5.0,1.0,3.0
4120918,Vendimia Seleccionada 2022,Ramos Ducher,2022,Red,4.1,250,14.25,España,Ribera del Duero,Ribera del Duero Tinto (España),5,3,4.0,1.0,4.0
1164605,Thalarn 2018,Castell d'Encus,2018,Red,4.2,250,34.91,España,Costers del Segre,Syrah (España),4,3,4.0,1.0,4.0
12219745,Lindes de Remelluri Salinillas de Buradon 2021,Remelluri,2021,Red,4.1,250,22.1,España,Rioja,Rioja Tinto (España),4,3,4.0,1.0,4.5
3239410,Mingortiz Rioja 2015,Allende,2015,Red,4.1,248,48.42,España,Rioja,Rioja Tinto (España),4,3,4.0,1.0,4.5
3787127,P3 Mencía 2016,Dominio de Tares,2016,Red,4.2,247,58.45,España,Bierzo,Mencia (España),3,3,3.5,1.0,3.0
85515,Tares P.3 2018,Dominio de Tares,2018,Red,4.2,247,64.31,España,Bierzo,Mencia (España),3,3,3.5,1.0,3.0
9640956,Hallado Coupage Syrah - Petit Verdot 2023,Bodega Blanca Parejo,2023,Red,4.0,247,11.75,España,Los Palacios,Tinto (España),4,3,4.0,1.0,3.0
7266039,Atalaque - Garnacha del Horcajo 2021,Pepe Rodríguez de Vera,2021,Red,4.1,247,28.89,España,Méntrida,Garnacha (España),5,3,5.0,1.0,3.0
8316702,Matís 2021,Abadal,2021,Red,4.0,246,11.8,España,Pla de Bages,Tinto (España),4,3,4.0,1.0,3.0
6874458,Gaintus Vertical Sumoll 2018,MontRubí,2018,Red,4.0,246,34.8,España,Penedès,Tinto (España),4,3,4.0,1.0,3.0
7945528,La Forcada Garnacha 2021,Forcada,2021,Red,4.1,245,18.25,España,Rioja,Rioja Tinto (España),4,3,4.0,1.0,4.5
7405276,Hurdy Gurdy 2019,Vinyes Tortuga,2019,Red,4.0,244,40.34,España,Cataluña,Tinto (España),4,3,4.0,1.0,3.0
1111660,Rioja Reserva 2020,Viña Salceda,2020,Red,4.0,244,13.6,España,Rioja,Rioja Tinto (España),4,3,4.0,1.0,4.5
1174345,Crianza Ribera del Duero 2021,Condado de Oriza,2021,Red,4.0,243,10.5,España,Ribera del Duero,Ribera del Duero Tinto (España),5,3,4.0,1.0,4.0
11135585,Angelita del Challao 2020,Dominio del Challao,2020,Red,4.0,242,25.54,España,Rioja Alavesa,Rioja Tinto (España),4,3,4.0,1.0,4.5
12385490,Colección 125 Vino de Guarda 2019,Chivite,2019,Red,4.2,241,70.8,España,Navarra,Tempranillo (España),4,2,4.5,1.0,4.0
78486,Pago de la Calera 2016,Cyan,2016,Red,4.0,240,48.8,España,Toro,Toro Tinto (España),5,3,4.5,1.0,3.5
62594,Matallana 2020,Telmo Rodriguez,2020,Red,4.3,240,75.5,España,Ribera del Duero,Ribera del Duero Tinto (España),5,3,4.0,1.0,4.0
8958254,Le Petit Galia 2019,El Regajal,2019,Red,4.0,240,23.85,España,Castilla y León,Tinto (España),4,3,4.0,1.0,3.0
10201738,Boticario de Silos 2023,Bodegas Septién,2023,Red,4.2,240,13.95,España,Arlanza,Tinto (España),4,3,4.0,1.0,3.0
7976069,La Brena 1er Cru 2023,Comando G,2023,Red,4.2,239,106.0,España,Madrid,Garnacha (España),5,3,5.0,1.0,3.0
5409799,Prados Colección Garnacha 2021,Pagos del Moncayo,2021,Red,4.1,238,14.9,España,Campo de Borja,Garnacha (España),5,3,5.0,1.0,3.0
4295688,Samsara Priorat 2021,Coca i Fitó,2021,Red,4.1,237,18.9,España,Priorato,Priorat Tinto (España),4,3,5.0,1.0,3.5
6858543,Alcubilla de Avellaneda 2020,Legaris,2020,Red,4.1,237,36.9,España,Ribera del Duero,Ribera del Duero Tinto (España),5,3,4.0,1.0,4.0
8484522,Viña Monty Reserva Garnacha 2015,Montecillo,2015,Red,4.2,237,36.9,España,Rioja,Rioja Tinto (España),4,3,4.0,1.0,4.5
11045602,Tinto 2019,Tihom,2019,Red,4.0,237,31.4,España,Rioja,Rioja Tinto (España),4,3,4.0,1.0,4.5
1300790,La Carrerada 2022,Orto Vins,2022,Red,4.0,237,42.9,España,Montsant,Montsant Tinto (España),4,3,4.5,1.0,3.5
1235710,Vi d'Altura Negre Priorat 2021,Mas la Mola,2021,Red,4.3,236,25.85,España,Priorato,Priorat Tinto (España),4,3,5.0,1.0,3.5
7291723,Corambres MC 2023,Selección Lucendo,2023,Red,4.1,236,9.5,España,Castilla,Tempranillo (España),4,2,4.5,1.0,4.0
1173927,Priorat Vinyes Velles 2020,Ferrer Bobet,2020,Red,4.4,235,43.35,España,Priorato,Priorat Tinto (España),4,3,5.0,1.0,3.5
1467506,Josep Foraster Selecció Tinto 2022,Mas Foraster,2022,Red,4.0,234,26.6,España,Conca de Barberà,Tinto (España),4,3,4.0,1.0,3.0
4906776,Infinito 2019,EGO,2019,Red,4.0,233,19.5,España,Jumilla,Monastrell (España),5,3,3.5,1.0,4.5
5912258,Syrah 2024,Terra Linda,2024,Red,4.1,233,8.6,España,La Mancha,Syrah (España),4,3,4.0,1.0,4.0
7226014,Galia Clos Santuy 2020,El Regajal,2020,Red,4.3,232,74.5,España,Castilla y León,Tinto (España),4,3,4.0,1.0,3.0
6170275,Camiño Real 2022,Guimaro,2022,Red,4.0,231,14.35,España,Ribeira Sacra,Tinto (España),4,3,4.0,1.0,3.0
1620473,Ribera del Duero Reserva Tinto 2018,Valdubon,2018,Red,4.1,230,26.75,España,Ribera del Duero,Ribera del Duero Tinto (España),5,3,4.0,1.0,4.0
1190555,Mira 2017,Sierra Salinas,2017,Red,4.0,228,17.48,España,Alicante,Monastrell (España),5,3,3.5,1.0,4.5
77817,Toro 2019,Vetus,2019,Red,4.0,228,19.9,España,Toro,Toro Tinto (España),5,3,4.5,1.0,3.5
11341348,Origen de Luzón Garnacha Tintorera 2021,Luzon,2021,Red,4.0,227,11.0,España,Jumilla,Tinto (España),4,3,4.0,1.0,3.0
2438243,Valdafoz Bierzo (Corullón) 2019,Descendientes de J. Palacios,2019,Red,4.3,227,130.0,España,Bierzo,Mencia (España),3,3,3.5,1.0,3.0
11201669,Baynos 2020,Bodegas Mauro,2020,Red,4.2,227,64.98,España,Rioja,Rioja Tinto (España),4,3,4.0,1.0,4.5
2457598,GR (Garrut) 2021,Partida Creus,2021,Red,4.1,227,24.25,España,Penedès,Monastrell (España),5,3,3.5,1.0,4.5
10537398,Punt Verd 2024,La Furtiva,2024,Red,4.1,226,12.6,España,Cataluña,Tinto (España),4,3,4.0,1.0,3.0
2022621,MMM Macho Man 2021,Casa Rojo,2021,Red,4.0,226,23.9,España,Jumilla,Monastrell (España),5,3,3.5,1.0,4.5
3741348,Silvanus Edicion Limitada Ribera del Duero 2010,Bodegas Asenjo & Manso,2010,Red,4.3,225,65.0,España,Ribera del Duero,Ribera del Duero Tinto (España),5,3,4.0,1.0,4.0
9555738,San Román Garnacha 2020,Bodegas San Román,2020,Red,4.1,225,47.2,España,Toro,Toro Tinto (España),5,3,4.5,1.0,3.5
1679600,Summum Monastrell 2022,Barahonda,2022,Red,4.2,225,18.5,España,Yecla,Monastrell (España),5,3,3.5,1.0,4.5
99556,Quincha Corral 2016,Mustiguillo,2016,Red,4.4,225,82.47,España,El Terrerazo,Tinto (España),4,3,4.0,1.0,3.0
1370085,El Hombre Bala 2021,Comando G,2021,Red,4.0,224,26.21,España,Madrid,Garnacha (España),5,3,5.0,1.0,3.0
10120795,Colección de Artistas Españoles Velázquez 2011,Altanza,2011,Red,4.3,224,33.6,España,Rioja,Rioja Tinto (España),4,3,4.0,1.0,4.5
2391563,Viñas Viejas 2020,Figuero,2020,Red,4.1,223,29.0,España,Ribera del Duero,Ribera del Duero Tinto (España),5,3,4.0,1.0,4.0
1688314,Selección Tempranillo 2022,Bodegas Viyuela,2022,Red,4.2,221,9.66,España,Ribera del Duero,Ribera del Duero Tinto (España),5,3,4.0,1.0,4.0
4151592,Tinto 2018,Malella,2018,Red,4.1,221,16.95,España,Montsant,Montsant Tinto (España),4,3,4.5,1.0,3.5
7560080,Locos Por El Vino Gruñón Garnacha - Shiraz 2018,Alto Moncayo,2018,Red,4.1,221,18.8,España,Campo de Borja,España Rhône Blend Tinto,5,3,5.0,1.0,4.0
5152620,La Baula 2022,Can Serra dels Exibis,2022,Red,4.1,220,26.5,España,Pla de Bages,Tinto (España),4,3,4.0,1.0,3.0
7714894,Gran Reserva Classica Tinto 2005,Hacienda López de Haro,2005,Red,4.3,219,47.75,España,Rioja,Rioja Tinto (España),4,3,4.0,1.0,4.5
8760918,Pegaso Arrebatacapas 2022,Telmo Rodriguez,2022,Red,4.2,219,71.15,España,Madrid,Garnacha (España),5,3,5.0,1.0,3.0
4298126,Señora Carmen 2022,Vins del Tros,2022,Red,4.0,219,22.0,España,Terra Alta,Garnacha (España),5,3,5.0,1.0,3.0
10891910,Ribera del Duero Tinto 2023,Detilio,2023,Red,4.3,219,30.5,España,Ribera del Duero,Ribera del Duero Tinto (España),5,3,4.0,1.0,4.0
2678463,Pérez Pascuas Gran Reserva Gran Selección 2014,Viña Pedrosa,2014,Red,4.4,218,245.53,España,Ribera del Duero,Ribera del Duero Tinto (España),5,3,4.0,1.0,4.0
1580824,Usted 2019,Terra Remota,2019,Red,4.4,218,181.95,España,Empordà,España Rhône Blend Tinto,5,3,5.0,1.0,4.0
1931355,Peña el Gato Garnacha 2021,Bodega Juan Carlos Sancha,2021,Red,4.1,217,14.16,España,Rioja,Rioja Tinto (España),4,3,4.0,1.0,4.5
9524049,Lo Noir 2022,El Mas de l'A,2022,Red,4.1,217,32.59,España,Priorato,Priorat Tinto (España),4,3,5.0,1.0,3.5
7166417,Solpost Origen 2019,Cellers Sant Rafel,2019,Red,4.1,217,15.95,España,Montsant,Montsant Tinto (España),4,3,4.5,1.0,3.5
5885906,Lar de Barros Crianza 2021,Valdeorite,2021,Red,4.0,217,7.95,España,Ribera del Guadiana,Tempranillo (España),4,2,4.5,1.0,4.0
12257060,Biloba de Vera Parcelas Seleccionadas 2021,Familia Gil,2021,Red,4.2,216,20.5,España,Rioja Alavesa,Rioja Tinto (España),4,3,4.0,1.0,4.5
2614898,II Gran Reserva 2017,Covila,2017,Red,4.1,215,18.4,España,Rioja,Rioja Tinto (España),4,3,4.0,1.0,4.5
98813,Valtosca Syrah 2021,Casa Castillo,2021,Red,4.0,215,17.54,España,Jumilla,Syrah (España),4,3,4.0,1.0,4.0
4580888,Selección de Parcelas 2020,Dominio de Anza,2020,Red,4.0,214,53.28,España,Bierzo,Mencia (España),3,3,3.5,1.0,3.0
13265001,Etiqueta Azul Blue Label Cuvée À 2023,Juan Gil,2023,Red,4.4,214,35.9,España,Jumilla,Monastrell (España),5,3,3.5,1.0,4.5
1452292,Tinto Reserva 2017,Sinforiano,2017,Red,4.2,214,17.96,España,Cigales,Tempranillo (España),4,2,4.5,1.0,4.0
10076955,Guadianeja Paraje Alto Hungrao Tempranillo 2023,Vinicola de Castilla,2023,Red,4.0,213,8.9,España,La Mancha,Tempranillo (España),4,2,4.5,1.0,4.0
9309559,Cíclic Negre 2019,Lagravera,2019,Red,4.1,213,23.9,España,Costers del Segre,Garnacha (España),5,3,5.0,1.0,3.0
12274482,Lindes de Remelluri Viñedos de Peciña 2020,Remelluri,2020,Red,4.0,213,21.88,España,Rioja,Rioja Tinto (España),4,3,4.0,1.0,4.5
10646264,Parcel La Margenat Especial Picapoll Negre 2021,Oller del Mas,2021,Red,4.2,212,64.0,España,Pla de Bages,Tinto (España),4,3,4.0,1.0,3.0
2882799,Bassus Finca Casilla Herrera 2017,Hispano Suizas,2017,Red,4.1,212,31.36,España,Valencia,Tinto (España),4,3,4.0,1.0,3.0
1637907,Pura Sangre 2016,Asensio Carcelén,2016,Red,4.1,212,15.3,España,Jumilla,Monastrell (España),5,3,3.5,1.0,4.5
1196853,Garnacha 2024,Honoro Vera,2024,Red,4.0,211,6.35,España,Calatayud,Garnacha (España),5,3,5.0,1.0,3.0
2383155,Vi de Vila Porrera  Caranyana - Garnatxa 2020,Cims de Porrera,2020,Red,4.1,211,19.0,España,Priorato,Priorat Tinto (España),4,3,5.0,1.0,3.5
6411358,Grano a Grano Graciano - Garnacha 2022,Abel Mendoza Monge,2022,Red,4.4,211,51.0,España,Rioja,Rioja Tinto (España),4,3,4.0,1.0,4.5
10098126,Las Suertes 2022,Suertes del Marqués,2022,Red,4.0,210,36.3,España,Valle de la Orotava,Tinto (España),4,3,4.0,1.0,3.0
7160130,Kairyo 2020,Bodega Negón Gonzales,2020,Red,4.2,210,21.51,España,Ribera del Duero,Ribera del Duero Tinto (España),5,3,4.0,1.0,4.0
6445125,San Agulló Mantonegro Tomeu Llabres 2024,Bodega Ca'n Verdura,2024,Red,4.3,210,37.6,España,Binissalem-Mallorca,Tinto (España),4,3,4.0,1.0,3.0
6751980,Tuca Negra 2022,Cuevas de Arom,2022,Red,4.1,209,91.7,España,Campo de Borja,Garnacha (España),5,3,5.0,1.0,3.0
3662162,Gotes del Priorat 2021,Alfredo Arribas,2021,Red,4.1,209,33.24,España,Priorato,Priorat Tinto (España),4,3,5.0,1.0,3.5
2278842,é de Aylés 2019,Pago Aylés,2019,Red,4.0,208,10.95,España,Aragón,Tempranillo (España),4,2,4.5,1.0,4.0
11457516,Rocafosca 2020,Costers del Priorat,2020,Red,4.1,208,37.88,España,Priorato,Priorat Tinto (España),4,3,5.0,1.0,3.5
1148433,Venta La Ossa Tempranillo 2018,Bodegas Mano a Mano,2018,Red,4.1,208,12.91,España,Castilla,Tempranillo (España),4,2,4.5,1.0,4.0
11871988,Mauro Valeyo 2021,Bodegas Mauro,2021,Red,4.0,207,30.51,España,Bierzo,Tinto (España),4,3,4.0,1.0,3.0
10499585,Selección Especial 2022,Arrocal,2022,Red,4.1,207,20.95,España,Ribera del Duero,Ribera del Duero Tinto (España),5,3,4.0,1.0,4.0
2172207,Gran Reserva Tinto 2012,Arroyo,2012,Red,4.1,206,24.5,España,Ribera del Duero,Ribera del Duero Tinto (España),5,3,4.0,1.0,4.0
2607289,Colección Privada 2019,Pagos de Mogar,2019,Red,4.3,205,33.6,España,Ribera del Duero,Ribera del Duero Tinto (España),5,3,4.0,1.0,4.0
1939841,La Rosa de Finca Sandoval 2022,Finca Sandoval,2022,Red,4.1,205,29.9,España,Manchuela,España Rhône Blend Tinto,5,3,5.0,1.0,4.0
9523295,De Sol a Sol Tempranillo 2019,Bodega Bruno Ruiz - Esencia Rural,2019,Red,4.0,204,32.16,España,La Mancha,Tempranillo (España),4,2,4.5,1.0,4.0
1151536,Lacima 2019,Dominio do Bibei,2019,Red,4.2,204,38.6,España,Ribeira Sacra,Mencia (España),3,3,3.5,1.0,3.0
1133062,El Titán del Bendito 2021,Dominio del Bendito,2021,Red,4.4,204,65.05,España,Toro,Toro Tinto (España),5,3,4.5,1.0,3.5
5307303,Selección Privada 2015,Marques de Vargas,2015,Red,4.3,204,57.0,España,Rioja,Rioja Tinto (España),4,3,4.0,1.0,4.5
10090417,Terroir Nabulé Garnacha 2019,Bodegas Aragonesas,2019,Red,4.2,204,25.95,España,Campo de Borja,Garnacha (España),5,3,5.0,1.0,3.0
11933168,Cosme Palacio Vino de Laguardia 2019,Bodegas Cosme Palacio,2019,Red,4.1,204,17.1,España,Rioja,Rioja Tinto (España),4,3,4.0,1.0,4.5
7662666,Pago las Salinas 2021,Viñas del Cénit,2021,Red,4.2,203,54.95,España,Tierra del Vino de Zamora,Tempranillo (España),4,2,4.5,1.0,4.0
3505802,Rioja Gabaxo 2020,Olivier Rivière,2020,Red,4.0,203,18.92,España,Rioja,Rioja Tinto (España),4,3,4.0,1.0,4.5
1309336,Rioja Reserva Mazuelo 2016,Beronia,2016,Red,4.0,202,25.9,España,Rioja,Rioja Tinto (España),4,3,4.0,1.0,4.5
1408612,Red 2018,Licinia,2018,Red,4.2,202,40.9,España,Madrid,Tinto (España),4,3,4.0,1.0,3.0
8958138,Garnatxa Negra - Samsó 2023,Massaluca,2023,Red,4.0,202,10.0,España,Terra Alta,Tinto (España),4,3,4.0,1.0,3.0
4563977,La Mateo Colección de Familia Vendimia 2022,D. Mateos,2022,Red,4.1,202,21.6,España,Rioja,Rioja Tinto (España),4,3,4.0,1.0,4.5
23110,Ribera Del Duero Reserva 2017,Bodegas Valduero,2017,Red,4.2,201,37.9,España,Ribera del Duero,Ribera del Duero Tinto (España),5,3,4.0,1.0,4.0
11002903,Etiqueta Negra 2020,Bodegas Antonio Serrano,2020,Red,4.1,201,16.9,España,Castilla,Tinto (España),4,3,4.0,1.0,3.0
1814122,VS Murua 2021,Murua,2021,Red,4.1,200,16.3,España,Rioja,Rioja Tinto (España),4,3,4.0,1.0,4.5
4829864,Haragán Reserva Especial 2018,Pago Los Balancines,2018,Red,4.2,199,26.5,España,Ribera del Guadiana,Tinto (España),4,3,4.0,1.0,3.0
8476583,Graciano 2020,VALENCISO,2020,Red,4.0,199,34.9,España,Rioja,Rioja Tinto (España),4,3,4.0,1.0,4.5
8757866,Reserva Cuveé Especial 2022,Gómez Cruzado,2022,Red,4.0,199,8.32,España,Rioja,Rioja Tinto (España),4,3,4.0,1.0,4.5
1274591,Belat Penedès 2013,Albet i Noya,2013,Red,4.3,199,64.84,España,Penedès,Tinto (España),4,3,4.0,1.0,3.0
4018329,Vendimia Seleccionada 2023,Tajinaste,2023,Red,4.0,198,28.5,España,Valle de la Orotava,Tinto (España),4,3,4.0,1.0,3.0
12194778,Lindes de Remelluri Vinedos de Abalos 2021,Remelluri,2021,Red,4.0,198,23.75,España,Rioja,Rioja Tinto (España),4,3,4.0,1.0,4.5
1314723,Lara O 2018,Territorio Luthier,2018,Red,4.2,198,28.0,España,Ribera del Duero,Ribera del Duero Tinto (España),5,3,4.0,1.0,4.0
8122074,La Paul 2022,Pujanza,2022,Red,4.1,197,37.11,España,Rioja,Rioja Tinto (España),4,3,4.0,1.0,4.5
99978,Clos del Portal Negre de Negres 2021,Portal del Priorat,2021,Red,4.2,197,53.02,España,Priorato,Priorat Tinto (España),4,3,5.0,1.0,3.5
6155669,Pozo Alto 2018,Olivier Rivière,2018,Red,4.3,197,122.5,España,Rioja,Rioja Tinto (España),4,3,4.0,1.0,4.5
6225310,La Danza del Viento La Isilla 2022,4 Monos,2022,Red,4.1,197,38.9,España,Cariñena,Garnacha (España),5,3,5.0,1.0,3.0
11316262,Carpetano Garnacha 2019,Valquejigoso,2019,Red,4.1,196,15.3,España,Madrid,Garnacha (España),5,3,5.0,1.0,3.0
1615,ODA Negre 2019,Castell del Remei,2019,Red,4.0,196,14.5,España,Costers del Segre,Tinto (España),4,3,4.0,1.0,3.0
7622810,Essence 2023,Loess,2023,Red,4.0,195,10.4,España,Ribera del Duero,Ribera del Duero Tinto (España),5,3,4.0,1.0,4.0
11702648,Instinto Tinto 2021,Azpilicueta,2021,Red,4.0,195,17.4,España,Rioja,Rioja Tinto (España),4,3,4.0,1.0,4.5
8432145,Las Parcelas Tinto 2019,Bodega Bideona,2019,Red,4.1,195,15.65,España,Rioja Alavesa,Rioja Tinto (España),4,3,4.0,1.0,4.5
10105793,Avizor 2020,Finca Rodma,2020,Red,4.3,194,31.8,España,Ribera del Duero,Ribera del Duero Tinto (España),5,3,4.0,1.0,4.0
1204482,Crianza 2019,Bodega Emina,2019,Red,4.0,193,18.5,España,Ribera del Duero,Ribera del Duero Tinto (España),5,3,4.0,1.0,4.0
78469,Pago de Las Costanas 2020,Valdelosfrailes,2020,Red,4.1,192,42.9,España,Castilla y León,Tempranillo (España),4,2,4.5,1.0,4.0
26404,La Flor del Flor de Primavera Old Vines Garnatxa 2022,Celler de Capçanes,2022,Red,4.2,192,40.95,España,Montsant,Montsant Tinto (España),4,3,4.5,1.0,3.5
5374488,Gran Luna 2017,Dehesa de Luna,2017,Red,4.2,192,22.2,España,Castilla,Tinto (España),4,3,4.0,1.0,3.0
5388532,Campo Eliseo 2008,Bodega Campo Eliseo,2008,Red,4.1,192,48.0,España,Toro,Toro Tinto (España),5,3,4.5,1.0,3.5
7041879,Parcela Cara Norte 2020,Montebaco,2020,Red,4.0,192,19.95,España,Ribera del Duero,Ribera del Duero Tinto (España),5,3,4.0,1.0,4.0
6202147,Los Arrotos del Pendón Prieto Picudo 2019,Raúl Pérez,2019,Red,4.0,192,19.25,España,Tierra de León,Tinto (España),4,3,4.0,1.0,3.0
7120470,Lecciones de Vuelo 2018,Viña Zorzal,2018,Red,4.1,191,53.65,España,Navarra,Garnacha (España),5,3,5.0,1.0,3.0
1137635,QS2 2019,Quinta Sardonia,2019,Red,4.1,191,31.65,España,Castilla y León,Tinto (España),4,3,4.0,1.0,3.0
6919221,Crianza 2021,Balbas,2021,Red,4.2,191,24.8,España,Ribera del Duero,Ribera del Duero Tinto (España),5,3,4.0,1.0,4.0
18485,Ribera del Duero Reserva 2018,Condado de Haza,2018,Red,4.1,189,30.67,España,Ribera del Duero,Ribera del Duero Tinto (España),5,3,4.0,1.0,4.0
1552223,MV 2020,Dehesa del Carrizal,2020,Red,4.0,189,11.0,España,Dehesa del Carrizal,Tinto (España),4,3,4.0,1.0,3.0
10539990,Valdechuecas Viñedo Singular 2021,El Pacto,2021,Red,4.3,189,50.0,España,Rioja,Rioja Tinto (España),4,3,4.0,1.0,4.5
13237482,Paraje de Los Colmenares 2023,Arrocal,2023,Red,4.1,189,23.5,España,Ribera del Duero,Ribera del Duero Tinto (España),5,3,4.0,1.0,4.0
1139120,La Navilla 2018,Viña Pedrosa,2018,Red,4.3,188,37.55,España,Ribera del Duero,Ribera del Duero Tinto (España),5,3,4.0,1.0,4.0
4611102,Ponteus Aulus Vineyards XVII Parcel Red Blend 2020,Puente de Rus,2020,Red,4.1,188,16.65,España,La Mancha,Tinto (España),4,3,4.0,1.0,3.0
9048340,Pagos de Anguix Barrueco 2019,Juvé & Camps,2019,Red,4.2,187,29.95,España,Ribera del Duero,Ribera del Duero Tinto (España),5,3,4.0,1.0,4.0
1361982,Acusp 2020,Castell d'Encus,2020,Red,4.1,187,40.0,España,Costers del Segre,Tinto (España),4,3,4.0,1.0,3.0
1595263,Finca de los Locos Rioja 2020,Artuke,2020,Red,4.0,187,40.0,España,Rioja,Rioja Tinto (España),4,3,4.0,1.0,4.5
11162976,La Inflexion 2023,Raul Moreno,2023,Red,4.1,186,29.45,España,Jerez-Xérès-Sherry,Tinto (España),4,3,4.0,1.0,3.0
10482150,A Merced de Bierzo Mencía 2021,Michelini i Mufatto,2021,Red,4.0,186,19.0,España,Bierzo,Tinto (España),4,3,4.0,1.0,3.0
1877847,Tianna Bocchoris Negre 2019,Tianna Negre,2019,Red,4.0,186,16.48,España,Binissalem-Mallorca,Tinto (España),4,3,4.0,1.0,3.0
4243773,Finca Matambres 2020,Monteabellon,2020,Red,4.2,186,28.0,España,Ribera del Duero,Ribera del Duero Tinto (España),5,3,4.0,1.0,4.0
1189245,Formíga de Vellut 2021,Clos Galena,2021,Red,4.0,185,18.5,España,Priorato,Priorat Tinto (España),4,3,5.0,1.0,3.5
4050152,Pla del Tet 2021,Clos Pons,2021,Red,4.2,185,24.5,España,Costers del Segre,Syrah (España),4,3,4.0,1.0,4.0
2426350,Mencia 2017,Divina Clementia,2017,Red,4.2,185,41.27,España,Ribeira Sacra,Mencia (España),3,3,3.5,1.0,3.0
1467541,Altaroses 2022,Joan d'Anguera,2022,Red,4.0,184,17.5,España,Montsant,Montsant Tinto (España),4,3,4.5,1.0,3.5
5887182,TP (Trepat) 2022,Partida Creus,2022,Red,4.1,184,26.6,España,Cataluña,Tinto (España),4,3,4.0,1.0,3.0
9691787,Reserva 2019,Asúa,2019,Red,4.0,184,35.4,España,Rioja,Rioja Tinto (España),4,3,4.0,1.0,4.5
5261745,Tinto 2023,Francisco Barona,2023,Red,4.4,183,39.9,España,Ribera del Duero,Ribera del Duero Tinto (España),5,3,4.0,1.0,4.0
1909654,Siete (7) Viñas Reserva Rioja 2017,Baron de Ley,2017,Red,4.1,182,23.25,España,Rioja,Rioja Tinto (España),4,3,4.0,1.0,4.5
6773233,Reserva 2020,Bodega de Bardos,2020,Red,4.1,182,19.75,España,Ribera del Duero,Ribera del Duero Tinto (España),5,3,4.0,1.0,4.0
6733764,Conde de Valdemar Edición Limitada 2020,Bodegas Valdemar,2020,Red,4.2,181,38.9,España,Rioja,Rioja Tinto (España),4,3,4.0,1.0,4.5
51644,Evo 2018,Guelbenzu,2018,Red,4.0,181,13.2,España,Ribera del Queiles,Tinto (España),4,3,4.0,1.0,3.0
5871657,Maturana 2021,Baigorri,2021,Red,4.1,181,39.75,España,Rioja,Rioja Tinto (España),4,3,4.0,1.0,4.5
1438944,Gall Negre 2020,Ferré I Catasús,2020,Red,4.0,181,20.0,España,Penedès,Tinto (España),4,3,4.0,1.0,3.0
1322231,II Reserva 2018,Covila,2018,Red,4.0,181,11.6,España,Rioja,Rioja Tinto (España),4,3,4.0,1.0,4.5
15499,Inspiración Sélección 2020,Bodegas Valdemar,2020,Red,4.0,180,11.5,España,Rioja,Rioja Tinto (España),4,3,4.0,1.0,4.5
2588919,Maçaners Sumoll 2021,Celler la Salada,2021,Red,4.0,180,32.7,España,Penedès,Tinto (España),4,3,4.0,1.0,3.0
1765087,Finca Paso Malo 2016,Lavia,2016,Red,4.1,179,29.85,España,Bullas,Monastrell (España),5,3,3.5,1.0,4.5
6006478,Arnegui Gran Reserva 2018,Pagos del Rey,2018,Red,4.1,179,15.95,España,Rioja,Rioja Tinto (España),4,3,4.0,1.0,4.5
6220617,Crianza 2021,Ramos Ducher,2021,Red,4.0,179,23.2,España,Ribera del Duero,Ribera del Duero Tinto (España),5,3,4.0,1.0,4.0
7501874,Finca Muñoz Colección de la Familia 2022,Viñedos y Bodegas Muñoz,2022,Red,4.0,179,7.65,España,Castilla,Tempranillo (España),4,2,4.5,1.0,4.0
7772880,Crianza 2020,Mill,2020,Red,4.0,179,16.9,España,Ribera del Duero,Ribera del Duero Tinto (España),5,3,4.0,1.0,4.0
2291954,Tinto 2021,Clos de l'Ona,2021,Red,4.1,179,34.6,España,Priorato,Priorat Tinto (España),4,3,5.0,1.0,3.5
5766586,Reserva Especial Icon Edition 2017,Bodegas Faustino,2017,Red,4.1,178,31.99,España,Rioja Alavesa,Rioja Tinto (España),4,3,4.0,1.0,4.5
6457121,Néctar de Farruche 2023,Corrales Espinosa,2023,Red,4.1,178,13.6,España,Valdepeñas,Tempranillo (España),4,2,4.5,1.0,4.0
8679276,Guarda de Leda Selección Tempranillo 2019,Leda,2019,Red,4.1,177,43.9,España,Castilla y León,Tempranillo (España),4,2,4.5,1.0,4.0
7166149,José Manuel Corrales 2023,Corrales Espinosa,2023,Red,4.4,177,29.05,España,Valdepeñas,Tempranillo (España),4,2,4.5,1.0,4.0
10585816,Peña El Gato Granito Garnacha 2023,Bodega Juan Carlos Sancha,2023,Red,4.1,177,19.5,España,Rioja,Rioja Tinto (España),4,3,4.0,1.0,4.5
11915203,Edición Limitada Garnacha 2019,Ramón Bilbao,2019,Red,4.0,177,13.15,España,Rioja,Rioja Tinto (España),4,3,4.0,1.0,4.5
11100367,Las Matillas La Esencia 2022,Dominio de Cair,2022,Red,4.4,176,72.0,España,Ribera del Duero,Ribera del Duero Tinto (España),5,3,4.0,1.0,4.0
1619150,Desea 2010,Sota els Àngels,2010,Red,4.1,176,24.32,España,Empordà,Tinto (España),4,3,4.0,1.0,3.0
1153640,Laderas de El Sequé Alicante 2021,Bodegas El Sequé,2021,Red,4.0,176,21.25,España,Alicante,España Rhône Blend Tinto,5,3,5.0,1.0,4.0
4544612,Oinoz Tempranillo Crianza 2021,Carlos Moro,2021,Red,4.0,176,9.5,España,Rioja,Rioja Tinto (España),4,3,4.0,1.0,4.5
1246425,No. 18 Vendimia Selección 2018,Venta del Puerto,2018,Red,4.1,175,14.75,España,Valencia,Tinto (España),4,3,4.0,1.0,3.0
4258901,Cabanelas Mencia 2019,Vinos Valtuille,2019,Red,4.3,175,39.91,España,Bierzo,Mencia (España),3,3,3.5,1.0,3.0
9332946,De La Hoya Single Vineyard Tempranillo 2023,Artadi,2023,Red,4.2,175,54.0,España,Rioja,Rioja Tinto (España),4,3,4.0,1.0,4.5
12148142,La Reina 2023,El Reventón,2023,Red,4.1,175,32.95,España,Madrid,Garnacha (España),5,3,5.0,1.0,3.0
8077892,El Cisne Negro 2023,Domeco de Jarauta,2023,Red,4.0,175,13.9,España,Rioja,Rioja Tinto (España),4,3,4.0,1.0,4.5
6156875,Camino de Santa Cruz 2022,Sierra de Toloño,2022,Red,4.1,174,35.55,España,Rioja,Rioja Tinto (España),4,3,4.0,1.0,4.5
1548044,Honorable 2019,Gómez Cruzado,2019,Red,4.1,174,25.3,España,Rioja,Rioja Tinto (España),4,3,4.0,1.0,4.5
9957553,La Palmera 2022,Huerto de la Condesa,2022,Red,4.2,174,26.9,España,Sierras de Málaga,Syrah (España),4,3,4.0,1.0,4.0
2212750,Campo Amable Crianza 2021,Altovela,2021,Red,4.0,174,8.3,España,La Mancha,Tempranillo (España),4,2,4.5,1.0,4.0
6735860,Mercure 2015,Bodega Doña Felisa,2015,Red,4.4,174,81.0,España,Andalucía,Tinto (España),4,3,4.0,1.0,3.0
12178182,Villanueva 2024,Comando G,2024,Red,4.1,174,60.97,España,Madrid,Garnacha (España),5,3,5.0,1.0,3.0
21212,Toro Gran Elías Mora 2015,Bodega Elias Mora,2015,Red,4.1,174,32.3,España,Toro,Toro Tinto (España),5,3,4.5,1.0,3.5
11119980,Kuusu 2021,Oxer Wines,2021,Red,4.4,174,95.0,España,Vino de España,Tinto (España),4,3,4.0,1.0,3.0
10667095,Reblum 2022,Castellet,2022,Red,4.0,174,18.25,España,Priorato,Priorat Tinto (España),4,3,5.0,1.0,3.5
8716900,Laguardia (L4GD4) 2018,Bodega Bideona,2018,Red,4.1,173,27.3,España,Rioja Alavesa,Rioja Tinto (España),4,3,4.0,1.0,4.5
5901368,Nummulit 2021,El Vinyer,2021,Red,4.0,172,17.0,España,Costers del Segre,Merlot (España),4,3,4.0,1.0,2.5
8229817,Pacio 2021,Fazenda Prádio,2021,Red,4.1,172,67.82,España,Galicia,Mencia (España),3,3,3.5,1.0,3.0
2306088,Puntiapart 2019,La Vinyeta,2019,Red,4.0,172,12.42,España,Empordà,Tinto (España),4,3,4.0,1.0,3.0
1228666,Familia Rioja 2017,Altanza,2017,Red,4.1,172,19.9,España,Rioja,Rioja Tinto (España),4,3,4.0,1.0,4.5
88836,Culmen Reserva Rioja 2019,Lan,2019,Red,4.3,171,46.8,España,Rioja,Rioja Tinto (España),4,3,4.0,1.0,4.5
9142017,Edición Limitada Tempranillo 2022,Bodegas Sembro,2022,Red,4.0,171,15.0,España,Ribera del Duero,Ribera del Duero Tinto (España),5,3,4.0,1.0,4.0
7105940,Sínodo Los Tollos 2020,Sínodo Vitivinícola,2020,Red,4.1,170,31.9,España,Rioja,Rioja Tinto (España),4,3,4.0,1.0,4.5
6880759,Cien Lanzas Cenicientos 2020,4 Monos,2020,Red,4.0,169,35.3,España,Madrid,Tinto (España),4,3,4.0,1.0,3.0
10079524,YJAR 2017,Telmo Rodriguez,2017,Red,4.4,169,225.0,España,Rioja Alavesa,Rioja Tinto (España),4,3,4.0,1.0,4.5
9850492,Ròmia 2018,Oller del Mas,2018,Red,4.3,169,61.6,España,Pla de Bages,Tinto (España),4,3,4.0,1.0,3.0
2140124,Lombana 2009,Guelbenzu,2009,Red,4.2,169,12.75,España,Ribera del Queiles,Tinto (España),4,3,4.0,1.0,3.0
9779456,Meraldis Tempranillo 2015,Yllera,2015,Red,4.3,169,32.5,España,Ribera del Duero,Ribera del Duero Tinto (España),5,3,4.0,1.0,4.0
11186864,Siana Terrer 2023,Canals Canals,2023,Red,4.1,169,10.6,España,Montsant,Montsant Tinto (España),4,3,4.5,1.0,3.5
4928013,Reserva 2019,Montecastro,2019,Red,4.2,168,32.3,España,Ribera del Duero,Ribera del Duero Tinto (España),5,3,4.0,1.0,4.0
1958423,Maduresa 2021,Celler del Roure,2021,Red,4.0,168,23.0,España,Valencia,Tinto (España),4,3,4.0,1.0,3.0
7086991,Reserva Cabernet Sauvignon 1999,Jean Leon,1999,Red,4.3,168,65.94,España,Cataluña,Cabernet Sauvignon (España),4,3,5.0,1.0,4.0
4626238,Finca Azaya 2019,Bodegas Valduero,2019,Red,4.1,168,23.9,España,Castilla y León,Tempranillo (España),4,2,4.5,1.0,4.0
7584610,Altos de las Gateras Syrah 2021,Viña al Lado de la Casa,2021,Red,4.3,168,46.0,España,Yecla,Syrah (España),4,3,4.0,1.0,4.0
13560042,3er Año Crianza 2021,Protos,2021,Red,4.1,167,18.95,España,Ribera del Duero,Tempranillo (España),4,2,4.5,1.0,4.0
2320723,Alma López 2023,Lynus,2023,Red,4.0,167,16.4,España,Ribera del Duero,Ribera del Duero Tinto (España),5,3,4.0,1.0,4.0
19486,Janus Crianza 2018,Tinto Pesquera,2018,Red,4.3,167,318.2,España,Ribera del Duero,Ribera del Duero Tinto (España),5,3,4.0,1.0,4.0
6815463,Cuvée 2022,Aseginolaza & Leunda,2022,Red,4.0,166,18.95,España,Navarra,Tinto (España),4,3,4.0,1.0,3.0
8432447,Reserva 2019,Dominio Fournier,2019,Red,4.2,166,34.9,España,Ribera del Duero,Ribera del Duero Tinto (España),5,3,4.0,1.0,4.0
1190294,Finca Cuesta Clara Raro Reserva 2017,Campillo,2017,Red,4.2,166,42.0,España,Rioja,Rioja Tinto (España),4,3,4.0,1.0,4.5
11217437,Fierroca 2024,Pepe Mendoza Casa Agrícola,2024,Red,4.3,165,65.85,España,Alicante,Tinto (España),4,3,4.0,1.0,3.0
10786606,Colonia 40 2024,Colonias de Galeón,2024,Red,4.0,165,13.0,España,Sierra Norte de Sevilla,Tinto (España),4,3,4.0,1.0,3.0
2100126,Reserva 2021,Museum,2021,Red,4.0,165,12.95,España,Cigales,Tempranillo (España),4,2,4.5,1.0,4.0
8076081,Senda de Leñadores 2020,Pago Aylés,2020,Red,4.0,165,12.83,España,Aragón,Tinto (España),4,3,4.0,1.0,3.0
3807612,Destí 2021,Merum Priorati,2021,Red,4.2,165,42.0,España,Priorato,Priorat Tinto (España),4,3,5.0,1.0,3.5
9458429,El Tracte 2021,Bell Cros,2021,Red,4.1,164,24.95,España,Montsant,Montsant Tinto (España),4,3,4.5,1.0,3.5
1202737,Tinto 2020,Clos d'Agon,2020,Red,4.2,164,46.52,España,Cataluña,Tinto (España),4,3,4.0,1.0,3.0
9724121,Cuvée Marboré 2020,Bodega Pirineos,2020,Red,4.1,164,22.2,España,Somontano,Tinto (España),4,3,4.0,1.0,3.0
1110327,La Mancha Reserva 2018,El Vínculo,2018,Red,4.1,164,16.5,España,La Mancha,Tempranillo (España),4,2,4.5,1.0,4.0
5972324,Gaminde 2016,Allende,2016,Red,4.3,164,48.53,España,Rioja,Rioja Tinto (España),4,3,4.0,1.0,4.5
1155151,Tinto 2021,Valderiz,2021,Red,4.2,164,18.9,España,Ribera del Duero,Ribera del Duero Tinto (España),5,3,4.0,1.0,4.0
5370798,Coleccion No. 3 Cosecha El Bombón 2016,Bodega Contador (Benjamín Romeo),2016,Red,4.4,163,181.25,España,Rioja,Rioja Tinto (España),4,3,4.0,1.0,4.5
11759190,Limited Edition 2020,Dominio Lubiano,2020,Red,4.3,163,30.37,España,Ribera del Duero,Ribera del Duero Tinto (España),5,3,4.0,1.0,4.0
1605032,Syrah 2022,Habla,2022,Red,4.2,163,24.01,España,Extremadura,Syrah (España),4,3,4.0,1.0,4.0
2340708,Jaros 2020,Jaro,2020,Red,4.1,163,18.0,España,Ribera del Duero,Ribera del Duero Tinto (España),5,3,4.0,1.0,4.0
7953532,El Tamboril Tinto 2023,Comando G,2023,Red,4.3,163,220.0,España,Castilla y León,Garnacha (España),5,3,5.0,1.0,3.0
7037684,Áureo 2018,Avelino Vegas,2018,Red,4.1,163,20.0,España,Ribera del Duero,Ribera del Duero Tinto (España),5,3,4.0,1.0,4.0
5919175,Dominio de Casalta - Vallejo de Víctor Baja Extracción 2022,Pepe Rodríguez de Vera,2022,Red,4.3,163,29.25,España,Almansa,Tinto (España),4,3,4.0,1.0,3.0
7682065,Reserve Garnacha Tintorera 2019,Rupestre de Alpera,2019,Red,4.0,162,12.75,España,Almansa,Tinto (España),4,3,4.0,1.0,3.0
8884483,Altado Monastrell 2022,Finca Fella,2022,Red,4.0,162,10.95,España,Almansa,Monastrell (España),5,3,3.5,1.0,4.5
2017099,Lo Morenillo 2021,Vins del Tros,2021,Red,4.0,162,24.0,España,Terra Alta,Tinto (España),4,3,4.0,1.0,3.0
2076597,Veguin de Murua Gran Reserva 2015,Murua,2015,Red,4.4,161,42.9,España,Rioja,Rioja Tinto (España),4,3,4.0,1.0,4.5
9497762,Camí de la Mina 2020,Clos Pachem,2020,Red,4.1,161,31.9,España,Priorato,Priorat Tinto (España),4,3,5.0,1.0,3.5
3036211,Tintilla 2022,Vara Y Pulgar,2022,Red,4.0,161,16.5,España,Cádiz,Tinto (España),4,3,4.0,1.0,3.0
1794507,Porrera Vi de Vila 2021,Vall Llach,2021,Red,4.3,161,38.39,España,Priorato,Priorat Tinto (España),4,3,5.0,1.0,3.5
13254826,Nunca Jamas 2023,Bodegas Javier San Pedro Ortega,2023,Red,4.1,161,14.79,España,Rioja,Rioja Tinto (España),4,3,4.0,1.0,4.5
10074686,Alma Do Vello Tesouro Viñedos En Rubia Albarello 2022,Viña Somoza,2022,Red,4.1,160,45.0,España,Valdeorras,Tinto (España),4,3,4.0,1.0,3.0
12872153,Miros de Ribera Vendimia Seleccionada 20 Meses 2021,Bodegas Peñafiel,2021,Red,4.2,159,19.85,España,Ribera del Duero,Ribera del Duero Tinto (España),5,3,4.0,1.0,4.0
1216614,Garum 2023,Bodegas Luis Perez,2023,Red,4.0,159,12.85,España,Cádiz,Tinto (España),4,3,4.0,1.0,3.0
1444939,Gran Solorca Gran Reserva 2016,Solorca,2016,Red,4.0,158,18.0,España,Ribera del Duero,Ribera del Duero Tinto (España),5,3,4.0,1.0,4.0
6021362,Sentiments Priorat 2021,Canals Canals,2021,Red,4.1,158,12.68,España,Priorato,Priorat Tinto (España),4,3,5.0,1.0,3.5
6808490,Porrera 2023,Alvarez Duran,2023,Red,4.3,158,49.91,España,Priorato,Priorat Tinto (España),4,3,5.0,1.0,3.5
5052432,Merla 2021,Alta Alella,2021,Red,4.1,158,18.9,España,Alella,Monastrell (España),5,3,3.5,1.0,4.5
1638094,Vía Cenit 2018,Viñas del Cénit,2018,Red,4.0,158,18.86,España,Tierra del Vino de Zamora,Tempranillo (España),4,2,4.5,1.0,4.0
12798216,Territorio Tinto 2017,Tarón,2017,Red,4.0,157,14.2,España,Rioja Alta,Rioja Tinto (España),4,3,4.0,1.0,4.5
4989157,El Garnacho Viejo de la Familia Acha 2017,Proyecto Garnachas de España,2017,Red,4.4,157,101.0,España,Rioja,Rioja Tinto (España),4,3,4.0,1.0,4.5
10220931,Gran Rodma 2022,Finca Rodma,2022,Red,4.4,157,52.9,España,Ribera del Duero,Ribera del Duero Tinto (España),5,3,4.0,1.0,4.0
4184136,Tierras de Cair Reserva 2019,Dominio de Cair,2019,Red,4.2,157,36.9,España,Ribera del Duero,Ribera del Duero Tinto (España),5,3,4.0,1.0,4.0
5017004,Coleccion Jaime Rodriguez Granja Nuestra Senora de Remulleri 2005,Remelluri,2005,Red,4.4,156,73.16,España,Rioja,Rioja Tinto (España),4,3,4.0,1.0,4.5
4415139,La Penitencia 2023,Raúl Pérez,2023,Red,4.2,156,68.95,España,Ribeira Sacra,Mencia (España),3,3,3.5,1.0,3.0
5744439,Altos de Losada La Senda del Diablo 2023,Losada,2023,Red,4.2,156,36.51,España,Bierzo,Tinto (España),4,3,4.0,1.0,3.0
1222476,Camino 2022,Terra Remota,2022,Red,4.2,156,20.5,España,Empordà,Garnacha (España),5,3,5.0,1.0,3.0
8594630,La Mimbrera de Exopto Graciano Tinto 2022,Bodegas Exopto,2022,Red,4.0,155,31.75,España,Rioja,Rioja Tinto (España),4,3,4.0,1.0,4.5
9247763,San Quiles Graciano 2023,Altún,2023,Red,4.3,155,33.6,España,Rioja,Rioja Tinto (España),4,3,4.0,1.0,4.5
11631610,Alma 2022,Bodega Contador (Benjamín Romeo),2022,Red,4.3,155,94.9,España,Rioja,Rioja Tinto (España),4,3,4.0,1.0,4.5
5239231,Atencia 2015,Heredad de Atencia,2015,Red,4.3,155,16.0,España,Vino de España,Tinto (España),4,3,4.0,1.0,3.0
9164546,Els Escorpins Garnatxa Negra 2022,L'Enclòs de Peralba,2022,Red,4.0,154,31.99,España,Cataluña,Garnacha (España),5,3,5.0,1.0,3.0
1995367,Imagine 2021,Gutiérrez de la Vega,2021,Red,4.0,154,30.4,España,Alicante,Tinto (España),4,3,4.0,1.0,3.0
5624884,Mas Collet Selecció 2022,Celler de Capçanes,2022,Red,4.0,153,9.14,España,Montsant,Montsant Tinto (España),4,3,4.5,1.0,3.5
8862782,Post Crucifixión 2021,Michelini i Mufatto,2021,Red,4.3,153,296.8,España,Bierzo,Tinto (España),4,3,4.0,1.0,3.0
9883477,Tinto 2022,Tomás Postigo,2022,Red,4.2,153,37.2,España,Ribera del Duero,Ribera del Duero Tinto (España),5,3,4.0,1.0,4.0
1177010,Selecció Vinyes Velles Empordà 2023,Martí Fabra,2023,Red,4.0,153,12.95,España,Empordà,Tinto (España),4,3,4.0,1.0,3.0
4763676,Finca La Genuïna 2020,Edetària,2020,Red,4.2,152,39.3,España,Terra Alta,Garnacha (España),5,3,5.0,1.0,3.0
1776797,Carravel 2017,Algueira,2017,Red,4.1,152,23.5,España,Ribeira Sacra,Mencia (España),3,3,3.5,1.0,3.0
12431880,Landua 2022,Aiurri,2022,Red,4.1,151,20.86,España,Rioja,Rioja Tinto (España),4,3,4.0,1.0,4.5
2570271,Criança 2019,Mas de Subirà,2019,Red,4.0,151,25.2,España,Priorato,Priorat Tinto (España),4,3,5.0,1.0,3.5
1183710,Atteca Garnacha (Old Vines) 2022,Bodegas Ateca,2022,Red,4.1,151,12.65,España,Calatayud,Garnacha (España),5,3,5.0,1.0,3.0
10697173,Parcela El Bardallo Tinto 2023,José Gil,2023,Red,4.1,150,37.9,España,Rioja,Rioja Tinto (España),4,3,4.0,1.0,4.5
1317903,Año de Gracia 2018,Lynus,2018,Red,4.4,149,34.98,España,Ribera del Duero,Ribera del Duero Tinto (España),5,3,4.0,1.0,4.0
8128340,Flor d'Empordà 2020,Olivardots,2020,Red,4.3,149,36.99,España,Empordà,Tinto (España),4,3,4.0,1.0,3.0
11543325,Viñedos de Altura 2022,Bodega de Bardos,2022,Red,4.0,149,14.3,España,Ribera del Duero,Ribera del Duero Tinto (España),5,3,4.0,1.0,4.0
7838383,Iohannes Cabernet Sauvignon - Merlot 2015,Juvé & Camps,2015,Red,4.2,149,36.8,España,Penedès,Tinto (España),4,3,4.0,1.0,3.0
2226154,Tinto 2021,Celler Mas Pòlit,2021,Red,4.0,149,15.4,España,Empordà,Tinto (España),4,3,4.0,1.0,3.0
10364075,Julia Mencia 2022,Jose Antonio García,2022,Red,4.0,149,24.45,España,Bierzo,Mencia (España),3,3,3.5,1.0,3.0
1665992,Cuvée Palomar 2020,Abadía Retuerta,2020,Red,4.3,148,48.9,España,Abadía Retuerta,Tinto (España),4,3,4.0,1.0,3.0
7220925,Vida Nua 2021,Mas Vida,2021,Red,4.1,148,18.5,España,Empordà,Cabernet Sauvignon (España),4,3,5.0,1.0,4.0
1660623,Finca Meixeman Ribeira Sacra Mencia 2022,Guimaro,2022,Red,4.0,148,25.57,España,Ribeira Sacra,Mencia (España),3,3,3.5,1.0,3.0
1382518,El Pajaro Rojo Mencia 2023,Losada,2023,Red,4.0,148,10.5,España,Bierzo,Mencia (España),3,3,3.5,1.0,3.0
7256945,Antonio Antonia 2018,Carlos Ruben,2018,Red,4.0,147,24.95,España,Aragón,Garnacha (España),5,3,5.0,1.0,3.0
9285780,Tartalo 2023,Oxer Wines,2023,Red,4.4,147,125.0,España,Rioja,Rioja Tinto (España),4,3,4.0,1.0,4.5
8550226,Sumoll - Garnatxa 2023,Can Sumoi,2023,Red,4.0,146,15.45,España,Cataluña,Tinto (España),4,3,4.0,1.0,3.0
6791576,Tempranillo 2022,Badman Wines,2022,Red,4.0,146,17.19,España,Sierras de Málaga,Tempranillo (España),4,2,4.5,1.0,4.0
9250027,NerinTerra 2021,Belondrade,2021,Red,4.2,146,39.9,España,Priorato,Priorat Tinto (España),4,3,5.0,1.0,3.5
5869956,Colección No. 1 Cosecha La Liende 2018,Bodega Contador (Benjamín Romeo),2018,Red,4.3,145,191.85,España,Rioja,Rioja Tinto (España),4,3,4.0,1.0,4.5
10287905,Libro Once. Las Luces 2011,Las Moradas de San Martín,2011,Red,4.2,145,37.0,España,Madrid,Garnacha (España),5,3,5.0,1.0,3.0
1650381,Capricho de Merenzao 2017,Adega Ponte da Boga,2017,Red,4.1,145,23.65,España,Ribeira Sacra,Tinto (España),4,3,4.0,1.0,3.0
1385210,Sangre de Toro 2023,Familia Torres,2023,Red,3.5,40646,4.85,España,Cataluña,Garnacha (España),5,3,5.0,1.0,3.0
1125132,Tarima Monastrell 2024,Volver,2024,Red,3.7,22842,6.2,España,Alicante,Monastrell (España),5,3,3.5,1.0,4.5
15713,Barrica Tinto (Monastrell - Syrah) 2023,Barahonda,2023,Red,3.7,22192,8.08,España,Yecla,España Rhône Blend Tinto,5,3,5.0,1.0,4.0
1145808,Priorat GR-174 2024,Casa Gran del Siurana,2024,Red,3.9,21629,12.55,España,Priorato,Priorat Tinto (España),4,3,5.0,1.0,3.5
1230965,Old Vines Garnacha 2023,Evodia,2023,Red,3.6,19369,8.25,España,Calatayud,Garnacha (España),5,3,5.0,1.0,3.0
1154856,Cabernet Sauvignon - Merlot 2023,Enate,2023,Red,3.6,16216,7.75,España,Somontano,Tinto (España),4,3,4.0,1.0,3.0
1138914,Rioja La Vendimia 2023,Palacios Remondo,2023,Red,3.7,15114,9.75,España,Rioja,Rioja Tinto (España),4,3,4.0,1.0,4.5
9056,Tempranillo - Cabernet Sauvignon Crianza 2022,Enate,2022,Red,3.7,13199,8.75,España,Somontano,Tinto (España),4,3,4.0,1.0,3.0
1139124,Cepa Gavilán Crianza Ribera del Duero 2023,Viña Pedrosa,2023,Red,3.8,12916,12.5,España,Ribera del Duero,Ribera del Duero Tinto (España),5,3,4.0,1.0,4.0
1978855,La Tierra 2024,Habla,2024,Red,3.7,12903,7.95,España,Extremadura,Tinto (España),4,3,4.0,1.0,3.0
1234768,Finca La Rana 2022,Terra d'Uro,2022,Red,3.6,12574,10.25,España,Toro,Toro Tinto (España),5,3,4.5,1.0,3.5
1211850,Flor de Vetus 2022,Vetus,2022,Red,3.7,11927,10.25,España,Toro,Toro Tinto (España),5,3,4.5,1.0,3.5
1490673,Premium 50 Barricas Syrah 2024,Alceño,2024,Red,3.8,11322,10.6,España,Jumilla,Syrah (España),4,3,4.0,1.0,4.0
1822301,Crianza 2022,Azpilicueta,2022,Red,3.6,10781,9.75,España,Rioja,Rioja Tinto (España),4,3,4.0,1.0,4.5
1137120,Solanera Viñas Viejas 2022,Castaño,2022,Red,3.7,10658,7.7,España,Yecla,Tinto (España),4,3,4.0,1.0,3.0
2328702,Glorioso Rioja Reserva 2021,Bodegas Cosme Palacio,2021,Red,3.9,10494,9.0,España,Rioja,Rioja Tinto (España),4,3,4.0,1.0,4.5
1203045,L'Inconscient 2024,Les Cousins Marc & Adrià,2024,Red,3.8,10159,11.45,España,Priorato,Priorat Tinto (España),4,3,5.0,1.0,3.5
1631613,Mencía 2021,Pittacum,2021,Red,3.8,10040,11.27,España,Bierzo,Mencia (España),3,3,3.5,1.0,3.0
7686972,Goru Gold 2022,EGO,2022,Red,3.8,9973,11.95,España,Jumilla,Tinto (España),4,3,4.0,1.0,3.0
1633909,Ribera del Duero Senda del Oro 2024,Vizcarra,2024,Red,3.7,9428,10.4,España,Ribera del Duero,Ribera del Duero Tinto (España),5,3,4.0,1.0,4.0
1239828,Románico 2023,Teso La Monja,2023,Red,3.7,9130,9.5,España,Toro,Toro Tinto (España),5,3,4.5,1.0,3.5
1100804,Can Blau 2022,Can Blau,2022,Red,3.9,9030,12.95,España,Montsant,Montsant Tinto (España),4,3,4.5,1.0,3.5
3343395,3 Finques (Fincas) 2022,Castillo Perelada,2022,Red,3.5,8981,7.55,España,Empordà,Tinto (España),4,3,4.0,1.0,3.0
1128204,Barbazul Tinto 2023,Huerta de Albala,2023,Red,3.7,8929,9.5,España,Cádiz,Tinto (España),4,3,4.0,1.0,3.0
1939184,Cair Cuvée 2023,Dominio de Cair,2023,Red,3.7,8877,11.5,España,Ribera del Duero,Ribera del Duero Tinto (España),5,3,4.0,1.0,4.0
6519,Parcela 23 Tempranillo 2023,Finca Constancia,2023,Red,3.6,8747,7.8,España,Castilla,Tempranillo (España),4,2,4.5,1.0,4.0
1885785,Fuerza 2021,EGO,2021,Red,3.8,8675,9.75,España,Jumilla,Monastrell (España),5,3,3.5,1.0,4.5
1172227,Carro 2024,Barahonda,2024,Red,3.7,8658,5.95,España,Yecla,Tinto (España),4,3,4.0,1.0,3.0
7618601,El Andén de la Estación Crianza 2023,Bodegas Muga,2023,Red,3.9,8367,11.9,España,Rioja,Rioja Tinto (España),4,3,4.0,1.0,4.5
1428605,D-12 Rioja 2022,Lan,2022,Red,3.9,7825,11.55,España,Rioja,Rioja Tinto (España),4,3,4.0,1.0,4.5
1205748,Garnatxa Negra 2025,Herència Altés,2025,Red,3.6,7810,10.95,España,Terra Alta,Garnacha (España),5,3,5.0,1.0,3.0
1135605,Damana 5 Ribera del Duero 2023,Tábula,2023,Red,3.7,7797,9.56,España,Ribera del Duero,Ribera del Duero Tinto (España),5,3,4.0,1.0,4.0
1206528,Tinto 2021,El Vínculo,2021,Red,3.7,7793,10.6,España,La Mancha,Tempranillo (España),4,2,4.5,1.0,4.0
2651,Atrium Merlot 2024,Familia Torres,2024,Red,3.7,7719,10.95,España,Penedès,Merlot (España),4,3,4.0,1.0,2.5
1486336,La Garnatxa Fosca del Priorat 2023,Proyecto Garnachas de España,2023,Red,3.8,7451,14.3,España,Priorato,Priorat Tinto (España),4,3,5.0,1.0,3.5
1165903,Mala Vida 2023,Bodegas Arraez,2023,Red,3.7,7440,7.4,España,Valencia,Tinto (España),4,3,4.0,1.0,3.0
1915104,Pies Negros Rioja 2024,Artuke,2024,Red,3.8,7438,13.6,España,Rioja,Rioja Tinto (España),4,3,4.0,1.0,4.5
1532992,Merlot - Petit Verdot Penedès 3055 2024,Jean Leon,2024,Red,3.7,7385,12.55,España,Penedès,Tinto (España),4,3,4.0,1.0,3.0
1477639,Rioja Tempranillo 2024,Carlos Serres,2024,Red,3.5,7326,6.45,España,Rioja,Rioja Tinto (España),4,3,4.0,1.0,4.5
1142921,12 Lunas Tinto 2022,El Grillo y La Luna,2022,Red,3.8,7148,10.3,España,Somontano,Tempranillo (España),4,2,4.5,1.0,4.0
1204787,Los Cantos de Torremilanos 2022,Finca Torremilanos,2022,Red,3.8,6913,13.85,España,Ribera del Duero,Ribera del Duero Tinto (España),5,3,4.0,1.0,4.0
2758426,Petit Pittacum 2024,Pittacum,2024,Red,3.6,6867,6.9,España,Bierzo,Mencia (España),3,3,3.5,1.0,3.0
1613631,Tarima Organic 2025,Volver,2025,Red,3.7,6865,6.9,España,Alicante,Monastrell (España),5,3,3.5,1.0,4.5
1367703,Gran Cerdo Tempranillo 2024,The Wine Love,2024,Red,3.7,6748,7.55,España,Rioja,Rioja Tinto (España),4,3,4.0,1.0,4.5
50774,Ribera del Duero Crianza 2022,Tarsus,2022,Red,3.7,6644,13.9,España,Ribera del Duero,Ribera del Duero Tinto (España),5,3,4.0,1.0,4.0
7281325,Monastrell 2020,Parajes del Valle,2020,Red,3.7,6628,11.25,España,Jumilla,Monastrell (España),5,3,3.5,1.0,4.5
1821556,Otazu Premium Cuvée 2024,Bodega Otazu,2024,Red,3.8,6598,13.0,España,Navarra,Tinto (España),4,3,4.0,1.0,3.0
2152418,Artuke Rioja 2025,Artuke,2025,Red,3.7,6458,8.05,España,Rioja,Rioja Tinto (España),4,3,4.0,1.0,4.5
1192990,Mano a Mano 2022,Bodegas Mano a Mano,2022,Red,3.6,6427,6.38,España,Castilla,Tempranillo (España),4,2,4.5,1.0,4.0
1135311,Crianza 2020,Cune (CVNE),2020,Red,3.7,6389,6.5,España,Rioja,Rioja Tinto (España),4,3,4.0,1.0,4.5
2434457,Toro 24 Mozas 2023,Divina Proporción,2023,Red,3.8,6267,8.9,España,Toro,Toro Tinto (España),5,3,4.5,1.0,3.5
2492401,Roble 2024,Cune (CVNE),2024,Red,3.6,6264,7.99,España,Ribera del Duero,Ribera del Duero Tinto (España),5,3,4.0,1.0,4.0
1163217,Reserva 2017,Campo Viejo,2017,Red,3.8,6099,10.55,España,Rioja,Rioja Tinto (España),4,3,4.0,1.0,4.5
1246882,Tinto Roble Garnacha - Syrah 2024,Bodegas Care,2024,Red,3.6,6078,7.35,España,Cariñena,España Rhône Blend Tinto,5,3,5.0,1.0,4.0
1428416,Gran Vos Reserva Somontano 2018,Viñas del Vero,2018,Red,3.9,6059,18.5,España,Somontano,Tinto (España),4,3,4.0,1.0,3.0
3540352,Botijo Rojo Garnacha Tinta 2024,Bodegas Frontonio,2024,Red,3.7,5976,10.25,España,Valdejalón,Garnacha (España),5,3,5.0,1.0,3.0
8622,Coto de Imaz Rioja Reserva 2019,El Coto,2019,Red,3.9,5880,22.4,España,Rioja Alavesa,Rioja Tinto (España),4,3,4.0,1.0,4.5
1241735,Almodí Petit Tinto 2024,Altavins,2024,Red,3.6,5749,14.4,España,Terra Alta,Tinto (España),4,3,4.0,1.0,3.0
62474,LZ Rioja 2023,Bodega Lanzaga,2023,Red,3.5,5734,12.97,España,Rioja,Rioja Tinto (España),4,3,4.0,1.0,4.5
1633542,Tempranillo Ribera del Duero 2024,Cillar de Silos,2024,Red,3.7,5480,11.4,España,Ribera del Duero,Ribera del Duero Tinto (España),5,3,4.0,1.0,4.0
2300616,Torre de Golban Crianza 2020,Dominio de Atauta,2020,Red,3.7,5396,13.5,España,Ribera del Duero,Ribera del Duero Tinto (España),5,3,4.0,1.0,4.0
1446214,Melior Ribera del Duero 2024,Matarromera,2024,Red,3.5,5394,9.2,España,Ribera del Duero,Ribera del Duero Tinto (España),5,3,4.0,1.0,4.0
1516813,Crianza 2022,Bodegas Vilano,2022,Red,3.8,5280,13.4,España,Ribera del Duero,Ribera del Duero Tinto (España),5,3,4.0,1.0,4.0
1156858,Resalte Vendimia Seleccionada 2022,Resalte,2022,Red,3.9,5277,12.5,España,Ribera del Duero,Ribera del Duero Tinto (España),5,3,4.0,1.0,4.0
1167593,Barrica 2024,Balbas,2024,Red,3.7,5236,10.9,España,Ribera del Duero,Ribera del Duero Tinto (España),5,3,4.0,1.0,4.0
1188572,Jaspi Negre 2022,Coca i Fitó,2022,Red,3.8,5205,10.6,España,Montsant,Montsant Tinto (España),4,3,4.5,1.0,3.5
1154407,Carramimbre Crianza 2023,Bodegas Carramimbre,2023,Red,3.9,5163,13.63,España,Ribera del Duero,Ribera del Duero Tinto (España),5,3,4.0,1.0,4.0
1609207,Roble 2024,Condado de Oriza,2024,Red,3.6,5151,7.65,España,Ribera del Duero,Ribera del Duero Tinto (España),5,3,4.0,1.0,4.0
1205627,Crianza Rioja 2022,Bodegas Vallobera,2022,Red,3.6,5108,9.25,España,Rioja,Rioja Tinto (España),4,3,4.0,1.0,4.5
1637474,Crianza 2022,Tamaral,2022,Red,3.9,5103,15.95,España,Ribera del Duero,Ribera del Duero Tinto (España),5,3,4.0,1.0,4.0
1501633,Biga de Luberri Crianza 2023,Luberri,2023,Red,3.8,5095,9.7,España,Rioja,Rioja Tinto (España),4,3,4.0,1.0,4.5
4215343,Cosme Palacio Crianza Viñedos en Altitud 2020,Bodegas Cosme Palacio,2020,Red,3.9,5061,22.9,España,Rioja,Rioja Tinto (España),4,3,4.0,1.0,4.5
1282637,Tempranillo Roble 2024,Tamaral,2024,Red,3.8,5037,9.15,España,Ribera del Duero,Ribera del Duero Tinto (España),5,3,4.0,1.0,4.0
13068,Chateldon Reserva Cabernet Sauvignon 2021,Pinord,2021,Red,3.8,5024,12.1,España,Penedès,Cabernet Sauvignon (España),4,3,5.0,1.0,4.0
1403702,Entresuelos Tempranillo 2023,Tridente,2023,Red,3.7,4964,8.95,España,Castilla y León,Tempranillo (España),4,2,4.5,1.0,4.0
1900871,TW 12 (Twelve) Monastrell 2022,Alceño,2022,Red,3.7,4957,11.85,España,Jumilla,Monastrell (España),5,3,3.5,1.0,4.5
1423853,Loidana 2023,Marco Abella,2023,Red,3.8,4921,15.9,España,Priorato,Priorat Tinto (España),4,3,5.0,1.0,3.5
99545,Ònix Clàssic 2023,Vinícola del Priorat,2023,Red,3.7,4916,11.35,España,Priorato,Priorat Tinto (España),4,3,5.0,1.0,3.5
1125482,Nita Priorat 2023,Meritxell Pallejà,2023,Red,3.8,4907,13.95,España,Priorato,Priorat Tinto (España),4,3,5.0,1.0,3.5
6349693,Enemigo Mío Garnacha 2025,Casa Rojo,2025,Red,3.8,4854,14.5,España,Vino de España,Garnacha (España),5,3,5.0,1.0,3.0
1150826,Rioja Tempranillo 2022,Marqués de la Concordia,2022,Red,3.6,4828,9.7,España,Rioja,Rioja Tinto (España),4,3,4.0,1.0,4.5
4405660,El Héroe Garnacha Viñas Viejas 2024,Baltasar Gracián,2024,Red,3.7,4812,9.75,España,Aragón,Garnacha (España),5,3,5.0,1.0,3.0
1598831,Palacio Quemado Crianza 2023,Alvear,2023,Red,3.7,4811,10.6,España,Ribera del Guadiana,Tinto (España),4,3,4.0,1.0,3.0
100015,Brunus Blend 2024,Portal del Montsant,2024,Red,3.8,4807,12.9,España,Montsant,Montsant Tinto (España),4,3,4.5,1.0,3.5
2030950,Ribera del Duero 2024,Quinta Milú,2024,Red,3.5,4802,11.5,España,Ribera del Duero,Ribera del Duero Tinto (España),5,3,4.0,1.0,4.0
1155267,Ribera Del Duero 4 Meses en Barrica (Roble) 2024,Figuero,2024,Red,3.7,4790,11.2,España,Ribera del Duero,Ribera del Duero Tinto (España),5,3,4.0,1.0,4.0
1172697,Campo de la Guardia 2023,Martúe,2023,Red,3.7,4788,10.2,España,Campo de la Guardia,Tinto (España),4,3,4.0,1.0,3.0
63084,Gago G 2020,Telmo Rodriguez,2020,Red,3.8,4780,19.5,España,Toro,Toro Tinto (España),5,3,4.5,1.0,3.5
8735292,409 Tinto,Pagos del Rey,,Red,3.9,4778,8.99,España,Ribera del Duero,Ribera del Duero Tinto (España),5,3,4.0,1.0,4.0
1999623,Marionette Monastrell - Syrah 2023,EGO,2023,Red,3.6,4682,6.95,España,Jumilla,España Rhône Blend Tinto,5,3,5.0,1.0,4.0
1244210,Predicat 2022,Cellers Grifoll Declara,2022,Red,3.8,4654,12.2,España,Priorato,Priorat Tinto (España),4,3,5.0,1.0,3.5
2568897,Al-Muvedre Tinto Monastrell 2024,Telmo Rodriguez,2024,Red,3.6,4645,7.17,España,Alicante,Monastrell (España),5,3,3.5,1.0,4.5
1896149,Baltos Mencía 2022,Dominio de Tares,2022,Red,3.7,4602,9.7,España,Bierzo,Mencia (España),3,3,3.5,1.0,3.0
1176172,Finca La Emperatriz Finca La Emperatriz Crianza 2020,Viñedos Hermanos Hernáiz,2020,Red,3.7,4566,11.83,España,Rioja Alta,Rioja Tinto (España),4,3,4.0,1.0,4.5
1433432,Reserva Vendimia Seleccionada 2020,Viña Albina,2020,Red,3.7,4546,12.5,España,Rioja,Rioja Tinto (España),4,3,4.0,1.0,4.5
1706171,Altozano Tempranillo 2024,Finca Constancia,2024,Red,3.5,4533,4.4,España,Castilla,Tempranillo (España),4,2,4.5,1.0,4.0
98958,Solà Fred 2024,Celler Masroig,2024,Red,3.5,4522,5.99,España,Montsant,Montsant Tinto (España),4,3,4.5,1.0,3.5
2363186,El Pispa Garnatxa 2023,Vinos del Paseante,2023,Red,3.7,4510,11.99,España,Montsant,Montsant Tinto (España),4,3,4.5,1.0,3.5
1244278,Llebre 2023,Tomàs Cusiné,2023,Red,3.6,4499,10.7,España,Costers del Segre,Tempranillo (España),4,2,4.5,1.0,4.0
1369510,Crianza Tempranillo - Merlot 2022,Bodegas Care,2022,Red,3.8,4409,7.95,España,Cariñena,Tinto (España),4,3,4.0,1.0,3.0
1214059,Selección Especial 2024,El Regajal,2024,Red,3.9,4397,17.4,España,Madrid,Tinto (España),4,3,4.0,1.0,3.0
2683897,Anima de Raimat Tinto 2023,Raimat,2023,Red,3.7,4348,8.95,España,Costers del Segre,Tinto (España),4,3,4.0,1.0,3.0
1401444,Bole 2021,Borsao Bodegas,2021,Red,3.7,4274,6.25,España,Campo de Borja,España Rhône Blend Tinto,5,3,5.0,1.0,4.0
4314254,Franc 2024,Abadal,2024,Red,3.6,4211,9.6,España,Pla de Bages,Tinto (España),4,3,4.0,1.0,3.0
6399011,Gota de Arena 2023,Tridente,2023,Red,3.8,4198,6.75,España,Castilla y León,Tempranillo (España),4,2,4.5,1.0,4.0
4950148,Finca Santa Maria Roble 2024,Valtravieso,2024,Red,3.7,4190,9.75,España,Ribera del Duero,Ribera del Duero Tinto (España),5,3,4.0,1.0,4.0
1921901,Tempranillo 2023,Hacienda López de Haro,2023,Red,3.6,4107,6.69,España,Rioja,Rioja Tinto (España),4,3,4.0,1.0,4.5
10247,Crianza 2020,Bodegas Marqués de Cáceres,2020,Red,3.8,4093,11.45,España,Rioja,Rioja Tinto (España),4,3,4.0,1.0,4.5
1206516,Bobal Único 2022,Bo,2022,Red,3.6,4067,5.2,España,Utiel-Requena,Tinto (España),4,3,4.0,1.0,3.0
1681457,Mas Donís Barrica Old Vines Montsant 2024,Celler de Capçanes,2024,Red,3.6,4011,6.95,España,Montsant,Montsant Tinto (España),4,3,4.5,1.0,3.5
2200226,Monastrell 2024,Honoro Vera,2024,Red,3.8,3991,6.33,España,Jumilla,Monastrell (España),5,3,3.5,1.0,4.5
1181010,Corral de Campanas 2022,Quinta de la Quietud,2022,Red,3.8,3979,11.75,España,Toro,Toro Tinto (España),5,3,4.5,1.0,3.5
1132737,Roble 2021,Protos,2021,Red,3.9,3957,18.5,España,Ribera del Duero,Ribera del Duero Tinto (España),5,3,4.0,1.0,4.0
6543583,Cinco Elementos 2024,La Cepa Alta,2024,Red,3.8,3952,11.75,España,Ribera del Duero,Ribera del Duero Tinto (España),5,3,4.0,1.0,4.0
1170197,Ceres Crianza 2022,Bodegas Asenjo & Manso,2022,Red,3.9,3945,11.9,España,Ribera del Duero,Ribera del Duero Tinto (España),5,3,4.0,1.0,4.0
1210854,Corriente 2023,Bodega Lanzaga,2023,Red,3.8,3932,12.1,España,Rioja,Rioja Tinto (España),4,3,4.0,1.0,4.5
15709,Monastrell 2024,Barahonda,2024,Red,3.5,3875,6.43,España,Yecla,Monastrell (España),5,3,3.5,1.0,4.5
3323540,Seis + Seis 2022,Bodega Doña Felisa,2022,Red,3.8,3797,14.3,España,Málaga,Tinto (España),4,3,4.0,1.0,3.0
1258529,Pizarras de Otero Mencia 2024,Cuatro Pasos,2024,Red,3.5,3795,6.95,España,Bierzo,Mencia (España),3,3,3.5,1.0,3.0
5722731,Rioja 2024,Honoro Vera,2024,Red,3.6,3745,6.7,España,Rioja,Rioja Tinto (España),4,3,4.0,1.0,4.5
8619,Crianza 2020,El Coto,2020,Red,3.7,3689,6.9,España,Rioja Alavesa,Rioja Tinto (España),4,3,4.0,1.0,4.5
3384125,Malayeto 2024,Viña Zorzal,2024,Red,3.7,3684,14.4,España,Navarra,Garnacha (España),5,3,5.0,1.0,3.0
1221284,Ribera del Duero Crianza 2021,Pinna Fidelis,2021,Red,3.9,3628,13.5,España,Ribera del Duero,Ribera del Duero Tinto (España),5,3,4.0,1.0,4.0
1200035,Rioja Crianza 2022,Luis Alegre,2022,Red,3.7,3610,10.95,España,Rioja,Rioja Tinto (España),4,3,4.0,1.0,4.5
8057782,Cutio Vendimia Seleccionada Garnacha 2024,Jorge Navascues,2024,Red,3.8,3572,8.2,España,Cariñena,Garnacha (España),5,3,5.0,1.0,3.0
2505024,9 Monastrell 2023,Equilibrio,2023,Red,3.9,3559,10.95,España,Murcia,Monastrell (España),5,3,3.5,1.0,4.5
1185801,Dominio de Valdelacasa Cosecha 2022,Bodegas Frontaura,2022,Red,3.8,3535,10.6,España,Toro,Toro Tinto (España),5,3,4.5,1.0,3.5
2034003,Comoloco Monastrell 2024,Orowines,2024,Red,3.6,3510,6.58,España,Jumilla,Monastrell (España),5,3,3.5,1.0,4.5
2039503,Planella 2023,Joan d'Anguera,2023,Red,3.9,3502,17.6,España,Montsant,Montsant Tinto (España),4,3,4.5,1.0,3.5
2185839,Triton Tinta de Toro 2022,Tridente,2022,Red,3.8,3465,18.35,España,Toro,Toro Tinto (España),5,3,4.5,1.0,3.5
77835,Teófilo Reyes Crianza 2022,Bodegas Reyes,2022,Red,3.9,3459,15.62,España,Ribera del Duero,Ribera del Duero Tinto (España),5,3,4.0,1.0,4.0
1668285,Rioja Crianza 2022,Vina Herminia,2022,Red,3.6,3454,6.95,España,Rioja,Rioja Tinto (España),4,3,4.0,1.0,4.5
5314823,Origium Roble 2024,San Valero,2024,Red,3.5,3437,4.3,España,Cariñena,España Rhône Blend Tinto,5,3,5.0,1.0,4.0
1181260,Toro 2022,Yaso,2022,Red,3.5,3411,9.35,España,Toro,Toro Tinto (España),5,3,4.5,1.0,3.5
1566718,Soplo 2024,Rafael Cambra,2024,Red,3.5,3362,6.7,España,Valencia,Garnacha (España),5,3,5.0,1.0,3.0
1136186,Uro 2021,Terra d'Uro,2021,Red,3.9,3335,33.1,España,Toro,Toro Tinto (España),5,3,4.5,1.0,3.5
20796,Rioja Crianza 2019,Beronia,2019,Red,3.8,3333,8.75,España,Rioja,Rioja Tinto (España),4,3,4.0,1.0,4.5
6641488,Acuma 2024,EGO,2024,Red,3.9,3324,8.7,España,Jumilla,Tinto (España),4,3,4.0,1.0,3.0
76651,Austum 2023,Bodegas Tionio,2023,Red,3.6,3322,11.65,España,Ribera del Duero,Ribera del Duero Tinto (España),5,3,4.0,1.0,4.0
7137982,La Transición Garnacha 2023,Sociedad Agraria de Viticultores,2023,Red,3.5,3308,6.6,España,Castilla y León,Garnacha (España),5,3,5.0,1.0,3.0
1667265,Garnacha 2022,Ramón Roqueta,2022,Red,3.5,3260,5.5,España,Cataluña,Garnacha (España),5,3,5.0,1.0,3.0
1635436,Gazur 2024,Telmo Rodriguez,2024,Red,3.6,3256,11.2,España,Ribera del Duero,Ribera del Duero Tinto (España),5,3,4.0,1.0,4.0
1386795,V Reserva 2018,Bodegas Faustino,2018,Red,3.9,3232,9.74,España,Rioja Alavesa,Rioja Tinto (España),4,3,4.0,1.0,4.5
4051480,Bala Perdida Alicante Bouschet 2023,Bodegas Arraez,2023,Red,3.7,3198,6.35,España,Alicante,Tinto (España),4,3,4.0,1.0,3.0
1225223,Pago de Valdoneje 2024,Vinos Valtuille,2024,Red,3.7,3162,7.5,España,Bierzo,Mencia (España),3,3,3.5,1.0,3.0
80157,Heredad Candela Monastrell 2021,Barahonda,2021,Red,3.9,3145,16.8,España,Yecla,Monastrell (España),5,3,3.5,1.0,4.5
79853,Lignum Penedès 2023,Albet i Noya,2023,Red,3.7,3095,11.25,España,Penedès,Tinto (España),4,3,4.0,1.0,3.0
2064350,Vendimia Seleccionada 2023,Briego,2023,Red,3.7,3062,7.95,España,Ribera del Duero,Ribera del Duero Tinto (España),5,3,4.0,1.0,4.0
4265252,Remordimiento Tinto 2025,Bodega Cerrón,2025,Red,3.9,3045,10.75,España,Jumilla,España Rhône Blend Tinto,5,3,5.0,1.0,4.0
1656995,Via Edetana Tinto 2023,Edetària,2023,Red,3.8,3034,14.45,España,Terra Alta,Tinto (España),4,3,4.0,1.0,3.0
1199451,Josep Foraster Trepat 2024,Mas Foraster,2024,Red,3.7,3014,14.1,España,Conca de Barberà,Tinto (España),4,3,4.0,1.0,3.0
3316211,Syrah - Garnacha 2021,Beso de Vino,2021,Red,3.5,2999,9.0,España,Cariñena,España Rhône Blend Tinto,5,3,5.0,1.0,4.0
1586637,Senda 2022,Las Moradas de San Martín,2022,Red,3.7,2995,9.9,España,Madrid,Garnacha (España),5,3,5.0,1.0,3.0
1136857,Tempranillo Crianza 2021,Finca Antigua,2021,Red,3.6,2981,6.7,España,La Mancha,Tempranillo (España),4,2,4.5,1.0,4.0
1445814,6 Meses En Barrica 2023,Bodegas Abadía de San Quirce,2023,Red,3.6,2951,9.58,España,Ribera del Duero,Ribera del Duero Tinto (España),5,3,4.0,1.0,4.0
88830,Crianza Rioja 2018,Lan,2018,Red,3.8,2949,8.9,España,Rioja,Rioja Tinto (España),4,3,4.0,1.0,4.5
4462873,Saltamarti 2024,Els Vinyerons,2024,Red,3.7,2932,11.3,España,Penedès,Tempranillo (España),4,2,4.5,1.0,4.0
1570474,Tempranillo - Merlot 2020,Rolland & Galarreta 'R&G',2020,Red,3.8,2926,18.95,España,Ribera del Duero,Ribera del Duero Tinto (España),5,3,4.0,1.0,4.0
1852661,Arienzo Crianza 2018,Marqués de Riscal,2018,Red,3.8,2920,6.25,España,Rioja,Rioja Tinto (España),4,3,4.0,1.0,4.5
1816176,El Marciano 2023,Alfredo Maestro,2023,Red,3.7,2915,15.15,España,Castilla y León,Garnacha (España),5,3,5.0,1.0,3.0
3129085,Gran Coronas Reserva Cabernet Sauvignon 2016,Familia Torres,2016,Red,3.8,2877,31.58,España,Penedès,Cabernet Sauvignon (España),4,3,5.0,1.0,4.0
1228665,L’Equilibrista Negre 2017,Ca N'Estruc,2017,Red,3.8,2858,9.4,España,Cataluña,Tinto (España),4,3,4.0,1.0,3.0
4130793,Goru Verde 2024,EGO,2024,Red,3.7,2855,7.6,España,Jumilla,Monastrell (España),5,3,3.5,1.0,4.5
1295492,P.F Manchuela 2024,Bodegas Ponce,2024,Red,3.7,2851,15.41,España,Manchuela,Tinto (España),4,3,4.0,1.0,3.0
2381588,Infiltrado Tinto 2022,Hacienda del Carche,2022,Red,3.6,2813,11.83,España,Jumilla,España Rhône Blend Tinto,5,3,5.0,1.0,4.0
1567694,Jauna Crianza 2022,Aroa,2022,Red,3.7,2809,8.0,España,Navarra,Tinto (España),4,3,4.0,1.0,3.0
1515739,Valdehermoso Crianza 2022,Valderiz,2022,Red,3.7,2801,14.1,España,Ribera del Duero,Ribera del Duero Tinto (España),5,3,4.0,1.0,4.0
1127025,Colors Tinto 2023,Cérvoles,2023,Red,3.6,2797,11.81,España,Costers del Segre,Tempranillo (España),4,2,4.5,1.0,4.0
1150140,Crianza 2022,Martin Berdugo,2022,Red,3.8,2785,13.25,España,Ribera del Duero,Ribera del Duero Tinto (España),5,3,4.0,1.0,4.0
1171697,Atalayas de Golbán Ribera del Duero Crianza 2021,Dominio de Atauta,2021,Red,3.7,2774,15.8,España,Ribera del Duero,Ribera del Duero Tinto (España),5,3,4.0,1.0,4.0
1937243,Mineral del Montsant 2024,Cara Nord,2024,Red,3.8,2748,12.55,España,Montsant,Montsant Tinto (España),4,3,4.5,1.0,3.5
7569397,22 Pies Rioja Crianza 2021,Familia Torres,2021,Red,3.7,2747,6.83,España,Rioja,Rioja Tinto (España),4,3,4.0,1.0,4.5
1158446,Barrica 2023,Martin Berdugo,2023,Red,3.7,2729,8.95,España,Ribera del Duero,Ribera del Duero Tinto (España),5,3,4.0,1.0,4.0
1125826,Crianza 2021,Señorío de Sarria,2021,Red,3.5,2728,5.3,España,Navarra,Tinto (España),4,3,4.0,1.0,3.0
1225314,Seis 2024,Paco Garcia,2024,Red,3.5,2693,8.45,España,Rioja,Rioja Tinto (España),4,3,4.0,1.0,4.5
1565648,Sein 2022,Vinessens - Casa Balaguer,2022,Red,3.7,2690,12.9,España,Alicante,España Rhône Blend Tinto,5,3,5.0,1.0,4.0
1970960,Abracadabra 2023,Divina Proporción,2023,Red,3.9,2675,11.75,España,Toro,Toro Tinto (España),5,3,4.5,1.0,3.5
1170483,Ribera del Duero Roble 2023,Valtravieso,2023,Red,3.5,2672,11.53,España,Ribera del Duero,Ribera del Duero Tinto (España),5,3,4.0,1.0,4.0
1658806,Glárima Varietales Tinto 2022,Bodega Sommos,2022,Red,3.7,2672,8.85,España,Somontano,Tinto (España),4,3,4.0,1.0,3.0
99007,Finca l'Argatà 2022,Joan d'Anguera,2022,Red,3.9,2661,35.6,España,Montsant,Montsant Tinto (España),4,3,4.5,1.0,3.5
1656007,6 Tinto 2024,Ébano,2024,Red,3.5,2659,9.75,España,Ribera del Duero,Ribera del Duero Tinto (España),5,3,4.0,1.0,4.0
1221602,Jarrarte 2024,Abel Mendoza Monge,2024,Red,3.7,2654,8.9,España,Rioja,Rioja Tinto (España),4,3,4.0,1.0,4.5
1481883,Garnatxa Negra 2024,I Tant,2024,Red,3.6,2651,8.3,España,Montsant,Montsant Tinto (España),4,3,4.5,1.0,3.5
2054820,al Almodí Negre 2024,Altavins,2024,Red,3.7,2630,10.15,España,Terra Alta,Tinto (España),4,3,4.0,1.0,3.0
4194951,Tinto 2024,Siglo,2024,Red,3.7,2616,4.55,España,Rioja,Rioja Tinto (España),4,3,4.0,1.0,4.5
1719686,Angelitos Negros Toro 2022,Maguila,2022,Red,3.7,2607,10.6,España,Toro,Toro Tinto (España),5,3,4.5,1.0,3.5
1368709,Petit Siós Tinto 2024,Costers del Sió,2024,Red,3.6,2606,7.95,España,Costers del Segre,Tinto (España),4,3,4.0,1.0,3.0
1162252,Senda de los Olivos Crianza (Vendimia Seleccionada) 2021,Zifar,2021,Red,3.9,2606,10.99,España,Ribera del Duero,Ribera del Duero Tinto (España),5,3,4.0,1.0,4.0
4615984,Benje 2024,Envínate,2024,Red,3.8,2598,18.44,España,Islas Canarias,Tinto (España),4,3,4.0,1.0,3.0
6823100,Las Pisadas 2021,Bodega La Carbonera,2021,Red,3.9,2583,12.22,España,Rioja,Rioja Tinto (España),4,3,4.0,1.0,4.5
7763502,Finca La Valentina Montaña Crianza 2021,Familia Montaña,2021,Red,3.8,2577,6.85,España,Rioja,Rioja Tinto (España),4,3,4.0,1.0,4.5
4895708,El Galayo Tinto 2023,Cebreros,2023,Red,3.5,2573,12.1,España,Castilla y León,Garnacha (España),5,3,5.0,1.0,3.0
5210948,Tinto 2024,La Bicicleta Voladora,2024,Red,3.7,2573,11.5,España,Rioja,Rioja Tinto (España),4,3,4.0,1.0,4.5
1177915,Pur 2024,Mas Oller,2024,Red,3.7,2569,14.25,España,Cataluña,Tinto (España),4,3,4.0,1.0,3.0
3957265,Tinto 2024,Calabuig,2024,Red,3.6,2564,3.85,España,Valencia,Tempranillo (España),4,2,4.5,1.0,4.0
2915910,Solaz Tempranillo 2023,Osborne,2023,Red,3.5,2546,3.75,España,Castilla,Tempranillo (España),4,2,4.5,1.0,4.0
1823360,Viña Albali Reserva 2019,Félix Solís,2019,Red,3.6,2524,4.18,España,Valdepeñas,Tempranillo (España),4,2,4.5,1.0,4.0
1989615,Cabernet Franc - Merlot Mas Irene 2020,Parés Baltà,2020,Red,3.9,2522,21.2,España,Penedès,Tinto (España),4,3,4.0,1.0,3.0
1587421,Rioja Reserva 2019,Viña Bujanda,2019,Red,3.8,2518,11.5,España,Rioja,Rioja Tinto (España),4,3,4.0,1.0,4.5
1301320,Paco Garnacha - Tempranillo 2022,Paco & Lola,2022,Red,3.6,2517,7.7,España,Navarra,Tinto (España),4,3,4.0,1.0,3.0
5329161,Finca el Lince Monastrell 2021,Familia Bastida,2021,Red,3.8,2493,12.2,España,Jumilla,Monastrell (España),5,3,3.5,1.0,4.5
1775669,Serendipia Edición Limitada 2021,Pago Aylés,2021,Red,3.9,2490,12.95,España,Cariñena,Syrah (España),4,3,4.0,1.0,4.0
1542218,Pinot Noir Alicante 2024,Enrique Mendoza,2024,Red,3.7,2487,11.01,España,Alicante,Tinto (España),4,3,4.0,1.0,3.0
77037,Reserva 2019,Rotllan Torra,2019,Red,3.7,2474,12.1,España,Priorato,Priorat Tinto (España),4,3,5.0,1.0,3.5
5475147,Ètim El Viatge 2024,Falset Marçà,2024,Red,3.6,2472,8.2,España,Montsant,Montsant Tinto (España),4,3,4.5,1.0,3.5
1203986,Tinto 2022,Vizcarra,2022,Red,3.8,2468,17.45,España,Ribera del Duero,Ribera del Duero Tinto (España),5,3,4.0,1.0,4.0
2675664,Lunático Monastrell 2022,Casa de la Ermita,2022,Red,3.8,2454,10.7,España,Jumilla,Monastrell (España),5,3,3.5,1.0,4.5
1165915,Sotorrondero 2022,Jiménez-Landi,2022,Red,3.6,2442,24.26,España,Méntrida,España Rhône Blend Tinto,5,3,5.0,1.0,4.0
1379331,Viñas Viejas Garnacha 2023,Las Rocas,2023,Red,3.8,2407,11.95,España,Calatayud,Garnacha (España),5,3,5.0,1.0,3.0
1179795,5 Merlot 2021,Abadal,2021,Red,3.9,2401,17.95,España,Pla de Bages,Merlot (España),4,3,4.0,1.0,2.5
1952862,La Encina del Inglés Ronda 2024,La Melonera,2024,Red,3.7,2396,12.1,España,Sierras de Málaga,Syrah (España),4,3,4.0,1.0,4.0
1141591,Crianza 2022,Berceo,2022,Red,3.5,2393,6.35,España,Rioja,Rioja Tinto (España),4,3,4.0,1.0,4.5
1169928,Lasendal Selecció 2023,Celler de Capçanes,2023,Red,3.8,2391,10.55,España,Montsant,Montsant Tinto (España),4,3,4.5,1.0,3.5
1635707,Crianza 2021,Trus,2021,Red,3.9,2380,14.4,España,Ribera del Duero,Ribera del Duero Tinto (España),5,3,4.0,1.0,4.0
19435,Colegiata Tempranillo 2024,Fariña,2024,Red,3.6,2377,5.92,España,Toro,Toro Tinto (España),5,3,4.5,1.0,3.5
1299497,La Casilla Bobal 2024,Bodegas Ponce,2024,Red,3.7,2376,12.56,España,Manchuela,Tinto (España),4,3,4.0,1.0,3.0
3349567,Casa Albali Tempranillo - Shiraz 2024,Félix Solís,2024,Red,3.5,2373,4.1,España,Valdepeñas,Tinto (España),4,3,4.0,1.0,3.0
1306938,Mencia 2024,Regina Viarum,2024,Red,3.6,2363,10.8,España,Ribeira Sacra,Mencia (España),3,3,3.5,1.0,3.0
1169714,Fortius Crianza 2021,Valcarlos,2021,Red,3.7,2359,5.51,España,Navarra,Tinto (España),4,3,4.0,1.0,3.0
5563599,Art 2021,El Miracle,2021,Red,3.7,2357,3.99,España,Alicante,Tinto (España),4,3,4.0,1.0,3.0
1178776,Tempranillo 2022,Hermanos Lurton,2022,Red,3.7,2351,16.2,España,Toro,Toro Tinto (España),5,3,4.5,1.0,3.5
3096528,992 2023,Finca Río Negro,2023,Red,3.7,2350,12.25,España,Castilla,Tinto (España),4,3,4.0,1.0,3.0
2755357,Lágrimas de María Crianza Tempranillo 2022,Bodegas Zinio,2022,Red,3.7,2348,6.8,España,Rioja Alta,Rioja Tinto (España),4,3,4.0,1.0,4.5
5545219,Glorioso Selección Especial 100 Años Aniversario 2022,Bodegas Cosme Palacio,2022,Red,3.9,2314,9.5,España,Rioja,Rioja Tinto (España),4,3,4.0,1.0,4.5
1108698,Mas de Leda 2021,Leda,2021,Red,3.8,2309,14.8,España,Castilla y León,Tempranillo (España),4,2,4.5,1.0,4.0
2335907,Garnacha Old Vine 2023,Particular,2023,Red,3.7,2293,17.15,España,Cariñena,Garnacha (España),5,3,5.0,1.0,3.0
7943595,Vi Sec Garnatxa Negra 2024,Sindicat la Figuera,2024,Red,3.9,2241,10.99,España,Montsant,Montsant Tinto (España),4,3,4.5,1.0,3.5
2161628,Monastrell - Tempranillo - Cabernet Sauvignon Crianza 2022,Casa de la Ermita,2022,Red,3.7,2229,10.8,España,Jumilla,Tinto (España),4,3,4.0,1.0,3.0
86346,Navarra Tinto Roble 2023,Pagos de Aráiz,2023,Red,3.6,2223,4.6,España,Navarra,Tinto (España),4,3,4.0,1.0,3.0
1647057,Rioja Excelsus 2021,Vina Herminia,2021,Red,3.7,2220,8.05,España,Rioja,Rioja Tinto (España),4,3,4.0,1.0,4.5
4310932,La Florida Bierzo 2020,Tilenus,2020,Red,3.8,2218,11.83,España,Bierzo,Mencia (España),3,3,3.5,1.0,3.0
1122846,Envejecido 6 Meses En Barrica 2023,Finca La Estacada,2023,Red,3.5,2204,4.93,España,Uclés,Tempranillo (España),4,2,4.5,1.0,4.0
1643710,Depaula Monastrell 2024,Bodegas Ponce,2024,Red,3.6,2199,6.5,España,Manchuela,Monastrell (España),5,3,3.5,1.0,4.5
76784,Crianza 2018,Campo Viejo,2018,Red,3.7,2174,6.1,España,Rioja,Rioja Tinto (España),4,3,4.0,1.0,4.5
1316403,Empordà Cigonyes Negre 2024,Castillo Perelada,2024,Red,3.6,2171,8.25,España,Empordà,Garnacha (España),5,3,5.0,1.0,3.0
1177475,Mas Donis Negre 2024,Celler de Capçanes,2024,Red,3.5,2170,6.63,España,Montsant,Montsant Tinto (España),4,3,4.5,1.0,3.5
3387575,La Petite Agnès 2023,Cal Grau,2023,Red,3.8,2168,12.2,España,Priorato,Priorat Tinto (España),4,3,5.0,1.0,3.5
1128844,Reserva 2018,Eguren Ugarte,2018,Red,3.8,2165,15.65,España,Rioja,Rioja Tinto (España),4,3,4.0,1.0,4.5
13943,Crianza 2020,Finca Antigua,2020,Red,3.5,2163,9.0,España,La Mancha,Tinto (España),4,3,4.0,1.0,3.0
1230030,Novellum 2021,Rejadorada,2021,Red,3.9,2158,11.68,España,Toro,Toro Tinto (España),5,3,4.5,1.0,3.5
4311709,Garnacha 2024,Particular,2024,Red,3.6,2155,5.3,España,Cariñena,Garnacha (España),5,3,5.0,1.0,3.0
1700379,LL Crianza 2022,Bodegas Lleiroso,2022,Red,3.9,2148,14.0,España,Ribera del Duero,Ribera del Duero Tinto (España),5,3,4.0,1.0,4.0
1192383,Abad Dom Bueno Mencia 2022,Abad,2022,Red,3.6,2142,6.28,España,Bierzo,Mencia (España),3,3,3.5,1.0,3.0
7087103,Time Waits For No One (Double Skull) 2024,Finca Bacara,2024,Red,3.9,2137,7.25,España,Jumilla,Monastrell (España),5,3,3.5,1.0,4.5
4464694,La Forcallà de Antonia Fontanars Dels Alforins 2024,Rafael Cambra,2024,Red,3.8,2132,14.5,España,Valencia,Tinto (España),4,3,4.0,1.0,3.0
2650018,a de Aylés 2023,Pago Aylés,2023,Red,3.7,2112,8.7,España,Aragón,Tinto (España),4,3,4.0,1.0,3.0
1138131,Estola Gran Reserva 2018,Bodegas Ayuso,2018,Red,3.7,2106,8.95,España,Castilla,Tinto (España),4,3,4.0,1.0,3.0
1129392,VII Tempranillo 2022,Bodegas Faustino,2022,Red,3.6,2096,4.15,España,Rioja Alavesa,Rioja Tinto (España),4,3,4.0,1.0,4.5
1878302,Bilogia 2023,Los Frailes,2023,Red,3.7,2087,11.05,España,Valencia,España Rhône Blend Tinto,5,3,5.0,1.0,4.0
4537662,Curiós Tempranillo Ull de Llebre Penedès 2023,Albet i Noya,2023,Red,3.5,2084,9.0,España,Penedès,Tempranillo (España),4,2,4.5,1.0,4.0
1799957,Dos 2018,Rafael Cambra,2018,Red,3.6,2077,10.56,España,Valencia,Tinto (España),4,3,4.0,1.0,3.0
11041875,822 Ocho Dos Dos Tempranillo 2023,Juvé & Camps,2023,Red,3.8,2071,13.15,España,Ribera del Duero,Ribera del Duero Tinto (España),5,3,4.0,1.0,4.0
5903001,Tinto 2024,Pepe Mendoza Casa Agrícola,2024,Red,3.9,2070,11.15,España,Alicante,Tinto (España),4,3,4.0,1.0,3.0
1927229,Crianza Ribera del Duero 2021,Lecco,2021,Red,3.9,2060,11.6,España,Ribera del Duero,Ribera del Duero Tinto (España),5,3,4.0,1.0,4.0
3793237,Quite Mencia 2023,Veronica Ortega,2023,Red,3.7,2053,14.45,España,Bierzo,Mencia (España),3,3,3.5,1.0,3.0
77035,Reserva Selecta Rioja 2018,Campillo,2018,Red,3.9,2047,18.98,España,Rioja,Rioja Tinto (España),4,3,4.0,1.0,4.5
1909590,L'Abrunet Negre 2024,Celler Frisach,2024,Red,3.6,2043,8.8,España,Terra Alta,Tinto (España),4,3,4.0,1.0,3.0
1423567,Almate 2023,Alfredo Maestro,2023,Red,3.7,2039,11.3,España,Castilla y León,Tempranillo (España),4,2,4.5,1.0,4.0
7553610,Monastrell - Syrah 2024,Promesa,2024,Red,3.5,2029,6.95,España,Vino de España,España Rhône Blend Tinto,5,3,5.0,1.0,4.0
5373253,El Pedal Tempranillo 2023,Viñedos Hermanos Hernáiz,2023,Red,3.6,2024,8.0,España,Rioja Alta,Rioja Tinto (España),4,3,4.0,1.0,4.5
88730,Sentido 2021,Neo,2021,Red,3.6,2011,10.5,España,Ribera del Duero,Ribera del Duero Tinto (España),5,3,4.0,1.0,4.0
3267201,La Casica del Abuelo 2022,Vinessens - Casa Balaguer,2022,Red,3.7,2003,9.85,España,Alicante,Tinto (España),4,3,4.0,1.0,3.0
1194669,Rioja Crianza 2022,Solabal,2022,Red,3.8,1995,10.45,España,Rioja,Rioja Tinto (España),4,3,4.0,1.0,4.5
1143927,Crianza 2022,El Lagar de Isilla,2022,Red,3.8,1993,17.07,España,Ribera del Duero,Ribera del Duero Tinto (España),5,3,4.0,1.0,4.0
4442568,Crianza 2022,Bodega Sommos,2022,Red,3.8,1991,8.75,España,Somontano,Syrah (España),4,3,4.0,1.0,4.0
4175593,El Politico Garnacha 2024,Baltasar Gracián,2024,Red,3.6,1975,5.17,España,Calatayud,Garnacha (España),5,3,5.0,1.0,3.0
6302004,Migan Tinto 2024,Envínate,2024,Red,3.9,1964,28.5,España,Vino de España,Tinto (España),4,3,4.0,1.0,3.0
7803840,Las Viñas Bastardas 2023,Casa Rojo,2023,Red,3.9,1953,14.7,España,Murcia,Tinto (España),4,3,4.0,1.0,3.0
1638158,Hombros 2022,Casar de Burbia,2022,Red,3.9,1948,18.5,España,Bierzo,Mencia (España),3,3,3.5,1.0,3.0
5826771,Senda Tempranillo 2018,La Candelaria,2018,Red,3.6,1946,7.51,España,Castilla,Tempranillo (España),4,2,4.5,1.0,4.0
5516299,Selección 500 Crianza 2022,Viña Pomal,2022,Red,3.9,1944,12.0,España,Rioja,Rioja Tinto (España),4,3,4.0,1.0,4.5
1230948,MUAC 2022,Terra de Falanis,2022,Red,3.7,1942,9.03,España,Mallorca,Tinto (España),4,3,4.0,1.0,3.0
1233061,Crianza 2020,Tarón,2020,Red,3.7,1940,7.65,España,Rioja Alta,Rioja Tinto (España),4,3,4.0,1.0,4.5
4019016,Gran Colegiata Lagrima 2023,Fariña,2023,Red,3.7,1939,9.97,España,Toro,Toro Tinto (España),5,3,4.5,1.0,3.5
4421885,Vi Sec Garnatxa Fina 2024,Sindicat la Figuera,2024,Red,3.7,1928,10.5,España,Montsant,Montsant Tinto (España),4,3,4.5,1.0,3.5
5647607,Orígenes 2023,Dehesa de Luna,2023,Red,3.8,1923,9.95,España,La Mancha,Tinto (España),4,3,4.0,1.0,3.0
3611492,Reserva 2021,Fuentespina,2021,Red,3.7,1916,15.95,España,Ribera del Duero,Ribera del Duero Tinto (España),5,3,4.0,1.0,4.0
4391591,Sus Scrofa 2024,Pardas,2024,Red,3.6,1894,11.95,España,Penedès,Tinto (España),4,3,4.0,1.0,3.0
1212314,Syrah 2022,De Muller,2022,Red,3.7,1891,8.46,España,Tarragona,Syrah (España),4,3,4.0,1.0,4.0
1126959,Salia 2023,Finca Sandoval,2023,Red,3.8,1886,12.9,España,Manchuela,Tinto (España),4,3,4.0,1.0,3.0
2558831,VN (Vinel-Lo) 2022,Partida Creus,2022,Red,3.9,1879,17.3,España,Penedès,Tinto (España),4,3,4.0,1.0,3.0
1182418,Syrah 2020,Bodegas Clunia,2020,Red,3.9,1876,15.25,España,Castilla y León,Syrah (España),4,3,4.0,1.0,4.0
1301112,Perlat Tinto 2023,Cellers Unió,2023,Red,3.5,1875,9.95,España,Montsant,Montsant Tinto (España),4,3,4.5,1.0,3.5
1219007,Crianza 2023,Medrano Irazu,2023,Red,3.6,1867,7.3,España,Rioja,Rioja Tinto (España),4,3,4.0,1.0,4.5
1194068,Black 2023,MontRubí,2023,Red,3.8,1862,10.5,España,Penedès,Garnacha (España),5,3,5.0,1.0,3.0
1527564,Terra Alta Garnatxa Diorama 2023,Pinord,2023,Red,3.6,1859,10.65,España,Terra Alta,Garnacha (España),5,3,5.0,1.0,3.0
6348969,Vino de Montaña 2021,Península Vinicultores,2021,Red,3.6,1858,7.5,España,Madrid,Tinto (España),4,3,4.0,1.0,3.0
1158443,Joven 2024,Martin Berdugo,2024,Red,3.5,1840,6.93,España,Ribera del Duero,Ribera del Duero Tinto (España),5,3,4.0,1.0,4.0
1273843,Horizonte de Exopto Tinto 2023,Bodegas Exopto,2023,Red,3.8,1833,14.95,España,Rioja,Rioja Tinto (España),4,3,4.0,1.0,4.5
7551225,Tragolargo Monastrell 2024,Vinessens - Casa Balaguer,2024,Red,3.5,1833,7.95,España,Alicante,Monastrell (España),5,3,3.5,1.0,4.5
3547558,Crianza 2017,Fuentespina,2017,Red,3.6,1827,21.0,España,Ribera del Duero,Ribera del Duero Tinto (España),5,3,4.0,1.0,4.0
77019,Viñedos Viejos 2021,Peique,2021,Red,3.7,1824,16.02,España,Bierzo,Mencia (España),3,3,3.5,1.0,3.0
1488203,Castillo de Almansa Crianza 2022,Bodegas Piqueras,2022,Red,3.5,1809,4.99,España,Almansa,Tempranillo (España),4,2,4.5,1.0,4.0
77872,Crianza 2018,Sierra Cantabria,2018,Red,3.9,1808,26.7,España,Rioja,Rioja Tinto (España),4,3,4.0,1.0,4.5
1458025,Ad Libitum Maturana Tinta 2023,Bodega Juan Carlos Sancha,2023,Red,3.8,1806,9.75,España,Rioja,Rioja Tinto (España),4,3,4.0,1.0,4.5
2057518,Pagos del Galir Mencia 2022,Bodegas Virgen de Galir,2022,Red,3.7,1805,10.5,España,Valdeorras,Mencia (España),3,3,3.5,1.0,3.0
76502,Crianza 2022,Conde de Siruela,2022,Red,3.9,1805,11.22,España,Ribera del Duero,Ribera del Duero Tinto (España),5,3,4.0,1.0,4.0
1223389,Pampaneo Tempranillo 2023,Bodega Bruno Ruiz - Esencia Rural,2023,Red,3.6,1799,21.3,España,La Mancha,Tempranillo (España),4,2,4.5,1.0,4.0
1229780,Roble 2024,Conde de Siruela,2024,Red,3.6,1798,7.9,España,Ribera del Duero,Ribera del Duero Tinto (España),5,3,4.0,1.0,4.0
1923912,Selección 2022,Anayón,2022,Red,3.9,1792,18.0,España,Cariñena,Tinto (España),4,3,4.0,1.0,3.0
1627120,Lo Petit de La Casa 2023,Trossos del Priorat,2023,Red,3.8,1788,16.45,España,Priorato,Priorat Tinto (España),4,3,5.0,1.0,3.5
1273968,Volandera 2024,Calandria,2024,Red,3.7,1784,9.5,España,Navarra,Garnacha (España),5,3,5.0,1.0,3.0
51664,Azul 2022,Guelbenzu,2022,Red,3.8,1779,7.15,España,Ribera del Queiles,Tempranillo (España),4,2,4.5,1.0,4.0
3326797,Petit Saó 2022,Mas Blanch I Jove,2022,Red,3.7,1778,9.9,España,Costers del Segre,Tinto (España),4,3,4.0,1.0,3.0
10249,Reserva Vendimia Seleccionada 2018,Bodegas Marqués de Cáceres,2018,Red,3.9,1778,12.1,España,Rioja,Rioja Tinto (España),4,3,4.0,1.0,4.5
77109,Prima 2021,Portia,2021,Red,3.7,1772,16.49,España,Ribera del Duero,Ribera del Duero Tinto (España),5,3,4.0,1.0,4.0
1915135,Palacio Quemado La Zarcita 2023,Alvear,2023,Red,3.7,1771,12.1,España,Extremadura,Tinto (España),4,3,4.0,1.0,3.0
1169235,El Picaro 2023,Matsu,2023,Red,3.9,1769,8.17,España,Toro,Toro Tinto (España),5,3,4.5,1.0,3.5
7414824,Sangre de Toro Reserva 2020,Familia Torres,2020,Red,3.7,1765,15.15,España,Penedès,Syrah (España),4,3,4.0,1.0,4.0
2035736,A Cappela Roble 2024,Monteabellon,2024,Red,3.5,1763,8.98,España,Ribera del Duero,Ribera del Duero Tinto (España),5,3,4.0,1.0,4.0
5743891,Joven de Viñas Viejas 2024,Goyo Garcia Viadero,2024,Red,3.8,1760,24.8,España,Ribera del Duero,Ribera del Duero Tinto (España),5,3,4.0,1.0,4.0
1595750,Cueva de Lobos Crianza 2023,Bodegas Javier San Pedro Ortega,2023,Red,3.7,1758,7.5,España,Rioja,Rioja Tinto (España),4,3,4.0,1.0,4.5
13944,Reserva 2018,Finca Antigua,2018,Red,3.9,1752,13.5,España,La Mancha,Tinto (España),4,3,4.0,1.0,3.0
1558739,Ariana 2024,El Grifo,2024,Red,3.8,1752,23.7,España,Lanzarote,Tinto (España),4,3,4.0,1.0,3.0
1126216,Crianza 2020,Viña Pomal,2020,Red,3.8,1749,18.0,España,Rioja,Rioja Tinto (España),4,3,4.0,1.0,4.5
1193066,Crianza 2021,Sonsierra,2021,Red,3.5,1748,7.45,España,Rioja Alta,Rioja Tinto (España),4,3,4.0,1.0,4.5
1155142,Valdehermoso Joven 2024,Valderiz,2024,Red,3.5,1748,6.07,España,Ribera del Duero,Ribera del Duero Tinto (España),5,3,4.0,1.0,4.0
1737208,Les Sorts Jove 2025,Celler Masroig,2025,Red,3.5,1744,6.95,España,Montsant,Montsant Tinto (España),4,3,4.5,1.0,3.5
3528343,Tio Uco 2025,Alvar de Dios,2025,Red,3.6,1737,11.6,España,Toro,Toro Tinto (España),5,3,4.5,1.0,3.5
6506050,Special Selection Old Vine Cariñena 2016,Monasterio de Las Vinas,2016,Red,3.5,1734,12.0,España,Cariñena,Tinto (España),4,3,4.0,1.0,3.0
6691245,Roble 2023,Bela,2023,Red,3.7,1728,10.5,España,Ribera del Duero,Ribera del Duero Tinto (España),5,3,4.0,1.0,4.0
1161418,Malpaso Syrah 2023,Canopy,2023,Red,3.6,1720,14.0,España,Méntrida,Syrah (España),4,3,4.0,1.0,4.0
2076614,Tempranillo 2023,Sierra de Toloño,2023,Red,3.8,1718,12.5,España,Rioja,Rioja Tinto (España),4,3,4.0,1.0,4.5
7270566,Doble Cuerpo Garnacha 2018,Carlos Ruben,2018,Red,3.9,1717,12.5,España,Calatayud,Garnacha (España),5,3,5.0,1.0,3.0
2554070,4 Monastrell 2023,Equilibrio,2023,Red,3.8,1717,7.95,España,Jumilla,Monastrell (España),5,3,3.5,1.0,4.5
2766217,Justina 2022,De Moya,2022,Red,3.8,1716,6.95,España,Valencia,Tinto (España),4,3,4.0,1.0,3.0
1889918,Unculín Valtuille de Abajo Vino de Villa Tinto 2023,Jose Antonio García,2023,Red,3.6,1706,13.2,España,Bierzo,Mencia (España),3,3,3.5,1.0,3.0
2516179,Rioja Tinto 2025,Ostatu,2025,Red,3.5,1693,8.2,España,Rioja Alavesa,Rioja Tinto (España),4,3,4.0,1.0,4.5
1146693,Petit Verdot Alicante 2022,Enrique Mendoza,2022,Red,3.8,1691,13.95,España,Alicante,Tinto (España),4,3,4.0,1.0,3.0
15714,Crianza 2022,Barahonda,2022,Red,3.9,1682,8.25,España,Yecla,Tinto (España),4,3,4.0,1.0,3.0
1668586,Ecológico Monastrell - Syrah 2019,Lavia,2019,Red,3.6,1674,9.6,España,Bullas,España Rhône Blend Tinto,5,3,5.0,1.0,4.0
1500052,Tinto 2024,Bodegas Aradon,2024,Red,3.5,1666,3.98,España,Rioja,Rioja Tinto (España),4,3,4.0,1.0,4.5
1776643,Coupage Selección Crianza 2020,Castillo de Monjardin,2020,Red,3.5,1662,18.14,España,Navarra,Tinto (España),4,3,4.0,1.0,3.0
3075581,Tinto 2021,Silice Viticultores,2021,Red,3.7,1659,21.5,España,Ribeira Sacra,Mencia (España),3,3,3.5,1.0,3.0
3802842,Torno Crianza 2020,Hacienda el Ternero,2020,Red,3.8,1655,12.65,España,Rioja Alta,Rioja Tinto (España),4,3,4.0,1.0,4.5
1164191,Seis de Luberri Rioja 2024,Luberri,2024,Red,3.8,1654,9.5,España,Rioja,Rioja Tinto (España),4,3,4.0,1.0,4.5
1148206,Tinto Roble 2020,Tagonius,2020,Red,3.6,1633,8.88,España,Madrid,Tinto (España),4,3,4.0,1.0,3.0
1319843,y de Aylés 2021,Pago Aylés,2021,Red,3.8,1633,11.1,España,Aragón,Tinto (España),4,3,4.0,1.0,3.0
1393973,Edición Limitada N.V.,8.0.1,N.V.,Red,3.8,1628,9.2,España,Cariñena,Tinto (España),4,3,4.0,1.0,3.0
1949131,Bhilar Plots Rioja Red 2023,Bodegas Bhilar,2023,Red,3.7,1627,13.75,España,Rioja,Rioja Tinto (España),4,3,4.0,1.0,4.5
1489330,Pas Curtei 2023,Alemany i Corrió,2023,Red,3.8,1618,18.55,España,Penedès,Merlot (España),4,3,4.0,1.0,2.5
3816628,Lomba dos Ares 2023,Fedellos do Couto,2023,Red,3.9,1605,20.3,España,Ribeira Sacra,Mencia (España),3,3,3.5,1.0,3.0
1167440,La Miranda de Secastilla Somontano 2020,Viñas del Vero,2020,Red,3.6,1602,11.85,España,Somontano,Tinto (España),4,3,4.0,1.0,3.0
7936,La Planta 2022,Arzuaga,2022,Red,3.9,1594,9.95,España,Ribera del Duero,Ribera del Duero Tinto (España),5,3,4.0,1.0,4.0
7419457,Maruxa Mencia 2023,Bodegas Virgen de Galir,2023,Red,3.6,1579,7.0,España,Valdeorras,Mencia (España),3,3,3.5,1.0,3.0
1208363,Orto Tinto 2023,Orto Vins,2023,Red,3.6,1579,15.15,España,Montsant,Montsant Tinto (España),4,3,4.5,1.0,3.5
1660419,Fusco Mencía 2024,Albamar,2024,Red,3.7,1565,14.85,España,Ribeira Sacra,Mencia (España),3,3,3.5,1.0,3.0
1854855,Clos del Gos 2024,Terra i Vins,2024,Red,3.6,1558,8.55,España,Montsant,Montsant Tinto (España),4,3,4.5,1.0,3.5
7352652,Mimetic 2024,Gallina de Piel,2024,Red,3.8,1556,9.9,España,Calatayud,España Rhône Blend Tinto,5,3,5.0,1.0,4.0
2121989,Lo Petitó de Pascona 2024,Pascona,2024,Red,3.6,1545,8.2,España,Montsant,Montsant Tinto (España),4,3,4.5,1.0,3.5
6587498,El Corralon 2023,Jiménez-Landi,2023,Red,3.7,1541,13.0,España,Méntrida,Tinto (España),4,3,4.0,1.0,3.0
3409339,Tempranillo 2024,Viña Zorzal,2024,Red,3.6,1540,6.75,España,Navarra,Tempranillo (España),4,2,4.5,1.0,4.0
1853501,Estay Prieto Picudo 2020,Dominio Dostares,2020,Red,3.6,1538,8.8,España,Bierzo,Tinto (España),4,3,4.0,1.0,3.0
1152908,T Tempus Crianza 2021,Altavins,2021,Red,3.9,1536,14.5,España,Terra Alta,Tinto (España),4,3,4.0,1.0,3.0
99055,Perlat Syrah 2023,Cellers Unió,2023,Red,3.7,1531,10.4,España,Montsant,Montsant Tinto (España),4,3,4.5,1.0,3.5
1213260,Supernova Roble 2023,Briego,2023,Red,3.5,1529,8.4,España,Ribera del Duero,Ribera del Duero Tinto (España),5,3,4.0,1.0,4.0
1165877,Altos de Raiza 2022,Raiza,2022,Red,3.5,1522,4.49,España,Rioja,Rioja Tinto (España),4,3,4.0,1.0,4.5
1596882,Hiru 3 Rioja Racimos 2021,Luis Cañas,2021,Red,3.9,1517,135.5,España,Rioja,Rioja Tinto (España),4,3,4.0,1.0,4.5
1378087,Jumilla Monastrell Orgánico San Sulfitos 2024,Luzon,2024,Red,3.8,1512,7.05,España,Jumilla,Monastrell (España),5,3,3.5,1.0,4.5
1152010,Club Privado Tinto 2020,Baron de Ley,2020,Red,3.8,1510,16.27,España,Rioja,Rioja Tinto (España),4,3,4.0,1.0,4.5
2738318,Rioja Reserva 2014,Viña Real,2014,Red,3.9,1496,10.95,España,Rioja,Rioja Tinto (España),4,3,4.0,1.0,4.5
3934439,Cuvée Especial Reserva 2021,Viña Real,2021,Red,3.9,1495,8.5,España,Rioja,Rioja Tinto (España),4,3,4.0,1.0,4.5
2346768,Exibis 2024,Can Serra dels Exibis,2024,Red,3.8,1491,10.95,España,Pla de Bages,Tinto (España),4,3,4.0,1.0,3.0
2216555,Crianza 2022,Los Hermanos Manzanos,2022,Red,3.6,1485,6.5,España,Rioja,Rioja Tinto (España),4,3,4.0,1.0,4.5
1181892,Celeste Roble 2023,Pago del Cielo,2023,Red,3.8,1485,18.21,España,Ribera del Duero,Ribera del Duero Tinto (España),5,3,4.0,1.0,4.0
5674255,El Triángulo 2024,Bodegas Luis Perez,2024,Red,3.8,1482,14.9,España,Cádiz,Tinto (España),4,3,4.0,1.0,3.0
9531463,CL98 Tinto 2023,Casa Rojo,2023,Red,3.8,1477,14.25,España,Ribera del Duero,Ribera del Duero Tinto (España),5,3,4.0,1.0,4.0
99546,Ònix Fusió 2023,Vinícola del Priorat,2023,Red,3.8,1467,13.44,España,Priorato,Priorat Tinto (España),4,3,5.0,1.0,3.5
3209761,El Nómada 2022,Finca de la Rica,2022,Red,3.9,1463,15.3,España,Rioja,Rioja Tinto (España),4,3,4.0,1.0,4.5
10448073,La Linde 2025,Lopez Cristobal,2025,Red,3.9,1458,10.66,España,Ribera del Duero,Ribera del Duero Tinto (España),5,3,4.0,1.0,4.0
1936429,Tragolargo 2022,Bodegas Bernabé Navarro,2022,Red,3.5,1458,7.7,España,Alicante,Monastrell (España),5,3,3.5,1.0,4.5
1201169,Finca Rableros 2023,Bodega Otto Bestué,2023,Red,3.7,1457,7.65,España,Somontano,Tinto (España),4,3,4.0,1.0,3.0
1176846,Tinto 2024,Casal de Armán,2024,Red,3.9,1439,12.44,España,Ribeiro,Tinto (España),4,3,4.0,1.0,3.0
2054577,Mencía 2021,Armas de Guerra,2021,Red,3.5,1436,5.78,España,Bierzo,Mencia (España),3,3,3.5,1.0,3.0
77044,Fortius Reserva 2019,Valcarlos,2019,Red,3.8,1428,7.99,España,Navarra,Tinto (España),4,3,4.0,1.0,3.0
5653113,Rebeldes 2024,Wineissocial,2024,Red,3.7,1426,9.95,España,Montsant,Montsant Tinto (España),4,3,4.5,1.0,3.5
2038428,Vermell 2021,Olivardots,2021,Red,3.8,1415,14.05,España,Empordà,Syrah (España),4,3,4.0,1.0,4.0
3589724,Finca el Curvado 2022,Castro Candaz,2022,Red,3.9,1413,16.6,España,Ribeira Sacra,Mencia (España),3,3,3.5,1.0,3.0
1134266,Ribera del Duero Roble 2019,Legaris,2019,Red,3.6,1410,19.3,España,Ribera del Duero,Ribera del Duero Tinto (España),5,3,4.0,1.0,4.0
1392332,Old Vines (La Cantera) Garnacha 2023,Castillo de Monjardin,2023,Red,3.5,1399,7.5,España,Navarra,Garnacha (España),5,3,5.0,1.0,3.0
1446123,Crianza 2019,Nauta,2019,Red,3.5,1398,7.7,España,Alicante,Monastrell (España),5,3,3.5,1.0,4.5
5445061,El Rey del Glam 2022,Alfredo Maestro,2022,Red,3.8,1397,13.12,España,Castilla y León,Garnacha (España),5,3,5.0,1.0,3.0
1110222,Señorío De Lazán Reserva 2019,Bodega Pirineos,2019,Red,3.7,1391,11.01,España,Somontano,Tinto (España),4,3,4.0,1.0,3.0
7165050,Finca Luna Beberide 2023,Luna Beberide,2023,Red,3.6,1388,11.65,España,Bierzo,Mencia (España),3,3,3.5,1.0,3.0
1798788,Cuvée de O Mencia 2021,Avancia,2021,Red,3.8,1387,16.88,España,Valdeorras,Mencia (España),3,3,3.5,1.0,3.0
1764244,Crianza 2019,Valdelacierva,2019,Red,3.8,1385,11.6,España,Rioja,Rioja Tinto (España),4,3,4.0,1.0,4.5
80084,Ribera del Duero Crianza 2019,Legaris,2019,Red,3.9,1384,20.3,España,Ribera del Duero,Ribera del Duero Tinto (España),5,3,4.0,1.0,4.0
2360909,Herrigoia 2024,Bodegas Companon Arrieta (El Mozo Wines),2024,Red,3.6,1378,9.95,España,Rioja Alavesa,Rioja Tinto (España),4,3,4.0,1.0,4.5
1488465,Rioja Crianza 2021,Marques de Vitoria,2021,Red,3.9,1376,16.0,España,Rioja,Rioja Tinto (España),4,3,4.0,1.0,4.5
3179546,Roig Boig 2024,Celler la Salada,2024,Red,3.9,1376,13.15,España,Penedès,Tinto (España),4,3,4.0,1.0,3.0
6441085,Adaras Huella Garnacha Tintonera - Monastrell 2019,Venta La Vega - Bodegas Almanseñas,2019,Red,3.7,1365,17.3,España,Almansa,Tinto (España),4,3,4.0,1.0,3.0
84156,Albacea Monastrell Jumilla 2022,Juan Gil,2022,Red,3.8,1361,14.7,España,Jumilla,Monastrell (España),5,3,3.5,1.0,4.5
1202130,Olagosa Crianza 2021,Perica,2021,Red,3.6,1356,8.95,España,Rioja,Rioja Tinto (España),4,3,4.0,1.0,4.5
1222267,Saó Abrivat 2022,Mas Blanch I Jove,2022,Red,3.9,1343,12.9,España,Costers del Segre,Tinto (España),4,3,4.0,1.0,3.0
5008943,Vermell 2022,Dosterras,2022,Red,3.9,1339,15.0,España,Montsant,Montsant Tinto (España),4,3,4.5,1.0,3.5
1233162,Pegaso Granito 2022,Telmo Rodriguez,2022,Red,3.9,1338,39.95,España,Castilla y León,Garnacha (España),5,3,5.0,1.0,3.0
1218674,Selección 2020,Arrayán,2020,Red,3.7,1323,8.0,España,Méntrida,Tinto (España),4,3,4.0,1.0,3.0
1183727,Piélago 2021,Jiménez-Landi,2021,Red,3.6,1323,32.7,España,Méntrida,Garnacha (España),5,3,5.0,1.0,3.0
7133011,Finca Vallejo Roble 2024,Bela,2024,Red,3.6,1319,9.9,España,Ribera del Duero,Ribera del Duero Tinto (España),5,3,4.0,1.0,4.0
1588509,Garnacha 2020,Sierra Cantabria,2020,Red,3.8,1314,17.99,España,Rioja,Rioja Tinto (España),4,3,4.0,1.0,4.5
1596712,La Garona 2021,Estancia Piedra,2021,Red,3.8,1301,16.0,España,Toro,Toro Tinto (España),5,3,4.5,1.0,3.5
2595942,O Esteiro Tinto 2023,Albamar,2023,Red,3.8,1300,25.5,España,Rías Baixas,Tinto (España),4,3,4.0,1.0,3.0
5893001,Cal Y Canto Tempranillo Roble 2023,Isidro Milagro,2023,Red,3.7,1299,6.35,España,La Mancha,Tempranillo (España),4,2,4.5,1.0,4.0
4191335,Tinto 2022,Artífice,2022,Red,3.6,1294,24.5,España,Islas Canarias,Tinto (España),4,3,4.0,1.0,3.0
1290734,Crianza 2018,Lar de Paula,2018,Red,3.7,1290,9.0,España,Rioja,Rioja Tinto (España),4,3,4.0,1.0,4.5
1569627,Goliardo Tinto (Bastión de la Luna) 2021,Forjas del Salnés,2021,Red,3.6,1288,15.19,España,Rías Baixas,Tinto (España),4,3,4.0,1.0,3.0
2830262,El Cerezo Pinot Noir (Old Vines) 2023,Castillo de Monjardin,2023,Red,3.6,1287,12.95,España,Navarra,Tinto (España),4,3,4.0,1.0,3.0
1576642,Reserva 2017,Monte Real,2017,Red,3.8,1281,11.95,España,Rioja,Rioja Tinto (España),4,3,4.0,1.0,4.5
6316420,Roca del Crit 2022,Gallina de Piel,2022,Red,3.9,1280,16.87,España,Empordà,Tinto (España),4,3,4.0,1.0,3.0
2629986,Dara 2023,Sangenís I Vaqué,2023,Red,3.9,1275,13.0,España,Priorato,Priorat Tinto (España),4,3,5.0,1.0,3.5
2109238,Listán Negro 2025,Bermejo,2025,Red,3.8,1272,21.9,España,Lanzarote,Tinto (España),4,3,4.0,1.0,3.0
6500189,Vi Del Mas 2024,Comunica,2024,Red,3.7,1270,10.6,España,Montsant,Montsant Tinto (España),4,3,4.5,1.0,3.5
2004137,Sa Natura 2021,Celler Piñol,2021,Red,3.8,1269,10.51,España,Terra Alta,Tinto (España),4,3,4.0,1.0,3.0
1224522,Crianza 2020,Hacienda López de Haro,2020,Red,3.8,1262,6.97,España,Rioja,Rioja Tinto (España),4,3,4.0,1.0,4.5
1311342,Phylos Tinta del País 2020,De Blas Serrano,2020,Red,3.8,1261,19.7,España,Ribera del Duero,Ribera del Duero Tinto (España),5,3,4.0,1.0,4.0
4481721,Val De La Osa 2019,Pittacum,2019,Red,3.9,1260,14.4,España,Bierzo,Mencia (España),3,3,3.5,1.0,3.0
5339144,Fraga do Corvo Mencia 2023,Grandes Pagos Gallegos,2023,Red,3.9,1260,13.95,España,Monterrei,Mencia (España),3,3,3.5,1.0,3.0
2482130,Don Baffo 2022,EGO,2022,Red,3.7,1258,8.3,España,Jumilla,Tinto (España),4,3,4.0,1.0,3.0
5582888,La Xara Garnacha 2024,Bodegas Ponce,2024,Red,3.6,1243,9.75,España,Manchuela,Garnacha (España),5,3,5.0,1.0,3.0
9228900,Iceni 2024,Bodega Tesalia,2024,Red,3.8,1243,10.76,España,Andalucía,Tinto (España),4,3,4.0,1.0,3.0
1176701,Ètim Old Vine Grenache 2021,Falset Marçà,2021,Red,3.6,1241,12.1,España,Montsant,Montsant Tinto (España),4,3,4.5,1.0,3.5
5987439,De Chiripa 2023,Valderiz,2023,Red,3.8,1234,12.75,España,Ribera del Duero,Ribera del Duero Tinto (España),5,3,4.0,1.0,4.0
1801956,El Sentido de la Vida 2023,Bodega Cerrón,2023,Red,3.9,1232,14.69,España,Jumilla,Syrah (España),4,3,4.0,1.0,4.0
1545995,Graciano - Cabernet Sauvignon 2023,Viento Aliseo,2023,Red,3.8,1230,9.95,España,La Mancha,Tinto (España),4,3,4.0,1.0,3.0
1285846,Edulis de Altanza Rioja Reserva. 2018,Altanza,2018,Red,3.7,1228,14.0,España,Rioja,Rioja Tinto (España),4,3,4.0,1.0,4.5
7232115,Crianza 2023,Bela,2023,Red,3.7,1225,12.75,España,Ribera del Duero,Ribera del Duero Tinto (España),5,3,4.0,1.0,4.0
3478145,Roble 2024,Dominio de Bornos,2024,Red,3.5,1225,7.5,España,Ribera del Duero,Ribera del Duero Tinto (España),5,3,4.0,1.0,4.0
6003418,Cimal Garnacha 2022,Familia Bastida,2022,Red,3.8,1214,11.2,España,La Mancha,Garnacha (España),5,3,5.0,1.0,3.0
99547,Ònix Evolució 2021,Vinícola del Priorat,2021,Red,3.9,1213,16.79,España,Priorato,Priorat Tinto (España),4,3,5.0,1.0,3.5
1374746,Cachito Mío Toro 2017,Maguila,2017,Red,3.8,1212,19.2,España,Toro,Toro Tinto (España),5,3,4.5,1.0,3.5
3794658,Classic 2021,Bodegas Langa,2021,Red,3.8,1206,12.05,España,Calatayud,Garnacha (España),5,3,5.0,1.0,3.0
1111659,Rioja Crianza 2020,Viña Salceda,2020,Red,3.9,1205,9.85,España,Rioja,Rioja Tinto (España),4,3,4.0,1.0,4.5
1550252,La Capital 2022,Vinos Sanz,2022,Red,3.5,1200,7.15,España,Madrid,Tempranillo (España),4,2,4.5,1.0,4.0
1396841,Marqués de Legarda Crianza 2020,Real Divisa,2020,Red,3.7,1199,9.0,España,Rioja,Rioja Tinto (España),4,3,4.0,1.0,4.5
5445926,Reserva 2015,Altos Ibéricos,2015,Red,3.8,1198,18.9,España,Rioja,Rioja Tinto (España),4,3,4.0,1.0,4.5
4829875,Telescópico Garnacha 2022,Bodegas Frontonio,2022,Red,3.8,1196,19.9,España,Valdejalón,Garnacha (España),5,3,5.0,1.0,3.0
1788240,Ses Nines Selecció 07/9 2021,Tianna Negre,2021,Red,3.9,1192,17.42,España,Binissalem-Mallorca,Tinto (España),4,3,4.0,1.0,3.0
3782529,La Nit de Les Garnatxes Llicorella 2024,Celler de Capçanes,2024,Red,3.9,1190,12.5,España,Montsant,Montsant Tinto (España),4,3,4.5,1.0,3.5
4309569,Paraje Marín 2023,Bruma del Estrecho,2023,Red,3.5,1189,6.8,España,Jumilla,Monastrell (España),5,3,3.5,1.0,4.5
8812892,Pago de Fuentecojo Tempranillo 2024,Pagos del Rey,2024,Red,3.9,1184,21.0,España,Ribera del Duero,Ribera del Duero Tinto (España),5,3,4.0,1.0,4.0
1597594,Mencia 2019,Algueira,2019,Red,3.6,1181,11.35,España,Ribeira Sacra,Mencia (España),3,3,3.5,1.0,3.0
1803914,Trispol 2023,Mesquida Mora,2023,Red,3.9,1172,22.0,España,Plà i Llevant,Tinto (España),4,3,4.0,1.0,3.0
1296115,Garnacha 80 Aniversario 2022,Palacio de Sada,2022,Red,3.8,1171,6.65,España,Navarra,Garnacha (España),5,3,5.0,1.0,3.0
5074652,Aciano (El Pego) 2021,Alvar de Dios,2021,Red,3.8,1166,20.6,España,Toro,Toro Tinto (España),5,3,4.5,1.0,3.5
5426835,AM3 Ribera del Duero 2024,Bodegas Asenjo & Manso,2024,Red,3.7,1165,7.1,España,Ribera del Duero,Ribera del Duero Tinto (España),5,3,4.0,1.0,4.0
2402040,Sol i Vent 2023,Espelt,2023,Red,3.5,1163,8.95,España,Empordà,España Rhône Blend Tinto,5,3,5.0,1.0,4.0
6765730,La Bēstia Negra 2023,Oliveda,2023,Red,3.8,1154,8.06,España,Empordà,Tinto (España),4,3,4.0,1.0,3.0
5237320,Milonga 2022,La Quinta,2022,Red,3.9,1153,20.4,España,Jumilla,Monastrell (España),5,3,3.5,1.0,4.5
1368240,Goliardo Tintos de Mar Caiño 2022,Forjas del Salnés,2022,Red,3.7,1149,27.86,España,Rías Baixas,Tinto (España),4,3,4.0,1.0,3.0
1220063,Vaquos Crianza 2022,Pinord,2022,Red,3.7,1149,15.3,España,Ribera del Duero,Ribera del Duero Tinto (España),5,3,4.0,1.0,4.0
1403094,Finca San Martín Crianza 2020,Torre de Oña,2020,Red,3.9,1149,9.5,España,Rioja,Rioja Tinto (España),4,3,4.0,1.0,4.5
1242059,Montnegre 2023,Ca Sa Padrina,2023,Red,3.6,1146,10.51,España,Binissalem-Mallorca,Tinto (España),4,3,4.0,1.0,3.0
14893,Crianza 2021,Muruve,2021,Red,3.7,1143,9.05,España,Toro,Toro Tinto (España),5,3,4.5,1.0,3.5
5843258,Tempranillo 2024,La Poda,2024,Red,3.7,1143,11.9,España,Ribera del Duero,Ribera del Duero Tinto (España),5,3,4.0,1.0,4.0
2185794,Special Selection 2019,Corona de Aragón,2019,Red,3.5,1141,10.0,España,Cariñena,Tinto (España),4,3,4.0,1.0,3.0
3326582,Clasico Rioja Reserva 2018,Bodegas Olarra,2018,Red,3.9,1140,12.5,España,Rioja,Rioja Tinto (España),4,3,4.0,1.0,4.5
5731628,Mamba 2023,La Quinta,2023,Red,3.9,1128,18.6,España,Ribera del Duero,Ribera del Duero Tinto (España),5,3,4.0,1.0,4.0
3753812,Perill Noir 2017,Clos Lentiscus,2017,Red,3.9,1127,16.95,España,Penedès,Tinto (España),4,3,4.0,1.0,3.0
2448869,Tebaida Nemesio Mencía 2019,Casar de Burbia,2019,Red,3.8,1124,26.8,España,Bierzo,Mencia (España),3,3,3.5,1.0,3.0
3879302,Finca Valdelroble 2022,Callejo,2022,Red,3.9,1121,26.9,España,Ribera del Duero,Ribera del Duero Tinto (España),5,3,4.0,1.0,4.0
1245480,Roble 2022,Pagos de Mogar,2022,Red,3.8,1110,8.25,España,Ribera del Duero,Ribera del Duero Tinto (España),5,3,4.0,1.0,4.0
1138373,Priorat 2016,Genium,2016,Red,3.7,1110,11.87,España,Priorato,Priorat Tinto (España),4,3,5.0,1.0,3.5
1512791,Roble Ribera del Duero 2023,Lecco,2023,Red,3.7,1107,8.95,España,Ribera del Duero,Ribera del Duero Tinto (España),5,3,4.0,1.0,4.0
2133148,Terraprima Negre 2024,Can Ràfols dels Caus,2024,Red,3.8,1101,11.95,España,Penedès,Tinto (España),4,3,4.0,1.0,3.0
1134571,Jumilla Yellow Label 2021,Juan Gil,2021,Red,3.8,1097,7.85,España,Jumilla,Monastrell (España),5,3,3.5,1.0,4.5
1632555,Tinto 2022,Viladellops,2022,Red,3.7,1091,13.99,España,Penedès,España Rhône Blend Tinto,5,3,5.0,1.0,4.0
2211667,Roble 2023,Estancia Piedra,2023,Red,3.7,1088,10.3,España,Toro,Toro Tinto (España),5,3,4.5,1.0,3.5
4604187,Prados Colección Syrah 2023,Pagos del Moncayo,2023,Red,3.9,1082,16.48,España,Campo de Borja,Syrah (España),4,3,4.0,1.0,4.0
3842296,Pinyeres Vi Negre 2022,Celler Masroig,2022,Red,3.8,1079,9.6,España,Montsant,Montsant Tinto (España),4,3,4.5,1.0,3.5
1376585,Reserva 2018,Campo Burgo,2018,Red,3.7,1078,11.0,España,Rioja,Rioja Tinto (España),4,3,4.0,1.0,4.5
1478832,Rioja Garnacha 2023,Burgo Viejo,2023,Red,3.6,1077,10.5,España,Rioja,Rioja Tinto (España),4,3,4.0,1.0,4.5
13941,Syrah 2020,Finca Antigua,2020,Red,3.6,1074,6.4,España,La Mancha,Syrah (España),4,3,4.0,1.0,4.0
2226795,La Rinconada 2021,Barcolobo,2021,Red,3.7,1060,11.6,España,Castilla y León,Tempranillo (España),4,2,4.5,1.0,4.0
6202302,8A Crianza 2022,Bodegas Ochoa,2022,Red,3.7,1050,8.2,España,Navarra,Tinto (España),4,3,4.0,1.0,3.0
1261821,Rioja Crianza 2021,Viña Real,2021,Red,3.8,1047,8.45,España,Rioja,Rioja Tinto (España),4,3,4.0,1.0,4.5
59624,Idoia Negre 2019,Ca N'Estruc,2019,Red,3.7,1044,13.9,España,Cataluña,Tinto (España),4,3,4.0,1.0,3.0
1100348,Rioja Bordón Crianza 2019,Bodegas Franco-Españolas,2019,Red,3.8,1042,6.64,España,Rioja,Rioja Tinto (España),4,3,4.0,1.0,4.5
3081131,Camino de los Arrieros 2022,Alvar de Dios,2022,Red,3.6,1041,15.3,España,Arribes,Tinto (España),4,3,4.0,1.0,3.0
3897098,Brúixola Negre 2022,Terra i Vins,2022,Red,3.9,1040,15.91,España,Priorato,Priorat Tinto (España),4,3,5.0,1.0,3.5
1369439,Eklipse 2020,Itsasmendi,2020,Red,3.9,1039,23.3,España,Bizkaiko Txakolina,Tinto (España),4,3,4.0,1.0,3.0
96034,Terres Negres 2021,Espelt,2021,Red,3.7,1038,15.49,España,Empordà,Tinto (España),4,3,4.0,1.0,3.0
1957794,Min Red 2023,Clos Berenguer,2023,Red,3.9,1036,11.45,España,Priorato,Priorat Tinto (España),4,3,5.0,1.0,3.5
9902730,Merlot - Cabernet Roble 2024,Bodega Sommos,2024,Red,3.7,1034,5.95,España,Somontano,Tinto (España),4,3,4.0,1.0,3.0
2254128,Amic Red 2023,Clos d'Agon,2023,Red,3.7,1033,16.46,España,Cataluña,Syrah (España),4,3,4.0,1.0,4.0
1509310,Altos de la Finca 2019,Finca Constancia,2019,Red,3.9,1025,19.9,España,Castilla,Tinto (España),4,3,4.0,1.0,3.0
1149000,Cueva del Monge Rioja 2019,Vinícola Real,2019,Red,3.9,1025,22.4,España,Rioja,Rioja Tinto (España),4,3,4.0,1.0,4.5
8356701,La Encina Crianza 2020,Obalo,2020,Red,3.9,1016,13.9,España,Rioja,Rioja Tinto (España),4,3,4.0,1.0,4.5
2775710,Reserva Varietales 2021,Finca La Estacada,2021,Red,3.7,1006,9.15,España,Uclés,Tinto (España),4,3,4.0,1.0,3.0
1227522,Terroir de Zinio Garnacha 2021,Bodegas Zinio,2021,Red,3.6,1005,6.7,España,Rioja Alta,Rioja Tinto (España),4,3,4.0,1.0,4.5
1603756,Reserva 2014,Gran Feudo,2014,Red,3.6,1003,19.7,España,Navarra,Tinto (España),4,3,4.0,1.0,3.0
98918,Deyo Merlot de Autor 2021,Castillo de Monjardin,2021,Red,3.7,998,12.1,España,Navarra,Merlot (España),4,3,4.0,1.0,2.5
1784002,Cartesius Negre 2022,Arché Pagès,2022,Red,3.9,996,14.0,España,Empordà,Tinto (España),4,3,4.0,1.0,3.0
1187041,Señorío Amézola Reserva 2019,Amézola de la Mora,2019,Red,3.7,993,16.0,España,Rioja,Rioja Tinto (España),4,3,4.0,1.0,4.5
1206763,Portal Roble (Nuestra Señora) 2021,Celler Piñol,2021,Red,3.7,991,11.75,España,Tarragona,Tinto (España),4,3,4.0,1.0,3.0
1234393,Cientruenos 2022,Calandria,2022,Red,3.7,991,16.2,España,Navarra,Garnacha (España),5,3,5.0,1.0,3.0
5570405,Soul 2022,Crapula,2022,Red,3.8,991,16.0,España,Jumilla,Tinto (España),4,3,4.0,1.0,3.0
6007846,Tinta de Toro 2023,La Poda,2023,Red,3.7,983,12.0,España,Toro,Toro Tinto (España),5,3,4.5,1.0,3.5
1505563,Secua Cabernet - Syrah 2020,Finca La Estacada,2020,Red,3.9,981,16.64,España,Castilla,Tinto (España),4,3,4.0,1.0,3.0
1580101,Les Forques Negre 2023,Mas Candi,2023,Red,3.8,981,12.0,España,Penedès,Tinto (España),4,3,4.0,1.0,3.0
9339266,Nostrat Noir de Noirs 2025,Sumarroca,2025,Red,3.5,981,6.95,España,Penedès,Tinto (España),4,3,4.0,1.0,3.0
5805477,Pago de Valdoneje El Valao Mencia 2022,Vinos Valtuille,2022,Red,3.8,980,12.46,España,Bierzo,Mencia (España),3,3,3.5,1.0,3.0
5937767,Josep Foraster Julieta Trepat 2024,Mas Foraster,2024,Red,3.9,977,20.9,España,Conca de Barberà,Tinto (España),4,3,4.0,1.0,3.0
8842114,Tinto 2024,Linea Kármán,2024,Red,3.8,977,6.5,España,Rioja,Rioja Tinto (España),4,3,4.0,1.0,4.5
1844179,Rocaplana Syrah 2023,Oriol Rossell,2023,Red,3.6,975,12.3,España,Penedès,Syrah (España),4,3,4.0,1.0,4.0
1895952,Sentada Sobre la Bestia 2020,Fil·loxera,2020,Red,3.6,975,12.9,España,Valencia,Tinto (España),4,3,4.0,1.0,3.0
4099809,Tinto 2023,Tras lá Yesca,2023,Red,3.6,975,7.8,España,Toro,Toro Tinto (España),5,3,4.5,1.0,3.5
6290696,Rioja Vega Edición Limitada 2022,Rioja Vega,2022,Red,3.9,973,10.95,España,Rioja,Rioja Tinto (España),4,3,4.0,1.0,4.5
3534054,Infante 2024,Lynus,2024,Red,3.9,971,10.25,España,Ribera del Duero,Ribera del Duero Tinto (España),5,3,4.0,1.0,4.0
8387487,5 Barricas Reserva 2020,Carlos Serres,2020,Red,3.9,970,12.0,España,Rioja,Rioja Tinto (España),4,3,4.0,1.0,4.5
95508,Mysti Syrah 2023,Origami Wines,2023,Red,3.6,967,12.4,España,Montsant,Montsant Tinto (España),4,3,4.5,1.0,3.5
1212042,Mas Collet Barrica 2023,Celler de Capçanes,2023,Red,3.6,967,9.1,España,Montsant,Montsant Tinto (España),4,3,4.5,1.0,3.5
2267969,Ales Negres (Negras) 2024,Terra Remota,2024,Red,3.7,966,10.35,España,Empordà,Tinto (España),4,3,4.0,1.0,3.0
4075513,Corral de los Altos 2023,Viña Zorzal,2023,Red,3.7,963,12.95,España,Navarra,Garnacha (España),5,3,5.0,1.0,3.0
4311415,Mironia Roble 2022,Bodegas Peñafiel,2022,Red,3.8,958,10.6,España,Ribera del Duero,Ribera del Duero Tinto (España),5,3,4.0,1.0,4.0
1546637,Envejecido en Roble Bierzo Mencia 2023,Tilenus,2023,Red,3.6,955,8.09,España,Bierzo,Mencia (España),3,3,3.5,1.0,3.0
1167738,La Llopetera 2023,Escoda-Sanahuja,2023,Red,3.9,952,25.6,España,Conca de Barberà,Tinto (España),4,3,4.0,1.0,3.0
1369588,Rioja Reserva 2018,Marques de Mundaiz,2018,Red,3.7,950,9.9,España,Rioja,Rioja Tinto (España),4,3,4.0,1.0,4.5
1521599,Buena Pinta Moravia Agria - Garnacha 2023,Bodegas Ponce,2023,Red,3.5,950,14.42,España,Manchuela,Tinto (España),4,3,4.0,1.0,3.0
12742008,Asomo 2024,Figuero,2024,Red,3.8,946,11.2,España,Ribera del Duero,Ribera del Duero Tinto (España),5,3,4.0,1.0,4.0
7619617,Crianza 2022,Valdelosfrailes,2022,Red,3.8,945,10.5,España,Cigales,Tempranillo (España),4,2,4.5,1.0,4.0
7414508,Gold Crianza 2020,Pago Los Balancines,2020,Red,3.7,945,9.62,España,Ribera del Guadiana,Tinto (España),4,3,4.0,1.0,3.0
1452915,El Esquilon 2021,Suertes del Marqués,2021,Red,3.9,944,18.85,España,Valle de la Orotava,Tinto (España),4,3,4.0,1.0,3.0
3180715,Crianza 2021,El Ilusionista,2021,Red,3.7,943,11.5,España,Ribera del Duero,Ribera del Duero Tinto (España),5,3,4.0,1.0,4.0
1142380,Josep Foraster Criança 2023,Mas Foraster,2023,Red,3.6,943,10.8,España,Conca de Barberà,Tinto (España),4,3,4.0,1.0,3.0
1130859,Reserva 2019,Laus,2019,Red,3.6,940,9.4,España,Somontano,Tinto (España),4,3,4.0,1.0,3.0
7306771,Crianza 2023,Viña Zorzal,2023,Red,3.8,933,9.1,España,Navarra,Tinto (España),4,3,4.0,1.0,3.0
1726419,Naltres 2023,L'Olivera,2023,Red,3.6,931,11.7,España,Costers del Segre,Tinto (España),4,3,4.0,1.0,3.0
9038538,El Paisano de Tares 2023,Dominio de Tares,2023,Red,3.7,930,8.95,España,Bierzo,Tinto (España),4,3,4.0,1.0,3.0
3005379,Tinto 2023,Bicicletas & Demonios,2023,Red,3.6,928,9.24,España,Ribera del Duero,Ribera del Duero Tinto (España),5,3,4.0,1.0,4.0
100384,Tinto 2021,Montebaco,2021,Red,3.9,927,16.85,España,Ribera del Duero,Ribera del Duero Tinto (España),5,3,4.0,1.0,4.0
1219256,Tinto 2021,Abadia de Poblet,2021,Red,3.9,909,18.55,España,Tarragona,Tinto (España),4,3,4.0,1.0,3.0
1250856,Arroyo del Tórtolas 2023,Bernabeleva,2023,Red,3.9,900,65.76,España,Madrid,Garnacha (España),5,3,5.0,1.0,3.0
3461772,Ulls Negres 2021,Oliveda,2021,Red,3.6,893,8.49,España,Empordà,Garnacha (España),5,3,5.0,1.0,3.0
5360156,Selección 2018,Hacienda el Ternero,2018,Red,3.8,890,16.2,España,Rioja,Rioja Tinto (España),4,3,4.0,1.0,4.5
94709,Quindals 2022,Mas Estela,2022,Red,3.7,889,15.86,España,Empordà,Tinto (España),4,3,4.0,1.0,3.0
4442349,Pino 2024,Bodegas Ponce,2024,Red,3.8,889,21.52,España,Manchuela,Tinto (España),4,3,4.0,1.0,3.0
4967559,SM (Sumoll) 2021,Partida Creus,2021,Red,3.9,888,23.55,España,Penedès,Tinto (España),4,3,4.0,1.0,3.0
5843162,Red/Bat 2023,Pinord,2023,Red,3.8,886,15.95,España,Priorato,Priorat Tinto (España),4,3,5.0,1.0,3.5
1315997,El Aprendiz Tinto 2021,Leyenda del Páramo,2021,Red,3.5,883,7.75,España,Tierra de León,Tinto (España),4,3,4.0,1.0,3.0
1887959,Garciano 2022,Azul y Garanza,2022,Red,3.8,880,9.95,España,Navarra,Tinto (España),4,3,4.0,1.0,3.0
1659215,El Petit Carlania Trepat Fosc 2022,Carlania,2022,Red,3.6,868,11.85,España,Conca de Barberà,Tinto (España),4,3,4.0,1.0,3.0
1159313,Selectus 2016,Finca Los Aljibes,2016,Red,3.7,868,17.05,España,Castilla,Tinto (España),4,3,4.0,1.0,3.0
4986942,Reserva Privada 2020,Enate,2020,Red,3.9,867,10.0,España,Somontano,Tinto (España),4,3,4.0,1.0,3.0
7667895,Syrah Crianza 2020,Finca Antigua,2020,Red,3.8,866,6.95,España,La Mancha,Syrah (España),4,3,4.0,1.0,4.0
4406501,Roble 2023,Portia,2023,Red,3.8,865,7.32,España,Ribera del Duero,Ribera del Duero Tinto (España),5,3,4.0,1.0,4.0
1154646,Furot Monestir 2021,Furot,2021,Red,3.7,864,9.58,España,Empordà,Tinto (España),4,3,4.0,1.0,3.0
6656260,La Estrecha Bobal 2024,Bodegas Ponce,2024,Red,3.8,857,21.58,España,Manchuela,Tinto (España),4,3,4.0,1.0,3.0
7182743,Roble 2022,Ederra,2022,Red,3.6,855,8.5,España,Ribera del Duero,Ribera del Duero Tinto (España),5,3,4.0,1.0,4.0
3671464,La Sabina 2016,Las Moradas de San Martín,2016,Red,3.9,854,16.1,España,Madrid,Garnacha (España),5,3,5.0,1.0,3.0
3433575,Apasionado 2023,Lacrimus,2023,Red,3.7,846,8.6,España,Rioja,Rioja Tinto (España),4,3,4.0,1.0,4.5
74756,1423 Reserva Navarra 2019,Bodegas Príncipe de Viana,2019,Red,3.8,844,17.0,España,Navarra,Tinto (España),4,3,4.0,1.0,3.0
1846376,Les Argiles d'Orto Negre 2024,Orto Vins,2024,Red,3.7,844,10.35,España,Montsant,Montsant Tinto (España),4,3,4.5,1.0,3.5
77042,Fortius Gran Reserva 2018,Valcarlos,2018,Red,3.8,841,9.99,España,Navarra,Tempranillo (España),4,2,4.5,1.0,4.0
1910957,Perafita 2021,Martín Faixó,2021,Red,3.9,840,15.45,España,Empordà,Tinto (España),4,3,4.0,1.0,3.0
5110258,Vendimia Bierzo 2021,Tilenus,2021,Red,3.5,838,8.99,España,Bierzo,Mencia (España),3,3,3.5,1.0,3.0
13942,Tempranillo 2022,Finca Antigua,2022,Red,3.6,835,6.75,España,La Mancha,Tempranillo (España),4,2,4.5,1.0,4.0
2626924,Selecció 2019,Celler Cairats,2019,Red,3.8,833,15.25,España,Montsant,Montsant Tinto (España),4,3,4.5,1.0,3.5
1293547,Reserva 2020,Zuazo Gaston,2020,Red,3.7,833,12.0,España,Rioja,Rioja Tinto (España),4,3,4.0,1.0,4.5
1147670,Hito 2023,Cepa 21,2023,Red,3.9,830,11.2,España,Ribera del Duero,Ribera del Duero Tinto (España),5,3,4.0,1.0,4.0
9446087,Ecológico Organic 2022,Cune (CVNE),2022,Red,3.7,829,13.2,España,Rioja,Rioja Tinto (España),4,3,4.0,1.0,4.5
1250843,Peña Caballera Garnacha 2022,Bodega Marañones,2022,Red,3.8,827,37.5,España,Madrid,Garnacha (España),5,3,5.0,1.0,3.0
1100227,Rioja Crianza 2020,Montecillo,2020,Red,3.8,827,14.67,España,Rioja,Rioja Tinto (España),4,3,4.0,1.0,4.5
6247755,Syrah 2023,Bodegas Quinta de Aves,2023,Red,3.8,826,9.35,España,La Mancha,Syrah (España),4,3,4.0,1.0,4.0
1289821,Sagasta Reserva 2019,Bodegas Olarra,2019,Red,3.6,825,12.75,España,Rioja,Rioja Tinto (España),4,3,4.0,1.0,4.5
1764825,Viña Marro Reserva 2020,Domeco de Jarauta,2020,Red,3.7,823,10.3,España,Rioja,Rioja Tinto (España),4,3,4.0,1.0,4.5
5912963,Bobal de Sanjuan 2024,Cherubino Valsangiacomo,2024,Red,3.7,822,7.0,España,Valencia,Tinto (España),4,3,4.0,1.0,3.0
1982005,Luno 2022,Portal del Priorat,2022,Red,3.7,821,9.84,España,Montsant,Montsant Tinto (España),4,3,4.5,1.0,3.5
1193347,Laya 2023,Atalaya,2023,Red,3.9,820,6.9,España,Almansa,Tinto (España),4,3,4.0,1.0,3.0
1370945,Garnacha 2019,Breca,2019,Red,3.9,819,17.0,España,Calatayud,Garnacha (España),5,3,5.0,1.0,3.0
2665856,Malaspiedras 2022,Bodegas Companon Arrieta (El Mozo Wines),2022,Red,3.9,818,17.8,España,Rioja,Rioja Tinto (España),4,3,4.0,1.0,4.5
1827903,Tinto 2021,Enate,2021,Red,3.5,818,22.95,España,Somontano,Cabernet Sauvignon (España),4,3,5.0,1.0,4.0
1222374,Nit de Lluna 2021,Mas Vicenç,2021,Red,3.7,815,9.25,España,Tarragona,Tinto (España),4,3,4.0,1.0,3.0
4792150,Tintilla Nude 2025,Barbadillo,2025,Red,3.9,815,13.75,España,Cádiz,Tinto (España),4,3,4.0,1.0,3.0
1193923,Gonzalo de Berceo Reserva 2019,Berceo,2019,Red,3.8,815,12.75,España,Rioja,Rioja Tinto (España),4,3,4.0,1.0,4.5
4947927,Cabòries 2022,Mas Candi,2022,Red,3.9,813,14.65,España,Penedès,Tinto (España),4,3,4.0,1.0,3.0
77027,Crianza 2019,Rotllan Torra,2019,Red,3.8,808,9.95,España,Priorato,Priorat Tinto (España),4,3,5.0,1.0,3.5
2581921,4 Meses Roble Monastrell 2022,Alceño,2022,Red,3.5,808,10.95,España,Jumilla,Monastrell (España),5,3,3.5,1.0,4.5
6623899,Listán Negro 2023,El Lomo,2023,Red,3.7,808,16.65,España,Islas Canarias,Tinto (España),4,3,4.0,1.0,3.0
1847,Petit Verdot 2022,Casa de la Ermita,2022,Red,3.8,807,21.0,España,Jumilla,Tinto (España),4,3,4.0,1.0,3.0
1653817,Rioja Crianza 2020,Ederra,2020,Red,3.7,803,6.61,España,Rioja,Rioja Tinto (España),4,3,4.0,1.0,4.5
4406507,Crianza Selección de Familia 2024,Portia,2024,Red,3.8,802,10.4,España,Ribera del Duero,Ribera del Duero Tinto (España),5,3,4.0,1.0,4.0
1176487,Abril 2022,Azul y Garanza,2022,Red,3.5,801,6.8,España,Navarra,Tinto (España),4,3,4.0,1.0,3.0
5420642,Pura Vida Negre 2022,Cellers Underground,2022,Red,3.9,801,12.5,España,Costers del Segre,Tinto (España),4,3,4.0,1.0,3.0
13940,Petit Verdot 2020,Finca Antigua,2020,Red,3.7,800,6.4,España,La Mancha,Tinto (España),4,3,4.0,1.0,3.0
5389307,Tempranillo 2023,Berceo,2023,Red,3.7,798,5.55,España,Rioja,Rioja Tinto (España),4,3,4.0,1.0,4.5
3216606,Ssssssshhhhhh Vins del Silenci Garnatxa Negra 2022,Ulldemolins,2022,Red,3.5,793,7.36,España,Montsant,Montsant Tinto (España),4,3,4.5,1.0,3.5
4418279,Sardón 2016,Quinta Sardonia,2016,Red,3.7,793,13.28,España,Castilla y León,Tempranillo (España),4,2,4.5,1.0,4.0
1576623,Encomienda De La Vega 2023,Divina Proporción,2023,Red,3.5,791,6.3,España,Toro,Toro Tinto (España),5,3,4.5,1.0,3.5
26394,Vall Del Calàs Montsant 2022,Celler de Capçanes,2022,Red,3.8,791,14.15,España,Montsant,Montsant Tinto (España),4,3,4.5,1.0,3.5
1235240,Monje Amestoy de Luberri Reserva 2018,Luberri,2018,Red,3.9,790,19.4,España,Rioja,Rioja Tinto (España),4,3,4.0,1.0,4.5
1158349,Viña Marro 2024,Domeco de Jarauta,2024,Red,3.7,790,4.5,España,Rioja,Rioja Tinto (España),4,3,4.0,1.0,4.5
4346880,SiurAlta Rouge 2023,Vinsnus,2023,Red,3.6,789,13.35,España,Montsant,Montsant Tinto (España),4,3,4.5,1.0,3.5
5944627,Sentero Expresion 2019,Pagos del Rey,2019,Red,3.8,789,16.35,España,Toro,Toro Tinto (España),5,3,4.5,1.0,3.5
10361190,Selección de Viñedos 2019,Bodegas Amaren,2019,Red,3.9,773,14.4,España,Rioja Alavesa,Rioja Tinto (España),4,3,4.0,1.0,4.5
1589546,Carril del Rey 2021,Bernabeleva,2021,Red,3.8,773,30.9,España,Madrid,Garnacha (España),5,3,5.0,1.0,3.0
5921222,Mandó 2023,Abadal,2023,Red,3.7,769,16.9,España,Cataluña,Tinto (España),4,3,4.0,1.0,3.0
1382915,6cepas6 Tinto 2022,Perica,2022,Red,3.7,767,8.95,España,Rioja,Rioja Tinto (España),4,3,4.0,1.0,4.5
5530530,Kimera Garnatxa 2022,LMT Wines,2022,Red,3.8,762,13.2,España,Navarra,Garnacha (España),5,3,5.0,1.0,3.0
1182626,Reserva Syrah 2020,Casa Mariol,2020,Red,3.6,761,9.3,España,Terra Alta,Syrah (España),4,3,4.0,1.0,4.0
58664,Valsalado Rioja 2021,Paisajes,2021,Red,3.9,759,29.5,España,Rioja,Rioja Tinto (España),4,3,4.0,1.0,4.5
6413361,Ademán Carabizal 2023,Bodega y Viñedos Maires,2023,Red,3.8,757,10.5,España,Toro,Toro Tinto (España),5,3,4.5,1.0,3.5
13190,Banda Azul Crianza 2021,Federico Paternina,2021,Red,3.5,757,4.49,España,Rioja,Rioja Tinto (España),4,3,4.0,1.0,4.5
2327297,Crianza Rioja 2021,Vivanco,2021,Red,3.8,754,8.8,España,Rioja,Rioja Tinto (España),4,3,4.0,1.0,4.5
7450121,Motor Callet 2024,4 Kilos Vinícola,2024,Red,3.7,754,18.4,España,Mallorca,Tinto (España),4,3,4.0,1.0,3.0
2727716,Roble 2022,Palomo Cazador,2022,Red,3.5,751,9.95,España,Ribera del Duero,Ribera del Duero Tinto (España),5,3,4.0,1.0,4.0
1420407,La Musa Negre 2021,Vins de Pedra,2021,Red,3.8,751,15.35,España,Conca de Barberà,Tinto (España),4,3,4.0,1.0,3.0
7104581,El Reflejo di Mikaela 2021,Mikaela,2021,Red,3.9,750,16.5,España,Ribera del Júcar,Tinto (España),4,3,4.0,1.0,3.0
1434974,Treintamil (30.000) Maravedies 2019,Bodega Marañones,2019,Red,3.7,749,11.46,España,Madrid,España Rhône Blend Tinto,5,3,5.0,1.0,4.0
1379037,Mencia de Espanillo 2022,Mengoba,2022,Red,3.8,749,28.05,España,Bierzo,Mencia (España),3,3,3.5,1.0,3.0
1302660,Baldomà Selecció 2023,Vall de Baldomar,2023,Red,3.5,746,10.95,España,Costers del Segre,Tinto (España),4,3,4.0,1.0,3.0
1182290,Rioja Reserva 2018,Federico Paternina,2018,Red,3.8,746,6.17,España,Rioja,Rioja Tinto (España),4,3,4.0,1.0,4.5
1233914,Tempranillo 2023,Corcovo - Megía e Hijos,2023,Red,3.6,744,6.25,España,Valdepeñas,Tempranillo (España),4,2,4.5,1.0,4.0
6220373,Tempranillo 2021,Bodegas Quinta de Aves,2021,Red,3.8,742,8.25,España,La Mancha,Tempranillo (España),4,2,4.5,1.0,4.0
2428995,Tan Natural 2023,Terra Remota,2023,Red,3.8,741,14.8,España,Empordà,Garnacha (España),5,3,5.0,1.0,3.0
1218255,Cabernet Sauvignon 2023,De Muller,2023,Red,3.6,737,8.8,España,Tarragona,Cabernet Sauvignon (España),4,3,5.0,1.0,4.0
1184425,Valcanto Syrah 2023,Bodegas Piqueras,2023,Red,3.6,734,6.0,España,Almansa,Syrah (España),4,3,4.0,1.0,4.0
4569474,Colección Bobal Roble 2023,Murviedro,2023,Red,3.7,731,4.9,España,Utiel-Requena,Tinto (España),4,3,4.0,1.0,3.0
62344,Lanzaga Rioja 2018,Bodega Lanzaga,2018,Red,3.9,724,21.5,España,Rioja,Rioja Tinto (España),4,3,4.0,1.0,4.5
1900501,Selección Familiar Crianza 2020,Launa,2020,Red,3.9,719,12.45,España,Rioja,Rioja Tinto (España),4,3,4.0,1.0,4.5
1542578,Uno 2022,Rafael Cambra,2022,Red,3.8,719,16.89,España,Valencia,Monastrell (España),5,3,3.5,1.0,4.5
5304645,Tinto 2022,Ailalá,2022,Red,3.8,718,10.1,España,Ribeiro,Tinto (España),4,3,4.0,1.0,3.0
76947,Crianza 2022,Baltasar Gracián,2022,Red,3.8,715,10.82,España,Aragón,España Rhône Blend Tinto,5,3,5.0,1.0,4.0
1992036,Negre Selecció 2018,Jané Ventura,2018,Red,3.7,712,9.14,España,Penedès,Tinto (España),4,3,4.0,1.0,3.0
1481988,Crianza 2019,Launa,2019,Red,3.7,710,10.95,España,Rioja,Rioja Tinto (España),4,3,4.0,1.0,4.5
2496108,Negre 2024,Bodegas Binifadet,2024,Red,3.6,708,16.35,España,Isla de Menorca,Tinto (España),4,3,4.0,1.0,3.0
5796812,AS Ladieras 2022,Cuevas de Arom,2022,Red,3.8,708,23.4,España,Campo de Borja,Garnacha (España),5,3,5.0,1.0,3.0
2215570,Es Lo Que Hay 2022,El Escocés Volante,2022,Red,3.7,706,17.55,España,Aragón,Garnacha (España),5,3,5.0,1.0,3.0
1902933,Set Tota la Vida 2023,Estones,2023,Red,3.9,705,13.7,España,Montsant,Montsant Tinto (España),4,3,4.5,1.0,3.5
5463135,Malbec 2021,Hacienda Albae,2021,Red,3.6,704,7.5,España,La Mancha,Tinto (España),4,3,4.0,1.0,3.0
1251555,Tinto 2021,Ébano,2021,Red,3.6,699,15.0,España,Ribera del Duero,Ribera del Duero Tinto (España),5,3,4.0,1.0,4.0
8516607,La Quinta de Rafa 2023,Volver,2023,Red,3.8,699,7.86,España,Almansa,Tinto (España),4,3,4.0,1.0,3.0
2070044,Plantadeta Negre Roure 2022,Celler Sabaté,2022,Red,3.7,698,11.9,España,Priorato,Priorat Tinto (España),4,3,5.0,1.0,3.5
2143026,Viña Marro Crianza 2022,Domeco de Jarauta,2022,Red,3.6,697,6.95,España,Rioja,Rioja Tinto (España),4,3,4.0,1.0,4.5
4297638,Granza Tempranillo Roble 2023,Matarromera,2023,Red,3.6,697,10.0,España,Ribera del Duero,Ribera del Duero Tinto (España),5,3,4.0,1.0,4.0
2389188,Conca de Tremp 2023,Terrer de Pallars,2023,Red,3.8,696,14.45,España,Costers del Segre,Tinto (España),4,3,4.0,1.0,3.0
3347958,Miloca Garnatxa 2024,Vendrell Rived,2024,Red,3.7,696,9.44,España,Montsant,Montsant Tinto (España),4,3,4.5,1.0,3.5
1233384,Cæcus Crianza 2021,Pago de Larrea,2021,Red,3.7,691,9.6,España,Rioja Alavesa,Rioja Tinto (España),4,3,4.0,1.0,4.5
1437851,Reserva Tempranillo 2020,Hoya de Cadenas,2020,Red,3.5,689,4.15,España,Utiel-Requena,Tempranillo (España),4,2,4.5,1.0,4.0
6320055,Immortalis Garnacha 2022,Pago Aylés,2022,Red,3.8,687,8.45,España,Calatayud,Garnacha (España),5,3,5.0,1.0,3.0
6447577,Prohibida Únicamente Garnacha 2023,Estancia Piedra,2023,Red,3.8,684,14.5,España,Toro,Toro Tinto (España),5,3,4.5,1.0,3.5
1486461,IO 2019,Masia Serra,2019,Red,3.7,683,13.42,España,Empordà,Tinto (España),4,3,4.0,1.0,3.0
1605256,12 Lunas Garnacha 2024,El Grillo y La Luna,2024,Red,3.9,678,9.9,España,Somontano,Garnacha (España),5,3,5.0,1.0,3.0
9292749,El Porrón de Lara 2023,Finca Torremilanos,2023,Red,3.9,676,15.35,España,Castilla y León,Tempranillo (España),4,2,4.5,1.0,4.0
1799380,Palacio Quemado Reserva 2020,Alvear,2020,Red,3.9,675,13.4,España,Ribera del Guadiana,Tinto (España),4,3,4.0,1.0,3.0
1681959,Plus 2023,Mas Oller,2023,Red,3.8,673,17.48,España,Cataluña,España Rhône Blend Tinto,5,3,5.0,1.0,4.0
1470083,Les Comes d'Orto 2022,Orto Vins,2022,Red,3.8,659,22.5,España,Montsant,Montsant Tinto (España),4,3,4.5,1.0,3.5
10072466,Bakeder 2022,Viña Real,2022,Red,3.8,658,18.9,España,Rioja,Rioja Tinto (España),4,3,4.0,1.0,4.5
7276689,Garnacha 2023,Clos de Lôm,2023,Red,3.9,658,12.9,España,Valencia,Garnacha (España),5,3,5.0,1.0,3.0
1154641,Gran Reserva 2018,Rigau Ros,2018,Red,3.6,658,9.45,España,Empordà,Tinto (España),4,3,4.0,1.0,3.0
1159114,Usatges Rouge 2024,Costers del Siurana,2024,Red,3.9,656,27.15,España,Priorato,Priorat Tinto (España),4,3,5.0,1.0,3.5
2342548,Reserva 2020,Marques del Atrio,2020,Red,3.8,654,12.25,España,Rioja,Rioja Tinto (España),4,3,4.0,1.0,4.5
7084930,Monastrell 2024,Los Frailes,2024,Red,3.7,652,8.25,España,Valencia,Monastrell (España),5,3,3.5,1.0,4.5
6161614,Olbieta Negre 2023,Marco Abella,2023,Red,3.5,651,8.6,España,Cataluña,Tinto (España),4,3,4.0,1.0,3.0
1598262,Altrejo 12 Meses Barrica 2021,Cid Bermúdez,2021,Red,3.9,650,10.2,España,Ribera del Duero,Ribera del Duero Tinto (España),5,3,4.0,1.0,4.0
2158851,100x100 Syrah 2023,Asensio Carcelén,2023,Red,3.9,650,8.25,España,Jumilla,Syrah (España),4,3,4.0,1.0,4.0
1868123,1771 Monastrell 2022,Los Frailes,2022,Red,3.9,650,30.75,España,Valencia,Monastrell (España),5,3,3.5,1.0,4.5
5093674,Negre de Folls 2024,Vins de Pedra,2024,Red,3.6,648,8.9,España,Conca de Barberà,Tinto (España),4,3,4.0,1.0,3.0
7180092,Letargo Vendimia Seleccionada Tempranillo 2024,D. Mateos,2024,Red,3.7,647,5.8,España,Rioja,Rioja Tinto (España),4,3,4.0,1.0,4.5
3648081,Cosecha Tinto 2023,Bodega Akutain,2023,Red,3.7,647,11.8,España,Rioja Alta,Rioja Tinto (España),4,3,4.0,1.0,4.5
7795237,Crianza 2021,Voelos,2021,Red,3.7,646,10.9,España,Rioja,Rioja Tinto (España),4,3,4.0,1.0,4.5
3973869,Cueva de Lobos Joven 2024,Bodegas Javier San Pedro Ortega,2024,Red,3.7,646,5.75,España,Rioja,Rioja Tinto (España),4,3,4.0,1.0,4.5
4381882,Organic Verdecillo 2023,Finca La Solana,2023,Red,3.5,645,7.05,España,Murcia,Monastrell (España),5,3,3.5,1.0,4.5
1616,Gotim Bru 2021,Castell del Remei,2021,Red,3.9,640,9.23,España,Costers del Segre,Tinto (España),4,3,4.0,1.0,3.0
3986477,Colección Privada 2021,Neo,2021,Red,3.7,638,15.0,España,Ribera del Duero,Ribera del Duero Tinto (España),5,3,4.0,1.0,4.0
1595237,Viña Jaraba Crianza 2020,Pago de la Jaraba,2020,Red,3.7,638,16.75,España,La Mancha,Tinto (España),4,3,4.0,1.0,3.0
1177315,Reserva 2016,Marqués de Terán,2016,Red,3.7,638,13.5,España,Rioja,Rioja Tinto (España),4,3,4.0,1.0,4.5
4442974,Mascaradas 2022,Fariña,2022,Red,3.8,635,10.5,España,Castilla y León,Tempranillo (España),4,2,4.5,1.0,4.0
6276504,Roble 2024,Bodega de Bardos,2024,Red,3.8,635,11.3,España,Ribera del Duero,Ribera del Duero Tinto (España),5,3,4.0,1.0,4.0
1912723,Senda de Los Olivos Roble 2024,Zifar,2024,Red,3.9,635,11.05,España,Ribera del Duero,Ribera del Duero Tinto (España),5,3,4.0,1.0,4.0
1609477,Collita Roja 2017,Pardas,2017,Red,3.8,633,31.0,España,Penedès,Tinto (España),4,3,4.0,1.0,3.0
5310958,Manda Huevos Tinto 2021,El Escocés Volante,2021,Red,3.7,631,19.95,España,Aragón,Tinto (España),4,3,4.0,1.0,3.0
1189575,Nona Petit 2022,Conreria d'Scala Dei,2022,Red,3.6,628,15.45,España,Priorato,Priorat Tinto (España),4,3,5.0,1.0,3.5
73859,Finca Renardes 2022,Parató,2022,Red,3.6,628,7.19,España,Penedès,Tinto (España),4,3,4.0,1.0,3.0
7257365,Garnacha - Monastrell 2023,Los Frailes,2023,Red,3.7,627,9.0,España,Valencia,España Rhône Blend Tinto,5,3,5.0,1.0,4.0
15487,Conde de Valdemar Crianza 2019,Bodegas Valdemar,2019,Red,3.9,625,8.88,España,Rioja,Rioja Tinto (España),4,3,4.0,1.0,4.5
1751727,Rioja Cantos de Valpiedra Crianza 2019,Finca Valpiedra,2019,Red,3.6,623,10.0,España,Rioja,Rioja Tinto (España),4,3,4.0,1.0,4.5
1798032,El Médico Tinto 2016,Leyenda del Páramo,2016,Red,3.8,621,16.0,España,Castilla y León,Tinto (España),4,3,4.0,1.0,3.0
2375682,DoUmia Tinto 2020,Pedralonga,2020,Red,3.6,617,17.8,España,Rías Baixas,Tinto (España),4,3,4.0,1.0,3.0
1199185,Venta La Ossa TNT 2019,Bodegas Mano a Mano,2019,Red,3.9,612,16.3,España,Castilla,Tempranillo (España),4,2,4.5,1.0,4.0
2836526,L'Arlequí 2020,Mas Vicenç,2020,Red,3.9,609,12.85,España,Tarragona,Tempranillo (España),4,2,4.5,1.0,4.0
1445056,Gratitud Cabernet Franc 2024,Cosmic,2024,Red,3.7,607,17.35,España,Penedès,Tinto (España),4,3,4.0,1.0,3.0
2072794,Rioja Graciano 2022,Burgo Viejo,2022,Red,3.6,605,10.5,España,Rioja,Rioja Tinto (España),4,3,4.0,1.0,4.5
3782524,La Nit de Les Garnatxes Calissa 2023,Celler de Capçanes,2023,Red,3.8,605,12.9,España,Montsant,Montsant Tinto (España),4,3,4.5,1.0,3.5
2549351,Listán Negro Maceración Carbónica 2024,Bermejo,2024,Red,3.8,604,24.25,España,Lanzarote,Tinto (España),4,3,4.0,1.0,3.0
1569983,Garnacha de Viña Bonita 2022,Bernabeleva,2022,Red,3.8,604,50.2,España,Madrid,Garnacha (España),5,3,5.0,1.0,3.0
2655286,Seis 2021,Azul y Garanza,2021,Red,3.7,602,12.5,España,Navarra,Tinto (España),4,3,4.0,1.0,3.0
8719996,Garnatxa Negra 2023,Reforjat,2023,Red,3.5,602,6.11,España,Terra Alta,Garnacha (España),5,3,5.0,1.0,3.0
3542752,Finca Vallobera Rioja 2018,Bodegas Vallobera,2018,Red,3.8,597,14.8,España,Rioja,Rioja Tinto (España),4,3,4.0,1.0,4.5
6326641,La Dula Garnachas de Altura 2023,Sierra de Toloño,2023,Red,3.9,596,19.6,España,Rioja,Rioja Tinto (España),4,3,4.0,1.0,4.5
1771710,Reserva 2019,Mindiarte,2019,Red,3.5,596,11.25,España,Rioja Alta,Rioja Tinto (España),4,3,4.0,1.0,4.5
6045356,Naturel 2024,Los Frailes,2024,Red,3.7,595,10.75,España,Valencia,España Rhône Blend Tinto,5,3,5.0,1.0,4.0
2566160,Reserva Tempranillo 2020,Pagos de Matanegra,2020,Red,3.8,592,24.0,España,Ribera del Duero,Ribera del Duero Tinto (España),5,3,4.0,1.0,4.0
1459107,Syrah 2023,Hacienda Albae,2023,Red,3.6,591,7.5,España,La Mancha,Syrah (España),4,3,4.0,1.0,4.0
6981077,Colección Roble 2024,Luzon,2024,Red,3.8,590,8.1,España,Jumilla,Monastrell (España),5,3,3.5,1.0,4.5
3219896,Tinto 2021,Celler Cairats,2021,Red,3.6,585,9.4,España,Montsant,Montsant Tinto (España),4,3,4.5,1.0,3.5
1260294,Coto de Hayas Reserva 2019,Bodegas Aragonesas,2019,Red,3.5,585,11.5,España,Campo de Borja,Tinto (España),4,3,4.0,1.0,3.0
77245,Monastrell 2021,Casa Castillo,2021,Red,3.9,582,9.5,España,Jumilla,Monastrell (España),5,3,3.5,1.0,4.5
1480974,Xyz Tridimensional 2022,Aibar,2022,Red,3.5,581,22.9,España,Montsant,Montsant Tinto (España),4,3,4.5,1.0,3.5
7199027,Galeam Crianza 2018,Murviedro,2018,Red,3.8,580,7.45,España,Utiel-Requena,Monastrell (España),5,3,3.5,1.0,4.5
1142455,Crianza 2021,Bodegas Faustino,2021,Red,3.7,577,7.13,España,Rioja Alavesa,Rioja Tinto (España),4,3,4.0,1.0,4.5
5954378,Castroviejo Viñedos Propios Garnacha 2022,Pastor Diaz,2022,Red,3.8,576,8.0,España,Rioja,Rioja Tinto (España),4,3,4.0,1.0,4.5
4789828,Candea Tinto 2022,Quinta da Muradella,2022,Red,3.7,573,14.75,España,Monterrei,Tinto (España),4,3,4.0,1.0,3.0
1367561,Cerro Añon Crianza Rioja 2021,Bodegas Olarra,2021,Red,3.9,571,8.8,España,Rioja,Rioja Tinto (España),4,3,4.0,1.0,4.5
1932072,Cepas Centenarias 2020,Tarón,2020,Red,3.9,568,23.2,España,Rioja Alta,Rioja Tinto (España),4,3,4.0,1.0,4.5
9534126,Sangarida Mencía 2023,Attis,2023,Red,3.8,567,9.81,España,Bierzo,Mencia (España),3,3,3.5,1.0,3.0
2723412,Garnacha 2023,La Maldita,2023,Red,3.7,566,7.5,España,Rioja,Rioja Tinto (España),4,3,4.0,1.0,4.5
1859431,Crianza 2020,Cyan,2020,Red,3.7,566,16.5,España,Toro,Toro Tinto (España),5,3,4.5,1.0,3.5
6215366,Mencia 2023,Paco & Lola,2023,Red,3.6,566,9.46,España,Rías Baixas,Mencia (España),3,3,3.5,1.0,3.0
5257243,La Celestina Crianza 2019,Dominio de Atauta,2019,Red,3.9,565,12.81,España,Ribera del Duero,Ribera del Duero Tinto (España),5,3,4.0,1.0,4.0
1185932,Viña al Lado de la Casa 2022,Viña al Lado de la Casa,2022,Red,3.8,564,14.95,España,Yecla,Tinto (España),4,3,4.0,1.0,3.0
1153105,Crianza Rioja 2018,Marqués de la Concordia,2018,Red,3.8,562,5.75,España,Rioja,Rioja Tinto (España),4,3,4.0,1.0,4.5
5932425,Una Noche y Un Dia 2023,Curii Uvas & Vinos,2023,Red,3.8,562,18.15,España,Alicante,Tinto (España),4,3,4.0,1.0,3.0
11257758,5 Barricas Gran Reserva 2017,Carlos Serres,2017,Red,3.9,561,18.5,España,Rioja,Rioja Tinto (España),4,3,4.0,1.0,4.5
4377480,El Missatger Tinto 2023,Pujol Cargol,2023,Red,3.8,560,11.65,España,Empordà,Tinto (España),4,3,4.0,1.0,3.0
5895119,La Nave 2023,Laventura,2023,Red,3.7,560,9.35,España,Rioja,Rioja Tinto (España),4,3,4.0,1.0,4.5
2020297,Selenita 2024,DiT Celler,2024,Red,3.6,559,10.45,España,Montsant,Montsant Tinto (España),4,3,4.5,1.0,3.5
7203772,Vi-Ve La Llave de Los Sueños Rioja 2023,Bodegas Valdelana,2023,Red,3.7,557,10.85,España,Rioja Alavesa,Rioja Tinto (España),4,3,4.0,1.0,4.5
1525045,Rioja Crianza 2021,Carlos Serres,2021,Red,3.8,554,7.85,España,Rioja,Rioja Tinto (España),4,3,4.0,1.0,4.5
98839,12 Volts 2019,4 Kilos Vinícola,2019,Red,3.8,553,17.9,España,Mallorca,Tinto (España),4,3,4.0,1.0,3.0
7807253,RN Garnacha 2022,Rico Nuevo,2022,Red,3.5,553,13.1,España,Castilla y León,Garnacha (España),5,3,5.0,1.0,3.0
1555195,Reserva 2021,Corcovo - Megía e Hijos,2021,Red,3.9,552,9.17,España,Valdepeñas,Tempranillo (España),4,2,4.5,1.0,4.0
2385114,Flow Tinto 2023,Sota els Àngels,2023,Red,3.7,551,13.77,España,Empordà,Tinto (España),4,3,4.0,1.0,3.0
6270010,VIA XVIII S 2022,Viña Somoza,2022,Red,3.8,550,17.75,España,Valdeorras,Tinto (España),4,3,4.0,1.0,3.0
2897915,Raro Rufete 2021,La Zorra,2021,Red,3.6,549,14.2,España,Sierra de Salamanca,Tinto (España),4,3,4.0,1.0,3.0
1438965,Mas de les Valls Tinto 2023,Celler Devinssi,2023,Red,3.9,548,25.0,España,Priorato,Priorat Tinto (España),4,3,5.0,1.0,3.5
2373181,Mas d'en Pol Red 2024,Celler Xavier Clua,2024,Red,3.5,548,8.15,España,Terra Alta,Tinto (España),4,3,4.0,1.0,3.0
9643643,En El Camino 2021,Michelini i Mufatto,2021,Red,3.8,546,13.94,España,Bierzo,Mencia (España),3,3,3.5,1.0,3.0
6373831,Caliza Monastrell 2022,Los Frailes,2022,Red,3.8,546,17.3,España,Valencia,Monastrell (España),5,3,3.5,1.0,4.5
2230182,Reserva Especial Ribera del Duero 2020,Conde de San Cristobal,2020,Red,3.8,544,37.0,España,Ribera del Duero,Ribera del Duero Tinto (España),5,3,4.0,1.0,4.0
1135812,Selección de Familia Reserva 2019,Vivanco,2019,Red,3.9,542,13.75,España,Rioja,Rioja Tinto (España),4,3,4.0,1.0,4.5
7310758,Ruxe Mencía 2022,Coca i Fitó,2022,Red,3.7,540,12.5,España,Ribeira Sacra,Mencia (España),3,3,3.5,1.0,3.0
14892,Roble 2021,Muruve,2021,Red,3.5,539,6.45,España,Toro,Toro Tinto (España),5,3,4.5,1.0,3.5
7090350,Galeam Monastrell 2023,Murviedro,2023,Red,3.7,538,6.63,España,Alicante,Monastrell (España),5,3,3.5,1.0,4.5
2150614,99 Punts 2023,Espelt,2023,Red,3.6,535,10.5,España,Empordà,España Rhône Blend Tinto,5,3,5.0,1.0,4.0
6217152,Clos Baltasar 2022,San Alejandro,2022,Red,3.9,535,14.3,España,Calatayud,Tinto (España),4,3,4.0,1.0,3.0
1148925,Syrah 2022,Martúe,2022,Red,3.8,534,18.25,España,Campo de la Guardia,Syrah (España),4,3,4.0,1.0,4.0
3046942,5º Tinto 2021,Lar de Maía,2021,Red,3.8,534,13.8,España,Tierra de León,Tinto (España),4,3,4.0,1.0,3.0
1595260,Sòtil 2022,Mesquida Mora,2022,Red,3.8,528,35.85,España,Plà i Llevant,Tinto (España),4,3,4.0,1.0,3.0
1206186,Sícoris Tinto 2022,Castell del Remei,2022,Red,3.5,526,8.9,España,Costers del Segre,Tinto (España),4,3,4.0,1.0,3.0
63114,Valdeorras Mencia Gaba do Xil 2020,Telmo Rodriguez,2020,Red,3.7,526,9.85,España,Valdeorras,Mencia (España),3,3,3.5,1.0,3.0
4445020,Vulcanus Syrah 2023,Encomienda de Cervera,2023,Red,3.8,522,8.5,España,Castilla,Syrah (España),4,3,4.0,1.0,4.0
3868197,Selenita  Nit 2022,DiT Celler,2022,Red,3.9,521,17.95,España,Montsant,Montsant Tinto (España),4,3,4.5,1.0,3.5
1711451,Tinto 2024,Sa Forana,2024,Red,3.7,519,26.5,España,Isla de Menorca,Tinto (España),4,3,4.0,1.0,3.0
1164120,Vendimia Seleccionada Tempranillo 2021,Bodegas Sembro,2021,Red,3.8,516,18.78,España,Ribera del Duero,Ribera del Duero Tinto (España),5,3,4.0,1.0,4.0
1100350,Rioja Bordón Reserva 2018,Bodegas Franco-Españolas,2018,Red,3.9,516,10.75,España,Rioja,Rioja Tinto (España),4,3,4.0,1.0,4.5
1309271,Vendemia Seleccionada 2017,Diez Caballero,2017,Red,3.9,515,18.25,España,Rioja,Rioja Tinto (España),4,3,4.0,1.0,4.5
5621373,4 Meses Red 2025,Volver,2025,Red,3.7,512,7.5,España,La Mancha,Tempranillo (España),4,2,4.5,1.0,4.0
8452716,Ilun Tinto 2024,Gorka Izagirre,2024,Red,3.7,512,13.6,España,Bizkaiko Txakolina,Tinto (España),4,3,4.0,1.0,3.0
1823331,Potencial 2019,Territorio Luthier,2019,Red,3.9,511,14.0,España,Ribera del Duero,Ribera del Duero Tinto (España),5,3,4.0,1.0,4.0
2701689,Vendimia Seleccionada Listán Negro 2021,Ignios Orígenes,2021,Red,3.8,510,50.5,España,Ycoden-Daute-Isora,Tinto (España),4,3,4.0,1.0,3.0
1705514,Tempranillo Crianza 2021,Puente de Rus,2021,Red,3.6,508,7.5,España,La Mancha,Tempranillo (España),4,2,4.5,1.0,4.0
6336448,Cuvée Especial 2023,Juan Gil,2023,Red,3.9,508,7.8,España,Jumilla,Monastrell (España),5,3,3.5,1.0,4.5
4062468,Únic Syrah 2021,Clos Montblanc,2021,Red,3.8,507,9.6,España,Conca de Barberà,Syrah (España),4,3,4.0,1.0,4.0
2026466,La Rasa 2020,Can Serra dels Exibis,2020,Red,3.9,505,19.5,España,Pla de Bages,Tinto (España),4,3,4.0,1.0,3.0
4147772,Tinto 2020,Fazenda Prádio,2020,Red,3.7,505,32.56,España,Galicia,Mencia (España),3,3,3.5,1.0,3.0
3297993,Puntils Criança 2022,Garriguella,2022,Red,3.5,505,7.93,España,Empordà,Tinto (España),4,3,4.0,1.0,3.0
8966854,Pas dels Caus 2022,Bodega Bravo Escós,2022,Red,3.9,504,13.5,España,Priorato,Priorat Tinto (España),4,3,5.0,1.0,3.5
1757771,Mutiko 2023,Aroa,2023,Red,3.6,502,8.0,España,Navarra,Garnacha (España),5,3,5.0,1.0,3.0
7136331,La Lloma Bonicaire - Monastrell 2023,Can'Leandro,2023,Red,3.8,501,16.45,España,Valencia,Tinto (España),4,3,4.0,1.0,3.0
9213328,Parajes del Cabriel 2024,Bruno Murciano,2024,Red,3.6,497,6.6,España,Utiel-Requena,Tinto (España),4,3,4.0,1.0,3.0
8516605,Paso a Paso Tempranillo - Graciano 2024,Volver,2024,Red,3.8,496,7.5,España,Jumilla,Tinto (España),4,3,4.0,1.0,3.0
49564,Ribera del Duero Crianza 2012,Viña Mayor,2012,Red,3.5,496,24.6,España,Ribera del Duero,Ribera del Duero Tinto (España),5,3,4.0,1.0,4.0
8630975,La Tellería 2024,Vinos Valtuille,2024,Red,3.8,496,9.95,España,Bierzo,Mencia (España),3,3,3.5,1.0,3.0
1448359,La Garnacha Olvidada de Aragón 2017,Proyecto Garnachas de España,2017,Red,3.8,495,13.95,España,Aragón,Garnacha (España),5,3,5.0,1.0,3.0
3527652,Crianza 2018,Iron Seven,2018,Red,3.5,494,6.75,España,Rioja,Rioja Tinto (España),4,3,4.0,1.0,4.5
5705918,Rio Lilo Monastrell 2023,Alceño,2023,Red,3.7,494,10.2,España,Jumilla,Monastrell (España),5,3,3.5,1.0,4.5
1997336,Supernova Crianza 2021,Briego,2021,Red,3.7,493,12.95,España,Ribera del Duero,Ribera del Duero Tinto (España),5,3,4.0,1.0,4.0
7334500,Aguja Del Fraile 2022,4 Monos,2022,Red,3.9,492,26.75,España,Madrid,Tinto (España),4,3,4.0,1.0,3.0
1136732,Crianza 2020,Finca Sobreno,2020,Red,3.8,489,8.97,España,Toro,Toro Tinto (España),5,3,4.5,1.0,3.5
2237000,The Invisible Man 2016,Casa Rojo,2016,Red,3.8,486,18.9,España,Rioja Alta,Rioja Tinto (España),4,3,4.0,1.0,4.5
7136417,Garnacha Tintorera 2024,Cueva del Chamán,2024,Red,3.8,485,6.9,España,Castilla,Tinto (España),4,3,4.0,1.0,3.0
5111546,Garnatxa Negra - Syrah 2023,Lo Cometa,2023,Red,3.5,482,7.95,España,Terra Alta,España Rhône Blend Tinto,5,3,5.0,1.0,4.0
1941119,Viña Marro Vendimia Seleccionada 2022,Domeco de Jarauta,2022,Red,3.6,481,6.2,España,Rioja,Rioja Tinto (España),4,3,4.0,1.0,4.5
1293505,Sumoll 2024,Can Ràfols dels Caus,2024,Red,3.6,478,22.95,España,Penedès,Tinto (España),4,3,4.0,1.0,3.0
1131347,Arnegui Crianza Rioja 2018,Pagos del Rey,2018,Red,3.7,477,7.25,España,Rioja,Rioja Tinto (España),4,3,4.0,1.0,4.5
2759829,4U Tinto 2023,Bodegas Diaz Bayo,2023,Red,3.6,476,6.3,España,Ribera del Duero,Ribera del Duero Tinto (España),5,3,4.0,1.0,4.0
1157189,Privilegio Mencia 2022,Ribas del Cúa,2022,Red,3.6,473,23.95,España,Bierzo,Mencia (España),3,3,3.5,1.0,3.0
1900254,Finca Viñas de Arcilla 2019,Goyo Garcia Viadero,2019,Red,3.9,471,39.5,España,Ribera del Duero,Ribera del Duero Tinto (España),5,3,4.0,1.0,4.0
4429593,Historic Tinto 2021,Terroir Al Límit Soc. Lda,2021,Red,3.9,469,23.75,España,Priorato,Priorat Tinto (España),4,3,5.0,1.0,3.5
1203193,Arnegui Reserva 2016,Pagos del Rey,2016,Red,3.9,468,10.5,España,Rioja,Rioja Tinto (España),4,3,4.0,1.0,4.5
6373863,Dolomitas Monastrell 2023,Los Frailes,2023,Red,3.8,468,17.3,España,Valencia,Monastrell (España),5,3,3.5,1.0,4.5
2260109,Porto de Lobos 2019,Adega Ponte da Boga,2019,Red,3.9,467,23.9,España,Ribeira Sacra,Tinto (España),4,3,4.0,1.0,3.0
5554792,El Tio del Carro 2022,Arloren,2022,Red,3.5,466,11.95,España,Jumilla,Tinto (España),4,3,4.0,1.0,3.0
1129452,Casa del Comendador Gran Reserva 2015,Bodegas Lagunilla,2015,Red,3.6,463,11.48,España,Rioja,Rioja Tinto (España),4,3,4.0,1.0,4.5
74770,Crianza 2021,Rioja Vega,2021,Red,3.8,463,8.65,España,Rioja,Rioja Tinto (España),4,3,4.0,1.0,4.5
85758,Hécula Monastrell 2023,Castaño,2023,Red,3.4,20784,7.47,España,Yecla,Monastrell (España),5,3,3.5,1.0,4.5
23477,Roble Cabernet Sauvignon - Merlot Somontano 2024,Viñas del Vero,2024,Red,3.4,12482,5.0,España,Somontano,Tinto (España),4,3,4.0,1.0,3.0
1145711,Abadia Cabernet Sauvignon - Tempranillo 2023,Raimat,2023,Red,3.4,10371,8.9,España,Costers del Segre,Tinto (España),4,3,4.0,1.0,3.0
1509282,Sorte O Soro Val do Bibei 2023,Rafael Palacios,2023,White,4.6,1001,460.0,España,Valdeorras,Spanish Galicia Godello White,3,3,3.0,1.0,
9304579,Territorio Luthier Blanco de Guarda 2022,Territorio Luthier,2022,White,4.5,191,51.97,España,Ribera del Duero,Spanish White,3,2,3.0,1.0,
1622554,Pedrouzos Godello 2022,Valdesil,2022,White,4.5,163,130.0,España,Valdeorras,Spanish Galicia Godello White,3,3,3.0,1.0,
7389094,El Jardín de las Iguales Viñedo Historic Macabeo 2017,Bodegas Frontonio,2017,White,4.5,143,264.7,España,Valdejalón,Spanish White,3,2,3.0,1.0,
9830114,Nas Dunas Albariño 2022,Bodegas Fulcro,2022,White,4.5,135,79.0,España,Rías Baixas,Albariño (España),3,3,1.0,1.0,
1192652,Chardonnay Uno 2011,Enate,2011,White,4.5,104,348.01,España,Somontano,Chardonnay (España),4,3,3.0,1.0,
9975415,Teiró 2022,De Los Abuelos,2022,White,4.5,64,99.95,España,Bierzo,Spanish White,3,2,3.0,1.0,
1127993,Emilio Rojo Blanco 2019,Viña Meín,2019,White,4.5,53,480.0,España,Ribeiro,Spanish White,3,2,3.0,1.0,
11590493,Les Parcelles 2018,Belondrade,2018,White,4.5,47,270.0,España,Rueda,Verdejo (España),3,3,2.0,2.0,
8905048,Perfeccionista Finca Ofelia 2023,DaVide,2023,White,4.5,46,66.91,España,Rías Baixas,Spanish Galicia Godello White,3,3,3.0,1.0,
9048261,Cortado La Barajuela 2018,Bodegas Luis Perez,2018,White,4.5,31,57.24,España,Jerez-Xérès-Sherry,Spanish White,3,2,3.0,1.0,
12070337,Kalamity Blanco 2023,Oxer Wines,2023,White,4.5,27,109.99,España,Rioja,Rioja Blanco (España),3,3,4.5,1.5,
76476,Belondrade y Lurton 2020,Belondrade,2020,White,4.5,1391,75.0,España,Rueda,Verdejo (España),3,3,2.0,2.0,
5177761,Castillo Ygay Gran Reserva Especial Blanco 1986,Marqués de Murrieta,1986,White,4.7,607,1500.0,España,Rioja,Rioja Blanco (España),3,3,4.5,1.5,
6104544,Albillo Vinas Viejas 2018,Dominio del Águila,2018,White,4.5,252,325.0,España,Castilla y León,Spanish White,3,2,3.0,1.0,
3981519,Mirando al Sur 2018,Olivier Rivière,2018,White,4.5,142,71.65,España,Rioja,Rioja Blanco (España),3,3,4.5,1.5,
3363528,Espenyalluchs 2017,Enric Soler,2017,White,4.5,70,95.0,España,Penedès,Spanish White,3,2,3.0,1.0,
12165961,La Aguilera 2019,Dominio del Águila,2019,White,4.5,65,230.0,España,Ribera del Duero,Spanish White,3,2,3.0,1.0,
6056793,Respublica Verdejo 2016,Micro Bio (MicroBio),2016,White,4.5,44,75.95,España,Vino de España,Verdejo (España),3,3,2.0,2.0,
2628,Viña Esmeralda 2025,Familia Torres,2025,White,4.0,57224,8.9,España,Penedès,Spanish White,3,2,3.0,1.0,
1143504,Albariño Atlantico 2025,Mar de Frades,2025,White,4.1,46640,17.9,España,Rías Baixas,Albariño (España),3,3,1.0,1.0,
3704,Terras Gauda O'Rosal 2025,Terras Gauda,2025,White,4.1,44293,13.6,España,Rías Baixas,Albariño (España),3,3,1.0,1.0,
5722875,Mucho Más Blanco N.V.,Félix Solís,N.V.,White,4.0,32109,5.35,España,Castilla,Spanish White,3,2,3.0,1.0,
1781951,Gessamí 2025,Gramona,2025,White,4.1,15321,12.9,España,Penedès,Spanish White,3,2,3.0,1.0,
23476,Gewürztraminer Somontano 2025,Viñas del Vero,2025,White,4.0,13007,11.25,España,Somontano,Spanish White,3,2,3.0,1.0,
6142915,Viñas Viejas Verdejo 2023,Ossian,2023,White,4.2,12375,32.83,España,Castilla y León,Verdejo (España),3,3,2.0,2.0,
6560205,Rueda Verdejo 2025,Bodega de Bardos,2025,White,4.0,6017,7.69,España,Rueda,Verdejo (España),3,3,2.0,2.0,
1240271,Moscatel Old Vines 2024,Botani,2024,White,4.0,5482,13.35,España,Sierras de Málaga,Spanish White,3,2,3.0,1.0,
2495226,Blanco 2025,Ameztoi,2025,White,4.0,5388,11.5,España,Getariako Txakolina,Spanish País Vasco Txakoli White,2,3,3.0,1.0,
1789020,Leirana Finca Genoveva Albariño 2024,Forjas del Salnés,2024,White,4.1,5247,33.95,España,Rías Baixas,Albariño (España),3,3,1.0,1.0,
6349614,Rezabal Txakoli 2025,Rezabal,2025,White,4.0,5063,11.45,España,Getariako Txakolina,Spanish País Vasco Txakoli White,2,3,3.0,1.0,
1147593,Lapola 2023,Dominio do Bibei,2023,White,4.2,5023,25.5,España,Ribeira Sacra,Spanish White,3,2,3.0,1.0,
1552884,LeDomaine Blanco de Guarda 2024,Abadía Retuerta,2024,White,4.3,4764,37.95,España,Abadía Retuerta,Spanish White,3,2,3.0,1.0,
1313684,Quinta de Couselo 2024,Quinta de Couselo,2024,White,4.0,4442,15.5,España,Rías Baixas,Albariño (España),3,3,1.0,1.0,
2623,Milmanda 2022,Familia Torres,2022,White,4.1,4367,69.0,España,Conca de Barberà,Chardonnay (España),4,3,3.0,1.0,
1219806,Blanco 2025,Circe,2025,White,4.0,4104,10.1,España,Rueda,Verdejo (España),3,3,2.0,2.0,
1210648,Godello 2024,Avancia,2024,White,4.2,4087,28.9,España,Valdeorras,Spanish Galicia Godello White,3,3,3.0,1.0,
77131,Rioja Blanco 2021,Allende,2021,White,4.0,3854,24.8,España,Rioja,Rioja Blanco (España),3,3,4.5,1.5,
2468513,Verdejo Organic 2024,Caraballas,2024,White,4.0,3769,13.25,España,Castilla y León,Verdejo (España),3,3,2.0,2.0,
1647969,Rioja Blanco 2024,VALENCISO,2024,White,4.1,3724,19.9,España,Rioja,Rioja Blanco (España),3,3,4.5,1.5,
78778,Navarra Coleccion 125 Blanco 2023,Chivite,2023,White,4.2,3668,57.9,España,Navarra,Chardonnay (España),4,3,3.0,1.0,
4710458,No. 12 Albariño 2025,Paco & Lola,2025,White,4.0,3594,11.25,España,Rías Baixas,Albariño (España),3,3,1.0,1.0,
1187117,1583 Albariño de Fefiñanes 2024,Fefiñanes,2024,White,4.0,3316,26.9,España,Rías Baixas,Albariño (España),3,3,1.0,1.0,
1739977,Mas d'en Compte Priorat White 2021,Cal Pla,2021,White,4.1,3305,14.7,España,Priorato,Spanish White,3,2,3.0,1.0,
4628712,The Orange Republic 2025,Casa Rojo,2025,White,4.0,3262,13.25,España,Valdeorras,Spanish Galicia Godello White,3,3,3.0,1.0,
6494453,Marko Gure Arbasoak 2024,Oxer Wines,2024,White,4.0,3207,22.12,España,Bizkaiko Txakolina,Spanish País Vasco Txakoli White,2,3,3.0,1.0,
1360389,Cepas Vellas Godello 2024,Godeval,2024,White,4.1,3186,20.9,España,Valdeorras,Spanish Galicia Godello White,3,3,3.0,1.0,
1286379,Verdejo 2022,José Pariente,2022,White,4.1,3174,23.9,España,Rueda,Verdejo (España),3,3,2.0,2.0,
5479887,Tarima Mediterráneo 2025,Volver,2025,White,4.0,3120,7.9,España,Alicante,Spanish White,3,2,3.0,1.0,
1491206,Verdejo Fermentado en Barrica 2024,José Pariente,2024,White,4.1,3024,19.2,España,Rueda,Verdejo (España),3,3,2.0,2.0,
2306989,Finca Viñoa Blanco 2024,Pazo Casanova,2024,White,4.0,2860,15.75,España,Ribeiro,Spanish White,3,2,3.0,1.0,
1185085,Albariño 2024,Pazo Baión,2024,White,4.0,2805,18.5,España,Rías Baixas,Albariño (España),3,3,1.0,1.0,
7439115,Xarmant Txakoli 2024,Artomaña Txakolina,2024,White,4.0,2795,9.1,España,Arabako Txakolina,Spanish País Vasco Txakoli White,2,3,3.0,1.0,
1518244,Sauvignon Blanc 2024,Menade,2024,White,4.0,2766,13.01,España,Castilla y León,Sauvignon Blanc (España),3,3,3.0,1.0,
1265045,Predicador Blanco 2024,Bodega Contador (Benjamín Romeo),2024,White,4.0,2708,27.36,España,Rioja,Rioja Blanco (España),3,3,4.5,1.5,
4977519,La Mateo Tempranillo Blanco 2023,D. Mateos,2023,White,4.0,2576,19.95,España,Rioja,Rioja Blanco (España),3,3,4.5,1.5,
1226981,Qué Bonito Cacareaba Blanco 2024,Bodega Contador (Benjamín Romeo),2024,White,4.3,2562,50.9,España,Rioja,Rioja Blanco (España),3,3,4.5,1.5,
1191728,Albariño Do Ferreiro Cepas Vellas 2024,Bodegas Gerardo Mendez,2024,White,4.3,2550,35.86,España,Rías Baixas,Albariño (España),3,3,1.0,1.0,
17417,Cora de Loxarel 2025,Loxarel,2025,White,4.0,2415,10.7,España,Penedès,Spanish White,3,2,3.0,1.0,
3901837,Fraga do Corvo Godello 2024,Grandes Pagos Gallegos,2024,White,4.0,2412,14.75,España,Monterrei,Spanish Galicia Godello White,3,3,3.0,1.0,
1207409,Impromptu Sauvignon Blanc 2024,Hispano Suizas,2024,White,4.0,2394,25.5,España,Utiel-Requena,Sauvignon Blanc (España),3,3,3.0,1.0,
3758825,Barrel Fermented White 2023,Bodegas Amaren,2023,White,4.0,2369,19.8,España,Rioja,Rioja Blanco (España),3,3,4.5,1.5,
4628602,III Tercermilenium Blanco 2024,Cunqueiro,2024,White,4.1,2367,13.8,España,Ribeiro,Spanish White,3,2,3.0,1.0,
1927931,Pezas da Portela Godello 2024,Valdesil,2024,White,4.2,2349,38.65,España,Valdeorras,Spanish Galicia Godello White,3,3,3.0,1.0,
87931,Naiades 2022,Naia,2022,White,4.0,2320,21.75,España,Rueda,Verdejo (España),3,3,2.0,2.0,
3973507,Singular V Malcorta Verdejo 2024,Javier Sanz Viticultor,2024,White,4.1,2275,19.55,España,Rueda,Verdejo (España),3,3,2.0,2.0,
1884649,MR (Mountain Wine) 2024,Telmo Rodriguez,2024,White,4.1,2267,17.0,España,Málaga,Spanish White,3,2,3.0,1.0,
1160154,Nora da Neve 2023,Viña Nora,2023,White,4.1,2249,22.16,España,Rías Baixas,Albariño (España),3,3,1.0,1.0,
1213919,Albariño 2022,Compañía de Vinos Tricó,2022,White,4.0,2173,26.5,España,Rías Baixas,Albariño (España),3,3,1.0,1.0,
1142419,Sauvignon Blanc 2025,Javier Sanz Viticultor,2025,White,4.0,2070,23.4,España,Rueda,Sauvignon Blanc (España),3,3,3.0,1.0,
1378925,La Comtesse de Pazo Barrantes Albariño 2020,Pazo Barrantes,2020,White,4.2,2040,120.0,España,Rías Baixas,Albariño (España),3,3,1.0,1.0,
8254797,The Guv'nor Blanco N.V.,Félix Solís,N.V.,White,4.0,1983,8.95,España,Castilla,Spanish White,3,2,3.0,1.0,
6148206,Atalier 2024,Raúl Pérez,2024,White,4.1,1912,15.75,España,Rías Baixas,Albariño (España),3,3,1.0,1.0,
10072848,Gran Vino Albariño 2019,Pazo Barrantes,2019,White,4.4,1872,73.6,España,Rías Baixas,Albariño (España),3,3,1.0,1.0,
1146614,Finca Valiñas 2020,Mar de Frades,2020,White,4.1,1857,26.35,España,Rías Baixas,Albariño (España),3,3,1.0,1.0,
2288501,Albariño Pedralonga 2024,Pedralonga,2024,White,4.0,1794,20.85,España,Rías Baixas,Albariño (España),3,3,1.0,1.0,
1848747,Viña de Martin Escolma Ribeiro 2021,Luis A. Rodriguez Vazquez,2021,White,4.3,1760,42.71,España,Ribeiro,Spanish White,3,2,3.0,1.0,
7264553,Murmuri 2024,Mas Doix,2024,White,4.0,1699,23.7,España,Priorato,Spanish Catalunya Grenache Blanc White,3,2,3.0,2.0,
1404969,Sketch 2024,Raúl Pérez,2024,White,4.3,1631,58.95,España,Rías Baixas,Albariño (España),3,3,1.0,1.0,
6611009,Habla del Mar 2025,Habla,2025,White,4.0,1625,21.0,España,Extremadura,Spanish White,3,2,3.0,1.0,
99553,Capitel 2022,Ossian,2022,White,4.4,1578,125.0,España,Castilla y León,Verdejo (España),3,3,2.0,2.0,
16125,Únic Chardonnay 2024,Clos Montblanc,2024,White,4.1,1552,13.2,España,Cataluña,Chardonnay (España),4,3,3.0,1.0,
1772476,Autor 2024,Antonio Montero,2024,White,4.0,1549,8.95,España,Ribeiro,Spanish White,3,2,3.0,1.0,
7597704,Alejairén Crianza 2023,El Vínculo,2023,White,4.0,1508,15.11,España,Castilla,Spanish Castilla Airén White,2,1,2.0,1.0,
1278827,Viña de Martin Os Pasás Ribeiro 2023,Luis A. Rodriguez Vazquez,2023,White,4.0,1504,24.9,España,Ribeiro,Spanish White,3,2,3.0,1.0,
7888953,La Escribana Macharnudo 2024,Bodegas Luis Perez,2024,White,4.2,1503,24.5,España,Cádiz,Spanish White,3,2,3.0,1.0,
4883655,Hacienda de Arínzano Chardonnay 2023,Arínzano,2023,White,4.0,1490,16.55,España,Arínzano,Chardonnay (España),4,3,3.0,1.0,
4846683,Nisia Las Suertes Verdejo Old Vines 2024,Ordóñez,2024,White,4.2,1471,21.5,España,Rueda,Verdejo (España),3,3,2.0,2.0,
1815023,Balado Albariño 2024,Zárate,2024,White,4.0,1461,37.4,España,Rías Baixas,Albariño (España),3,3,1.0,1.0,
4498477,Correcaminos Blanco 2024,Micro Bio (MicroBio),2024,White,4.0,1417,15.5,España,Castilla y León,Verdejo (España),3,3,2.0,2.0,
5463531,La Misión 2023,Menade,2023,White,4.1,1402,25.36,España,Rueda,Verdejo (España),3,3,2.0,2.0,
3776659,Perill Blanc 2023,Clos Lentiscus,2023,White,4.0,1400,18.4,España,Penedès,Spanish White,3,2,3.0,1.0,
8030915,Pazo Torre Penelas Blanco Granito Albariño 2022,Familia Torres,2022,White,4.1,1390,39.8,España,Rías Baixas,Albariño (España),3,3,1.0,1.0,
2490865,Navia Albarino 2024,La Caña,2024,White,4.2,1378,21.9,España,Rías Baixas,Albariño (España),3,3,1.0,1.0,
2155298,Viña Tondonia Reserva Blanco 2004,R. López de Heredia,2004,White,4.2,1312,250.0,España,Rioja Alta,Rioja Blanco (España),3,3,4.5,1.5,
2432292,Selecció Blanca 2023,Edetària,2023,White,4.1,1304,27.4,España,Terra Alta,Spanish Catalunya Grenache Blanc White,3,2,3.0,2.0,
8354382,Bobal Blanco 2025,Vicente Gandía,2025,White,4.0,1253,15.3,España,Utiel-Requena,Spanish White,3,2,3.0,1.0,
1757921,Albariño 2024,Eido Da Fonte,2024,White,4.1,1247,13.9,España,Rías Baixas,Albariño (España),3,3,1.0,1.0,
1454565,Blanco 2023,Lagar do Merens,2023,White,4.1,1247,22.0,España,Ribeiro,Spanish White,3,2,3.0,1.0,
1209669,Rueda 2021,El Perro Verde,2021,White,4.0,1244,23.8,España,Rueda,Verdejo (España),3,3,2.0,2.0,
4746869,PAI Albariño 2024,Albamar,2024,White,4.0,1200,38.4,España,Rías Baixas,Albariño (España),3,3,1.0,1.0,
2563202,Primus Circumdedisti Me 2024,Ameztoi,2024,White,4.1,1190,15.5,España,Getariako Txakolina,Spanish País Vasco Txakoli White,2,3,3.0,1.0,
1125013,El Palomar Albariño 2023,Zárate,2023,White,4.1,1184,39.91,España,Rías Baixas,Albariño (España),3,3,1.0,1.0,
1184631,El Rocallís 2022,Can Ràfols dels Caus,2022,White,4.2,1180,45.36,España,Cataluña,Spanish White,3,2,3.0,1.0,
1243393,Missenyora 2024,L'Olivera,2024,White,4.1,1162,13.98,España,Costers del Segre,Spanish White,3,2,3.0,1.0,
5893098,Supernova Moll 2024,Bodega Ca'n Verdura,2024,White,4.0,1162,13.95,España,Binissalem-Mallorca,Spanish White,3,2,3.0,1.0,
6035229,Nobre 2024,Ramón do Casar,2024,White,4.1,1157,25.9,España,Ribeiro,Spanish White,3,2,3.0,1.0,
10523151,Verdejo 2025,Rippa Dorii,2025,White,4.0,1142,6.95,España,Rueda,Verdejo (España),3,3,2.0,2.0,
1843702,Blanco Afrutado 2023,Tajinaste,2023,White,4.0,1134,17.65,España,Valle de la Orotava,Spanish Islas Canarias White,2,3,2.0,1.5,
5069592,Sin Nombre 2022,Micro Bio (MicroBio),2022,White,4.1,1111,31.75,España,Castilla y León,Verdejo (España),3,3,2.0,2.0,
1586229,Cuvée Especial Verdejo 2023,José Pariente,2023,White,4.1,1104,29.5,España,Rueda,Verdejo (España),3,3,2.0,2.0,
1912350,Sesenta e Nove Arrobas Albariño 2023,Albamar,2023,White,4.2,1095,39.75,España,Rías Baixas,Albariño (España),3,3,1.0,1.0,
1169393,Quintaluna 2019,Ossian,2019,White,4.0,1093,14.9,España,Castilla y León,Verdejo (España),3,3,2.0,2.0,
9412660,Blanco de Parcela 2024,Aalto,2024,White,4.2,1081,38.5,España,Castilla y León,Verdejo (España),3,3,2.0,2.0,
2692574,Anahí 2024,Bodegas Javier San Pedro Ortega,2024,White,4.0,1080,7.3,España,Rioja,Rioja Blanco (España),3,3,4.5,1.5,
1994136,Vernatxa Blanca 2023,Celler Frisach,2023,White,4.0,1064,16.95,España,Terra Alta,Spanish Catalunya Grenache Blanc White,3,2,3.0,2.0,
5766980,O Luar do Sil Valdeorras Godello 2024,Pago de Los Capellanes,2024,White,4.2,1059,13.7,España,Valdeorras,Spanish Galicia Godello White,3,3,3.0,1.0,
1173806,Capellanía Reserva 2016,Marqués de Murrieta,2016,White,4.3,1053,79.0,España,Rioja,Rioja Blanco (España),3,3,4.5,1.5,
2078469,Masia Carreras Empordà Blanco 2023,Martí Fabra,2023,White,4.2,1037,22.95,España,Empordà,Spanish White,3,2,3.0,1.0,
1304004,Albariño 2024,DaVide,2024,White,4.0,1034,20.84,España,Rías Baixas,Albariño (España),3,3,1.0,1.0,
2756688,A Teixa Ribeiro 2022,Luis A. Rodriguez Vazquez,2022,White,4.2,1014,31.45,España,Ribeiro,Spanish White,3,2,3.0,1.0,
4151972,Colección Albariño Rías Baixas 2021,Pazo Señorans,2021,White,4.1,1011,24.1,España,Rías Baixas,Albariño (España),3,3,1.0,1.0,
1233138,QX Quatre Xarel·los 2024,Mas Candi,2024,White,4.1,1006,18.3,España,Penedès,Spanish White,3,2,3.0,1.0,
7287751,Excellens Verdejo 2025,Bodegas Marqués de Cáceres,2025,White,4.0,1002,7.45,España,Rueda,Verdejo (España),3,3,2.0,2.0,
1543909,Coma Blanca Priorat 2022,Mas d'en Gil,2022,White,4.2,995,32.0,España,Priorato,Spanish White,3,2,3.0,1.0,
2681086,Mar Albariño 2024,Attis,2024,White,4.4,991,77.75,España,Rías Baixas,Albariño (España),3,3,1.0,1.0,
63224,Molino Real 2021,Telmo Rodriguez,2021,White,4.3,986,42.5,España,Málaga,Spanish White,3,2,3.0,1.0,
6835104,El Pagès Content Blanc 2024,Celler la Salada,2024,White,4.0,983,12.4,España,Penedès,Spanish White,3,2,3.0,1.0,
1775097,Malvasía Coleccion Semidulce 2025,El Grifo,2025,White,4.0,977,20.9,España,Lanzarote,Spanish Islas Canarias White,2,3,2.0,1.5,
9063,Chardonnay Fermentado en Barrica 2022,Enate,2022,White,4.2,974,18.2,España,Somontano,Chardonnay (España),4,3,3.0,1.0,
1127205,Blanc 2023,Gran Clos,2023,White,4.1,967,19.9,España,Priorato,Spanish White,3,2,3.0,1.0,
7106372,Pureza 2024,Pepe Mendoza Casa Agrícola,2024,White,4.0,963,16.1,España,Alicante,Spanish White,3,2,3.0,1.0,
2030936,O Equilibrio 2024,Bodegas Fulcro,2024,White,4.1,957,23.5,España,Rías Baixas,Albariño (España),3,3,1.0,1.0,
5618426,Marina Gewürztraminer 2025,Bodega Otto Bestué,2025,White,4.0,952,8.95,España,Somontano,Spanish White,3,2,3.0,1.0,
1208693,Pairal Xarel-lo 2021,Can Ràfols dels Caus,2021,White,4.1,947,45.36,España,Cataluña,Spanish White,3,2,3.0,1.0,
1425985,Nanclares Albariño 2022,Nanclares y Prieto,2022,White,4.0,942,24.6,España,Rías Baixas,Albariño (España),3,3,1.0,1.0,
1595798,Sasserra Malvasía de Sitges 2021,Vega de Ribes,2021,White,4.0,932,17.0,España,Penedès,Spanish White,3,2,3.0,1.0,
10162691,Pansa Blanca 2024,Can Matons,2024,White,4.0,930,11.95,España,Alella,Spanish White,3,2,3.0,1.0,
1213907,La Calma 2022,Can Ràfols dels Caus,2022,White,4.1,929,50.8,España,Penedès,Spanish White,3,2,3.0,1.0,
1683772,Viura 2024,Abel Mendoza Monge,2024,White,4.0,928,30.5,España,Rioja,Rioja Blanco (España),3,3,4.5,1.5,
4626475,Barón de Chirel Viñas Centenarias 2023,Marqués de Riscal,2023,White,4.2,922,59.2,España,Castilla y León,Verdejo (España),3,3,2.0,2.0,
11448022,Garnatxa Blanca 2025,Can Sumoi,2025,White,4.0,900,11.95,España,Penedès,Spanish Catalunya Grenache Blanc White,3,2,3.0,2.0,
1652146,Txakoli 2024,Txomin Etxaniz,2024,White,4.1,884,11.15,España,Getariako Txakolina,Spanish País Vasco Txakoli White,2,3,3.0,1.0,
1675710,Finca Misenhora Edición Limitada 2023,Casal de Armán,2023,White,4.3,877,25.75,España,Ribeiro,Spanish White,3,2,3.0,1.0,
5475411,Massipa de Scala Dei Garnatxa Blanca - Xenin 2023,Scala Dei,2023,White,4.3,874,40.33,España,Priorato,Spanish White,3,2,3.0,1.0,
4919107,Cantallops Xarel-lo 2023,AT Roca,2023,White,4.1,869,21.0,España,Penedès,Spanish White,3,2,3.0,1.0,
9618104,Gres 2024,Anima Mundi,2024,White,4.0,852,12.3,España,Penedès,Spanish White,3,2,3.0,1.0,
1149001,Cueva del Monge Blanco 2021,Vinícola Real,2021,White,4.0,851,21.88,España,Rioja,Rioja Blanco (España),3,3,4.5,1.5,
8685926,La Imprudent Garnatxa Blanca 2024,Herència Altés,2024,White,4.0,848,10.5,España,Terra Alta,Spanish Catalunya Grenache Blanc White,3,2,3.0,2.0,
78776,Arínzano Gran Vino Blanco 2019,Arínzano,2019,White,4.3,844,71.0,España,Arínzano,Chardonnay (España),4,3,3.0,1.0,
9542815,La Llorona Godello 2024,Veronica Ortega,2024,White,4.1,831,28.5,España,Bierzo,Spanish White,3,2,3.0,1.0,
1949504,Alma de Mar Albariño 2024,Albamar,2024,White,4.1,826,34.4,España,Rías Baixas,Albariño (España),3,3,1.0,1.0,
5142763,Rosa Ruiz Albariño 2024,Santiago Ruiz,2024,White,4.0,821,19.24,España,Rías Baixas,Albariño (España),3,3,1.0,1.0,
2028373,Pepe Luis 2023,Albamar,2023,White,4.2,820,39.9,España,Galicia,Albariño (España),3,3,1.0,1.0,
2823810,Iraun Rioja 2024,Oxer Wines,2024,White,4.2,789,30.6,España,Rioja,Rioja Blanco (España),3,3,4.5,1.5,
8595108,Destí 2025,Cosmic,2025,White,4.1,788,17.4,España,Empordà,Spanish White,3,2,3.0,1.0,
1399369,Viña Gravonia 2016,R. López de Heredia,2016,White,4.2,784,47.43,España,Rioja Alta,Rioja Blanco (España),3,3,4.5,1.5,
2679970,Lias Godello 2023,A Coroa,2023,White,4.1,782,28.5,España,Valdeorras,Spanish Galicia Godello White,3,3,3.0,1.0,
1661456,Carisma 2024,Montant i Sell,2024,White,4.0,769,16.5,España,Cataluña,Spanish White,3,2,3.0,1.0,
9095659,Bajo Velo Verdejo 2023,Rodríguez Sanzo,2023,White,4.1,763,18.1,España,Rueda,Verdejo (España),3,3,2.0,2.0,
1375273,Chardonnay 2022,Huguet de Can Feixes,2022,White,4.1,756,28.75,España,Penedès,Chardonnay (España),4,3,3.0,1.0,
10453603,Viuda Negra Las Levantadas 2024,Bodegas Javier San Pedro Ortega,2024,White,4.0,755,11.5,España,Rioja,Rioja Blanco (España),3,3,4.5,1.5,
2570750,Turonia Albariño 2021,Quinta de Couselo,2021,White,4.0,750,25.24,España,Rías Baixas,Albariño (España),3,3,1.0,1.0,
4875451,Ultreia La Claudina 2023,Raúl Pérez,2023,White,4.2,740,40.2,España,Bierzo,Spanish White,3,2,3.0,1.0,
7289725,Lumière 2023,Muchada-Léclapart,2023,White,4.1,734,55.8,España,Cádiz,Spanish White,3,2,3.0,1.0,
1874874,Gallaecia Rias Baixes Albarino 2020,Bodegas Martín Códax,2020,White,4.2,731,85.75,España,Rías Baixas,Albariño (España),3,3,1.0,1.0,
2145699,Goliardo a Telleira Albariño 2023,Forjas del Salnés,2023,White,4.1,729,31.9,España,Rías Baixas,Albariño (España),3,3,1.0,1.0,
5182252,Carralcoba Blanco 2024,Eulogio Pomares,2024,White,4.1,726,32.5,España,Rías Baixas,Albariño (España),3,3,1.0,1.0,
7585034,La Ola Albariño 2022,Adega Familiar Eladio Piñeiro,2022,White,4.2,712,22.7,España,Rías Baixas,Albariño (España),3,3,1.0,1.0,
8425496,Les Tortugues Garnatxa Roja 2025,Celler Massis de l'Albera,2025,White,4.2,712,16.49,España,Empordà,Spanish White,3,2,3.0,1.0,
4321994,Maceración Con Pieles 2023,Eulogio Pomares,2023,White,4.2,712,44.96,España,Rías Baixas,Albariño (España),3,3,1.0,1.0,
1640127,Blanc de Gresa 2023,Olivardots,2023,White,4.0,710,24.15,España,Empordà,Spanish White,3,2,3.0,1.0,
7618848,Verdejo Fermentado en Barrica 2024,Matarromera,2024,White,4.1,708,27.5,España,Rueda,Verdejo (España),3,3,2.0,2.0,
2320808,SP (Subirat Parent) 2021,Partida Creus,2021,White,4.0,699,21.5,España,Penedès,Spanish White,3,2,3.0,1.0,
7273201,Malvasía 2024,Clos de Lôm,2024,White,4.0,696,12.9,España,Valencia,Spanish White,3,2,3.0,1.0,
1126962,Blanc 2021,Cérvoles,2021,White,4.0,694,26.07,España,Costers del Segre,Spanish White,3,2,3.0,1.0,
7405451,UBE de Ubérrima Paganilla 2024,Cota 45,2024,White,4.0,686,19.85,España,Vino de España,Spanish White,3,2,3.0,1.0,
10123408,Entrecuestas Godello Bierzo 2023,Tilenus,2023,White,4.1,684,17.0,España,Bierzo,Spanish White,3,2,3.0,1.0,
1684367,"Canto del Grillo Cri, Cri 2023",El Grillo y La Luna,2023,White,4.2,681,30.0,España,Aragón,Chardonnay (España),4,3,3.0,1.0,
9947832,Komokabras Lias 2024,Entre os Ríos,2024,White,4.0,677,17.39,España,Barbanza e Iria,Albariño (España),3,3,1.0,1.0,
6334566,1411 Albariño 2024,Pazo de Rubianes,2024,White,4.3,677,29.95,España,Rías Baixas,Albariño (España),3,3,1.0,1.0,
1844972,Salvora 2024,Rodrigo Mendez,2024,White,4.1,676,41.4,España,Rías Baixas,Albariño (España),3,3,1.0,1.0,
5563270,La Solana Alta 2023,Bodegas Mas Alta,2023,White,4.3,674,51.0,España,Priorato,Spanish Catalunya Grenache Blanc White,3,2,3.0,2.0,
2378598,Selma de Nin Blanco 2021,Nin-Ortiz,2021,White,4.2,670,71.0,España,Cataluña,Spanish White,3,2,3.0,1.0,
10337504,Sal Albariño 2025,Iria Otero,2025,White,4.1,663,15.95,España,Rías Baixas,Albariño (España),3,3,1.0,1.0,
3936737,Vinya Oculta 2023,Amós Bañeres,2023,White,4.0,656,17.7,España,Penedès,Spanish White,3,2,3.0,1.0,
1634161,Nicolás Albariño 2022,Compañía de Vinos Tricó,2022,White,4.2,656,33.5,España,Rías Baixas,Albariño (España),3,3,1.0,1.0,
2474969,Lanius 2023,Alta Alella,2023,White,4.1,651,22.83,España,Alella,Chardonnay (España),4,3,3.0,1.0,
1392781,L'Avi Arrufi Blanc 2023,Celler Piñol,2023,White,4.1,648,17.54,España,Terra Alta,Spanish Catalunya Grenache Blanc White,3,2,3.0,2.0,
5049941,Ekam Essència 2023,Castell d'Encus,2023,White,4.2,639,46.95,España,Costers del Segre,Spanish White,3,2,3.0,1.0,
7875759,Godello 2024,Ramón do Casar,2024,White,4.2,635,18.6,España,Ribeiro,Spanish Galicia Godello White,3,3,3.0,1.0,
5527138,Artigas Blanco 2024,Bodegas Mas Alta,2024,White,4.0,633,25.85,España,Priorato,Spanish White,3,2,3.0,1.0,
7213913,Brutal 2022,Micro Bio (MicroBio),2022,White,4.0,625,23.0,España,Castilla y León,Verdejo (España),3,3,2.0,2.0,
1896321,Artizar 2020,Itsasmendi,2020,White,4.0,624,39.1,España,Bizkaiko Txakolina,Spanish País Vasco Txakoli White,2,3,3.0,1.0,
1197163,Selección Albariño 2024,Santiago Roma,2024,White,4.0,612,17.6,España,Rías Baixas,Albariño (España),3,3,1.0,1.0,
5682524,Deliri Floral 2024,Muscàndia,2024,White,4.1,611,10.5,España,Penedès,Spanish White,3,2,3.0,1.0,
1568221,Rita 2024,Vinyes Domenech,2024,White,4.0,610,26.83,España,Montsant,Spanish Catalunya Grenache Blanc White,3,2,3.0,2.0,
1208496,Martires Rioja 2019,Allende,2019,White,4.4,604,157.45,España,Rioja,Rioja Blanco (España),3,3,4.5,1.5,
1296985,Finca Os Loureiros Edición Limitada 2022,Casal de Armán,2022,White,4.3,598,26.0,España,Ribeiro,Spanish White,3,2,3.0,1.0,
2930930,Carrasviñas Fermentado en Barrica 2024,Bodegas Félix Lorenzo Cachazo,2024,White,4.0,594,8.81,España,Rueda,Verdejo (España),3,3,2.0,2.0,
6266356,Pousada 2022,Destinos Cruzados,2022,White,4.0,588,25.75,España,Rías Baixas,Spanish White,3,2,3.0,1.0,
8651694,Petit Blanco de Matasnos 2024,Bosque de Matasnos,2024,White,4.1,585,44.75,España,Castilla y León,Spanish White,3,2,3.0,1.0,
3442503,Habla de Ti Sauvignon Blanc 2020,Habla,2020,White,4.0,583,22.5,España,Extremadura,Sauvignon Blanc (España),3,3,3.0,1.0,
7145136,Salicornio Moscatel 2024,Vinessens - Casa Balaguer,2024,White,4.1,582,15.95,España,Alicante,Spanish White,3,2,3.0,1.0,
1259463,Rias Baixas Albariño 2023,Bodegas Gerardo Mendez,2023,White,4.1,582,18.9,España,Rías Baixas,Albariño (España),3,3,1.0,1.0,
1641428,Finca Montico Gran Vino de Rueda 2021,Marqués de Riscal,2021,White,4.1,579,28.8,España,Rueda,Verdejo (España),3,3,2.0,2.0,
9868988,Malvasia Volcanica 2024,Bodega Tamerán,2024,White,4.2,578,35.71,España,Gran Canaria,Spanish Islas Canarias White,2,3,2.0,1.5,
5903080,Savinat Sauvignon Blanc 2024,Gramona,2024,White,4.1,578,19.69,España,Penedès,Sauvignon Blanc (España),3,3,3.0,1.0,
5950255,Xarel-lo del Noguer 2023,Vins Pepe Raventós,2023,White,4.1,578,32.0,España,Penedès,Spanish White,3,2,3.0,1.0,
1640103,Flor D' Albera Empordà 2023,Martí Fabra,2023,White,4.0,570,11.05,España,Empordà,Spanish White,3,2,3.0,1.0,
3280592,Rias Baixas Albarino Vindel 2021,Bodegas Martín Códax,2021,White,4.1,567,80.0,España,Rías Baixas,Albariño (España),3,3,1.0,1.0,
9704244,Quars 2023,El Mas de l'A,2023,White,4.1,567,26.55,España,Priorato,Spanish Catalunya Grenache Blanc White,3,2,3.0,2.0,
7540321,Viñedo Barreiros Godello 2024,De Los Abuelos,2024,White,4.4,564,24.9,España,Bierzo,Spanish White,3,2,3.0,1.0,
1432249,Albillo 2024,El Nispero,2024,White,4.0,557,24.2,España,La Palma,Spanish Islas Canarias White,2,3,2.0,1.5,
1637220,Albariño 2023,Albamar,2023,White,4.0,557,17.25,España,Rías Baixas,Albariño (España),3,3,1.0,1.0,
21218,Sauvignon Blanc 2023,José Pariente,2023,White,4.0,550,13.95,España,Rueda,Sauvignon Blanc (España),3,3,3.0,1.0,
6169145,Ceibo Godello 2024,Albamar,2024,White,4.0,549,24.0,España,Valdeorras,Spanish Galicia Godello White,3,3,3.0,1.0,
5013950,Únic PX 2022,Estones,2022,White,4.0,545,21.25,España,Terra Alta,Spanish White,3,2,3.0,1.0,
9928513,O Gran Meín Castes Brancas Blanco 2023,Viña Meín,2023,White,4.1,543,23.2,España,Ribeiro,Spanish White,3,2,3.0,1.0,
6896895,O Sebal 2024,Albamar,2024,White,4.0,532,16.9,España,Rías Baixas,Albariño (España),3,3,1.0,1.0,
2299308,L'Ermot 2024,Celler la Salada,2024,White,4.0,532,17.15,España,Penedès,Spanish White,3,2,3.0,1.0,
5047087,Malvasía 2023,Abel Mendoza Monge,2023,White,4.1,531,29.96,España,Rioja,Rioja Blanco (España),3,3,4.5,1.5,
6735463,Verdejo 2024,El Ilusionista,2024,White,4.0,529,7.9,España,Rueda,Verdejo (España),3,3,2.0,2.0,
1852649,AC 2024,Bodegas La Rodetta,2024,White,4.0,528,6.43,España,Rioja,Rioja Blanco (España),3,3,4.5,1.5,
6718166,Dulas Blanco Barrica 2022,Lagar de la Salud,2022,White,4.1,526,15.3,España,Montilla-Moriles,Spanish White,3,2,3.0,1.0,
4919966,Viuda Negra Villahuercos 2022,Bodegas Javier San Pedro Ortega,2022,White,4.2,525,30.49,España,Rioja,Rioja Blanco (España),3,3,4.5,1.5,
2401281,San Salvador Godello 2021,Abad,2021,White,4.0,524,19.72,España,Bierzo,Spanish White,3,2,3.0,1.0,
1889460,As Sortes Val do Bibei Godello 2021,Rafael Palacios,2021,White,4.4,522,138.75,España,Valdeorras,Spanish Galicia Godello White,3,3,3.0,1.0,
1990105,Teira X 2024,Manuel Formigo,2024,White,4.1,519,19.25,España,Ribeiro,Spanish White,3,2,3.0,1.0,
7725333,42 Zura 2022,Gorka Izagirre,2022,White,4.1,517,21.6,España,Bizkaiko Txakolina,Spanish País Vasco Txakoli White,2,3,3.0,1.0,
7087420,El Niu de la Cigonya 2022,Raimat,2022,White,4.0,513,11.65,España,Costers del Segre,Spanish White,3,2,3.0,1.0,
2619,San Valentín Parellada 2024,Familia Torres,2024,White,4.1,510,5.9,España,Cataluña,Spanish White,3,2,3.0,1.0,
5889597,Lalume 2020,Dominio do Bibei,2020,White,4.0,510,18.8,España,Ribeiro,Spanish White,3,2,3.0,1.0,
2472031,La Marimorena Albariño 2022,Casa Rojo,2022,White,4.0,506,24.08,España,Rías Baixas,Albariño (España),3,3,1.0,1.0,
2284871,La Creu 2023,Can Bas,2023,White,4.1,500,29.9,España,Penedès,Sauvignon Blanc (España),3,3,3.0,1.0,
3874824,Revival Godello 2023,Godeval,2023,White,4.4,497,36.31,España,Valdeorras,Spanish Galicia Godello White,3,3,3.0,1.0,
7273309,Finca Las Comas Verdejo 2020,José Pariente,2020,White,4.2,491,46.9,España,Rueda,Verdejo (España),3,3,2.0,2.0,
6844613,Elixir 2023,Muchada-Léclapart,2023,White,4.1,490,39.9,España,Cádiz,Spanish White,3,2,3.0,1.0,
10126522,Aus 2024,Alta Alella,2024,White,4.0,487,15.35,España,Alella,Spanish White,3,2,3.0,1.0,
11867089,Val do Galir Godello 2024,Bodegas Virgen de Galir,2024,White,4.0,486,12.95,España,Valdeorras,Spanish Galicia Godello White,3,3,3.0,1.0,
10559956,Vidonia V.P. Listán Blanco 2024,Suertes del Marqués,2024,White,4.4,483,69.65,España,Valle de la Orotava,Spanish Islas Canarias White,2,3,2.0,1.5,
2065395,El Gordo del Circo Verdejo 2021,Casa Rojo,2021,White,4.0,482,34.97,España,Rueda,Verdejo (España),3,3,2.0,2.0,
86349,Fillaboa Albariño 2023,Fillaboa,2023,White,4.0,480,15.5,España,Rías Baixas,Albariño (España),3,3,1.0,1.0,
1186282,Escalada 2023,Algueira,2023,White,4.1,470,41.9,España,Ribeira Sacra,Spanish Galicia Godello White,3,3,3.0,1.0,
1683812,Aigua de Llum 2022,Vall Llach,2022,White,4.1,468,50.75,España,Priorato,Spanish White,3,2,3.0,1.0,
5074667,Vagüera El Maderal 2022,Alvar de Dios,2022,White,4.0,468,27.15,España,Toro,Spanish White,3,2,3.0,1.0,
2300709,Piesdescalzos Albillo 2022,Bodega Marañones,2022,White,4.0,466,72.05,España,Madrid,Spanish White,3,2,3.0,1.0,
9249041,Salix 2024,Mas Doix,2024,White,4.0,464,44.0,España,Priorato,Spanish White,3,2,3.0,1.0,
1637821,Cosme Palacio 1894 Blanco 2020,Bodegas Cosme Palacio,2020,White,4.0,461,49.9,España,Rioja,Rioja Blanco (España),3,3,4.5,1.5,
5821631,Planetes de Nin Priorat Blanc 2024,Nin-Ortiz,2024,White,4.0,454,41.5,España,Priorato,Spanish White,3,2,3.0,1.0,
2106180,Sauvignon Blanc 2018,Tayaimgut,2018,White,4.0,442,20.06,España,Penedès,Sauvignon Blanc (España),3,3,3.0,1.0,
9547192,La Jefa 2020,Matsu,2020,White,4.2,442,24.25,España,Toro,Spanish White,3,2,3.0,1.0,
7763843,Blanco 2024,Bimbache,2024,White,4.0,438,32.86,España,El Hierro,Spanish Islas Canarias White,2,3,2.0,1.5,
2749848,As Bateas Blanco Atlántico 2017,Adega Pombal a Lanzada,2017,White,4.1,437,22.3,España,Rías Baixas,Albariño (España),3,3,1.0,1.0,
2722089,Kilometro 0 El Origen 2023,Micro Bio (MicroBio),2023,White,4.0,427,24.25,España,Castilla y León,Verdejo (España),3,3,2.0,2.0,
4498618,Xarel-lo 2020,Cultivare,2020,White,4.0,421,21.0,España,Penedès,Spanish White,3,2,3.0,1.0,
5613150,Máis de Cunqueiro Godello 2023,Cunqueiro,2023,White,4.0,421,17.4,España,Ribeiro,Spanish Galicia Godello White,3,3,3.0,1.0,
3106892,A Pita Cega 2017,Lagar de Sabariz,2017,White,4.3,420,52.6,España,Galicia,Spanish White,3,2,3.0,1.0,
5378016,Renacido 2023,Pablo Vidal - Vinos Con Personalidad,2023,White,4.1,418,16.47,España,Ribeiro,Spanish White,3,2,3.0,1.0,
50644,Seleccion de Añada Albariño Rías Baixas 2013,Pazo Señorans,2013,White,4.3,418,100.59,España,Rías Baixas,Albariño (España),3,3,1.0,1.0,
5360021,Ollos de Roque 2022,Fazenda Agricola Augalevada,2022,White,4.0,417,30.95,España,Ribeiro,Spanish White,3,2,3.0,1.0,
1773335,Clot del Roure Xarel-lo 2023,Vins El Cep,2023,White,4.1,416,25.08,España,Penedès,Spanish White,3,2,3.0,1.0,
5593046,Sauvignon Organic 2024,Caraballas,2024,White,4.0,414,13.9,España,Rueda,Sauvignon Blanc (España),3,3,3.0,1.0,
6433246,Finca O Figueiral Colleita Seleccionada 2023,Coto de Gomariz (María Álvarez Serrano),2023,White,4.1,413,25.15,España,Ribeiro,Spanish White,3,2,3.0,1.0,
7365969,Castiñeiro Albariño 2024,Eulogio Pomares,2024,White,4.3,411,32.5,España,Rías Baixas,Albariño (España),3,3,1.0,1.0,
1525584,Rías Baixas Albariño Lias 2020,Bodegas Martín Códax,2020,White,4.0,410,22.0,España,Rías Baixas,Albariño (España),3,3,1.0,1.0,
11834704,Albariño 2022,Viña Caeira,2022,White,4.2,406,17.5,España,Rías Baixas,Albariño (España),3,3,1.0,1.0,
2380009,Blanco 2023,Veigamoura,2023,White,4.3,395,24.1,España,Rías Baixas,Albariño (España),3,3,1.0,1.0,
1254253,Cloe Chardonnay 2023,Bodega Doña Felisa,2023,White,4.0,394,13.6,España,Sierras de Málaga,Chardonnay (España),4,3,3.0,1.0,
1900045,Cepas Viejas 2024,Guimaro,2024,White,4.1,394,22.38,España,Ribeira Sacra,Spanish White,3,2,3.0,1.0,
9450454,Salicornio Malvasía 2024,Vinessens - Casa Balaguer,2024,White,4.1,393,26.75,España,Alicante,Spanish White,3,2,3.0,1.0,
9898318,Marmajuelo 2024,Bodega Tamerán,2024,White,4.2,393,36.8,España,Gran Canaria,Spanish Islas Canarias White,2,3,2.0,1.5,
5936550,Vinya d'en Mundu La Béstia 2023,Oriol Artigas,2023,White,4.1,392,32.1,España,Vino de España,Spanish White,3,2,3.0,1.0,
7203667,Xot Dels Aspres Blanc 2024,Vinyes dels Aspres,2024,White,4.0,391,12.79,España,Empordà,Spanish White,3,2,3.0,1.0,
8335066,El Hombre Bala Blanco 2024,Comando G,2024,White,4.0,389,26.9,España,Madrid,Spanish White,3,2,3.0,1.0,
4220654,Terra Vermella de Nin Blanco 2021,Nin-Ortiz,2021,White,4.1,388,54.75,España,Cataluña,Spanish White,3,2,3.0,1.0,
4349500,Blanco Selección 2019,Gregorio Martínez,2019,White,4.0,385,24.95,España,Rioja,Rioja Blanco (España),3,3,4.5,1.5,
7555677,Corum 2024,Can Axartell,2024,White,4.0,385,21.95,España,Mallorca,Spanish White,3,2,3.0,1.0,
2953825,Malvasia Volcánica Seco 2023,Bermejo,2023,White,4.1,382,21.9,España,Lanzarote,Spanish Islas Canarias White,2,3,2.0,1.5,
1138165,Albariño (O Rosal) 2024,Santiago Ruiz,2024,White,4.1,382,14.6,España,Rías Baixas,Albariño (España),3,3,1.0,1.0,
8351678,Los Loros Listán Blanco de Canarias 2024,El Borujo,2024,White,4.0,381,18.5,España,Valle de Güímar,Spanish Islas Canarias White,2,3,2.0,1.5,
3436575,García Caamaño Albariño 2022,Pazo de Rubianes,2022,White,4.2,381,28.9,España,Rías Baixas,Albariño (España),3,3,1.0,1.0,
7951607,Rosalía 2023,Constantina Sotelo,2023,White,4.0,376,14.19,España,Rías Baixas,Albariño (España),3,3,1.0,1.0,
6278551,El Zarzal 2023,Emilio Moro,2023,White,4.1,376,14.2,España,Bierzo,Spanish White,3,2,3.0,1.0,
1189188,Pazo Piñeiro Albariño 2022,Pazos de Lusco,2022,White,4.1,375,30.4,España,Rías Baixas,Albariño (España),3,3,1.0,1.0,
7129828,Finca Villalobillos Pie Franco Airén 2023,Bodegas Garcia de Lara,2023,White,4.0,373,8.5,España,Castilla,Spanish Castilla Airén White,2,1,2.0,1.0,
2207734,Finca a Pedreira Albariño 2023,Bodegas Fulcro,2023,White,4.1,371,34.25,España,Rías Baixas,Albariño (España),3,3,1.0,1.0,
9365567,Blanco 2023,Meridiano Perdido,2023,White,4.1,365,15.9,España,Cádiz,Spanish White,3,2,3.0,1.0,
9655825,Finca Casa Julia Albariño 2024,Hispano Suizas,2024,White,4.1,360,30.9,España,Utiel-Requena,Albariño (España),3,3,1.0,1.0,
1143871,Verdejo 2023,Javier Sanz Viticultor,2023,White,4.0,359,19.5,España,Rueda,Verdejo (España),3,3,2.0,2.0,
4319643,200 Monges Rioja Selección Especial Reserva Blanco 2013,Vinícola Real,2013,White,4.4,359,48.9,España,Rioja,Rioja Blanco (España),3,3,4.5,1.5,
2166939,Val de Nairoa 2022,Bodegas Nairoa,2022,White,4.2,358,24.0,España,Galicia,Spanish White,3,2,3.0,1.0,
6673898,La Bella 2022,Oriol Artigas,2022,White,4.0,358,30.55,España,Alella,Spanish White,3,2,3.0,1.0,
7046235,Forcada 2023,Familia Torres,2023,White,4.2,355,47.0,España,Penedès,Spanish White,3,2,3.0,1.0,
11041634,Pepe Carrasca Edición Especial Limitada 2023,Casal de Armán,2023,White,4.3,354,17.25,España,Ribeiro,Spanish White,3,2,3.0,1.0,
3056927,O Chao Godello 2023,Valdesil,2023,White,4.1,352,120.0,España,Valdeorras,Spanish Galicia Godello White,3,3,3.0,1.0,
5237348,La Sombrilla 2022,Bodegas El Paraguas,2022,White,4.2,352,42.95,España,Ribeiro,Spanish White,3,2,3.0,1.0,
1369770,Tempranillo Blanco 2023,Abel Mendoza Monge,2023,White,4.2,352,29.0,España,Rioja,Rioja Blanco (España),3,3,4.5,1.5,
1512245,Gorvia Blanco 2019,Quinta da Muradella,2019,White,4.0,352,54.8,España,Monterrei,Spanish White,3,2,3.0,1.0,
6514147,Ama 2023,Gorka Izagirre,2023,White,4.2,346,33.25,España,Bizkaiko Txakolina,Spanish País Vasco Txakoli White,2,3,3.0,1.0,
7524454,Garcia Georgieva Albillo - Malvasia 2022,Goyo Garcia Viadero,2022,White,4.0,345,28.1,España,Ribera del Duero,Spanish White,3,2,3.0,1.0,
3938565,Adina Rías Baixas Albariño 2023,Bodegas Gerardo Mendez,2023,White,4.1,345,29.9,España,Rías Baixas,Albariño (España),3,3,1.0,1.0,
4277988,O Luar do Sil Valdeorras Godello Sobre Lias 2023,Pago de Los Capellanes,2023,White,4.2,345,23.0,España,Valdeorras,Spanish Galicia Godello White,3,3,3.0,1.0,
7085018,Paraje Llanito Perera Listan Blanco 2022,Artífice,2022,White,4.0,343,27.67,España,Ycoden-Daute-Isora,Spanish Islas Canarias White,2,3,2.0,1.5,
50634,Albariño 2023,Pazo Señorans,2023,White,4.0,341,15.0,España,Rías Baixas,Albariño (España),3,3,1.0,1.0,
7748278,Tras Los Muros Albariño 2021,Pazo Señorans,2021,White,4.3,341,45.25,España,Rías Baixas,Albariño (España),3,3,1.0,1.0,
2581362,Collection Blanco 2023,Loess,2023,White,4.0,339,16.95,España,Rueda,Verdejo (España),3,3,2.0,2.0,
9488479,Colección Sauvignon Blanc 2024,Bodega Sommos,2024,White,4.0,337,12.95,España,Somontano,Sauvignon Blanc (España),3,3,3.0,1.0,
10802124,Tempranillo Blanco 2023,La Vicalanda,2023,White,4.0,337,18.95,España,Rioja,Rioja Blanco (España),3,3,4.5,1.5,
8095698,Celistia Viognier - Macabeo 2024,Costers del Sió,2024,White,4.0,335,8.0,España,Costers del Segre,Spanish White,3,2,3.0,1.0,
6439235,Nahikun Blanco 2024,Sierra de Toloño,2024,White,4.0,334,43.5,España,Rioja,Rioja Blanco (España),3,3,4.5,1.5,
5095147,Monterrei Blanco 2021,Quinta da Muradella,2021,White,4.0,333,52.9,España,Monterrei,Spanish White,3,2,3.0,1.0,
1360869,Alunado Chardonnay 2022,Pago Los Balancines,2022,White,4.0,332,28.5,España,Ribera del Guadiana,Chardonnay (España),4,3,3.0,1.0,
1249045,Albariño Lías Finas 2024,Attis,2024,White,4.1,328,16.46,España,Rías Baixas,Albariño (España),3,3,1.0,1.0,
1232125,Ekam 2022,Castell d'Encus,2022,White,4.2,327,27.79,España,Costers del Segre,Spanish White,3,2,3.0,1.0,
1156354,Rioja Blanco 2017,Remelluri,2017,White,4.4,326,158.85,España,Rioja,Rioja Blanco (España),3,3,4.5,1.5,
6596619,Sense Pressa Blanco 2022,Mas Geli,2022,White,4.0,325,17.5,España,Empordà,Spanish Catalunya Grenache Blanc White,3,2,3.0,2.0,
5873353,La Fillaboa 1898 Albariño 2020,Fillaboa,2020,White,4.4,325,80.0,España,Rías Baixas,Albariño (España),3,3,1.0,1.0,
6306232,La Revelía 2022,Emilio Moro,2022,White,4.2,319,27.9,España,Bierzo,Spanish White,3,2,3.0,1.0,
10610296,Trascuevas 2024,Artuke,2024,White,4.0,318,33.5,España,Rioja,Rioja Blanco (España),3,3,4.5,1.5,
6362073,Loia 2024,Abadia da Cova,2024,White,4.3,316,19.3,España,Ribeira Sacra,Spanish White,3,2,3.0,1.0,
5529093,Vintage Albariño 2015,Paco & Lola,2015,White,4.2,316,33.8,España,Rías Baixas,Albariño (España),3,3,1.0,1.0,
6246055,La Sillería 2021,Barco del Corneta,2021,White,4.2,314,33.9,España,Castilla y León,Verdejo (España),3,3,2.0,2.0,
1375096,Sentits Blancs Vinyes Velles Garnatxa Blanca 2022,Puiggros,2022,White,4.2,312,22.35,España,Cataluña,Spanish Catalunya Grenache Blanc White,3,2,3.0,2.0,
1464339,La Caprichosa Verdejo 2023,Palacio de Bornos,2023,White,4.1,311,9.75,España,Rueda,Verdejo (España),3,3,2.0,2.0,
7434397,Mondo 2021,Cantalapiedra Viticultores,2021,White,4.0,308,20.25,España,Castilla y León,Verdejo (España),3,3,2.0,2.0,
8375831,Ribeira Sacra Refugallo Blanco 2022,Dominio do Bibei,2022,White,4.1,306,15.25,España,Ribeira Sacra,Spanish Galicia Godello White,3,3,3.0,1.0,
9928482,Blanco 2024,Clos Farena,2024,White,4.0,306,13.65,España,Priorato,Spanish Catalunya Grenache Blanc White,3,2,3.0,2.0,
1473982,La Mar 2021,Terras Gauda,2021,White,4.2,306,24.9,España,Rías Baixas,Spanish White,3,2,3.0,1.0,
11971892,Blanco 2024,Terras Gauda,2024,White,4.1,304,13.35,España,Rías Baixas,Spanish White,3,2,3.0,1.0,
4559447,Blanco de Matasnos 2024,Bosque de Matasnos,2024,White,4.1,303,42.5,España,Casa del Blanco,Spanish White,3,2,3.0,1.0,
8689053,Txuria 2024,Aseginolaza & Leunda,2024,White,4.0,303,16.8,España,Navarra,Spanish White,3,2,3.0,1.0,
6825915,Mirlo Blanco 2024,Alegre Wines,2024,White,4.0,303,16.38,España,Rueda,Verdejo (España),3,3,2.0,2.0,
5993350,Sauvignon Blanc 2024,Fenomenal,2024,White,4.1,302,12.15,España,Rueda,Sauvignon Blanc (España),3,3,3.0,1.0,
9073219,Regueirón 2023,Bodegas Virgen de Galir,2023,White,4.1,301,35.67,España,Valdeorras,Spanish Galicia Godello White,3,3,3.0,1.0,
3183419,Rioja Blanco 2021,Remírez de Ganuza,2021,White,4.3,301,38.75,España,Rioja,Rioja Blanco (España),3,3,4.5,1.5,
1706062,Granbazán Albariño Etiqueta Ámbar 2022,Agro de Bazán,2022,White,4.0,299,23.7,España,Rías Baixas,Albariño (España),3,3,1.0,1.0,
3091201,Lledoner Roig Blanc de Roig 2021,Espelt,2021,White,4.1,298,24.74,España,Empordà,Spanish White,3,2,3.0,1.0,
10589579,La Volada 2025,Albet i Noya,2025,White,4.1,297,11.99,España,Penedès,Spanish White,3,2,3.0,1.0,
1165594,Granbazán Etiqueta Verde Albariño 2022,Agro de Bazán,2022,White,4.0,297,17.4,España,Rías Baixas,Albariño (España),3,3,1.0,1.0,
7435072,Serras del Priorat Blanco 2024,Clos Figueras,2024,White,4.0,296,26.15,España,Priorato,Spanish Catalunya Grenache Blanc White,3,2,3.0,2.0,
7753420,Arousa 2020,Bodegas Martín Códax,2020,White,4.1,291,23.68,España,Vino de España,Albariño (España),3,3,1.0,1.0,
1200765,Sobre Lías Godello 2021,Bodega la Tapada - Guitian,2021,White,4.0,290,19.72,España,Valdeorras,Spanish Galicia Godello White,3,3,3.0,1.0,
1203731,Taleia 2018,Castell d'Encus,2018,White,4.1,288,30.0,España,Costers del Segre,Spanish White,3,2,3.0,1.0,
7513448,Escolinas Albarín Blanco 2024,Bodega Monasterio de Corias,2024,White,4.1,287,17.8,España,Cangas,Spanish White,3,2,3.0,1.0,
7413206,Observador 2023,DaVide,2023,White,4.1,286,22.94,España,Rías Baixas,Albariño (España),3,3,1.0,1.0,
10019588,O Luar do Sil Vides de Córgomo 2024,Pago de Los Capellanes,2024,White,4.2,286,39.5,España,Valdeorras,Spanish Galicia Godello White,3,3,3.0,1.0,
11331438,Heritage Albariño 2020,Paco & Lola,2020,White,4.3,283,29.4,España,Rías Baixas,Albariño (España),3,3,1.0,1.0,
6779635,Gomariz 12 2025,Coto de Gomariz (María Álvarez Serrano),2025,White,4.2,281,13.95,España,Ribeiro,Spanish White,3,2,3.0,1.0,
8211837,Si Si Macabeu 2022,Jordi Llorens,2022,White,4.1,280,33.08,España,Conca de Barberà,Spanish White,3,2,3.0,1.0,
3290581,Old Mountain Malaga 2023,Telmo Rodriguez,2023,White,4.3,279,18.6,España,Málaga,Spanish White,3,2,3.0,1.0,
6116788,UBE de Ubérrima Maina 2022,Cota 45,2022,White,4.1,279,45.38,España,Cádiz,Spanish White,3,2,3.0,1.0,
7540746,Trementinaire Garnatxa Blanca 2021,Herència Altés,2021,White,4.0,278,25.5,España,Terra Alta,Spanish Catalunya Grenache Blanc White,3,2,3.0,2.0,
9632512,Chardonnay Lías 2024,Pago Finca Élez,2024,White,4.0,277,13.9,España,Finca Élez,Chardonnay (España),4,3,3.0,1.0,
3705,Terras Gauda O Rosal Etiqueta Negra (Black Label) 2021,Terras Gauda,2021,White,4.2,275,31.9,España,Rías Baixas,Spanish White,3,2,3.0,1.0,
6383257,Sorte Antiga 2021,Rafael Palacios,2021,White,4.3,274,207.0,España,Valdeorras,Spanish Galicia Godello White,3,3,3.0,1.0,
8713321,O Bocoi Vello de Silvia Albariño 2023,Nanclares y Prieto,2023,White,4.1,274,29.1,España,Rías Baixas,Albariño (España),3,3,1.0,1.0,
1112354,Les Brugueres Blanc 2021,Conreria d'Scala Dei,2021,White,4.2,272,42.12,España,Priorato,Spanish Catalunya Grenache Blanc White,3,2,3.0,2.0,
1569801,Albariño 2024,Lagar de Cervera,2024,White,4.0,271,15.55,España,Rías Baixas,Albariño (España),3,3,1.0,1.0,
11452513,Sericis Cepas Viejas Viognier 2024,Murviedro,2024,White,4.0,269,8.9,España,Alicante,Spanish White,3,2,3.0,1.0,
8519745,Els Pics Blanc 2023,Bodegas Mas Alta,2023,White,4.0,268,18.25,España,Priorato,Spanish Catalunya Grenache Blanc White,3,2,3.0,2.0,
4948133,Vinos Singulares Maturana Blanca 2019,Viña Pomal,2019,White,4.0,267,24.33,España,Rioja,Rioja Blanco (España),3,3,4.5,1.5,
2204824,Garnacha Blanca 2024,Abel Mendoza Monge,2024,White,4.2,266,29.4,España,Rioja,Rioja Blanco (España),3,3,4.5,1.5,
5528769,Ededia Godello 2021,Viña Somoza,2021,White,4.0,266,37.9,España,Valdeorras,Spanish Galicia Godello White,3,3,3.0,1.0,
1784490,Carrasviñas Rueda Verdejo 2023,Bodegas Félix Lorenzo Cachazo,2023,White,4.0,262,16.5,España,Rueda,Verdejo (España),3,3,2.0,2.0,
2189531,Usatges Blanc 2023,Costers del Siurana,2023,White,4.0,262,28.0,España,Priorato,Spanish White,3,2,3.0,1.0,
9267303,Els Presseguers 2022,L'Enclòs de Peralba,2022,White,4.1,262,19.99,España,Cataluña,Spanish White,3,2,3.0,1.0,
1662644,Els Amelers Garnatxa Blanca 2019,Lafou,2019,White,4.0,260,30.2,España,Terra Alta,Spanish Catalunya Grenache Blanc White,3,2,3.0,2.0,
7015220,Refu 2022,Dominio do Bibei,2022,White,4.0,259,13.0,España,Ribeiro,Spanish White,3,2,3.0,1.0,
1167457,Blanc Selecció 2021,Huguet de Can Feixes,2021,White,4.0,258,26.34,España,Penedès,Spanish White,3,2,3.0,1.0,
7240412,Masdache 2019,Puro Rofe,2019,White,4.1,257,36.35,España,Lanzarote,Spanish Islas Canarias White,2,3,2.0,1.5,
5060046,Mengoba las Botas 2019,Mengoba,2019,White,4.0,256,42.15,España,Bierzo,Spanish White,3,2,3.0,1.0,
7007707,Per Si Sol Sauvignon Blanc 2020,Tayaimgut,2020,White,4.0,256,18.14,España,Penedès,Sauvignon Blanc (España),3,3,3.0,1.0,
10780990,UBE de Ubérrima El Reventón 2024,Cota 45,2024,White,4.1,255,19.85,España,Cádiz,Spanish White,3,2,3.0,1.0,
4956638,Gran Autòcton Blanc 2021,Autòcton Celler,2021,White,4.0,254,17.2,España,Penedès,Spanish White,3,2,3.0,1.0,
9571062,Sangarida La Yegua Godello - Doña Blanca 2022,Attis,2022,White,4.2,251,24.7,España,Rías Baixas,Spanish White,3,2,3.0,1.0,
7021365,Adorado de Menade 2016,Menade,2016,White,4.4,250,62.0,España,Rueda,Spanish White,3,2,3.0,1.0,
3101740,Vd’O 6 Blanc - Sorra 2023,Olivardots,2023,White,4.1,249,42.12,España,Empordà,Spanish White,3,2,3.0,1.0,
13907,Blas Muñoz Chardonnay 2024,Viñedos y Bodegas Muñoz,2024,White,4.1,249,12.5,España,Castilla,Chardonnay (España),4,3,3.0,1.0,
2003143,Finca Calvestra Merseguera 2019,Mustiguillo,2019,White,4.1,247,43.9,España,Vino de España,Spanish White,3,2,3.0,1.0,
15491,Conde de Valdemar Blanco 2023,Bodegas Valdemar,2023,White,4.0,247,5.0,España,Rioja,Rioja Blanco (España),3,3,4.5,1.5,
6739081,Las Migas Blanco 2023,Victoria E. Torres Pecis,2023,White,4.1,247,33.3,España,La Palma,Spanish Islas Canarias White,2,3,2.0,1.5,
10758382,Godello Vinas Viejas Valtuille 2024,Jose Antonio García,2024,White,4.1,245,24.45,España,Bierzo,Spanish White,3,2,3.0,1.0,
7505425,Vides de Fontán 2020,Pazo Baión,2020,White,4.2,245,24.9,España,Vino de España,Albariño (España),3,3,1.0,1.0,
1552117,Rioja Añadas Frías 2021,Pujanza,2021,White,4.3,241,105.8,España,Rioja,Rioja Blanco (España),3,3,4.5,1.5,
2929881,Quinta Apolonia 2022,Belondrade,2022,White,4.0,241,30.2,España,Castilla y León,Verdejo (España),3,3,2.0,2.0,
11122352,Volta 2024,Abadia da Cova,2024,White,4.1,239,14.5,España,Ribeira Sacra,Spanish White,3,2,3.0,1.0,
63124,Gaba do Xil Blanco O Barreiro 2024,Telmo Rodriguez,2024,White,4.1,239,14.28,España,Valdeorras,Spanish Galicia Godello White,3,3,3.0,1.0,
1178755,Nelin 2018,Clos Mogador,2018,White,4.2,238,52.0,España,Priorato,Spanish White,3,2,3.0,1.0,
11021912,Marko Terlegiz 2021,Oxer Wines,2021,White,4.3,238,35.5,España,Bizkaiko Txakolina,Spanish País Vasco Txakoli White,2,3,3.0,1.0,
1867444,Roc de Foc 2014,Clos Pons,2014,White,4.0,238,21.7,España,Costers del Segre,Spanish White,3,2,3.0,1.0,
5344552,Gratallops Partida Bellvisos Blanco 2022,Sara Pérez y René Barbier,2022,White,4.2,237,52.8,España,Priorato,Spanish White,3,2,3.0,1.0,
10407740,Leirana Areas de Arra Albariño 2017,Forjas del Salnés,2017,White,4.2,236,107.0,España,Rías Baixas,Albariño (España),3,3,1.0,1.0,
1188150,Leirana Albariño 2022,Forjas del Salnés,2022,White,4.0,236,16.45,España,Rías Baixas,Albariño (España),3,3,1.0,1.0,
3129436,Godello Blanco 2021,Bodegas Mauro,2021,White,4.3,234,48.0,España,Castilla y León,Spanish White,3,2,3.0,1.0,
1915535,La Cosa The Thing 2024,Alfredo Maestro,2024,White,4.0,234,19.95,España,Castilla y León,Spanish White,3,2,3.0,1.0,
4662604,Finca La Terrenal 2021,Edetària,2021,White,4.2,233,42.25,España,Terra Alta,Spanish Catalunya Grenache Blanc White,3,2,3.0,2.0,
5227862,Malvasia de Sitges 2024,Avgvstvs,2024,White,4.1,233,14.64,España,Penedès,Spanish White,3,2,3.0,1.0,
2053349,Picapoll 2023,Abadal,2023,White,4.0,233,13.95,España,Pla de Bages,Spanish White,3,2,3.0,1.0,
10958914,Izaki 2024,Alfredo Egia,2024,White,4.0,232,39.2,España,Bizkaiko Txakolina,Spanish País Vasco Txakoli White,2,3,3.0,1.0,
7247480,Ondarea 2019,Doniene Gorrondona,2019,White,4.1,232,20.2,España,Bizkaiko Txakolina,Spanish País Vasco Txakoli White,2,3,3.0,1.0,
9420436,Les Margues 2023,El Mas de l'A,2023,White,4.2,232,43.9,España,Priorato,Spanish Catalunya Grenache Blanc White,3,2,3.0,2.0,
2622,Fransola 2022,Familia Torres,2022,White,4.1,232,25.83,España,Penedès,Sauvignon Blanc (España),3,3,3.0,1.0,
1156209,Finca La Colina Sauvignon Blanc 2023,Vinos Sanz,2023,White,4.2,230,16.7,España,Rueda,Sauvignon Blanc (España),3,3,3.0,1.0,
1895060,Atlántico 2016,Bodegas El Paraguas,2016,White,4.1,230,52.5,España,Ribeiro,Spanish White,3,2,3.0,1.0,
1420633,Verdejo 2018,Barco del Corneta,2018,White,4.0,227,18.5,España,Castilla y León,Verdejo (España),3,3,2.0,2.0,
11426229,Olagar Gran Reserva 2016,Remírez de Ganuza,2016,White,4.4,226,69.9,España,Rioja,Rioja Blanco (España),3,3,4.5,1.5,
5903596,Benje Blanco 2023,Envínate,2023,White,4.0,225,19.82,España,Ycoden-Daute-Isora,Spanish Islas Canarias White,2,3,2.0,1.5,
6844984,Selecció Garnatxa Blanca 2020,Altavins,2020,White,4.2,225,32.5,España,Terra Alta,Spanish Catalunya Grenache Blanc White,3,2,3.0,2.0,
7285715,Duende 2023,Habla,2023,White,4.1,225,26.45,España,Vino de España,Sauvignon Blanc (España),3,3,3.0,1.0,
1187112,Albariño de Fefiñanes III Año 2016,Fefiñanes,2016,White,4.2,224,119.0,España,Rías Baixas,Albariño (España),3,3,1.0,1.0,
12503647,Full Flap Albarín Blanco 2025,Bodegas Vilano,2025,White,4.1,223,10.9,España,Castilla y León,Spanish White,3,2,3.0,1.0,
8603540,Licos 2023,Clos Pachem,2023,White,4.1,223,13.95,España,Terra Alta,Spanish Catalunya Grenache Blanc White,3,2,3.0,2.0,
9744857,Neko Godello 2024,Tampesta,2024,White,4.0,222,12.0,España,Tierra de León,Spanish White,3,2,3.0,1.0,
5990636,Vidueños De Sedella Blanco De Guarda 2021,Sedella,2021,White,4.0,221,21.75,España,Sierras de Málaga,Spanish White,3,2,3.0,1.0,
9327677,Branco 2021,San Cobate,2021,White,4.1,221,19.3,España,Rueda,Verdejo (España),3,3,2.0,2.0,
10147026,Patinegro 2022,Barbadillo,2022,White,4.0,221,14.4,España,Cádiz,Spanish White,3,2,3.0,1.0,
1163144,Albarino 2022,La Caña,2022,White,4.0,220,21.31,España,Rías Baixas,Albariño (España),3,3,1.0,1.0,
9676369,Marchamalo Godello 2024,La Quinta,2024,White,4.0,218,19.01,España,Monterrei,Spanish Galicia Godello White,3,3,3.0,1.0,
6401111,Costumbres Blanco 2023,Vinos en Voz Baja,2023,White,4.0,215,19.75,España,Rioja,Rioja Blanco (España),3,3,4.5,1.5,
2698353,Les Cerveres 2023,Oriol Rossell,2023,White,4.0,214,20.5,España,Penedès,Spanish White,3,2,3.0,1.0,
1704723,Terra de Cuques 2022,Terroir Al Límit Soc. Lda,2022,White,4.1,214,36.75,España,Priorato,Spanish White,3,2,3.0,1.0,
9048283,Verdejo Reserva 2019,Protos,2019,White,4.0,212,22.5,España,Rueda,Verdejo (España),3,3,2.0,2.0,
4326642,Ull de Serp Finca La Closa - Macabeu 2022,Arché Pagès,2022,White,4.0,211,22.9,España,Empordà,Spanish White,3,2,3.0,1.0,
12372006,Ceramic Sauvignon Blanc 2023,Vicente Gandía,2023,White,4.1,211,25.99,España,Valencia,Sauvignon Blanc (España),3,3,3.0,1.0,
11829484,Destellos 2024,Raul Moreno,2024,White,4.0,210,23.5,España,Andalucía,Spanish White,3,2,3.0,1.0,
10051640,Laslias de Beronia Verdejo Sobre Lias 2024,Beronia,2024,White,4.1,209,17.55,España,Rueda,Verdejo (España),3,3,2.0,2.0,
1898035,Gran Selección Blanco 2024,Marina Alta,2024,White,4.0,209,5.78,España,Alicante,Spanish White,3,2,3.0,1.0,
5528998,Fai un Sol de Carallo 2021,Bodegas El Paraguas,2021,White,4.4,206,95.83,España,Ribeiro,Spanish White,3,2,3.0,1.0,
7488323,Pirata 2016,Bodega Contador (Benjamín Romeo),2016,White,4.3,205,174.0,España,Rioja,Rioja Blanco (España),3,3,4.5,1.5,
10567855,Chiguita 2024,Jade Gross,2024,White,4.2,204,49.5,España,Rioja,Rioja Blanco (España),3,3,4.5,1.5,
10499767,Albariño 2022,Acios da Xesteirina,2022,White,4.2,203,49.8,España,Rías Baixas,Albariño (España),3,3,1.0,1.0,
9250697,Unanimous 'Santa Cruz' Albillo Mayor 2022,Tres Piedras,2022,White,4.3,203,28.95,España,Ribera del Duero,,,,,,
9217149,Blanco Semidulce 2023,Bodegas Valdelana,2023,White,4.0,202,11.05,España,Rioja,Rioja Blanco (España),3.0,3.0,4.5,1.5,
9170657,Amador Medrano Finca Valdegamarra Tempranillo Blanco 2023,Medrano Irazu,2023,White,4.2,200,19.7,España,Rioja,Rioja Blanco (España),3.0,3.0,4.5,1.5,
9950371,O Con da Moura Godello 2022,Bodegas Martín Códax,2022,White,4.2,200,44.5,España,Monterrei,Spanish Galicia Godello White,3.0,3.0,3.0,1.0,
7291589,Perrito Faldero Blanco Semidulce 2024,Azabache,2024,White,4.0,198,5.4,España,Rioja,Rioja Blanco (España),3.0,3.0,4.5,1.5,
7715312,Cerro La Isa Blanco 2022,Bodega Juan Carlos Sancha,2022,White,4.3,197,39.0,España,Rioja,Rioja Blanco (España),3.0,3.0,4.5,1.5,
2741,Limousin 2023,Marqués de Riscal,2023,White,4.0,196,18.5,España,Rueda,Verdejo (España),3.0,3.0,2.0,2.0,
5758905,Atalante Caíño Blanco 2020,Attis,2020,White,4.1,195,34.4,España,Rías Baixas,Spanish White,3.0,2.0,3.0,1.0,
1245800,7 2021,Itsasmendi,2021,White,4.0,194,15.2,España,Bizkaiko Txakolina,Spanish País Vasco Txakoli White,2.0,3.0,3.0,1.0,
8497794,Alejandra 2022,Vizcarra,2022,White,4.1,193,26.05,España,Ribera del Duero,Spanish White,3.0,2.0,3.0,1.0,
9396756,Sangarida La Guiana Godello 2022,Attis,2022,White,4.3,193,42.5,España,Bierzo,Spanish White,3.0,2.0,3.0,1.0,
10884549,Puesta en Chus 2024,Bodega Frontio,2024,White,4.1,193,14.85,España,Arribes,Spanish White,3.0,2.0,3.0,1.0,
3506402,Malvasía Seco Fermentado en Barricas 2023,Bermejo,2023,White,4.1,193,23.75,España,Lanzarote,Spanish Islas Canarias White,2.0,3.0,2.0,1.5,
3646290,Fragil 2023,Micro Bio (MicroBio),2023,White,4.1,190,38.0,España,Castilla y León,Verdejo (España),3.0,3.0,2.0,2.0,
7334200,Ànima de L’Avi Arrufí 2023,Celler Piñol,2023,White,4.1,189,23.0,España,Terra Alta,Spanish Catalunya Grenache Blanc White,3.0,2.0,3.0,2.0,
1691634,Trenzado 2022,Suertes del Marqués,2022,White,4.0,186,20.36,España,Valle de la Orotava,Spanish Islas Canarias White,2,3,2.0,1.5,
6264046,La Pequeñita Blanco Macerado 2019,Alonso & Pedrajo,2019,White,4.0,186,33.9,España,Rioja,Rioja Blanco (España),3,3,4.5,1.5,
4626507,Alejandrvs Barrica Treixadura 2021,Antonio Montero,2021,White,4.1,185,17.93,España,Ribeiro,Spanish White,3,2,3.0,1.0,
7416583,Gran Predicat Blanc 2019,Cellers Grifoll Declara,2019,White,4.2,185,30.5,España,Priorato,Spanish Catalunya Grenache Blanc White,3,2,3.0,2.0,
10773470,Oceánico Albariño Seleccion 2023,Maior de Mendoza,2023,White,4.0,183,16.0,España,Rías Baixas,Albariño (España),3,3,1.0,1.0,
6802279,Ètoile 2023,Muchada-Léclapart,2023,White,4.0,183,43.83,España,Cádiz,Spanish White,3,2,3.0,1.0,
1661843,Finca Saltamontes 2018,Javier Sanz Viticultor,2018,White,4.1,183,44.9,España,Rueda,Verdejo (España),3,3,2.0,2.0,
4906726,Kirkilla 2020,Ameztoi,2020,White,4.1,181,22.5,España,Getariako Txakolina,Spanish País Vasco Txakoli White,2,3,3.0,1.0,
8516610,Pesseroles Brisat 2023,Martinet,2023,White,4.2,181,42.2,España,Priorato,Spanish White,3,2,3.0,1.0,
5441320,Finca La Colina El Loco Verdejo 2023,Vinos Sanz,2023,White,4.0,181,10.7,España,Rueda,Verdejo (España),3,3,2.0,2.0,
5758902,Coribante 2022,Attis,2022,White,4.2,181,34.4,España,Rías Baixas,Spanish White,3,2,3.0,1.0,
5597107,UBE de Ubérrima  Miraflores 2023,Cota 45,2023,White,4.0,179,23.5,España,Vino de España,Spanish White,3,2,3.0,1.0,
2463025,V/89 Vallisbona 2019,L'Olivera,2019,White,4.2,176,23.75,España,Costers del Segre,Spanish White,3,2,3.0,1.0,
1220246,Rioja Plácet Valtomelloso 2022,Palacios Remondo,2022,White,4.1,176,65.5,España,Rioja,Rioja Blanco (España),3,3,4.5,1.5,
9001522,Essència Blanco 2023,RAR Vins Singulars,2023,White,4.0,176,16.89,España,Priorato,Spanish White,3,2,3.0,1.0,
7540254,El Escondite Caiño Blanco - Godello 2023,Lagar do Merens,2023,White,4.2,176,40.05,España,Ribeiro,Spanish White,3,2,3.0,1.0,
1620143,Louro Godello 2024,Rafael Palacios,2024,White,4.1,176,20.11,España,Valdeorras,Spanish Galicia Godello White,3,3,3.0,1.0,
9335375,Massimo Selección Godello 2024,Atlantic Galician Wineries - AGW,2024,White,4.0,175,14.5,España,Ribeira Sacra,Spanish Galicia Godello White,3,3,3.0,1.0,
6521936,Vibrations 2021,Muchada-Léclapart,2021,White,4.1,175,50.55,España,Cádiz,Spanish White,3,2,3.0,1.0,
9304576,Lara O Blanco Crianza 2021,Territorio Luthier,2021,White,4.1,174,17.9,España,Ribera del Duero,Spanish White,3,2,3.0,1.0,
4926488,Blanco 2023,Can Axartell,2023,White,4.0,173,15.7,España,Mallorca,Spanish White,3,2,3.0,1.0,
8546925,El Pagès Content Orange 2025,Celler la Salada,2025,White,4.0,173,14.3,España,Penedès,Spanish White,3,2,3.0,1.0,
4366813,Verdejo 2024,Cabra Loca,2024,White,4.0,172,8.6,España,Rueda,Verdejo (España),3,3,2.0,2.0,
5794737,Armas de Lanzós Magnum 2018,Fefiñanes,2018,White,4.3,172,92.9,España,Rías Baixas,Albariño (España),3,3,1.0,1.0,
1656980,Pansa Blanca 2023,Raventos d'Alella,2023,White,4.0,172,12.6,España,Alella,Spanish White,3,2,3.0,1.0,
7552047,Narupa Salicornia Albariño de Costa 2023,Narupa Vinos,2023,White,4.3,171,21.6,España,Rías Baixas,Albariño (España),3,3,1.0,1.0,
12666077,Llampuga Vinícola 2024,4 Kilos Vinícola,2024,White,4.0,171,16.25,España,Mallorca,Spanish White,3,2,3.0,1.0,
6139549,Malkoa Single Vineyard Ondarrabi Zuri 2017,Astobiza,2017,White,4.0,169,28.45,España,Arabako Txakolina,Spanish País Vasco Txakoli White,2,3,3.0,1.0,
5960040,Blanco 2024,Ladiferenta,2024,White,4.1,169,12.55,España,Pla de Bages,Spanish White,3,2,3.0,1.0,
9050360,Le Fleq 2023,Flequi Berruti,2023,White,4.1,169,16.14,España,Cádiz,Spanish White,3,2,3.0,1.0,
1163326,Conde de Valdemar Finca Alto Cantabria 2021,Bodegas Valdemar,2021,White,4.0,167,17.99,España,Rioja,Rioja Blanco (España),3,3,4.5,1.5,
9121,Viña Tondonia Gran Reserva Blanco 2004,R. López de Heredia,2004,White,4.4,167,762.95,España,Rioja Alta,Rioja Blanco (España),3,3,4.5,1.5,
1254309,Flor de Vetus Verdejo 2024,Vetus,2024,White,4.0,166,7.9,España,Rueda,Verdejo (España),3,3,2.0,2.0,
4554617,Singulars Blanc de Vinyes Velles 2023,Mas Llunes,2023,White,4.1,165,21.63,España,Cataluña,Spanish White,3,2,3.0,1.0,
10695116,Sorkin 2024,Makatzak Wild Wines,2024,White,4.1,163,36.85,España,Getariako Txakolina,Spanish País Vasco Txakoli White,2,3,3.0,1.0,
8559413,El Badiu Pansa Blanca 2023,Vins de la Memòria,2023,White,4.1,162,20.9,España,Alella,Spanish White,3,2,3.0,1.0,
7022503,Altos de Losada Godello 2023,Losada,2023,White,4.1,161,28.89,España,Bierzo,Spanish White,3,2,3.0,1.0,
7942,Fan D.Oro 2023,Arzuaga,2023,White,4.1,160,14.9,España,Ribera del Duero,Chardonnay (España),4,3,3.0,1.0,
10786425,Cosi Joan 2023,Mas Gomà,2023,White,4.1,160,19.99,España,Penedès,Spanish White,3,2,3.0,1.0,
9567895,Flor de Muga Blanco Reserva 2020,Bodegas Muga,2020,White,4.1,158,32.3,España,Rioja,Rioja Blanco (España),3,3,4.5,1.5,
9484696,Granbazán Veigalobos Albarino 2021,Agro de Bazán,2021,White,4.3,158,42.5,España,Rías Baixas,Albariño (España),3,3,1.0,1.0,
3295816,Pedra de Guix 2021,Terroir Al Límit Soc. Lda,2021,White,4.3,158,65.8,España,Priorato,Spanish Catalunya Grenache Blanc White,3,2,3.0,2.0,
11785721,Finca l'Argata Darmós Blanc 2022,Joan d'Anguera,2022,White,4.2,158,62.5,España,Montsant,Spanish White,3,2,3.0,1.0,
6229938,Abaris 2023,Bodegas Abeica,2023,White,4.1,156,20.87,España,Rioja,Rioja Blanco (España),3,3,4.5,1.5,
79473,Godello Sobre Lias 2023,Valdesil,2023,White,4.0,156,19.2,España,Valdeorras,Spanish Galicia Godello White,3,3,3.0,1.0,
10557319,Sant Fost de Campsentelles 2022,Can Matons,2022,White,4.0,153,18.0,España,Alella,Spanish White,3,2,3.0,1.0,
9736011,Tres Feixes Garnatxa Blanca 2022,L'Enclòs de Peralba,2022,White,4.1,152,23.95,España,Cataluña,Spanish Catalunya Grenache Blanc White,3,2,3.0,2.0,
1165031,Albariño de Fefiñanes 2024,Fefiñanes,2024,White,4.1,152,17.65,España,Rías Baixas,Albariño (España),3,3,1.0,1.0,
7953955,La Sobrada Albariño 2023,Thunder Wine Makers,2023,White,4.1,152,17.4,España,Rías Baixas,Albariño (España),3,3,1.0,1.0,
9950732,Vijariego Blanco 2024,Bodega Tamerán,2024,White,4.1,151,35.99,España,Gran Canaria,Spanish Islas Canarias White,2,3,2.0,1.5,
6407774,Ca'n Xicatlà Blanc de Mantonegro 2023,Bodega Ca'n Verdura,2023,White,4.2,151,36.95,España,Binissalem-Mallorca,Spanish White,3,2,3.0,1.0,
11105123,Valtuill de Abajo Godello - Doña Blanca 2024,Jose Antonio García,2024,White,4.0,151,16.6,España,Bierzo,Spanish White,3,2,3.0,1.0,
9724352,Blanco 2022,Siah,2022,White,4.1,151,26.0,España,Ribeiro,Spanish White,3,2,3.0,1.0,
8857161,Jirafas 2023,Viña Zorzal,2023,White,4.1,149,29.75,España,Navarra,Spanish White,3,2,3.0,1.0,
7578405,A'Via Treixadura 2022,O Morto Wines,2022,White,4.2,149,29.3,España,Ribeiro,Spanish White,3,2,3.0,1.0,
9692726,Tradición Rosal 2015,Quinta de Couselo,2015,White,4.2,149,28.15,España,Rías Baixas,Albariño (España),3,3,1.0,1.0,
10904016,Colección Garnacha Blanca 2023,Bodega Sommos,2023,White,4.0,149,12.95,España,Somontano,Spanish White,3,2,3.0,1.0,
11051137,Torre do Olivar Expresion 2023,Pazo do Mar,2023,White,4.0,149,9.85,España,Ribeiro,Spanish White,3,2,3.0,1.0,
9663088,Albillo Mayor 2023,Tresmano - Tr3smano,2023,White,4.3,148,39.26,España,Ribera del Duero,Spanish White,3,2,3.0,1.0,
6334643,Blanco 2022,Atlántida,2022,White,4.2,147,27.2,España,Cádiz,Spanish White,3,2,3.0,1.0,
4386804,Cuarenta Vendimias Verdejo 2024,Cuatro Rayas,2024,White,4.0,147,6.86,España,Rueda,Verdejo (España),3,3,2.0,2.0,
8688549,Cap de Creus Pla de Tudela Blanc 2022,Espelt,2022,White,4.1,147,42.0,España,Empordà,Spanish White,3,2,3.0,1.0,
6913531,Godello 2021,O Morto Wines,2021,White,4.3,147,29.0,España,Ribeiro,Spanish Galicia Godello White,3,3,3.0,1.0,
1151474,Finca Arantei Single Vineyard Albariño 2021,La Val,2021,White,4.0,146,17.1,España,Rías Baixas,Albariño (España),3,3,1.0,1.0,
11137532,Roda I Blanco 2021,Bodegas Roda,2021,White,4.3,146,59.75,España,Rioja,Rioja Blanco (España),3,3,4.5,1.5,
7499150,Amadeus Treixadura 2022,Viña Costeira,2022,White,4.1,145,13.45,España,Ribeiro,Spanish White,3,2,3.0,1.0,
8757442,Grand Cruz del Calvario 2024,Bimbache,2024,White,4.1,143,36.86,España,El Hierro,Spanish Islas Canarias White,2,3,2.0,1.5,
12314757,Reserva Blanco 2018,Hacienda López de Haro,2018,White,4.1,143,13.9,España,Rioja,Rioja Blanco (España),3,3,4.5,1.5,
8046811,Senda Matapalos 2022,Marenas,2022,White,4.1,142,18.05,España,Andalucía,Spanish White,3,2,3.0,1.0,
9782072,El Tòfol Macabeu 2020,L'Enclòs de Peralba,2020,White,4.1,141,34.0,España,Cataluña,Spanish White,3,2,3.0,1.0,
11091843,Álvaro del Saz Selección Chardonnay 2022,Bodegas del Saz,2022,White,4.0,141,8.64,España,La Mancha,Chardonnay (España),4,3,3.0,1.0,
7420835,La Memòria Garnatxa Blanca 2022,Vins de la Memòria,2022,White,4.1,141,28.0,España,Terra Alta,Spanish Catalunya Grenache Blanc White,3,2,3.0,2.0,
6835073,Ultreia Godello 2023,Raúl Pérez,2023,White,4.0,141,15.89,España,Bierzo,Spanish White,3,2,3.0,1.0,
7317664,Sobrenatural de Menade Verdejo Natural 2016,Menade,2016,White,4.2,140,54.9,España,Castilla y León,Verdejo (España),3,3,2.0,2.0,
8012300,Asadoira Godello Sobre Lias 2023,Valdesil,2023,White,4.0,139,59.9,España,Valdeorras,Spanish Galicia Godello White,3,3,3.0,1.0,
10605457,Fonoll Xarel-Lo - Xarel-Lo Vermell 2024,Bodegas Torre del Veguer,2024,White,4.0,138,12.29,España,Penedès,Spanish White,3,2,3.0,1.0,
10453608,Miut El Jabonero 2021,Toro Albalá,2021,White,4.0,137,24.9,España,Montilla-Moriles,Spanish White,3,2,3.0,1.0,
6622455,Blanc de Closos Vinyes Velles Old Vines 2024,Costers del Priorat,2024,White,4.0,137,24.7,España,Priorato,Spanish Catalunya Grenache Blanc White,3,2,3.0,2.0,
10484389,El Pacto del Alto Najerilla Blanco 2022,El Pacto,2022,White,4.0,137,17.05,España,Rioja,Rioja Blanco (España),3,3,4.5,1.5,
12131452,Godello 2023,Michelini i Mufatto,2023,White,4.0,136,30.8,España,Bierzo,Spanish White,3,2,3.0,1.0,
9235820,O Pequeno Mein 2021,Viña Meín,2021,White,4.0,136,33.0,España,Ribeiro,Spanish White,3,2,3.0,1.0,
8658059,Resilencia Viognier 2022,Bodega Gonzalo Beltrán,2022,White,4.1,136,10.8,España,Sierras de Málaga,Spanish White,3,2,3.0,1.0,
7753706,L'Horabona Blanc Sec 2022,Les Freses,2022,White,4.1,135,22.7,España,Alicante,Spanish White,3,2,3.0,1.0,
2338467,Blanco Afrutado 2022,Bodega 1242 m.,2022,White,4.0,135,11.66,España,Vino de España,Spanish White,3,2,3.0,1.0,
7682661,Blanco 2024,Marola & Mass,2024,White,4.0,135,12.0,España,Rías Baixas,Albariño (España),3,3,1.0,1.0,
12532489,Valdejaros Verdejo Criado Sobre Lías 2023,Jaro,2023,White,4.0,135,7.7,España,Rueda,Verdejo (España),3,3,2.0,2.0,
7197507,Albariño Do Ferreiro Lourido 2023,Bodegas Gerardo Mendez,2023,White,4.1,134,29.86,España,Rías Baixas,Albariño (España),3,3,1.0,1.0,
8595055,Blanco 2024,Juan Gil,2024,White,4.0,134,16.95,España,Jumilla,Spanish White,3,2,3.0,1.0,
1646826,La del Vivo (Lomas de Valtuille) 2022,La Vizcaína,2022,White,4.1,133,21.5,España,Bierzo,Spanish White,3,2,3.0,1.0,
12370401,Stratum Wines Matas Altas Blanco 2024,Bodega Cerrón,2024,White,4.0,133,19.5,España,Jumilla,Spanish White,3,2,3.0,1.0,
11956205,La Tejera Garnacha - Macabeo 2022,Bodegas Frontonio,2022,White,4.1,132,70.95,España,Valdejalón,Spanish White,3,2,3.0,1.0,
1457926,Waltraud Riesling 2023,Familia Torres,2023,White,4.0,132,22.92,España,Penedès,Spanish White,3,2,3.0,1.0,
11514285,Ermita de San Gregorio Blanco Reserva 2022,Jesus Madrazo,2022,White,4.2,132,24.5,España,Rioja,Rioja Blanco (España),3,3,4.5,1.5,
6492988,Rioja Blanco Reserva 2012,Remírez de Ganuza,2012,White,4.4,131,60.5,España,Rioja,Rioja Blanco (España),3,3,4.5,1.5,
7418900,La Mujer Caballo Naranja 2021,Fil·loxera,2021,White,4.0,130,25.0,España,Valencia,Spanish White,3,2,3.0,1.0,
6140912,Garnacha Blanca 2022,Clos Ibai,2022,White,4.0,129,13.2,España,Rioja Alavesa,Rioja Blanco (España),3,3,4.5,1.5,
6538187,Godello 2023,Mar de Frades,2023,White,4.1,129,20.65,España,Rías Baixas,Spanish Galicia Godello White,3,3,3.0,1.0,
1174762,Nana Albariño 2022,Attis,2022,White,4.2,129,35.5,España,Rías Baixas,Albariño (España),3,3,1.0,1.0,
1954874,Vendetta 2021,Pedralonga,2021,White,4.4,129,57.0,España,Rías Baixas,Albariño (España),3,3,1.0,1.0,
10479520,Clos Es Vent Macabeu 2023,Vins Extrems,2023,White,4.1,129,16.98,España,Empordà,Spanish White,3,2,3.0,1.0,
12077827,Onna Malva Organic 2025,Canals Canals,2025,White,4.1,129,10.4,España,Penedès,Spanish White,3,2,3.0,1.0,
9378477,NVDE MCB 2022,Thunder Wine Makers,2022,White,4.1,128,22.9,España,Cataluña,Spanish White,3,2,3.0,1.0,
5261828,Aspriu Blanco 2019,Pardas,2019,White,4.1,127,60.3,España,Penedès,Spanish White,3,2,3.0,1.0,
11319692,Tormenta 2022,Veronica Ortega,2022,White,4.0,126,38.5,España,Bierzo,Spanish White,3,2,3.0,1.0,
7386777,Santa Cruz de Artazu Blanco 2021,Artadi,2021,White,4.0,126,25.0,España,Navarra,Spanish White,3,2,3.0,1.0,
10370613,Juan Bello 2022,Puro Rofe,2022,White,4.0,126,34.6,España,Lanzarote,Spanish Islas Canarias White,2,3,2.0,1.5,
13148109,A Vilerma 2024,José Pariente,2024,White,4.0,126,13.6,España,Ribeiro,Spanish White,3,2,3.0,1.0,
11057736,Nauda Blanco 2023,Alonso & Pedrajo,2023,White,4.0,125,19.9,España,Rioja,Rioja Blanco (España),3,3,4.5,1.5,
12096248,San Gregorio Blanco 2022,Contino,2022,White,4.0,125,29.6,España,Rioja,Rioja Blanco (España),3,3,4.5,1.5,
7009250,Barón de Rivero Semi Dulce 2024,Málaga Virgen,2024,White,4.2,124,6.5,España,Málaga,Spanish White,3,2,3.0,1.0,
7454849,CIPMA Blanco 2020,Bodegas Marisol Rubio,2020,White,4.0,124,23.95,España,La Mancha,Spanish White,3,2,3.0,1.0,
10787246,Media Legua Viñas Viejas Airén 2024,Bodegas y Viñedos Casa de la Nava,2024,White,4.2,123,14.0,España,Valdepeñas,Spanish Castilla Airén White,2,1,2.0,1.0,
1186952,Lusco Albariño 2024,Pazos de Lusco,2024,White,4.0,123,12.7,España,Rías Baixas,Albariño (España),3,3,1.0,1.0,
6717879,NVDE SBL 2021,Thunder Wine Makers,2021,White,4.0,123,23.8,España,Penedès,Sauvignon Blanc (España),3,3,3.0,1.0,
11508176,Leirana o Pradiño Albariño 2022,Forjas del Salnés,2022,White,4.2,123,55.9,España,Rías Baixas,Albariño (España),3,3,1.0,1.0,
10488113,Santa Maria de Martorelles 2019,Can Matons,2019,White,4.1,121,18.0,España,Alella,Spanish White,3,2,3.0,1.0,
12102336,Areas de Pedraneira Albariño 2023,Fento,2023,White,4.0,121,15.12,España,Rías Baixas,Albariño (España),3,3,1.0,1.0,
9599562,D'Mateo Colección Treixadura 2024,Atlantic Galician Wineries - AGW,2024,White,4.0,121,11.5,España,Ribeiro,Spanish White,3,2,3.0,1.0,
4522646,Blanco 2016,Conde de Los Andes,2016,White,4.1,121,79.0,España,Rioja,Rioja Blanco (España),3,3,4.5,1.5,
4402123,Finca O Pereiro Albariño 2022,Albamar,2022,White,4.2,121,36.9,España,Rías Baixas,Albariño (España),3,3,1.0,1.0,
6869134,Chenin 2021,Terra Remota,2021,White,4.1,121,50.75,España,Empordà,Spanish White,3,2,3.0,1.0,
8441275,El Judas Viñas Viejas 2021,Barco del Corneta,2021,White,4.1,120,35.0,España,Rueda,Spanish White,3,2,3.0,1.0,
8667870,No T'enamoris de Mi 2024,Ca N'Estella,2024,White,4.1,118,9.8,España,Penedès,Spanish White,3,2,3.0,1.0,
12697922,Ma Doña Blanca 2023,Michelini i Mufatto,2023,White,4.1,118,34.05,España,Bierzo,Spanish White,3,2,3.0,1.0,
2580382,Rioja Blanco 2017,Contino,2017,White,4.0,118,79.0,España,Rioja,Rioja Blanco (España),3,3,4.5,1.5,
6127175,Tino 2022,Manuel Formigo,2022,White,4.1,118,21.65,España,Ribeiro,Spanish White,3,2,3.0,1.0,
9973364,La Baraja Godello 2023,Bodegas Vilano,2023,White,4.2,118,23.25,España,Bierzo,Spanish Galicia Godello White,3,3,3.0,1.0,
12194792,Branco do Val 2024,Pedro Méndez,2024,White,4.1,117,18.1,España,Galicia,Spanish White,3,2,3.0,1.0,
77877,Organza 2022,Sierra Cantabria,2022,White,4.1,117,22.64,España,Rioja,Rioja Blanco (España),3,3,4.5,1.5,
10909174,El Día 2024,Raul Moreno,2024,White,4.2,116,43.22,España,Andalucía,Chardonnay (España),4,3,3.0,1.0,
5837173,Malvasia Seco Colección 2024,El Grifo,2024,White,4.1,115,20.6,España,Lanzarote,Spanish Islas Canarias White,2,3,2.0,1.5,
8440647,La Grande Cuvée Godello 2019,Mengoba,2019,White,4.2,114,80.6,España,Bierzo,Spanish White,3,2,3.0,1.0,
7139492,Moscatel de Alejandría 2024,Badman Wines,2024,White,4.2,114,18.07,España,Sierras de Málaga,Spanish White,3,2,3.0,1.0,
1144208,Vallegarcia Viognier 2022,Pago de Vallegarcía,2022,White,4.2,114,25.4,España,Castilla,Spanish White,3,2,3.0,1.0,
9948501,Carinyena Blanca 2022,Finca les Roques,2022,White,4.1,113,16.21,España,Empordà,Spanish White,3,2,3.0,1.0,
11952786,La Maragata Godello Blanco de Guarda 2019,Pittacum,2019,White,4.4,113,45.0,España,Bierzo,Spanish White,3,2,3.0,1.0,
1633591,Las Tres (3) Blanco 2020,Chozas Carrascal,2020,White,4.0,113,14.5,España,Valencia,Spanish White,3,2,3.0,1.0,
1490238,Albariño 2022,El Jardín de Lucía,2022,White,4.1,113,18.9,España,Rías Baixas,Albariño (España),3,3,1.0,1.0,
7428687,La Galera 2021,Bodegas Mas Alta,2021,White,4.3,113,46.5,España,Priorato,Spanish White,3,2,3.0,1.0,
9464149,Blanco Seco 2021,Lagrima De Malvasia,2021,White,4.0,112,38.5,España,Lanzarote,Spanish Islas Canarias White,2,3,2.0,1.5,
8704368,Mi Verdadejo 2021,Dominio del Bendito,2021,White,4.1,112,26.15,España,Castilla y León,Verdejo (España),3,3,2.0,2.0,
6029505,La Socarrada 2023,Descregut,2023,White,4.0,111,15.8,España,Penedès,Spanish White,3,2,3.0,1.0,
5656887,Extincta Vitis Sumoll Blanc 2020,Heretat Mascorrubí,2020,White,4.0,111,20.95,España,Tarragona,Spanish White,3,2,3.0,1.0,
11305972,Elástico 2022,Bodegas Frontonio,2022,White,4.1,109,40.75,España,Valdejalón,Spanish White,3,2,3.0,1.0,
9227545,Valdesabril Viura 2020,Nivarius,2020,White,4.2,108,43.3,España,Rioja,Rioja Blanco (España),3,3,4.5,1.5,
1677249,Colección Privada Blanco 2022,Azpilicueta,2022,White,4.1,108,19.15,España,Rioja,Rioja Blanco (España),3,3,4.5,1.5,
6737451,Blanco 2023,Terras Mancas,2023,White,4.1,108,10.74,España,Vino de España,Spanish White,3,2,3.0,1.0,
2306980,Raims de La Immortalitat Xarel-lo 2022,Bodegas Torre del Veguer,2022,White,4.1,108,22.99,España,Penedès,Spanish White,3,2,3.0,1.0,
2261407,Albillo Mayor 2019,De Blas Serrano,2019,White,4.0,107,35.0,España,Ribera del Duero,Spanish White,3,2,3.0,1.0,
11931355,La Forcada Sauvignon Blanc Vendimia Seleccionada 2023,Forcada,2023,White,4.0,107,8.4,España,Rioja,Rioja Blanco (España),3,3,4.5,1.5,
12147998,Dominio de Casalta - Hoya Colorá Chardonnay 2022,Pepe Rodríguez de Vera,2022,White,4.0,107,39.89,España,Almansa,Chardonnay (España),4,3,3.0,1.0,
5009695,Blanco 2019,Sota els Àngels,2019,White,4.2,107,35.2,España,Empordà,Spanish White,3,2,3.0,1.0,
10678196,Girò Ros 2023,OM Oliver Moragues,2023,White,4.2,106,18.45,España,Mallorca,Spanish White,3,2,3.0,1.0,
12552474,La Musaranya Garnatxa Blanca 2024,Herència Altés,2024,White,4.1,106,19.1,España,Terra Alta,Spanish Catalunya Grenache Blanc White,3,2,3.0,2.0,
5499005,La Salvación Godello 2023,César Márquez,2023,White,4.1,106,25.46,España,Bierzo,Spanish White,3,2,3.0,1.0,
9389923,Sitta Maceración 2022,Attis,2022,White,4.0,106,20.4,España,Rías Baixas,Albariño (España),3,3,1.0,1.0,
6141274,Xarel-Lo 2024,Can Sumoi,2024,White,4.1,105,14.16,España,Penedès,Spanish White,3,2,3.0,1.0,
5648122,El Muelle de Olaso 2024,Bodegas Luis Perez,2024,White,4.0,105,11.35,España,Cádiz,Spanish White,3,2,3.0,1.0,
11081003,'Nguany Blanco 2023,Santa Catarina,2023,White,4.0,105,12.6,España,Mallorca,Spanish White,3,2,3.0,1.0,
6626083,Robaliño Albariño 2024,Señorío de Rubiós,2024,White,4.0,105,9.95,España,Rías Baixas,Albariño (España),3,3,1.0,1.0,
11726382,Rocafosca Blanc 2024,Costers del Priorat,2024,White,4.0,104,19.8,España,Priorato,Spanish White,3,2,3.0,1.0,
1737396,Oro de Castilla Verdejo 2024,Hnos. del Villar,2024,White,4.0,104,7.7,España,Rueda,Verdejo (España),3,3,2.0,2.0,
8710013,Piezas N4 Malvasia Seco 2023,Victoria E. Torres Pecis,2023,White,4.2,103,60.0,España,La Palma,Spanish Islas Canarias White,2,3,2.0,1.5,
8642808,Vinas Viejas Blanco 2023,Luis Cañas,2023,White,4.0,103,13.5,España,Rioja Alavesa,Rioja Blanco (España),3,3,4.5,1.5,
2970021,Viñas de Gain Blanco 2019,Artadi,2019,White,4.0,103,19.95,España,Vino de España,Spanish White,3,2,3.0,1.0,
12419449,Valdepiñeiro Edición Limitada 2023,Casar de Burbia,2023,White,4.2,102,21.95,España,Bierzo,Spanish White,3,2,3.0,1.0,
11173130,Reserva Blanco 2021,Bodegas Cosme Palacio,2021,White,4.1,102,22.9,España,Rioja,Rioja Blanco (España),3,3,4.5,1.5,
1125479,Tras da Viña Albariño 2020,Zárate,2020,White,4.1,101,40.35,España,Rías Baixas,Albariño (España),3,3,1.0,1.0,
10427916,Verdejo 2024,Pilar García Duque,2024,White,4.1,101,14.25,España,Rueda,Verdejo (España),3,3,2.0,2.0,
11551926,Gran Reserva Comtat d'Urgell Blanc 2019,Castell del Remei,2019,White,4.3,101,69.0,España,Costers del Segre,Spanish White,3,2,3.0,1.0,
3403497,Afrutado Blanco 2024,Presas Ocampo,2024,White,4.1,100,14.21,España,Tacoronte-Acentejo,Spanish Islas Canarias White,2,3,2.0,1.5,
7442374,Blanco 2019,Ysios,2019,White,4.0,99,42.2,España,Rioja,Rioja Blanco (España),3,3,4.5,1.5,
10388703,Sector 2.8 2021,Caraballas,2021,White,4.0,99,24.9,España,Castilla y León,Spanish White,3,2,3.0,1.0,
12465205,Popul Varietats Negres de Terrer 2022,Sandra Doix Celler,2022,White,4.0,98,28.6,España,Priorato,Spanish White,3,2,3.0,1.0,
5988959,Fermentado en Barrica Verdejo 2021,Bodega Emina,2021,White,4.1,98,19.97,España,Rueda,Verdejo (España),3,3,2.0,2.0,
2644049,Blanc Allier 2019,Raventos d'Alella,2019,White,4.0,98,17.06,España,Alella,Chardonnay (España),4,3,3.0,1.0,
7662717,Roble Sobre Lías Fermentado en Barrica 2023,Pago Los Balancines,2023,White,4.1,97,12.35,España,Ribera del Guadiana,Spanish White,3,2,3.0,1.0,
9530662,Varron Cuvée Especial 2022,Lagar de Moha,2022,White,4.0,97,16.5,España,Rueda,Verdejo (España),3,3,2.0,2.0,
8923948,Límite Norte Reserva Tempranillo Blanco - Maturana Blanca 2021,Ramón Bilbao,2021,White,4.0,97,21.57,España,Rioja,Rioja Blanco (España),3,3,4.5,1.5,
10865584,Finca Monteveiga 2018,Mar de Frades,2018,White,4.0,96,37.5,España,Rías Baixas,Albariño (España),3,3,1.0,1.0,
2558262,Albariño 2023,Pazo de Rubianes,2023,White,4.2,96,37.2,España,Rías Baixas,Albariño (España),3,3,1.0,1.0,
9930105,Terroir X de Llicorella Blanco Limitada 2022,Alvarez Duran,2022,White,4.1,95,18.0,España,Priorato,Spanish White,3,2,3.0,1.0,
9771203,Turons de la Pleta 2022,Raimat,2022,White,4.1,95,16.0,España,Costers del Segre,Chardonnay (España),4,3,3.0,1.0,
10290254,Albillo Mayor La Rosa Mayor 2023,Valtravieso,2023,White,4.1,95,19.9,España,Ribera del Duero,Spanish White,3,2,3.0,1.0,
12382635,Meín Castes Brancas 2023,Viña Meín,2023,White,4.0,95,19.67,España,Ribeiro,Spanish White,3,2,3.0,1.0,
10915949,Margas Finca Calvestra Merseguera 2019,Mustiguillo,2019,White,4.3,95,47.5,España,Valencia,Spanish White,3,2,3.0,1.0,
6977295,Sauvignon Blanc 2024,Rupestre de Alpera,2024,White,4.1,94,6.1,España,Almansa,Sauvignon Blanc (España),3,3,3.0,1.0,
4923557,El Castro de Valtuille Godello 2023,Castro Ventosa,2023,White,4.0,94,17.3,España,Bierzo,Spanish White,3,2,3.0,1.0,
8967104,Enoteca Verdejo 2022,Finca Montepedroso,2022,White,4.2,93,28.5,España,Rueda,Verdejo (España),3,3,2.0,2.0,
1934016,Blanco de Guarda 2014,Sabinares,2014,White,4.0,93,40.0,España,Arlanza,Sauvignon Blanc (España),3,3,3.0,1.0,
8511395,Viña Monty Reserva Blanco 2018,Montecillo,2018,White,4.3,93,33.43,España,Rioja,Rioja Blanco (España),3,3,4.5,1.5,
3761393,Máis de Cunqueiro Torrontés 2021,Cunqueiro,2021,White,4.1,92,18.5,España,Ribeiro,Spanish White,3,2,3.0,1.0,
12321791,Albilla Selección 2023,Bodegas Ponce,2023,White,4.1,92,41.89,España,Manchuela,Spanish White,3,2,3.0,1.0,
11571755,Blanco 2022,Pazo da Sinsela,2022,White,4.3,92,55.9,España,Rías Baixas,Albariño (España),3,3,1.0,1.0,
2342567,Albariño 2024,Zárate,2024,White,4.0,92,26.42,España,Rías Baixas,Albariño (España),3,3,1.0,1.0,
11112289,Vinya de la Creu 2024,La Fita,2024,White,4.1,92,18.95,España,Penedès,Spanish White,3,2,3.0,1.0,
8630431,Blanco 2021,Viñas del Cénit,2021,White,4.0,92,28.15,España,Tierra del Vino de Zamora,Spanish White,3,2,3.0,1.0,
10005219,Panzas Verdejo 2023,Valtravieso,2023,White,4.1,92,9.95,España,Rueda,Verdejo (España),3,3,2.0,2.0,
1222961,Godello 2023,Godeval,2023,White,4.0,92,35.0,España,Valdeorras,Spanish Galicia Godello White,3,3,3.0,1.0,
11157485,Auditori Blanc 2023,Acustic Celler,2023,White,4.1,91,24.75,España,Montsant,Spanish White,3,2,3.0,1.0,
5919773,Moscatel Morisco 2022,Antigua Real Fábrica,2022,White,4.1,91,25.41,España,Málaga,Spanish White,3,2,3.0,1.0,
7528677,Sobre Lías Verdejo 2023,Hijos de Alberto Gutiérrez,2023,White,4.0,91,7.49,España,Rueda,Verdejo (España),3,3,2.0,2.0,
6182360,Albariño 2023,La Casa de Las Locas,2023,White,4.0,91,13.85,España,Rías Baixas,Albariño (España),3,3,1.0,1.0,
9684717,MC 2022,Partida Creus,2022,White,4.2,91,23.05,España,Penedès,Spanish White,3,2,3.0,1.0,
1176629,Els Bassots 2022,Escoda-Sanahuja,2022,White,4.0,90,40.75,España,Conca de Barberà,Spanish White,3,2,3.0,1.0,
1597345,Chardonnay 2023,Avgvstvs,2023,White,4.1,90,20.85,España,Penedès,Chardonnay (España),4,3,3.0,1.0,
7670528,El Sosiego de Finca Las Caraballas 2016,Caraballas,2016,White,4.4,89,33.0,España,Castilla y León,Chardonnay (España),4,3,3.0,1.0,
10906481,Verdejo Sobre Lías 2024,Legaris,2024,White,4.0,89,10.65,España,Rueda,Verdejo (España),3,3,2.0,2.0,
5093051,Sin Palabras Albariño 2018,Castro Brey,2018,White,4.0,89,27.1,España,Rías Baixas,Albariño (España),3,3,1.0,1.0,
2081101,Fillaboa Selección Finca Monte Alto Albariño 2021,Fillaboa,2021,White,4.1,89,32.4,España,Rías Baixas,Albariño (España),3,3,1.0,1.0,
10022348,Verdejo 2024,Juana la Loca,2024,White,4.0,89,6.79,España,Rueda,Verdejo (España),3,3,2.0,2.0,
12084790,UBE Caserío de Miraflores Alta 2024,Cota 45,2024,White,4.0,89,29.05,España,Cádiz,Spanish White,3,2,3.0,1.0,
11806881,Betzinera Xarel.lo 2021,L'Enclòs de Peralba,2021,White,4.1,89,31.8,España,Penedès,Spanish White,3,2,3.0,1.0,
8995627,L'Arcàngel 2024,Sant Miquel d'Oló,2024,White,4.1,88,17.0,España,Pla de Bages,Spanish White,3,2,3.0,1.0,
4502730,Most Flor 2024,Llopart,2024,White,4.0,87,7.87,España,Penedès,Spanish White,3,2,3.0,1.0,
12144239,Sotovelo 2022,Diatomists,2022,White,4.0,86,22.0,España,Andalucía,Spanish White,3,2,3.0,1.0,
4303484,Blanco (Verdejo) 2023,Marqués de Griñon,2023,White,4.0,86,8.5,España,Rueda,Verdejo (España),3,3,2.0,2.0,
6170752,Blanco 2022,Couto Mixto,2022,White,4.0,86,26.0,España,Monterrei,Spanish White,3,2,3.0,1.0,
7339658,Blanco 2022,Clos Ibai,2022,White,4.0,86,13.2,España,Rioja Alavesa,Rioja Blanco (España),3,3,4.5,1.5,
7349524,Mataperezosa 2021,Fuentes del Silencio,2021,White,4.1,85,26.0,España,Castilla y León,Spanish White,3,2,3.0,1.0,
96031,Quinze Roures 2023,Espelt,2023,White,4.0,85,11.86,España,Empordà,Spanish White,3,2,3.0,1.0,
5916679,Anadelia 2020,Algueira,2020,White,4.2,85,37.77,España,Ribeira Sacra,Spanish White,3,2,3.0,1.0,
2600364,Criado Sobre Lias Verdejo 2021,Acontia,2021,White,4.1,85,8.95,España,Castilla y León,Verdejo (España),3,3,2.0,2.0,
1197819,Habis 2022,Shaya,2022,White,4.2,85,24.9,España,Rueda,Verdejo (España),3,3,2.0,2.0,
10607478,Lurretik 2023,Bodega Aitaren,2023,White,4.1,85,13.99,España,Getariako Txakolina,Spanish País Vasco Txakoli White,2,3,3.0,1.0,
6860736,El Aeronauta Godello 2023,Bodegas Cosme Palacio,2023,White,4.1,84,18.3,España,Valdeorras,Spanish Galicia Godello White,3,3,3.0,1.0,
5530547,Bésame Blanco 2021,Reconquista,2021,White,4.1,84,7.51,España,La Mancha,Spanish White,3,2,3.0,1.0,
1829329,Clarión Seleccion Somontano 2016,Viñas del Vero,2016,White,4.2,83,15.96,España,Somontano,Spanish White,3,2,3.0,1.0,
11137797,Blanco 2020,Tihom,2020,White,4.0,83,36.25,España,Rioja,Rioja Blanco (España),3,3,4.5,1.5,
8688733,Pedraneira Albariño 2024,Fento,2024,White,4.1,83,25.0,España,Rías Baixas,Albariño (España),3,3,1.0,1.0,
8767313,Solista No 9 2021,Mas Geli,2021,White,4.0,83,25.49,España,Empordà,Spanish White,3,2,3.0,1.0,
7795742,Old Single Vineyard Pardells 2021,Espelt,2021,White,4.1,82,33.25,España,Empordà,Spanish White,3,2,3.0,1.0,
97076,Rioja Fermentado en Barrica Blanco 2020,Baigorri,2020,White,4.0,82,15.88,España,Rioja,Rioja Blanco (España),3,3,4.5,1.5,
11533695,Nobleza Old Vines Godello 2022,Avancia,2022,White,4.2,82,51.99,España,Valdeorras,Spanish Galicia Godello White,3,3,3.0,1.0,
1815065,200 Cestos Godello 2020,A Coroa,2020,White,4.3,81,38.55,España,Valdeorras,Spanish Galicia Godello White,3,3,3.0,1.0,
10661151,Porrera Vi de Vila Blanc 2022,Vall Llach,2022,White,4.0,81,25.75,España,Priorato,Spanish Catalunya Grenache Blanc White,3,2,3.0,2.0,
1307801,Alanda Blanco 2021,Quinta da Muradella,2021,White,4.0,81,34.85,España,Monterrei,Spanish White,3,2,3.0,1.0,
11854234,Porrera Horta- Colomer Vi de Paratge 2022,Vall Llach,2022,White,4.0,80,42.0,España,Priorato,Spanish Catalunya Grenache Blanc White,3,2,3.0,2.0,
4488713,Blanco Sobre Lías 2022,Pago Los Balancines,2022,White,4.0,80,12.25,España,Ribera del Guadiana,Spanish White,3,2,3.0,1.0,
7507303,Treixadura 2024,Bodegas Val de Souto,2024,White,4.0,80,8.5,España,Ribeiro,Spanish White,3,2,3.0,1.0,
12188618,Listán Blanco 2023,Presas Ocampo,2023,White,4.0,79,30.25,España,Tacoronte-Acentejo,Spanish Islas Canarias White,2,3,2.0,1.5,
5739962,Blanco 2020,Hika,2020,White,4.0,79,20.4,España,Getariako Txakolina,Spanish White,3,2,3.0,1.0,
9868994,Verdello 2020,Bodega Tamerán,2020,White,4.2,79,29.6,España,Gran Canaria,Spanish Islas Canarias White,2,3,2.0,1.5,
4463071,Suañé Blanco Reserva 2020,Alonso & Pedrajo,2020,White,4.2,78,24.25,España,Rioja,Rioja Blanco (España),3,3,4.5,1.5,
10100397,Parellada Natural Brisada 2023,Varietal 500,2023,White,4.0,78,16.5,España,Cataluña,Spanish White,3,2,3.0,1.0,
7748581,Coleccion Chardonnay 2020,Bodega Sommos,2020,White,4.3,78,30.5,España,Somontano,Chardonnay (España),4,3,3.0,1.0,
11115860,Chardonnay Fermentado En Barrica 2025,Bodega Otto Bestué,2025,White,4.1,78,17.03,España,Somontano,Chardonnay (España),4,3,3.0,1.0,
6600348,Aucalà Blanc 2023,Serra i Barceló,2023,White,4.1,77,11.1,España,Terra Alta,Spanish Catalunya Grenache Blanc White,3,2,3.0,2.0,
7203788,San Román Malvasia 2018,Bodegas San Román,2018,White,4.1,77,38.7,España,Toro,Spanish White,3,2,3.0,1.0,
6383509,Clavius 2016,Rodriguez y Sanzo,2016,White,4.0,77,33.5,España,Castilla y León,Verdejo (España),3,3,2.0,2.0,
13481,Penedès Parellada Honeymoon 2024,Parés Baltà,2024,White,4.1,77,10.5,España,Penedès,Spanish White,3,2,3.0,1.0,
7632504,Los Loros La Bota de Mateo 2021,El Borujo,2021,White,4.1,76,36.85,España,Valle de Güímar,Spanish Islas Canarias White,2,3,2.0,1.5,
7491968,La Entrada P7 Sauvignon Blanc 2020,Venta La Vega - Bodegas Almanseñas,2020,White,4.0,76,15.75,España,Vino de España,Sauvignon Blanc (España),3,3,3.0,1.0,
6088347,Colección Blanco 2024,Luzon,2024,White,4.0,76,6.95,España,Jumilla,Spanish White,3,2,3.0,1.0,
11540177,Selección Blanco 2023,Izadi,2023,White,4.0,76,14.9,España,Rioja,Rioja Blanco (España),3,3,4.5,1.5,
2543474,Treixadura 2024,Ramón do Casar,2024,White,4.1,76,14.75,España,Ribeiro,Spanish White,3,2,3.0,1.0,
13083839,Varietal 2024,Ramón do Casar,2024,White,4.0,75,11.95,España,Ribeiro,Spanish White,3,2,3.0,1.0,
11843737,Baynos Viura 2021,Bodegas Mauro,2021,White,4.1,75,68.5,España,Rioja,Rioja Blanco (España),3,3,4.5,1.5,
12748825,Blanco 2024,Huerto de la Condesa,2024,White,4.1,75,13.9,España,Sierras de Málaga,Spanish White,3,2,3.0,1.0,
11875070,Korde Blanco 2024,Pinea,2024,White,4.3,74,76.94,España,Ribera del Duero,Spanish White,3,2,3.0,1.0,
7126673,Finca la Nevera 2019,Nivarius,2019,White,4.1,74,21.75,España,Rioja,Rioja Blanco (España),3,3,4.5,1.5,
11877958,Pedras Líquidas Blanco 2023,Abadia da Cova,2023,White,4.4,74,38.0,España,Ribeiro,Spanish Galicia Godello White,3,3,3.0,1.0,
12538681,Albariño 2025,Antonio Montero,2025,White,4.0,73,9.95,España,Monterrei,Albariño (España),3,3,1.0,1.0,
8251977,Costenc Malvasia de Sitges 2020,Set & Ros,2020,White,4.0,73,22.5,España,Penedès,Spanish White,3,2,3.0,1.0,
7869697,De Finca Treixadura 2021,Antonio Montero,2021,White,4.0,73,15.98,España,Vino de España,Spanish White,3,2,3.0,1.0,
4317169,La Vertical 2021,Castro Candaz,2021,White,4.1,72,22.4,España,Ribeira Sacra,Spanish Galicia Godello White,3,3,3.0,1.0,
96993,Sanamaro Sobre Lias 2021,Pazo San Mauro,2021,White,4.1,72,37.9,España,Rías Baixas,Spanish White,3,2,3.0,1.0,
9269107,Soplagaitas 2024,Colonias de Galeón,2024,White,4.0,72,8.5,España,Sierra Norte de Sevilla,Chardonnay (España),4,3,3.0,1.0,
1524041,Sauvignon Blanc 2024,Altanza,2024,White,4.1,72,7.9,España,Rioja,Rioja Blanco (España),3,3,4.5,1.5,
1878965,Edición Especial Albariño 2022,Albamar,2022,White,4.0,72,18.4,España,Rías Baixas,Albariño (España),3,3,1.0,1.0,
1221374,Granbazán Limousin Albariño 2021,Agro de Bazán,2021,White,4.2,72,29.5,España,Rías Baixas,Albariño (España),3,3,1.0,1.0,
4361682,Varietal Fermentacion Lenta 2023,Bodegas Ximénez-Spínola,2023,White,4.3,71,32.5,España,Jerez-Xérès-Sherry,Spanish White,3,2,3.0,1.0,
8124177,Finca Les Lleres 2017,Batlliu de Sort,2017,White,4.0,71,25.9,España,Costers del Segre,Spanish White,3,2,3.0,1.0,
1468769,Albariño 2024,Veiga da Princesa,2024,White,4.1,71,12.9,España,Rías Baixas,Albariño (España),3,3,1.0,1.0,
10903953,La Pretensión 2023,Raul Moreno,2023,White,4.1,69,34.75,España,Andalucía,Spanish White,3,2,3.0,1.0,
5057628,Dominio del Pidio Albillo 2023,Cillar de Silos,2023,White,4.3,69,45.0,España,Ribera del Duero,Spanish White,3,2,3.0,1.0,
8947504,Narupa Piorno 2023,Narupa Vinos,2023,White,4.1,68,20.5,España,Rías Baixas,Albariño (España),3,3,1.0,1.0,
10113386,Olimpo Chardonnay 2021,Vinicola de Castilla,2021,White,4.0,68,11.5,España,Castilla,Chardonnay (España),4,3,3.0,1.0,
10836700,Buradón Las Plegarias Blanco 2021,Carlos Sanchez,2021,White,4.1,68,30.49,España,Rioja,Rioja Blanco (España),3,3,4.5,1.5,
7417219,Tros Blanc Saleres Grenache Blanca 2017,Alfredo Arribas,2017,White,4.2,68,54.0,España,Montsant,Spanish Catalunya Grenache Blanc White,3,2,3.0,2.0,
10820972,Genuïna Garnatxa Blanca - Trepat 2023,Rendé Masdéu,2023,White,4.1,67,17.0,España,Conca de Barberà,Spanish White,3,2,3.0,1.0,
12895924,Baudili Orange 2024,Mas Candi,2024,White,4.0,67,12.8,España,Penedès,Spanish White,3,2,3.0,1.0,
8115167,Blanco 2024,Volver,2024,White,4.0,67,17.5,España,La Mancha,Spanish White,3,2,3.0,1.0,
12964340,El Raig Verd 2024,Celler la Salada,2024,White,4.2,67,19.4,España,Penedès,Spanish White,3,2,3.0,1.0,
6192634,Pells Skin Contact Macabeu 2022,Anima Mundi,2022,White,4.0,67,21.5,España,Penedès,Spanish White,3,2,3.0,1.0,
1175869,Principia Mathematica 2023,Alemany i Corrió,2023,White,4.0,67,19.5,España,Penedès,Spanish White,3,2,3.0,1.0,
11474201,Macabeu 2023,Can Lleó de Vilanoveta,2023,White,4.0,66,21.9,España,Penedès,Spanish White,3,2,3.0,1.0,
10367492,El Secreto de LZ 2021,Pago Finca Élez,2021,White,4.0,66,23.9,España,Finca Élez,Spanish White,3,2,3.0,1.0,
11857524,Obsequi de l'Empordà 2024,Castillo Perelada,2024,White,4.0,66,13.8,España,Empordà,Spanish White,3,2,3.0,1.0,
11378427,Granito 2020,Cámbrico,2020,White,4.0,66,25.83,España,Sierra de Salamanca,Spanish White,3,2,3.0,1.0,
12639101,Arriscado 2023,Cuentaviñas,2023,White,4.2,65,56.9,España,Rioja,Rioja Blanco (España),3,3,4.5,1.5,
8747502,Xeixedo 2020,Adegas Bordel,2020,White,4.0,65,19.1,España,Vino de España,Spanish White,3,2,3.0,1.0,
9001121,Finca La Emperatriz Viñedo Singular Blanco 2018,Viñedos Hermanos Hernáiz,2018,White,4.2,65,32.4,España,Rioja,Rioja Blanco (España),3,3,4.5,1.5,
1194066,White 2020,MontRubí,2020,White,4.0,65,10.25,España,Penedès,Spanish White,3,2,3.0,1.0,
7913258,B119 2019,Hika,2019,White,4.3,65,36.4,España,País Vasco,Spanish White,3,2,3.0,1.0,
1651489,Murua Blanco Fermentado en Barrica 2022,Murua,2022,White,4.1,65,21.5,España,Rioja,Rioja Blanco (España),3,3,4.5,1.5,
1282341,Flavus Lías Blanco 2018,Viña Sastre,2018,White,4.1,64,61.9,España,Ribera del Duero,Spanish White,3,2,3.0,1.0,
11710019,Finca El Empecinado Verdejo 2024,Vega Real,2024,White,4.0,64,6.45,España,Rueda,Verdejo (España),3,3,2.0,2.0,
12433646,Breñal 2023,Los Aguilares,2023,White,4.2,63,26.74,España,Sierras de Málaga,Spanish White,3,2,3.0,1.0,
2830199,Mas del Gaio 2021,Escoda-Sanahuja,2021,White,4.1,63,46.76,España,Conca de Barberà,Spanish White,3,2,3.0,1.0,
2588422,Gran Clot dels Oms Chardonnay 2021,Ca N'Estella,2021,White,4.0,62,14.46,España,Penedès,Chardonnay (España),4,3,3.0,1.0,
7271527,Finca La Colina Dressage 2017,Vinos Sanz,2017,White,4.0,62,20.81,España,Castilla y León,Verdejo (España),3,3,2.0,2.0,
12666235,Verbena 2024,Cisteller,2024,White,4.1,62,22.95,España,Penedès,Spanish White,3,2,3.0,1.0,
8094678,Sauvignon Blanc 2024,Laderas de Romeo,2024,White,4.0,61,7.0,España,Murcia,Sauvignon Blanc (España),3,3,3.0,1.0,
9947940,Vi Fi de Masia Blanco 2021,L'Enclòs de Peralba,2021,White,4.0,61,16.99,España,Penedès,Spanish Catalunya Grenache Blanc White,3,2,3.0,2.0,
9132437,La Fuga 2019,Jose Antonio García,2019,White,4.1,61,42.5,España,Bierzo,Albariño (España),3,3,1.0,1.0,
10710392,Pell de Gerres Blanco 2022,Thunder Wine Makers,2022,White,4.0,61,26.2,España,Montsant,Spanish White,3,2,3.0,1.0,
2690445,Bernat Oller Blanc de Picapolls 2023,Oller del Mas,2023,White,4.1,61,15.35,España,Pla de Bages,Spanish White,3,2,3.0,1.0,
1474665,Blanco 2024,Vilerma,2024,White,4.0,61,14.5,España,Ribeiro,Spanish White,3,2,3.0,1.0,
13371389,Minami Natsu 2024,Casa Rojo,2024,White,4.0,61,13.95,España,Murcia,Spanish White,3,2,3.0,1.0,
2640243,La Serra Blanc 2019,Herència Altés,2019,White,4.2,60,30.86,España,Terra Alta,Spanish Catalunya Grenache Blanc White,3,2,3.0,2.0,
11235921,Sede e Fame Palomino 2020,Bodegas Virgen de Galir,2020,White,4.0,60,35.9,España,Valdeorras,Spanish White,3,2,3.0,1.0,
10359305,Mazapé Blanco 2020,Gallina de Piel,2020,White,4.3,60,47.8,España,Islas Canarias,Spanish Islas Canarias White,2,3,2.0,1.5,
2465026,Ic Ilercavonia Blanca 2024,Altavins,2024,White,4.1,60,9.5,España,Terra Alta,Spanish Catalunya Grenache Blanc White,3,2,3.0,2.0,
1837340,Xión Albariño 2024,Attis,2024,White,4.0,60,14.13,España,Rías Baixas,Albariño (España),3,3,1.0,1.0,
3030200,Blanc Tradició 2021,Huguet de Can Feixes,2021,White,4.2,58,14.85,España,Penedès,Spanish White,3,2,3.0,1.0,
11691010,Camino del Pilar Crianza Biológica 2021,Comando G,2021,White,4.0,58,89.9,España,Castilla y León,Spanish White,3,2,3.0,1.0,
18114,Rías Baixas Albariño Organistrum 2021,Bodegas Martín Códax,2021,White,4.1,58,24.0,España,Rías Baixas,Albariño (España),3,3,1.0,1.0,
5009290,Font de la Figuera Priorat Blanco 2023,Clos Figueras,2023,White,4.0,58,72.6,España,Priorato,Spanish White,3,2,3.0,1.0,
5374450,Atalaque - Moscatel del Horcajo N.V.,Pepe Rodríguez de Vera,N.V.,White,4.2,57,26.5,España,Castilla,Spanish White,3,2,3.0,1.0,
1549660,Ribeiro 7 Cupos Blanc 2024,Casal de Armán,2024,White,4.0,57,10.5,España,Ribeiro,Spanish White,3,2,3.0,1.0,
8630544,La Perla 2023,Oriol Artigas,2023,White,4.3,57,32.55,España,Vino de España,Spanish White,3,2,3.0,1.0,
10866010,Martiñolo Branco 2021,Adega Entre Cantos,2021,White,4.0,57,27.21,España,Ribeira Sacra,Spanish White,3,2,3.0,1.0,
8597974,Ca Ses Rosetes Giró Ros 2023,Bodega Ca'n Verdura,2023,White,4.1,57,20.95,España,Mallorca,Spanish White,3,2,3.0,1.0,
1739082,Diego Seco 2022,Bermejo,2022,White,4.1,56,27.0,España,Lanzarote,Spanish Islas Canarias White,2,3,2.0,1.5,
7446154,Riu de Gost Incrocio Manzoni 2022,Pla de Morei,2022,White,4.2,56,27.0,España,Cataluña,Spanish White,3,2,3.0,1.0,
6658355,Albillo 2023,Lopez Cristobal,2023,White,4.0,56,17.1,España,Ribera del Duero,Spanish White,3,2,3.0,1.0,
11128645,Villazo 2022,Bodega Fabio Coullet,2022,White,4.0,56,20.4,España,Sierras de Málaga,Spanish White,3,2,3.0,1.0,
4406127,Montes Obarenes Selección Terroir 2022,Gómez Cruzado,2022,White,4.3,55,42.7,España,Rioja,Rioja Blanco (España),3,3,4.5,1.5,
1162729,Acústic Blanc 2023,Acustic Celler,2023,White,4.0,55,12.91,España,Montsant,Spanish White,3,2,3.0,1.0,
11894393,724 Viognier - Verdejo 2022,Valdecuevas,2022,White,4.3,55,14.5,España,Rueda,Spanish White,3,2,3.0,1.0,
10333208,Fermentado en Barrica Verdejo 2019,Carlos Moro,2019,White,4.0,55,20.97,España,Rueda,Verdejo (España),3,3,2.0,2.0,
5857638,La Bastid Rioja Blanco 2023,Olivier Rivière,2023,White,4.0,55,24.5,España,Rioja,Rioja Blanco (España),3,3,4.5,1.5,
12731814,Blanco Reserva 2022,Campillo,2022,White,4.0,54,19.0,España,Rioja,Rioja Blanco (España),3,3,4.5,1.5,
1981350,Lore Rioja 2022,Ostatu,2022,White,4.1,54,17.25,España,Rioja Alavesa,Rioja Blanco (España),3,3,4.5,1.5,
1499471,Adega do Moucho Treixadura 2018,Francisco Garcia Perez,2018,White,4.4,54,67.9,España,Ribeiro,Spanish White,3,2,3.0,1.0,
4421881,Missatge en Una Ampolla 2022,Amós Bañeres,2022,White,4.1,54,20.25,España,Penedès,Spanish White,3,2,3.0,1.0,
6445464,Las Blancas 2024,Bruno Murciano,2024,White,4.0,54,12.4,España,Utiel-Requena,Spanish White,3,2,3.0,1.0,
2509745,Branco de Santa Cruz 2021,Telmo Rodriguez,2021,White,4.1,54,33.19,España,Valdeorras,Spanish White,3,2,3.0,1.0,
10962180,Pazo de Monterrey Raúl Boo Godello 2022,Pazos del Rey,2022,White,4.0,54,18.2,España,Monterrei,Spanish Galicia Godello White,3,3,3.0,1.0,
2471806,Oveja Blanca Dry Muscat 2024,Bodegas Fontana,2024,White,4.1,54,6.9,España,Uclés,Spanish White,3,2,3.0,1.0,
7165088,Gran Reserva Classica Blanco 2014,Hacienda López de Haro,2014,White,4.4,54,51.95,España,Rioja,Rioja Blanco (España),3,3,4.5,1.5,
13023333,Colors de Les Garrigues Blanc 2025,Cérvoles,2025,White,4.0,54,10.3,España,Costers del Segre,Spanish White,3,2,3.0,1.0,
11237945,Las Canteras 2023,Arrocal,2023,White,4.2,54,21.9,España,Ribera del Duero,Spanish White,3,2,3.0,1.0,
1245993,Chardonnay 2021,Dehesa del Carrizal,2021,White,4.1,54,24.3,España,Dehesa del Carrizal,Chardonnay (España),4,3,3.0,1.0,
1506037,Pago de los Balagueses Chardonnay 2022,Vegalfaro,2022,White,4.1,53,22.0,España,Utiel-Requena,Chardonnay (España),4,3,3.0,1.0,
2288227,Lovamor Albillo 2022,Alfredo Maestro,2022,White,4.0,53,12.75,España,Castilla y León,Spanish White,3,2,3.0,1.0,
12501391,Areas de Rei Blanco 2023,Fazenda Agricola Augalevada,2023,White,4.1,53,22.0,España,Ribeiro,Spanish White,3,2,3.0,1.0,
9459043,Monte Diva Blanco 2022,Gutiérrez de la Vega,2022,White,4.0,52,24.8,España,Vino de España,Spanish White,3,2,3.0,1.0,
9104945,La Font del Mosquit 2022,Bodega Bravo Escós,2022,White,4.0,52,19.3,España,Priorato,Spanish White,3,2,3.0,1.0,
1902305,Rías Baixas Albariño 2023,Finca Garabelos,2023,White,4.1,52,20.8,España,Rías Baixas,Albariño (España),3,3,1.0,1.0,
2526554,Blan d’Anzera 2020,Jordi Llorens,2020,White,4.0,52,33.43,España,Conca de Barberà,Spanish White,3,2,3.0,1.0,
6245509,Blanco 2024,Pepe Mendoza Casa Agrícola,2024,White,4.0,52,11.15,España,Alicante,Spanish White,3,2,3.0,1.0,
11066429,Pla del Bosc 2021,Vins El Cep,2021,White,4.0,52,17.33,España,Penedès,Spanish White,3,2,3.0,1.0,
8950983,Blanco Lexítimo 2022,Adega Ponte da Boga,2022,White,4.1,52,28.95,España,Ribeira Sacra,Spanish White,3,2,3.0,1.0,
5876704,Parellada - Muscat 2024,Freyé,2024,White,4.1,52,7.5,España,Penedès,Spanish White,3,2,3.0,1.0,
7571047,Petit Blanc 2023,VI Cool Be Cool,2023,White,4.0,51,8.4,España,Cataluña,Spanish Catalunya Grenache Blanc White,3,2,3.0,2.0,
9662991,Rioja Blanco Reserva 2016,Finca Valpiedra,2016,White,4.2,51,55.08,España,Rioja,Rioja Blanco (España),3,3,4.5,1.5,
12315061,Maurat 2022,B.R.O.T.,2022,White,4.0,51,14.85,España,Penedès,Spanish White,3,2,3.0,1.0,
12314800,Orange Peels 2023,Bodega Fabio Coullet,2023,White,4.1,51,24.18,España,Sierras de Málaga,Spanish White,3,2,3.0,1.0,
12314540,Roto 2022,Veronica Ortega,2022,White,4.1,51,45.0,España,Bierzo,Spanish White,3,2,3.0,1.0,
12031815,Casa del Capitan Macabeo 2022,Barahonda,2022,White,4.0,51,32.9,España,Yecla,Spanish White,3,2,3.0,1.0,
6246423,Gran Resrva Marvellous Number One 2014,Señorio de Villarrica,2014,White,4.3,51,75.0,España,Rioja,Rioja Blanco (España),3,3,4.5,1.5,
11969365,Tresvellas 2023,Pedro Méndez,2023,White,4.3,51,42.75,España,Rías Baixas,Albariño (España),3,3,1.0,1.0,
4919424,Granit Garnatxa Blanca 2023,Josep Grau Viticultor,2023,White,4.2,51,24.6,España,Montsant,Spanish Catalunya Grenache Blanc White,3,2,3.0,2.0,
1178655,Blanco 2024,Casal de Armán,2024,White,4.1,51,13.5,España,Ribeiro,Spanish White,3,2,3.0,1.0,
1253094,Masia Freyé Parellada - Muscat 2024,Domènech.Vidal,2024,White,4.2,50,8.5,España,Penedès,Spanish White,3,2,3.0,1.0,
11513496,Ancorat Sumoll Negre Blanc De Noirs 2021,Joan Sardà,2021,White,4.0,50,13.29,España,Penedès,Spanish White,3,2,3.0,1.0,
12419372,Vinya la Plana Malvasia de Sitges 2023,Vins Pepe Raventós,2023,White,4.1,50,28.5,España,Penedès,Spanish White,3,2,3.0,1.0,
13228199,Exopto Blanco Field Blend 2024,Bodegas Exopto,2024,White,4.0,50,15.8,España,Rioja,Rioja Blanco (España),3,3,4.5,1.5,
11813526,Els Arpiots 2023,La Fita,2023,White,4.1,50,15.25,España,Penedès,Spanish White,3,2,3.0,1.0,
11154670,Viver d'Espiells 2022,Juvé & Camps,2022,White,4.0,50,18.5,España,Clàssic Penedès,Spanish White,3,2,3.0,1.0,
7957754,Fermentado en Barrica Verdejo Ecologico 2019,Vizar,2019,White,4.0,50,24.9,España,Castilla y León,Verdejo (España),3,3,2.0,2.0,
1199172,Macabeu De vinyes Velles Finca Racons 2018,Tomàs Cusiné,2018,White,4.1,49,25.1,España,Costers del Segre,Spanish White,3,2,3.0,1.0,
1142125,Sió Blanc 2023,Bodega Ribas,2023,White,4.0,49,25.0,España,Mallorca,Spanish White,3,2,3.0,1.0,
4953160,Vinos Singulares Tempranillo Blanco Reserva 2017,Viña Pomal,2017,White,4.1,49,30.13,España,Rioja,Rioja Blanco (España),3,3,4.5,1.5,
7978423,La Capilla Blanco 2023,Finca La Capilla,2023,White,4.0,49,13.5,España,Rueda,Spanish White,3,2,3.0,1.0,
9023007,Valdecanada 2019,Raúl Pérez,2019,White,4.2,49,59.95,España,Bierzo,Spanish White,3,2,3.0,1.0,
1706137,Terra de Godos Albariño 2024,Pedralonga,2024,White,4.0,48,13.3,España,Rías Baixas,Albariño (España),3,3,1.0,1.0,
11098640,Leioa Paradisuak 2021,Itsasmendi,2021,White,4.0,48,23.5,España,Bizkaiko Txakolina,Spanish País Vasco Txakoli White,2,3,3.0,1.0,
10713997,La Nava Albillo Mayor 2019,Casa Lebai,2019,White,4.1,48,68.81,España,Ribera del Duero,Spanish White,3,2,3.0,1.0,
10249825,Albillo Mayor 2022,Dominio de Atauta,2022,White,4.0,48,28.91,España,Ribera del Duero,Spanish White,3,2,3.0,1.0,
9073383,Socaire Oxidativo de Albariza 2019,Primitivo Collantes,2019,White,4.2,48,40.95,España,Cádiz,Spanish White,3,2,3.0,1.0,
3136986,Altos de Torona Rosal 2022,Altos de Torona,2022,White,4.0,48,13.55,España,Rías Baixas,Spanish White,3,2,3.0,1.0,
12822240,La Suerte Albillo Real 2023,Arrayán,2023,White,4.0,48,16.0,España,Méntrida,Spanish White,3,2,3.0,1.0,
2383786,Coma Alta Priorat 2009,Mas d'en Gil,2009,White,4.2,48,42.15,España,Priorato,Spanish Catalunya Grenache Blanc White,3,2,3.0,2.0,
6136304,Finca San Cibrao 2018,Carlos Moro,2018,White,4.1,48,11.9,España,Ribeiro,Spanish White,3,2,3.0,1.0,
6545489,Termes Blanco 2020,Bodega Numanthia,2020,White,4.1,47,24.5,España,Vino de España,Spanish White,3,2,3.0,1.0,
7333236,Treixadura 2023,La Val,2023,White,4.0,47,15.45,España,Rías Baixas,Spanish White,3,2,3.0,1.0,
12065887,Blanco 2021,Dominio del Challao,2021,White,4.2,47,70.95,España,Rioja Alavesa,Rioja Blanco (España),3,3,4.5,1.5,
4055425,Gran Clot Dels Oms Xarel-lo 2021,Ca N'Estella,2021,White,4.0,47,12.9,España,Penedès,Spanish White,3,2,3.0,1.0,
12471295,Melior de Matarromera Albillo Mayor 2021,Matarromera,2021,White,4.0,46,18.95,España,Ribera del Duero,Spanish White,3,2,3.0,1.0,
13143569,Finca La Medina 2024,José Pariente,2024,White,4.0,46,29.75,España,Rueda,Verdejo (España),3,3,2.0,2.0,
12133479,Valtuille El Val 2022,Castro Ventosa,2022,White,4.2,46,53.9,España,Bierzo,Spanish White,3,2,3.0,1.0,
5797172,S.J. Anteportalatina 2020,Pujanza,2020,White,4.2,46,47.9,España,Rioja,Rioja Blanco (España),3,3,4.5,1.5,
7193251,Neno Sobre Lias Godello 2024,Viña Somoza,2024,White,4.0,46,14.67,España,Valdeorras,Spanish Galicia Godello White,3,3,3.0,1.0,
11140093,Falcoeira Branco 2022,Telmo Rodriguez,2022,White,4.1,46,90.6,España,Valdeorras,Spanish White,3,2,3.0,1.0,
11762832,Jaros Albillo Mayor 2023,Jaro,2023,White,4.0,45,25.25,España,Ribera del Duero,Spanish White,3,2,3.0,1.0,
9589949,A Cesteira Albariño 2023,Bodegas Fulcro,2023,White,4.3,45,30.5,España,Rías Baixas,Albariño (España),3,3,1.0,1.0,
2495399,Xarel-lo 2021,Foresta,2021,White,4.1,45,17.95,España,Cataluña,Spanish White,3,2,3.0,1.0,
13488022,Godello 2024,Valdesil,2024,White,4.0,45,19.7,España,Valdeorras,Spanish Galicia Godello White,3,3,3.0,1.0,
1868072,Penedès Gewürztraminer - Muscat Mireia 2024,Pinord,2024,White,4.1,45,9.1,España,Penedès,Spanish White,3,2,3.0,1.0,
11303144,Carenes Gratallops 2021,Josep Grau Viticultor,2021,White,4.2,45,50.5,España,Priorato,Spanish White,3,2,3.0,1.0,
1441651,El Transistor Verdejo 2023,Telmo Rodriguez,2023,White,4.0,45,22.15,España,Rueda,Verdejo (España),3,3,2.0,2.0,
5864576,Muscat 2023,Baluarte,2023,White,4.2,45,6.9,España,Navarra,Spanish White,3,2,3.0,1.0,
1101775,Granbazán Don Álvaro de Bazán Albariño 2021,Agro de Bazán,2021,White,4.1,45,34.8,España,Rías Baixas,Albariño (España),3,3,1.0,1.0,
12201880,Vinerel-Les Garnatxa Blanca 2020,Altavins,2020,White,4.0,44,24.95,España,Cataluña,Spanish Catalunya Grenache Blanc White,3,2,3.0,2.0,
11839653,Cíbola 2023,Hermanos Lurton,2023,White,4.0,44,13.85,España,Rueda,Spanish White,3,2,3.0,1.0,
4852517,Blanco Reserva 2015,Viña Muriel,2015,White,4.0,44,15.95,España,Rioja,Rioja Blanco (España),3,3,4.5,1.5,
1209770,El Quintà 2022,Bàrbara Forés,2022,White,4.0,44,18.85,España,Terra Alta,Spanish Catalunya Grenache Blanc White,3,2,3.0,2.0,
13311525,Finca Los Quemados Single Vineyard Blanco 2024,Pradorey,2024,White,4.1,44,13.0,España,Ribera del Duero,Spanish White,3,2,3.0,1.0,
4346004,La Trucha Albariño 2024,Finca Garabelos,2024,White,4.0,44,13.5,España,Rías Baixas,Albariño (España),3,3,1.0,1.0,
5445242,Berandu 2015,Aroa,2015,White,4.0,43,19.95,España,Navarra,Spanish White,3,2,3.0,1.0,
6316810,Manar dos Seixaş 2023,Gallina de Piel,2023,White,4.1,43,17.6,España,Ribeiro,Spanish White,3,2,3.0,1.0,
5292518,As 2 Ladeiras Seleccion Godello 2022,Viña Somoza,2022,White,4.0,43,22.9,España,Valdeorras,Spanish Galicia Godello White,3,3,3.0,1.0,
7518825,Blanco 2022,28 Metros Cuadrados,2022,White,4.1,43,16.33,España,Málaga,Spanish White,3,2,3.0,1.0,
12485693,Arínzano Armonía 2022,Arínzano,2022,White,4.3,43,47.0,España,Arínzano,Chardonnay (España),4,3,3.0,1.0,
12545904,Carrasviñas Felix 2022,Bodegas Félix Lorenzo Cachazo,2022,White,4.2,43,27.5,España,Rueda,Verdejo (España),3,3,2.0,2.0,
12781867,Faustino I Gran Reserva 2020,Bodegas Faustino,2020,White,4.1,43,33.0,España,Rioja Alavesa,Rioja Blanco (España),3,3,4.5,1.5,
12162315,Ensayo Albillo Real 2019,Las Moradas de San Martín,2019,White,4.0,42,23.95,España,Madrid,Spanish White,3,2,3.0,1.0,
5752614,Ventallola Garnatxa Blanc 2024,Boldú,2024,White,4.0,41,9.85,España,Costers del Segre,Spanish Catalunya Grenache Blanc White,3,2,3.0,2.0,
1542141,Nuat 2015,Abadal,2015,White,4.0,41,36.7,España,Pla de Bages,Spanish White,3,2,3.0,1.0,
1239187,Blanco 2019,Clos d'Agon,2019,White,4.0,41,37.32,España,Cataluña,Spanish White,3,2,3.0,1.0,
8039585,Valtravieso Nogara Verdejo 2023,Valtravieso,2023,White,4.1,41,8.75,España,Rueda,Verdejo (España),3,3,2.0,2.0,
12179880,Tahón de Tobelos Reserva Blanco 2019,Tobelos,2019,White,4.1,41,22.9,España,Rioja,Rioja Blanco (España),3,3,4.5,1.5,
4120927,Leirana Ma Luisa Lázaro Albariño 2019,Forjas del Salnés,2019,White,4.2,41,45.5,España,Rías Baixas,Albariño (España),3,3,1.0,1.0,
12809095,Lindeiros Albariño 2021,Lagar de Fornelos,2021,White,4.3,41,61.5,España,Rías Baixas,Albariño (España),3,3,1.0,1.0,
12060034,Taro Vinícola La Nave 2021,Pablo Matallana,2021,White,4.0,41,75.0,España,Lanzarote,Spanish Islas Canarias White,2,3,2.0,1.5,
7154685,Coster de la Devea 2018,Bernavi,2018,White,4.2,41,28.34,España,Terra Alta,Spanish White,3,2,3.0,1.0,
3867213,Mengoba las Tinajas 2018,Mengoba,2018,White,4.0,41,42.9,España,Bierzo,Spanish White,3,2,3.0,1.0,
2479666,Blanco 2024,Gómez Cruzado,2024,White,4.0,41,9.1,España,Rioja,Rioja Blanco (España),3,3,4.5,1.5,
1784010,OM Blanc 2023,OM Oliver Moragues,2023,White,4.1,40,18.5,España,Mallorca,Spanish White,3,2,3.0,1.0,
6484678,Finca Viñoa Paraje Penaboa 2020,Pazo Casanova,2020,White,4.3,40,25.2,España,Ribeiro,Spanish White,3,2,3.0,1.0,
9782040,Miguelito Jackson Blan de Nuar 2024,Bimbache,2024,White,4.1,40,42.15,España,El Hierro,Spanish Islas Canarias White,2,3,2.0,1.5,
11906490,Ventepico Blanco 2019,Venta d'Aubert,2019,White,4.1,40,23.3,España,Bajo Aragón,Spanish White,3,2,3.0,1.0,
10386506,Santa Brigida 2022,Barrialto,2022,White,4.0,39,18.3,España,Andalucía,Spanish White,3,2,3.0,1.0,
11501709,Jeronimo 2022,Victoria E. Torres Pecis,2022,White,4.3,39,52.0,España,La Palma,Spanish Islas Canarias White,2,3,2.0,1.5,
12872135,Cepas Viejas Godello 2024,Dominio de Tares,2024,White,4.1,39,19.0,España,Bierzo,Spanish White,3,2,3.0,1.0,
7688914,Cingles Garnatxa Blanca 2018,Clos Pons,2018,White,4.0,39,25.5,España,Costers del Segre,Spanish Catalunya Grenache Blanc White,3,2,3.0,2.0,
4460268,Conasbrancas 2023,Fedellos do Couto,2023,White,4.1,39,20.25,España,Ribeira Sacra,Spanish White,3,2,3.0,1.0,
12621604,Fermentado en Barrica Chardonnay 2022,Pago Finca Élez,2022,White,4.1,39,23.9,España,Finca Élez,Chardonnay (España),4,3,3.0,1.0,
12623728,Blanco 2023,Iturregi,2023,White,4.2,39,26.4,España,Getariako Txakolina,Spanish País Vasco Txakoli White,2,3,3.0,1.0,
1595719,Vidonia 2024,Suertes del Marqués,2024,White,4.2,39,38.0,España,Valle de la Orotava,Spanish Islas Canarias White,2,3,2.0,1.5,
6184362,UBE de Ubérrima Carrascal 2020,Cota 45,2020,White,4.1,39,45.32,España,Cádiz,Spanish White,3,2,3.0,1.0,
5408107,Mirabelles 2019,Celler Credo,2019,White,4.0,38,31.8,España,Cataluña,Spanish White,3,2,3.0,1.0,
11024904,Hispania Blanco 2021,Territorio Luthier,2021,White,4.4,38,32.5,España,Ribera del Duero,Spanish White,3,2,3.0,1.0,
7735840,Cíclic Blanc 2023,Lagravera,2023,White,4.2,38,26.1,España,Costers del Segre,Spanish White,3,2,3.0,1.0,
1584715,Xarel-lo Fermentat Em Àmfores 2022,Loxarel,2022,White,4.0,38,15.0,España,Penedès,Spanish White,3,2,3.0,1.0,
1360880,Ana de Altún 2024,Altún,2024,White,4.1,38,12.95,España,Rioja,Rioja Blanco (España),3,3,4.5,1.5,
3176258,Pago de Otazu Chardonnay Con Crianza 2023,Bodega Otazu,2023,White,4.2,38,28.3,España,Otazu,Chardonnay (España),4,3,3.0,1.0,
8028834,Esencia Blanca 2019,Tritium,2019,White,4.1,38,33.7,España,Rioja,Rioja Blanco (España),3,3,4.5,1.5,
12099785,La Retahíla 2023,Raul Moreno,2023,White,4.0,38,34.9,España,Andalucía,Spanish White,3,2,3.0,1.0,
10120224,Capítulo l Malvasía 2016,Conde de Los Andes,2016,White,4.2,37,39.3,España,Rioja,Rioja Blanco (España),3,3,4.5,1.5,
7557433,O Santo do Mar Blanco de Cela 2022,Rodrigo Mendez,2022,White,4.3,37,54.44,España,Galicia,Spanish Galicia Godello White,3,3,3.0,1.0,
12681222,Blanco 2023,Vara Y Pulgar,2023,White,4.0,37,17.15,España,Cádiz,Spanish White,3,2,3.0,1.0,
11573039,Coma Calcari Blanc 2022,Mas d'en Gil,2022,White,4.0,37,30.5,España,Priorato,Spanish Catalunya Grenache Blanc White,3,2,3.0,2.0,
11861175,Ravia 2023,Iria Otero,2023,White,4.0,36,21.25,España,Ribeiro,Spanish White,3,2,3.0,1.0,
1553003,Fermentado En Barrica Blanco 2023,Tomás Postigo,2023,White,4.4,36,30.5,España,Castilla y León,Verdejo (España),3,3,2.0,2.0,
8049624,Primera Vinya Les Brugueres Blanco 2021,Conreria d'Scala Dei,2021,White,4.2,36,32.27,España,Priorato,Spanish Catalunya Grenache Blanc White,3,2,3.0,2.0,
11571756,San Clemente 2022,Pazo da Sinsela,2022,White,4.4,36,111.9,España,Rías Baixas,Albariño (España),3,3,1.0,1.0,
11843840,Verdejo 2022,Latarce,2022,White,4.2,36,27.9,España,Toro,Verdejo (España),3,3,2.0,2.0,
11161382,La Pell El Vinyet Blanco 2020,Lagravera,2020,White,4.0,36,44.0,España,Costers del Segre,Spanish White,3,2,3.0,1.0,
8280418,Connexió Còsmica 2022,Cosmic,2022,White,4.0,36,14.39,España,Cataluña,Spanish White,3,2,3.0,1.0,
11197278,El Bosc Negre 2022,Albet i Noya,2022,White,4.0,36,26.0,España,Penedès,Spanish White,3,2,3.0,1.0,
2790958,Lirondo Blanco 2024,Cantalapiedra Viticultores,2024,White,4.0,36,13.8,España,Castilla y León,Verdejo (España),3,3,2.0,2.0,
1535901,Chardonnay Penedès Vinya Gigi 2024,Jean Leon,2024,White,4.0,35,24.55,España,Penedès,Chardonnay (España),4,3,3.0,1.0,
13144730,Majuelo el Espejo La Seca Blanco 2023,Cantalapiedra Viticultores,2023,White,4.2,35,40.65,España,Castilla y León,Verdejo (España),3,3,2.0,2.0,
5322952,Judas Viura 2021,Barco del Corneta,2021,White,4.0,35,28.88,España,Castilla y León,Spanish White,3,2,3.0,1.0,
7373729,Viña Lisonja Sauvignon Blanc 2024,Hijos de Alberto Gutiérrez,2024,White,4.1,35,5.25,España,Rueda,Sauvignon Blanc (España),3,3,3.0,1.0,
2467645,Blanco 2024,Ramón do Casar,2024,White,4.1,35,11.95,España,Ribeiro,Spanish White,3,2,3.0,1.0,
12385894,Costers de Cornudella Blanco 2023,Cia. Viticola Sileo,2023,White,4.0,35,20.95,España,Montsant,Spanish White,3,2,3.0,1.0,
10097560,Vinos Singulares Blanco Malvar 2020,Jiménez-Landi,2020,White,4.0,35,20.35,España,Méntrida,Spanish White,3,2,3.0,1.0,
11861015,Albariño 2024,Campillo,2024,White,4.1,35,15.0,España,Rías Baixas,Albariño (España),3,3,1.0,1.0,
9617829,Sauvignon Blanc 2024,Valdecuevas,2024,White,4.0,35,7.99,España,Rueda,Sauvignon Blanc (España),3,3,3.0,1.0,
10887896,Nora da Neve Encarnación Rodríguez 2019,Viña Nora,2019,White,4.1,34,29.5,España,Rías Baixas,Albariño (España),3,3,1.0,1.0,
1987057,Cargol Ttreu Vi 2022,Alemany i Corrió,2022,White,4.0,34,19.01,España,Penedès,Spanish White,3,2,3.0,1.0,
10453676,Miut Santa Magdalena 2021,Toro Albalá,2021,White,4.0,34,22.0,España,Montilla-Moriles,Spanish White,3,2,3.0,1.0,
2667162,Envidiacochina (Tête de Cuvée) 2023,Adega Familiar Eladio Piñeiro,2023,White,4.2,34,31.95,España,Rías Baixas,Albariño (España),3,3,1.0,1.0,
1176320,Verdejo Rueda 2024,Tamaral,2024,White,4.0,34,7.4,España,Rueda,Verdejo (España),3,3,2.0,2.0,
12805199,Paluezas Godello 2025,Nacho Álvarez,2025,White,4.3,34,12.9,España,Bierzo,Spanish White,3,2,3.0,1.0,
4868315,El Cuentista 2022,Pradorey,2022,White,4.1,34,17.5,España,Ribera del Duero,Spanish White,3,2,3.0,1.0,
1207642,Blanco 2024,Loess,2024,White,4.0,34,9.5,España,Rueda,Verdejo (España),3,3,2.0,2.0,
12623733,Moscatell d'Alexandria 2024,Larural,2024,White,4.1,34,15.75,España,Cataluña,Spanish White,3,2,3.0,1.0,
2515421,Cuvée de O Godello 2023,Avancia,2023,White,4.0,34,22.68,España,Valdeorras,Spanish Galicia Godello White,3,3,3.0,1.0,
10557304,La Vinya de Can Xec 2019,Can Matons,2019,White,4.1,34,41.49,España,Alella,Spanish White,3,2,3.0,1.0,
12485686,Arínzano Pureza 2021,Arínzano,2021,White,4.2,33,47.0,España,Arínzano,Chardonnay (España),4,3,3.0,1.0,
6245515,Nimi Gerra 2020,Joan de la Casa,2020,White,4.0,33,14.9,España,Alicante,Spanish White,3,2,3.0,1.0,
1173057,Dido Macabeu - Garnatxa - Cartoixa 2023,Venus la Universal,2023,White,4.2,33,20.25,España,Montsant,Spanish White,3,2,3.0,1.0,
13694,Cuesta de Oro Verdejo 2023,Hermanos Lurton,2023,White,4.0,33,19.18,España,Rueda,Verdejo (España),3,3,2.0,2.0,
12314535,Malvasia de Sitges 2024,Larural,2024,White,4.0,33,16.75,España,Cataluña,Spanish White,3,2,3.0,1.0,
1602058,Blanc de Trilogia 2024,Los Frailes,2024,White,4.0,33,12.05,España,Valencia,Spanish White,3,2,3.0,1.0,
8809426,La Loma & Los Santos Garnacha Blanca - Macabeo 2022,Bodegas Frontonio,2022,White,4.3,32,59.35,España,Valdejalón,Spanish White,3,2,3.0,1.0,
11173815,La Despistada 2020,Tarsus,2020,White,4.1,32,27.98,España,Ribera del Duero,Spanish White,3,2,3.0,1.0,
4369228,Godello 2024,Losada,2024,White,4.1,32,15.5,España,Bierzo,Spanish White,3,2,3.0,1.0,
4570222,Edición Limitada 2020,Nivarius,2020,White,4.0,32,12.8,España,Rioja,Rioja Blanco (España),3,3,4.5,1.5,
11888865,Corona Gran Reserva 2015,Cune (CVNE),2015,White,4.3,32,187.0,España,Rioja,Rioja Blanco (España),3,3,4.5,1.5,
12419144,Los Bobalistas Blanc de Noir 2024,Bodegas Illana,2024,White,4.1,31,17.9,España,Ribera del Júcar,Spanish White,3,2,3.0,1.0,
9449733,Mar En Calma 2024,Mas Oller,2024,White,4.2,31,20.99,España,Empordà,Spanish White,3,2,3.0,1.0,
5960491,Selección Familiar Blanco 2023,Launa,2023,White,4.1,31,21.05,España,Rioja Alavesa,Rioja Blanco (España),3,3,4.5,1.5,
11704869,El Val 2023,César Márquez,2023,White,4.4,31,172.0,España,Bierzo,Spanish White,3,2,3.0,1.0,
11614365,Vendimia de Invierno Malvasía Volcánica 2023,El Grifo,2023,White,4.0,31,37.5,España,Lanzarote,Spanish Islas Canarias White,2,3,2.0,1.5,
12086397,De Rams Blanco 2020,Lafou,2020,White,4.2,31,48.95,España,Terra Alta,Spanish Catalunya Grenache Blanc White,3,2,3.0,2.0,
12068054,Aprisco Reserva 2019,Arzuaga,2019,White,4.1,31,33.0,España,Ribera del Duero,Spanish White,3,2,3.0,1.0,
11323247,Mas de La Mona Chardonnay 2024,Masos,2024,White,4.2,31,28.4,España,Alicante,Chardonnay (España),4,3,3.0,1.0,
12317803,Prensal Blanc 2024,OM Oliver Moragues,2024,White,4.1,31,24.0,España,Mallorca,Spanish White,3,2,3.0,1.0,
10758173,Lote #1 2019,Secret Cellar,2019,White,4.0,31,18.15,España,Ribera del Duero,Spanish White,3,2,3.0,1.0,
12131538,Ma Blanco 2021,Michelini i Mufatto,2021,White,4.1,31,32.9,España,Bierzo,Spanish White,3,2,3.0,1.0,
1239974,Caminante 2024,Terra Remota,2024,White,4.0,31,20.75,España,Empordà,Spanish Catalunya Grenache Blanc White,3,2,3.0,2.0,
10904315,Ambvivalent 2019,Celler Credo,2019,White,4.1,31,32.0,España,Penedès,Spanish White,3,2,3.0,1.0,
12152104,Vidueño 2022,Presas Ocampo,2022,White,4.0,31,30.25,España,Tacoronte-Acentejo,Spanish Islas Canarias White,2,3,2.0,1.5,
8316644,La Figaflor White 2024,Bell Cros,2024,White,4.0,31,11.9,España,Tarragona,Spanish Catalunya Grenache Blanc White,3,2,3.0,2.0,
1933947,Els Bassotets 2023,Escoda-Sanahuja,2023,White,4.0,31,19.0,España,Conca de Barberà,Spanish White,3,2,3.0,1.0,
4995987,Embaixador Albariño 2022,Attis,2022,White,4.3,31,38.54,España,Rías Baixas,Albariño (España),3,3,1.0,1.0,
5746177,Trotamundos Bianco 2019,Olivier Rivière,2019,White,4.3,30,39.0,España,Rioja,Rioja Blanco (España),3,3,4.5,1.5,
13612467,La Malpagada Albillo Mayor 2022,Casa Rojo,2022,White,4.0,30,21.99,España,Ribera del Duero,Spanish White,3,2,3.0,1.0,
9262003,Les Camades Garnatxa Blanca 2020,L'Enclòs de Peralba,2020,White,4.2,30,21.99,España,Cataluña,Spanish Catalunya Grenache Blanc White,3,2,3.0,2.0,
2184024,Cies Blanco 2024,Rodrigo Mendez,2024,White,4.1,30,17.6,España,Rías Baixas,Albariño (España),3,3,1.0,1.0,
4520554,Cuvée Verdejo 2023,Valdecuevas,2023,White,4.1,30,15.5,España,Rueda,Verdejo (España),3,3,2.0,2.0,
11389488,Moscatel Rare 2019,Pepe Mendoza Casa Agrícola,2019,White,4.3,30,27.23,España,Alicante,Spanish White,3,2,3.0,1.0,
6334317,Petit Manseng 2013,Raventos d'Alella,2013,White,4.1,30,21.86,España,Alella,Spanish White,3,2,3.0,1.0,
1235689,Frore de Carme 2018,Adega Familiar Eladio Piñeiro,2018,White,4.2,30,49.8,España,Rías Baixas,Albariño (España),3,3,1.0,1.0,
12678964,Jesús Acha Blanco 2018,El Pacto,2018,White,4.3,30,119.0,España,Rioja,Rioja Blanco (España),3,3,4.5,1.5,
4447966,Prime Albariño Lias 2021,Paco & Lola,2021,White,4.0,30,17.95,España,Rías Baixas,Albariño (España),3,3,1.0,1.0,
9721186,Meraldis Vinificación Integral Verdejo 2021,Yllera,2021,White,4.1,30,20.0,España,Rueda,Verdejo (España),3,3,2.0,2.0,
6332576,4 Varietales Colección Blanco de Guarda 2016,Vivanco,2016,White,4.1,30,24.5,España,Rioja,Rioja Blanco (España),3,3,4.5,1.5,
9858049,Gran Reserva Blanco Seco 2016,Monopole,2016,White,4.4,30,110.0,España,Rioja,Rioja Blanco (España),3,3,4.5,1.5,
6785466,Airén de Pie Franco 2021,Verum,2021,White,4.0,30,39.32,España,Castilla,Spanish Castilla Airén White,2,1,2.0,1.0,
6750162,Univers 2023,Muchada-Léclapart,2023,White,4.0,30,26.9,España,Cádiz,Spanish White,3,2,3.0,1.0,
1981483,Lo Coster Blanc 2023,Sangenís I Vaqué,2023,White,4.1,29,20.9,España,Priorato,Spanish White,3,2,3.0,1.0,
11906853,Verdejo 2024,Senda de los Frailes,2024,White,4.0,29,8.25,España,Rueda,Verdejo (España),3,3,2.0,2.0,
3945846,Singulars Garnatxa Roja 2022,Mas Llunes,2022,White,4.1,29,20.29,España,Empordà,Spanish White,3,2,3.0,1.0,
11024899,Clarete de Guarda 2020,Territorio Luthier,2020,White,4.4,29,52.64,España,Ribera del Duero,Spanish White,3,2,3.0,1.0,
1571347,5V Blanco 2024,Abel Mendoza Monge,2024,White,4.1,29,35.65,España,Rioja,Rioja Blanco (España),3,3,4.5,1.5,
12291621,Parcela en Aios 2023,Eulogio Pomares,2023,White,4.3,29,129.0,España,Rías Baixas,Albariño (España),3,3,1.0,1.0,
10954970,Verdello Antiguo 2021,Quinta da Muradella,2021,White,4.4,29,123.8,España,Monterrei,Spanish White,3,2,3.0,1.0,
13216416,250 Aniversario Edición Única Lías Malvasia Volcanica 2018,El Grifo,2018,White,4.2,29,30.3,España,Lanzarote,Spanish Islas Canarias White,2,3,2.0,1.5,
12343418,TA/MIRA Miraflores Alta 2022,Reta,2022,White,4.0,28,52.0,España,Andalucía,Spanish White,3,2,3.0,1.0,
11825533,Markiss Sauvignon Blanc 2021,Bodega Doña Felisa,2021,White,4.3,28,75.0,España,Sierras de Málaga,Sauvignon Blanc (España),3,3,3.0,1.0,
12077870,La Tercera Viña 2024,Single Vineyards Collectors,2024,White,4.1,28,24.9,España,Penedès,Spanish White,3,2,3.0,1.0,
12412034,Nobleza Moscatel Old Vines 2024,Botani,2024,White,4.1,28,29.5,España,Sierras de Málaga,Spanish White,3,2,3.0,1.0,
11215798,Villamarta 2014,Bodegas Luis Perez,2014,White,4.3,28,258.3,España,Cádiz,Spanish White,3,2,3.0,1.0,
12942690,Rafa Cañizares Sauvignon Blanc 2024,Volver,2024,White,4.0,28,8.55,España,Alicante,Sauvignon Blanc (España),3,3,3.0,1.0,
4910136,Formiga de Seda 2023,Clos Galena,2023,White,4.1,28,19.9,España,Priorato,Spanish White,3,2,3.0,1.0,
11676156,Velo Flor Tinajas de Padilla 2021,Pepe Mendoza Casa Agrícola,2021,White,4.0,28,21.8,España,Alicante,Spanish White,3,2,3.0,1.0,
11207164,200 Monges Gran Reserva Blanco 2010,Vinícola Real,2010,White,4.4,28,70.9,España,Rioja,Rioja Blanco (España),3,3,4.5,1.5,
11024782,Triga Chardonnay Fermentado en Barrica 2023,Volver,2023,White,4.1,28,17.61,España,Alicante,Chardonnay (España),4,3,3.0,1.0,
3888668,Listán Blanco de Canarias 2022,Artífice,2022,White,4.1,28,19.0,España,Ycoden-Daute-Isora,Spanish Islas Canarias White,2,3,2.0,1.5,
8536207,Clos Adèle Xarel-lo 2020,Terra Remota,2020,White,4.1,28,54.5,España,Empordà,Spanish White,3,2,3.0,1.0,
7116832,Rofe Blanco 2023,Puro Rofe,2023,White,4.0,28,30.25,España,Lanzarote,Spanish Islas Canarias White,2,3,2.0,1.5,
12517721,La Gran Nit Carinyena Blanca 2021,Mas Geli,2021,White,4.1,27,34.0,España,Empordà,Spanish White,3,2,3.0,1.0,
10404003,Maricel Malvasia de Sitges 2024,Bodegas Torre del Veguer,2024,White,4.0,27,13.92,España,Penedès,Spanish White,3,2,3.0,1.0,
10557341,Vinos Singulares Garnacha Blanca 2020,Viña Pomal,2020,White,4.0,27,25.0,España,Rioja,Rioja Blanco (España),3,3,4.5,1.5,
3267072,Chardonnay Reserva 2020,Castillo de Monjardin,2020,White,4.1,27,16.84,España,Navarra,Chardonnay (España),4,3,3.0,1.0,
13143477,Señora de las Alturas Blanco 2024,Viña Zorzal,2024,White,4.0,27,23.75,España,Navarra,Spanish White,3,2,3.0,1.0,
7950788,Sitta Doliola 2018,Attis,2018,White,4.1,27,38.7,España,Rías Baixas,Albariño (España),3,3,1.0,1.0,
11871735,Areas de Montalvo 2018,Raúl Pérez,2018,White,4.3,27,216.0,España,Rías Baixas,Albariño (España),3,3,1.0,1.0,
12387208,Dominio de Torrox 2022,Dominio de Arenas,2022,White,4.1,27,13.09,España,Sierras de Málaga,Spanish White,3,2,3.0,1.0,
12214996,Viader Davant del Corral Xarel-lo 2022,Muscàndia,2022,White,4.2,27,18.35,España,Penedès,Spanish White,3,2,3.0,1.0,
3880545,El Lebrero 2022,Callejo,2022,White,4.0,26,48.66,España,Ribera del Duero,Spanish White,3,2,3.0,1.0,
9930976,Libertango 2020,Vinyes Tortuga,2020,White,4.2,26,60.87,España,Cataluña,Spanish White,3,2,3.0,1.0,
12096167,Valldencomte 2020,Ricard Rofes,2020,White,4.0,26,35.99,España,Montsant,Spanish Catalunya Grenache Blanc White,3,2,3.0,2.0,
8181183,Finca Xieles Albariño 2022,Bodegas Martín Códax,2022,White,4.1,26,40.0,España,Rías Baixas,Albariño (España),3,3,1.0,1.0,
13155657,Las Fincas de José Pariente 2021,José Pariente,2021,White,4.0,26,21.9,España,Rueda,Verdejo (España),3,3,2.0,2.0,
2629649,A Pita Miuda 2017,Lagar de Sabariz,2017,White,4.2,26,44.53,España,Galicia,Spanish White,3,2,3.0,1.0,
9001490,Solista No 7 Subirat Parent 2022,Mas Geli,2022,White,4.1,26,19.0,España,Empordà,Spanish White,3,2,3.0,1.0,
9889047,La Bota 107 de Florpower 2020,Equipo Navazos,2020,White,4.0,26,22.9,España,Andalucía,Spanish White,3,2,3.0,1.0,
10949607,Valouta Albariño 2020,Cabana das Bolboretas,2020,White,4.1,26,36.7,España,Rías Baixas,Albariño (España),3,3,1.0,1.0,
1677283,Cartesius Garnatxa Blanca 2024,Arché Pagès,2024,White,4.1,26,13.43,España,Empordà,Spanish Catalunya Grenache Blanc White,3,2,3.0,2.0,
13169644,El Calado del Espino Viura 2023,José Gil,2023,White,4.2,26,49.5,España,Rioja,Rioja Blanco (España),3,3,4.5,1.5,
3919916,Sitta Ancestros 2012,Attis,2012,White,4.4,26,124.8,España,Rías Baixas,Albariño (España),3,3,1.0,1.0,
6993325,Raices del Miño Cepas Autóctonas 2019,Castrelo das Pedras,2019,White,4.1,25,20.04,España,Ribeiro,Spanish White,3,2,3.0,1.0,
11713764,Aurora 2023,Finca Sandoval,2023,White,4.0,25,16.9,España,Manchuela,Spanish White,3,2,3.0,1.0,
9204339,Hey! Macabeu - Xarel-lo 2023,Amós Bañeres,2023,White,4.0,25,14.85,España,Penedès,Spanish White,3,2,3.0,1.0,
12268661,Pelibuey 2022,Bimbache,2022,White,4.0,25,34.5,España,Islas Canarias,Spanish Islas Canarias White,2,3,2.0,1.5,
13603622,Bina Vino de Pasto 2023,Bodegas Luis Perez,2023,White,4.2,25,53.4,España,Andalucía,Spanish White,3,2,3.0,1.0,
2381944,Genio Y Figura Albariño 2023,Attis,2023,White,4.0,25,15.1,España,Rías Baixas,Albariño (España),3,3,1.0,1.0,
3989194,XL (Xarel·Lo) 2021,Partida Creus,2021,White,4.0,25,23.25,España,Cataluña,Spanish White,3,2,3.0,1.0,
9420090,Baboso Blanco 2023,Bodega Tamerán,2023,White,4.3,25,48.15,España,Gran Canaria,Spanish Islas Canarias White,2,3,2.0,1.5,
4698888,30.70 2024,Hugas de Batlle,2024,White,4.1,25,18.43,España,Empordà,Spanish White,3,2,3.0,1.0,
12993364,Reserva Blanco Seco (Clásico) 2021,Monopole,2021,White,4.2,25,21.6,España,Rioja,Rioja Blanco (España),3,3,4.5,1.5,
11102898,Soldados de Cuera Macabeo 2021,Jorge Piernas,2021,White,4.1,25,26.51,España,Murcia,Spanish White,3,2,3.0,1.0,
1923906,Chardonnay 2024,Anayón,2024,White,4.0,25,13.0,España,Cariñena,Chardonnay (España),4,3,3.0,1.0,
7123817,Orovelo 2022,La Niña de Cuenca,2022,White,4.0,25,14.9,España,Manchuela,Spanish White,3,2,3.0,1.0,
1728926,Abadia de San Campio 2019,Terras Gauda,2019,White,4.0,2539,10.95,España,Rías Baixas,Albariño (España),3,3,1.0,1.0,
2309627,VN (Vinel-Lo Blanco) 2023,Partida Creus,2023,White,4.1,2290,18.0,España,Penedès,Spanish White,3,2,3.0,1.0,
5089788,Falcata Blanco 2024,Pago Casa Gran,2024,White,4.1,2047,7.59,España,Valencia,Spanish White,3,2,3.0,1.0,
9062,Chardonnay 234 2021,Enate,2021,White,4.1,1802,10.16,España,Somontano,Chardonnay (España),4,3,3.0,1.0,
1278739,Albariño 2021,Pazo Pondal,2021,White,4.0,1690,13.49,España,Rías Baixas,Albariño (España),3,3,1.0,1.0,
4523122,Soldadito Marinero 2025,El Angosto,2025,White,4.1,1663,5.4,España,Valencia,Spanish White,3,2,3.0,1.0,
10985753,Albariño 2019,Martín Códax,2019,White,4.0,1547,14.48,España,Rías Baixas,Albariño (España),3,3,1.0,1.0,
1801552,Il·lusió 2025,Celler Xavier Clua,2025,White,4.0,1212,11.6,España,Terra Alta,Spanish Catalunya Grenache Blanc White,3,2,3.0,2.0,
1757194,Malvasía Seco 2024,Bermejo,2024,White,4.1,1166,22.9,España,Lanzarote,Spanish Islas Canarias White,2,3,2.0,1.5,
6991751,Reserva Tempranillo Blanco 2017,Rioja Vega,2017,White,4.1,1128,44.21,España,Rioja,Rioja Blanco (España),3,3,4.5,1.5,
1614612,Castrelo de Miño 2023,Eduardo Peña,2023,White,4.1,1121,17.0,España,Ribeiro,Spanish White,3,2,3.0,1.0,
96992,Albariño 2022,Pazo San Mauro,2022,White,4.0,1057,18.0,España,Rías Baixas,Albariño (España),3,3,1.0,1.0,
1223714,Nun Vinya dels Taus 2009,Enric Soler,2009,White,4.3,1005,240.0,España,Penedès,Spanish White,3,2,3.0,1.0,
2116277,Abracadabra 2022,Trossos del Priorat,2022,White,4.0,855,32.5,España,Priorato,Spanish White,3,2,3.0,1.0,
1294831,Sa Vall Fermentat en Bòte Selecció Privada 2018,Vins Miquel Gelabert,2018,White,4.2,796,24.5,España,Plà i Llevant,Spanish White,3,2,3.0,1.0,
2322312,Vendimia Nocturna Albariño 2024,Pago de Tharsys,2024,White,4.0,765,15.6,España,Cataluña,Albariño (España),3,3,1.0,1.0,
4214223,Los Tabaqueros 2006,Llanos Negros,2006,White,4.3,750,29.9,España,La Palma,Spanish Islas Canarias White,2,3,2.0,1.5,
1136242,Kyrie 2024,Costers del Siurana,2024,White,4.3,706,94.55,España,Priorato,Spanish White,3,2,3.0,1.0,
2481279,Impresiones Verdejo 2024,Bodega los Palomares,2024,White,4.1,670,7.95,España,Castilla y León,Verdejo (España),3,3,2.0,2.0,
6492987,Microbio 2022,Micro Bio (MicroBio),2022,White,4.0,661,25.6,España,Castilla y León,Verdejo (España),3,3,2.0,2.0,
1155895,Torre la Moreira Albariño 2022,Marqués de Vizhoja,2022,White,4.0,659,10.5,España,Rías Baixas,Albariño (España),3,3,1.0,1.0,
3055690,Jaspi d'Or 2023,Coca i Fitó,2023,White,4.0,629,17.6,España,Terra Alta,Spanish White,3,2,3.0,1.0,
3242083,Soverribas Albariño 2024,Nanclares y Prieto,2024,White,4.1,626,27.95,España,Rías Baixas,Albariño (España),3,3,1.0,1.0,
12179510,Finca la Reñana Blanco 2024,Luis Alegre,2024,White,4.1,615,7.5,España,Rioja,Rioja Blanco (España),3,3,4.5,1.5,
2218581,Viña El Flako 2023,Hermanos Frias del Val,2023,White,4.1,593,16.8,España,Rioja Alavesa,Rioja Blanco (España),3,3,4.5,1.5,
4662983,Tanca No 12 Blanc Roure 2024,Bodegas Binifadet,2024,White,4.1,582,28.95,España,Isla de Menorca,Chardonnay (España),4,3,3.0,1.0,
7513656,Vino Atlántico 2022,Península Vinicultores,2022,White,4.0,577,15.0,España,Bizkaiko Txakolina,Spanish País Vasco Txakoli White,2,3,3.0,1.0,
2209918,Cinco Islas Albariño 2022,Bodegas Chaves,2022,White,4.0,559,29.09,España,Rías Baixas,Albariño (España),3,3,1.0,1.0,
87930,Naia 2021,Naia,2021,White,4.0,556,19.19,España,Rueda,Verdejo (España),3,3,2.0,2.0,
2431356,Almendros Single Vineyard Blanco 2024,El Angosto,2024,White,4.0,552,8.6,España,Valencia,Verdejo (España),3,3,2.0,2.0,
1455119,Godello 2024,Joaquín Rebolledo,2024,White,4.1,550,11.5,España,Valdeorras,Spanish Galicia Godello White,3,3,3.0,1.0,
7148393,Bitoku Blanco 2022,Adega do Demo,2022,White,4.1,549,14.5,España,Ribeiro,Spanish White,3,2,3.0,1.0,
8366987,Familia Valdelana Blanco 2024,Bodegas Valdelana,2024,White,4.0,546,7.0,España,Rioja,Rioja Blanco (España),3,3,4.5,1.5,
5404293,El Amigo Imaginario 2023,Forlong,2023,White,4.0,530,24.5,España,Cádiz,Spanish White,3,2,3.0,1.0,
10664200,L'Encís Garnatxa Blanca - Sauvignon Blanc 2025,Vinos del Paseante,2025,White,4.0,508,11.95,España,Empordà,Spanish White,3,2,3.0,1.0,
1231120,Xarel-lo 2019,Pardas,2019,White,4.0,505,59.75,España,Penedès,Spanish White,3,2,3.0,1.0,
2139083,BS (Blanc de Sumoll) 2020,Partida Creus,2020,White,4.1,495,33.65,España,Cataluña,Spanish White,3,2,3.0,1.0,
2824737,Albariño 2023,Casa Do Sol,2023,White,4.0,495,13.64,España,Rías Baixas,Albariño (España),3,3,1.0,1.0,
8145514,Finca Valdelagunde Sauvignon Blanc 2024,Bodegas Pedro Escudero,2024,White,4.0,492,11.0,España,Rueda,Sauvignon Blanc (España),3,3,3.0,1.0,
2224714,Blanc de Negres 2022,Can Coleto,2022,White,4.2,479,13.62,España,Plà i Llevant,Spanish White,3,2,3.0,1.0,
6696991,Albillo 2022,Bodegas Clunia,2022,White,4.0,472,17.65,España,Castilla y León,Spanish White,3,2,3.0,1.0,
2706042,Rioja Gran Reserva White Premium 2019,Valserrano,2019,White,4.2,470,34.0,España,Rioja,Rioja Blanco (España),3,3,4.5,1.5,
1201340,1040 2023,Sameirás,2023,White,4.0,459,20.25,España,Ribeiro,Spanish White,3,2,3.0,1.0,
6202354,Godello Viejo 2024,Mengoba,2024,White,4.0,457,19.15,España,Bierzo,Spanish White,3,2,3.0,1.0,
2425702,Petrea Chardonnay 2003,Mas Comtal,2003,White,4.2,455,195.0,España,Cataluña,Chardonnay (España),4,3,3.0,1.0,
1925448,Blanco Seco (Clasico) 2018,Monopole,2018,White,4.0,441,23.9,España,Rioja,Rioja Blanco (España),3,3,4.5,1.5,
9290382,Blanco 2021,Pradorey,2021,White,4.1,439,9.4,España,Castilla y León,Spanish White,3,2,3.0,1.0,
4860068,Telescópico Macabeo - Garnacha Blanca 2022,Bodegas Frontonio,2022,White,4.0,434,19.65,España,Valdejalón,Spanish White,3,2,3.0,1.0,
6226583,La Batista 2022,Llanos Negros,2022,White,4.1,424,26.95,España,La Palma,Spanish Islas Canarias White,2,3,2.0,1.5,
1660440,Maio 5 Albariño 2020,Lagar de Costa,2020,White,4.1,415,20.23,España,Rías Baixas,Albariño (España),3,3,1.0,1.0,
6232227,VY (Vinyater) 2021,Partida Creus,2021,White,4.1,400,23.05,España,Penedès,Spanish White,3,2,3.0,1.0,
1160155,K-Naia 2023,Naia,2023,White,4.0,386,6.5,España,Rueda,Spanish White,3,2,3.0,1.0,
1723853,Gran Bohedal Blanco 2023,Bohedal,2023,White,4.0,384,13.0,España,Rioja,Rioja Blanco (España),3,3,4.5,1.5,
2311570,Chardonnay Roure Selecció Especial 2023,Vins Miquel Gelabert,2023,White,4.3,376,35.0,España,Plà i Llevant,Chardonnay (España),4,3,3.0,1.0,
2370960,Mais Ala 2022,Sebio,2022,White,4.0,362,29.9,España,Valdeorras,Spanish Galicia Godello White,3,3,3.0,1.0,
7428175,Venus de Cartoixà 2021,Venus la Universal,2021,White,4.2,359,37.95,España,Montsant,Spanish White,3,2,3.0,1.0,
10093171,Albariño 2024,Pedras Loiras,2024,White,4.1,357,13.5,España,Rías Baixas,Albariño (España),3,3,1.0,1.0,
8436121,Marko Loretxoa 2022,Oxer Wines,2022,White,4.0,356,25.95,España,Bizkaiko Txakolina,Spanish País Vasco Txakoli White,2,3,3.0,1.0,
59614,Idoia Blanc 2020,Ca N'Estruc,2020,White,4.0,342,13.6,España,Cataluña,Spanish White,3,2,3.0,1.0,
5564918,Malvasia 2021,Can Pico,2021,White,4.0,337,19.74,España,Serra de Tramuntana-Costa Nord,Spanish White,3,2,3.0,1.0,
5608881,Lo Cortinelo.Lo Blanc 2020,Es Fangar,2020,White,4.3,331,31.79,España,Plà i Llevant,Spanish White,3,2,3.0,1.0,
1564318,G22 Blanc 2020,Gorka Izagirre,2020,White,4.0,331,13.94,España,Bizkaiko Txakolina,Spanish País Vasco Txakoli White,2,3,3.0,1.0,
4233883,Lágrima Albarin 2025,Vitalis,2025,White,4.1,327,8.5,España,Castilla y León,Spanish White,3,2,3.0,1.0,
4611389,Herencia del Capricho Godello 2015,Gancedo,2015,White,4.2,321,24.45,España,Bierzo,Spanish White,3,2,3.0,1.0,
11447646,Carlos Villanueva Godello 2025,Bodegas Villanueva,2025,White,4.0,320,8.25,España,Ribeiro,Spanish Galicia Godello White,3,3,3.0,1.0,
2552969,Albariño (Sobre Lias) 2019,Altos de Torona,2019,White,4.0,303,9.2,España,Rías Baixas,Albariño (España),3,3,1.0,1.0,
3496106,O Con Albariño 2022,Sebio,2022,White,4.1,302,29.9,España,Rías Baixas,Albariño (España),3,3,1.0,1.0,
1587501,Selección Albariño 2015,Quinta de Couselo,2015,White,4.0,299,22.5,España,Rías Baixas,Albariño (España),3,3,1.0,1.0,
2539743,Garnatxa Blanca del Carlos 2023,En Números Vermells,2023,White,4.0,299,22.6,España,Priorato,Spanish Catalunya Grenache Blanc White,3,2,3.0,2.0,
11473589,Garnacha Blanca 2021,Anayón,2021,White,4.2,297,14.8,España,Cariñena,Spanish White,3,2,3.0,1.0,
2694548,Rías Baixas Albariño Marieta 2023,Bodegas Martín Códax,2023,White,4.0,297,10.75,España,Rías Baixas,Albariño (España),3,3,1.0,1.0,
1463944,Tres Viñas Blanco Reserva 2019,Baron de Ley,2019,White,4.0,292,15.28,España,Rioja,Rioja Blanco (España),3,3,4.5,1.5,
1376082,Godello Sobre Lias 2020,Mengoba,2020,White,4.0,290,16.78,España,Bierzo,Spanish White,3,2,3.0,1.0,
1458227,Añada de Baladiña Albariño 2012,Lagar de Besada,2012,White,4.1,284,40.0,España,Rías Baixas,Albariño (España),3,3,1.0,1.0,
5823792,Consuelo Albillo Mayor 2021,Alfredo Maestro,2021,White,4.1,278,22.0,España,Castilla y León,Spanish White,3,2,3.0,1.0,
4990872,Microcósmico Macabeo 2022,Bodegas Frontonio,2022,White,4.0,277,13.5,España,Valdejalón,Spanish White,3,2,3.0,1.0,
7303759,Tilama 2023,Puro Rofe,2023,White,4.1,275,34.95,España,Lanzarote,Spanish Islas Canarias White,2,3,2.0,1.5,
1213351,Fermentado en Barrica Blanco 2020,Campillo,2020,White,4.0,274,8.53,España,Rioja,Rioja Blanco (España),3,3,4.5,1.5,
5069912,La Tablada 2022,Llanos Negros,2022,White,4.1,272,26.95,España,La Palma,Spanish Islas Canarias White,2,3,2.0,1.5,
6689925,Michika 2023,Pagos de Nona,2023,White,4.1,267,39.7,España,Castilla y León,Verdejo (España),3,3,2.0,2.0,
6172078,A Graña 2022,Nanclares y Prieto,2022,White,4.1,264,33.95,España,Rías Baixas,Albariño (España),3,3,1.0,1.0,
5982492,Muscat 2024,Botani,2024,White,4.0,256,15.5,España,Málaga,Spanish White,3,2,3.0,1.0,
6399137,Finca Viñoa Embotellado Tardío 2022,Pazo Casanova,2022,White,4.1,254,18.5,España,Ribeiro,Spanish White,3,2,3.0,1.0,
4547813,La Time 2000,Llanos Negros,2000,White,4.3,253,29.9,España,La Palma,Spanish Islas Canarias White,2,3,2.0,1.5,
6342248,QBQ Blanc 2021,Miquel Oliver,2021,White,4.1,250,22.07,España,Plà i Llevant,Spanish White,3,2,3.0,1.0,
7631924,Bestia Parda 2020,Bodegas Pedro Escudero,2020,White,4.1,250,23.5,España,Castilla y León,Verdejo (España),3,3,2.0,2.0,
9250263,Testoiro 2024,Fedellos do Couto,2024,White,4.0,250,28.65,España,Ribeira Sacra,Spanish White,3,2,3.0,1.0,
1522673,Eixaders 2019,L'Olivera,2019,White,4.0,249,16.0,España,Costers del Segre,Chardonnay (España),4,3,3.0,1.0,
1968657,Cabaler 2023,Cesca Vicent,2023,White,4.0,240,21.25,España,Priorato,Spanish White,3,2,3.0,1.0,
6917911,Valdebarón Blanco 2022,Ondarre,2022,White,4.2,240,19.0,España,Rioja,Rioja Blanco (España),3,3,4.5,1.5,
8097913,Amphora Brisat 2022,Parés Baltà,2022,White,4.1,235,25.85,España,Penedès,Spanish White,3,2,3.0,1.0,
2414335,Priorat Blanc 2024,Bodegas Celler Francisco Castillo - Clos Dominic,2024,White,4.1,230,22.8,España,Priorato,Spanish Catalunya Grenache Blanc White,3,2,3.0,2.0,
11608569,Albarín Blanco 2023,Siluvio,2023,White,4.1,220,26.95,España,Asturias,Spanish White,3,2,3.0,1.0,
1618684,Gamberro Garnacha Blanca 2020,Pagos de Híbera,2020,White,4.0,217,31.95,España,Terra Alta,Spanish Catalunya Grenache Blanc White,3,2,3.0,2.0,
4572952,Xarel-lo Domaine 2018,Clos Lentiscus,2018,White,4.1,213,18.45,España,Penedès,Spanish White,3,2,3.0,1.0,
6232459,Lo Noi del Saxo Vi Blanc 2023,Bielsa Ruano,2023,White,4.0,208,9.25,España,Terra Alta,Spanish White,3,2,3.0,1.0,
1627139,Casar Godello 2023,Casar de Burbia,2023,White,4.0,206,11.54,España,Bierzo,Spanish White,3,2,3.0,1.0,
3779541,Cucú Verdejo 2023,Barco del Corneta,2023,White,4.0,205,20.0,España,Castilla y León,Verdejo (España),3,3,2.0,2.0,
1749123,Son Blanc 2021,Can Majoral,2021,White,4.0,201,15.46,España,Plà i Llevant,Chardonnay (España),4,3,3.0,1.0,
9461232,Satèl·lit 2023,Parés Baltà,2023,White,4.1,200,23.5,España,Penedès,Spanish White,3,2,3.0,1.0,
5501002,La Abuela Visi 2021,Bodegas Tierra,2021,White,4.3,198,31.53,España,Rioja,Rioja Blanco (España),3,3,4.5,1.5,
11132662,Sobremar 2023,Meridiano Perdido,2023,White,4.0,198,9.5,España,Cádiz,Spanish White,3,2,3.0,1.0,
2463336,Demasiado Corazón Godello 2018,Almazcara Majara,2018,White,4.2,196,29.95,España,Bierzo,Spanish White,3,2,3.0,1.0,
4514305,La Bèstia Blanca 2018,Troç d'En Ros,2018,White,4.2,184,24.05,España,Empordà,Spanish White,3,2,3.0,1.0,
8329867,Les Sentius Garnatxa Blanca 2024,Giol Porrera,2024,White,4.0,175,17.9,España,Priorato,Spanish Catalunya Grenache Blanc White,3,2,3.0,2.0,
2381657,Neu 2021,Es Verger,2021,White,4.1,174,17.84,España,Islas Baleares,Sauvignon Blanc (España),3,3,3.0,1.0,
5005887,Fermentado en Barrica Verdejo 2023,Diez Siglos,2023,White,4.0,169,8.95,España,Rueda,Verdejo (España),3,3,2.0,2.0,
1586618,Isse 2 Vignerons 2017,Micro Bio (MicroBio),2017,White,4.0,162,20.5,España,Vino de España,Verdejo (España),3,3,2.0,2.0,
1216667,Ribeiro 2020,San Clodio,2020,White,4.1,162,14.25,España,Ribeiro,Spanish White,3,2,3.0,1.0,
9258207,Deix 2023,Joan Rubió,2023,White,4.1,162,29.0,España,Penedès,Spanish White,3,2,3.0,1.0,
6140984,La Fleur 2019,Forlong,2019,White,4.1,161,34.95,España,Cádiz,Spanish White,3,2,3.0,1.0,
1152165,Fermentado en Barrica Chardonnay (Oak Aged) 2022,Pago de Cirsus,2022,White,4.1,161,14.75,España,Navarra,Chardonnay (España),4,3,3.0,1.0,
7515708,Renaix la Passió 2023,Bodegas Riko,2023,White,4.0,159,11.5,España,Alicante,Spanish White,3,2,3.0,1.0,
4363461,Twenty Twelve White 2023,Es Fangar,2023,White,4.0,157,15.88,España,Plà i Llevant,Spanish White,3,2,3.0,1.0,
9751314,Serres Velles Macabeu 2022,MontRubí,2022,White,4.0,157,22.0,España,Penedès,Spanish White,3,2,3.0,1.0,
8612101,Maria Jose Chardonnay 2023,Son Prim,2023,White,4.3,155,19.0,España,Mallorca,Chardonnay (España),4,3,3.0,1.0,
11684753,Cuvée Especial Verdejo 2020,Bodegas Eresma,2020,White,4.0,154,17.5,España,Rueda,Verdejo (España),3,3,2.0,2.0,
1619,ODA Blanc 2019,Castell del Remei,2019,White,4.1,146,11.83,España,Costers del Segre,Spanish White,3,2,3.0,1.0,
5406717,Son Moix Blanc 2020,Vins Miquel Gelabert,2020,White,4.1,143,37.1,España,Plà i Llevant,Spanish White,3,2,3.0,1.0,
7795630,Sortevera Blanco 2020,Suertes del Marqués,2020,White,4.1,142,34.4,España,Valle de la Orotava,Spanish Islas Canarias White,2,3,2.0,1.5,
4268453,Torrontes 2023,Abel Mendoza Monge,2023,White,4.2,140,77.6,España,Rioja,Rioja Blanco (España),3,3,4.5,1.5,
1880307,Treixadura - Godello 2024,Vía Arxéntea,2024,White,4.1,139,16.96,España,Monterrei,Spanish White,3,2,3.0,1.0,
1312576,Gundian Albariño 2020,Adega Valdes,2020,White,4.1,139,11.5,España,Rías Baixas,Albariño (España),3,3,1.0,1.0,
1181612,Nounat 2024,Binigrau,2024,White,4.2,135,21.09,España,Mallorca,Spanish White,3,2,3.0,1.0,
11687954,La Peona Orange 2022,MontRubí,2022,White,4.0,134,10.67,España,Penedès,Spanish White,3,2,3.0,1.0,
5214078,Mis 2 Estrellas 2023,Cerro San Cristobal,2023,White,4.0,130,9.8,España,Condado de Huelva,Spanish White,3,2,3.0,1.0,
1122450,Albariño 2018,Don Olegario,2018,White,4.0,129,13.31,España,Rías Baixas,Albariño (España),3,3,1.0,1.0,
3974972,Viognier 2020,Prieto Pariente,2020,White,4.0,129,14.94,España,Castilla y León,Spanish White,3,2,3.0,1.0,
1392118,Nivia 2022,Mas Llunes,2022,White,4.0,128,11.6,España,Empordà,Spanish White,3,2,3.0,1.0,
2952220,El Beso de las Uvas Chardonnay 2014,Familia Conesa,2014,White,4.0,126,11.8,España,Guijoso,Chardonnay (España),4,3,3.0,1.0,
6914521,Pedranai 2020,Santiago Roma,2020,White,4.4,125,55.0,España,Rías Baixas,Albariño (España),3,3,1.0,1.0,
1716434,Verdejo 2025,Marqués de Riscal,2025,White,3.7,45913,10.87,España,Rueda,Verdejo (España),3,3,2.0,2.0,
1135415,Verdejo 2025,Protos,2025,White,3.7,25829,7.9,España,Rueda,Verdejo (España),3,3,2.0,2.0,
2620,Viña Sol Blanco 2025,Familia Torres,2025,White,3.5,16411,7.1,España,Cataluña,Spanish White,3,2,3.0,1.0,
3085613,Verdejo Rueda 2025,Ramón Bilbao,2025,White,3.8,13835,7.9,España,Rueda,Verdejo (España),3,3,2.0,2.0,
2224,Sauvignon Blanc 2025,Marqués de Riscal,2025,White,3.8,12122,12.36,España,Rueda,Sauvignon Blanc (España),3,3,3.0,1.0,
1160332,Verdejo 2025,Menade,2025,White,3.9,10803,10.0,España,Castilla y León,Verdejo (España),3,3,2.0,2.0,
1100359,Diamante Semi-Dulce Blanco 2024,Bodegas Franco-Españolas,2024,White,3.7,10112,5.78,España,Rioja,Rioja Blanco (España),3,3,4.5,1.5,
1316578,Mara Martin Godello 2025,Bodegas Martín Códax,2025,White,3.8,8660,9.9,España,Monterrei,Spanish Galicia Godello White,3,3,3.0,1.0,
1180859,Albariño Rías Baixas 2025,Bouza do Rei,2025,White,3.9,8601,10.88,España,Rías Baixas,Albariño (España),3,3,1.0,1.0,
1275476,Castell de Raimat Chardonnay 2025,Raimat,2025,White,3.6,8167,9.15,España,Costers del Segre,Chardonnay (España),4,3,3.0,1.0,
1170602,Albariño 2024,Vionta,2024,White,3.7,7888,13.75,España,Rías Baixas,Albariño (España),3,3,1.0,1.0,
1183384,Albariño 2022,Pazo Barrantes,2022,White,3.8,7757,42.5,España,Rías Baixas,Albariño (España),3,3,1.0,1.0,
1101156,Verdejo 2025,Palacio de Bornos,2025,White,3.6,6559,6.75,España,Rueda,Verdejo (España),3,3,2.0,2.0,
1136116,Albariño 2024,Condes de Albarei,2024,White,3.7,6542,9.95,España,Rías Baixas,Albariño (España),3,3,1.0,1.0,
1526005,Chardonnay Penedès 3055 2025,Jean Leon,2025,White,3.7,6524,12.55,España,Penedès,Chardonnay (España),4,3,3.0,1.0,
1250389,Rioja Blanco 2024,Vivanco,2024,White,3.7,6147,6.55,España,Rioja,Rioja Blanco (España),3,3,4.5,1.5,
1138161,Marqués de Vizhoja 2025,Marqués de Vizhoja,2025,White,3.6,5371,5.55,España,Vino de España,Spanish White,3,2,3.0,1.0,
1248984,Pagos del Galir Godello 2025,Bodegas Virgen de Galir,2025,White,3.8,5092,14.5,España,Valdeorras,Spanish Galicia Godello White,3,3,3.0,1.0,
1219539,Blanco 2024,Monopole,2024,White,3.5,4883,6.51,España,Rioja,Rioja Blanco (España),3,3,4.5,1.5,
1244866,Chardonnay Alicante 2025,Enrique Mendoza,2025,White,3.7,4783,9.96,España,Alicante,Chardonnay (España),4,3,3.0,1.0,
1422412,Verdejo 2025,Cuatro Rayas,2025,White,3.6,4723,6.2,España,Rueda,Verdejo (España),3,3,2.0,2.0,
1812105,Blanco 2024,Shaya,2024,White,3.7,4612,10.6,España,Rueda,Verdejo (España),3,3,2.0,2.0,
1511771,Moscatel Seco 2025,Juan Gil,2025,White,3.8,4558,6.85,España,Jumilla,Spanish White,3,2,3.0,1.0,
1098967,Castelo de Medina Verdejo 2025,Bodegas Castelo de Medina,2025,White,3.8,4486,7.4,España,Rueda,Verdejo (España),3,3,2.0,2.0,
1708037,Selección Especial Verdejo 2025,Mocen,2025,White,3.9,4363,6.95,España,Rueda,Verdejo (España),3,3,2.0,2.0,
1098966,Castelo de Medina Sauvignon Blanc 2025,Bodegas Castelo de Medina,2025,White,3.9,4343,8.4,España,Rueda,Sauvignon Blanc (España),3,3,3.0,1.0,
2523589,Nosso Verdejo 2024,Menade,2024,White,3.9,4293,12.46,España,Castilla y León,Verdejo (España),3,3,2.0,2.0,
1604486,Cullerot 2024,Celler del Roure,2024,White,3.8,3898,11.25,España,Valencia,Spanish White,3,2,3.0,1.0,
1524062,Parcela 52 Verdejo 2023,Finca Constancia,2023,White,3.7,3764,6.9,España,Castilla,Verdejo (España),3,3,2.0,2.0,
1215270,Blanco de Albillo (Garcia) 2024,Bodegas Valduero,2024,White,3.9,3684,19.9,España,Ribera del Duero,Spanish White,3,2,3.0,1.0,
1403761,Blanco 2024,Astobiza,2024,White,3.8,3654,9.9,España,Arabako Txakolina,Spanish País Vasco Txakoli White,2,3,3.0,1.0,
1266187,Rioja Blanco 2025,Ostatu,2025,White,3.9,3631,8.2,España,Rioja Alavesa,Rioja Blanco (España),3,3,4.5,1.5,
1620735,Blanc 2025,Gorka Izagirre,2025,White,3.7,3578,10.2,España,Bizkaiko Txakolina,Spanish País Vasco Txakoli White,2,3,3.0,1.0,
1612719,Godello 2025,Terras do Cigarrón,2025,White,3.8,3385,9.6,España,Monterrei,Spanish Galicia Godello White,3,3,3.0,1.0,
6551529,Naturaleza Salvaje 2024,Azul y Garanza,2024,White,3.9,3360,14.1,España,Navarra,Spanish White,3,2,3.0,1.0,
3415961,Blanco 2025,Hacienda López de Haro,2025,White,3.6,3357,5.0,España,Rioja,Rioja Blanco (España),3,3,4.5,1.5,
76783,Viura 2024,Campo Viejo,2024,White,3.7,3257,4.69,España,Rioja,Rioja Blanco (España),3,3,4.5,1.5,
1191380,Afortunado Verdejo Rueda 2025,Singulares,2025,White,3.7,3136,7.6,España,Rueda,Verdejo (España),3,3,2.0,2.0,
4898339,Casa Albali Verdejo - Sauvignon Blanc 2024,Félix Solís,2024,White,3.7,3134,4.1,España,Valdepeñas,Spanish White,3,2,3.0,1.0,
2482875,Verdejo 2025,Montespina,2025,White,3.8,3123,7.75,España,Rueda,Verdejo (España),3,3,2.0,2.0,
1152488,Albariño 2020,Paco & Lola,2020,White,3.9,3114,21.78,España,Rías Baixas,Albariño (España),3,3,1.0,1.0,
2595325,Goru el Blanco 2025,EGO,2025,White,3.8,3103,6.75,España,Jumilla,Spanish White,3,2,3.0,1.0,
1723165,Montenovo Godello 2025,Valdesil,2025,White,3.7,3097,13.9,España,Valdeorras,Spanish Galicia Godello White,3,3,3.0,1.0,
1896184,Alma de Blanco 2025,Pazo Das Tapias,2025,White,3.6,3095,8.95,España,Monterrei,Spanish Galicia Godello White,3,3,3.0,1.0,
2166959,Come Pulpo y Bebe Vino 2025,Bienbebido,2025,White,3.6,3077,8.5,España,Vino de España,Albariño (España),3,3,1.0,1.0,
1195745,Garnatxa Blanca 2025,Herència Altés,2025,White,3.7,3068,10.95,España,Terra Alta,Spanish Catalunya Grenache Blanc White,3,2,3.0,2.0,
2263847,Blanco 2023,Izadi,2023,White,3.7,2986,14.5,España,Rioja,Rioja Blanco (España),3,3,4.5,1.5,
7126169,Maruxa Godello 2025,Bodegas Virgen de Galir,2025,White,3.8,2881,10.75,España,Valdeorras,Spanish Galicia Godello White,3,3,3.0,1.0,
5219152,Glárima Blanco 2025,Bodega Sommos,2025,White,3.6,2778,4.05,España,Somontano,Spanish White,3,2,3.0,1.0,
3290649,Kentia Albariño 2024,Lagar Da Condesa,2024,White,3.7,2729,12.9,España,Rías Baixas,Albariño (España),3,3,1.0,1.0,
2287734,El Xitxarel-lo 2025,Martí Serdà,2025,White,3.7,2696,9.9,España,Penedès,Spanish White,3,2,3.0,1.0,
13480,Penedès Parellada - Xarel-lo - Macabeo Blanc De Pacs 2024,Parés Baltà,2024,White,3.6,2690,9.7,España,Penedès,Spanish White,3,2,3.0,1.0,
1277067,Martivilli Verdejo 2025,Angel Lorenzo Cachazo,2025,White,3.6,2672,8.5,España,Rueda,Verdejo (España),3,3,2.0,2.0,
3556697,Atlantis Albariño 2024,Castillo de Maetierra,2024,White,3.7,2629,16.0,España,Rías Baixas,Albariño (España),3,3,1.0,1.0,
2049511,Chardonnay Somontano 2025,Viñas del Vero,2025,White,3.7,2621,7.83,España,Somontano,Chardonnay (España),4,3,3.0,1.0,
1249258,Bizkaiko Txakolina Blanco 2024,Doniene Gorrondona,2024,White,3.9,2584,13.4,España,Bizkaiko Txakolina,Spanish País Vasco Txakoli White,2,3,3.0,1.0,
2526375,Mestizaje Blanco 2024,Mustiguillo,2024,White,3.8,2497,9.95,España,Vino de España,Spanish White,3,2,3.0,1.0,
78478,Melior Verdejo 2025,Matarromera,2025,White,3.7,2492,6.9,España,Rueda,Verdejo (España),3,3,2.0,2.0,
1273922,Albariño 2022,Con un Par,2022,White,3.6,2474,11.9,España,Rías Baixas,Albariño (España),3,3,1.0,1.0,
2428804,Rebels de Batea Blanc 2024,7 Magnífics,2024,White,3.7,2414,9.7,España,Terra Alta,Spanish Catalunya Grenache Blanc White,3,2,3.0,2.0,
2554853,Via Terra Garnatxa Blanca 2024,Edetària,2024,White,3.6,2407,10.8,España,Terra Alta,Spanish Catalunya Grenache Blanc White,3,2,3.0,2.0,
4237921,Orange Tardana - Macabeo 2024,Cueva,2024,White,3.9,2394,17.95,España,Utiel-Requena,Spanish White,3,2,3.0,1.0,
1146369,Albariño 2024,La Val,2024,White,3.8,2391,13.5,España,Rías Baixas,Albariño (España),3,3,1.0,1.0,
1650004,Coral do Mar Albariño 2024,Veiga da Princesa,2024,White,3.9,2357,10.2,España,Rías Baixas,Albariño (España),3,3,1.0,1.0,
1373210,Castelo Noble Rueda Verdejo 2021,Bodegas Castelo de Medina,2021,White,3.8,2346,14.95,España,Rueda,Verdejo (España),3,3,2.0,2.0,
2286576,XIC Xarel-lo 2025,Agusti Torello Mata,2025,White,3.5,2327,7.1,España,Penedès,Spanish White,3,2,3.0,1.0,
2676082,Cuvée Especial Albariño 2023,Chan de Rosas,2023,White,3.9,2326,13.0,España,Rías Baixas,Albariño (España),3,3,1.0,1.0,
3622991,Colección Gewürztraminer 2025,Bodega Sommos,2025,White,3.9,2306,9.95,España,Somontano,Spanish White,3,2,3.0,1.0,
2398153,La Charla Verdejo 2025,Vinos del Paseante,2025,White,3.7,2275,7.9,España,Rueda,Spanish White,3,2,3.0,1.0,
3966986,Descomunal Verdejo 2025,Cuatro Rayas,2025,White,3.6,2262,4.6,España,Rueda,Verdejo (España),3,3,2.0,2.0,
4204587,Verdejo 2025,Séptimo Sentido,2025,White,3.6,2261,6.4,España,Castilla,Verdejo (España),3,3,2.0,2.0,
2326226,Blanco 2025,Itsasmendi,2025,White,3.7,2255,11.7,España,Bizkaiko Txakolina,Spanish País Vasco Txakoli White,2,3,3.0,1.0,
8761218,Vendimia Nocturna Verdejo 2025,Cuatro Rayas,2025,White,3.7,2250,5.95,España,Rueda,Verdejo (España),3,3,2.0,2.0,
7410490,Blanco N.V.,Blanc Pescador,N.V.,White,3.7,2228,4.45,España,Empordà,Spanish White,3,2,3.0,1.0,
3199624,Viura - Malvasia 2024,Viña Pomal,2024,White,3.7,2216,8.54,España,Rioja,Rioja Blanco (España),3,3,4.5,1.5,
11401184,Blanco de Albariza Palomino Fina 2025,Barbadillo,2025,White,3.7,2192,4.75,España,Cádiz,Spanish White,3,2,3.0,1.0,
1256086,Leiras Albariño Rias Baixas 2024,Codorníu,2024,White,3.7,2190,16.86,España,Rías Baixas,Albariño (España),3,3,1.0,1.0,
4469417,L'Abrunet Blanc 2024,Celler Frisach,2024,White,3.7,2177,8.8,España,Terra Alta,Spanish Catalunya Grenache Blanc White,3,2,3.0,2.0,
1156155,Via Edetana Blanca 2024,Edetària,2024,White,3.8,2155,14.65,España,Terra Alta,Spanish White,3,2,3.0,1.0,
1784718,Follas Novas Albarino 2023,Paco & Lola,2023,White,3.7,2125,11.52,España,Rías Baixas,Albariño (España),3,3,1.0,1.0,
1360564,Rueda Verdejo 2024,Cyatho,2024,White,3.6,2114,7.21,España,Rueda,Verdejo (España),3,3,2.0,2.0,
1510499,El Fanio Xarel-lo Penedès 2024,Albet i Noya,2024,White,3.9,2109,16.1,España,Penedès,Spanish White,3,2,3.0,1.0,
1181268,Chardonnay 2024,Bodegas Care,2024,White,3.7,2081,8.78,España,Cariñena,Chardonnay (España),4,3,3.0,1.0,
1898282,Gewürztraminer 2024,Finca Río Negro,2024,White,3.9,2067,15.62,España,Castilla,Spanish White,3,2,3.0,1.0,
1751391,Verdejo 2024,Bicicletas y Peces,2024,White,3.7,2056,9.24,España,Rueda,Verdejo (España),3,3,2.0,2.0,
2580817,D. Pedro de Soutomaior 2024,Adegas Galegas,2024,White,3.8,2044,12.5,España,Rías Baixas,Albariño (España),3,3,1.0,1.0,
1939609,Sauvignon Blanc - Macabeo 2024,Finca Venta de Don Quijote,2024,White,3.8,2014,2.96,España,La Mancha,Spanish White,3,2,3.0,1.0,
2033889,Chardonnay 2023,Finca del Mar,2023,White,3.5,2012,9.95,España,Utiel-Requena,Chardonnay (España),4,3,3.0,1.0,
2246555,Brezo Blanco 2025,Mengoba,2025,White,3.6,1982,11.05,España,Bierzo,Spanish White,3,2,3.0,1.0,
99082,Libalis Blanco 2023,Castillo de Maetierra,2023,White,3.7,1978,9.0,España,Valles de Sadacia,Spanish White,3,2,3.0,1.0,
3335670,San Valentín Semi-Dulce 2024,Familia Torres,2024,White,3.9,1923,6.0,España,Penedès,Spanish White,3,2,3.0,1.0,
2732237,Barrica Selección Chardonnay 2024,Castillo de Monjardin,2024,White,3.8,1919,9.5,España,Navarra,Chardonnay (España),4,3,3.0,1.0,
5014434,Verdejo 2024,Hermanos Lurton,2024,White,3.6,1918,8.88,España,Rueda,Verdejo (España),3,3,2.0,2.0,
5513868,Le Gardeta Single Vineyard Chardonnay 2024,Chivite,2024,White,3.8,1916,15.8,España,Navarra,Chardonnay (España),4,3,3.0,1.0,
7526420,Verdejo 2025,J. Fernando,2025,White,3.7,1915,4.25,España,Rueda,Verdejo (España),3,3,2.0,2.0,
2657687,Flor Innata Verdejo 2024,Valdecuevas,2024,White,3.7,1897,5.9,España,Rueda,Verdejo (España),3,3,2.0,2.0,
4537624,La Sonrisa de Tares Godello Bierzo 2025,Dominio de Tares,2025,White,3.8,1884,11.6,España,Bierzo,Spanish White,3,2,3.0,1.0,
1268277,Verd Albera Empordà 2024,Martí Fabra,2024,White,3.8,1878,7.99,España,Empordà,Spanish White,3,2,3.0,1.0,
1602320,El Novio Perfecto 2025,Cherubino Valsangiacomo,2025,White,3.7,1855,7.3,España,Valencia,Spanish White,3,2,3.0,1.0,
3612966,El Marido de Mi Amiga Rioja 2025,Bodegas Vallobera,2025,White,3.9,1841,7.3,España,Rioja,Rioja Blanco (España),3,3,4.5,1.5,
1282716,Sin Palabras Castro Valdés Albariño 2024,Castro Brey,2024,White,3.7,1811,14.5,España,Rías Baixas,Albariño (España),3,3,1.0,1.0,
1799802,De Sol a Sol Airén 2021,Bodega Bruno Ruiz - Esencia Rural,2021,White,3.9,1799,12.4,España,La Mancha,Spanish Castilla Airén White,2,1,2.0,1.0,
1997998,Blanc 2025,Abadal,2025,White,3.7,1798,9.6,España,Pla de Bages,Spanish White,3,2,3.0,1.0,
2681082,S-Naia 2025,Naia,2025,White,3.7,1789,8.95,España,Rueda,Sauvignon Blanc (España),3,3,3.0,1.0,
2495968,Barbazul Blanco 2024,Huerta de Albala,2024,White,3.7,1722,9.9,España,Cádiz,Chardonnay (España),4,3,3.0,1.0,
11984,Mas Escorpí Chardonnay Penedès 2024,Gramona,2024,White,3.8,1708,14.25,España,Penedès,Chardonnay (España),4,3,3.0,1.0,
5217765,BN (Blanco Natural) 2023,Partida Creus,2023,White,3.9,1707,16.75,España,Cataluña,Spanish White,3,2,3.0,1.0,
1226236,Sisquella 2020,Clos Pons,2020,White,3.9,1706,11.8,España,Costers del Segre,Spanish White,3,2,3.0,1.0,
1185500,Godello Bierzo LB 2025,Luna Beberide,2025,White,3.6,1699,9.95,España,Bierzo,Spanish White,3,2,3.0,1.0,
3072826,Garnacha Blanca 2024,Viña Zorzal,2024,White,3.7,1676,8.75,España,Navarra,Spanish White,3,2,3.0,1.0,
2019815,Almodí Petit Blanc 2025,Altavins,2025,White,3.6,1668,6.7,España,Terra Alta,Spanish White,3,2,3.0,1.0,
1174437,Monte Blanco Verdejo 2024,Monte Blanco,2024,White,3.5,1666,8.11,España,Rueda,Verdejo (España),3,3,2.0,2.0,
87132,Pie Franco Verdejo 2024,Blanco Nieva,2024,White,3.9,1661,12.16,España,Rueda,Verdejo (España),3,3,2.0,2.0,
2258546,Chardonnay 2025,Viña Zorzal,2025,White,3.6,1659,6.95,España,Navarra,Chardonnay (España),4,3,3.0,1.0,
13485,Xarel-lo Calcari 2024,Parés Baltà,2024,White,3.6,1653,12.95,España,Penedès,Spanish White,3,2,3.0,1.0,
4429416,La Rumbera 2022,Oriol Artigas,2022,White,3.9,1648,18.15,España,Alella,Spanish White,3,2,3.0,1.0,
1625653,Sauvignon Blanc 2024,Bicicletas y Peces,2024,White,3.8,1643,9.24,España,Rueda,Sauvignon Blanc (España),3,3,3.0,1.0,
1265605,Rupestris 2024,Pardas,2024,White,3.7,1631,10.95,España,Penedès,Spanish White,3,2,3.0,1.0,
1360557,Rueda Verdejo Roble 2023,Valdubon,2023,White,3.7,1625,7.95,España,Rueda,Verdejo (España),3,3,2.0,2.0,
6737608,Godelia Godello 2024,Bodegas Godelia,2024,White,3.7,1595,11.4,España,Bierzo,Spanish White,3,2,3.0,1.0,
1294167,Contrapunto Albariño 2023,Agro de Bazán,2023,White,3.7,1575,13.95,España,Rías Baixas,Albariño (España),3,3,1.0,1.0,
3610608,Verdejo Rueda 2025,Ederra,2025,White,3.5,1569,6.13,España,Rueda,Verdejo (España),3,3,2.0,2.0,
1478062,Alejairén Airen 2019,El Vínculo,2019,White,3.8,1568,15.19,España,La Mancha,Spanish Castilla Airén White,2,1,2.0,1.0,
1480998,Navaherreros Blanco 2024,Bernabeleva,2024,White,3.7,1566,13.12,España,Madrid,Spanish White,3,2,3.0,1.0,
1197068,Terraprima Blanc 2024,Can Ràfols dels Caus,2024,White,3.6,1548,10.99,España,Penedès,Spanish White,3,2,3.0,1.0,
3984338,Petit Siós Blanc 2024,Costers del Sió,2024,White,3.7,1545,8.2,España,Costers del Segre,Spanish White,3,2,3.0,1.0,
4298742,Tibó Blanco 2024,De Moya,2024,White,3.8,1531,7.2,España,Valencia,Spanish White,3,2,3.0,1.0,
3351355,Violet Marta 2025,Canals Canals,2025,White,3.8,1521,8.95,España,Penedès,Spanish White,3,2,3.0,1.0,
1230307,Jaspi Blanc 2024,Coca i Fitó,2024,White,3.6,1506,10.8,España,Terra Alta,Spanish White,3,2,3.0,1.0,
1848478,Godello 2024,Adega Ponte da Boga,2024,White,3.8,1505,12.9,España,Ribeira Sacra,Spanish Galicia Godello White,3,3,3.0,1.0,
1472222,Tarima Blanco 2023,Volver,2023,White,3.6,1499,7.25,España,Alicante,Spanish White,3,2,3.0,1.0,
3234324,Viñas de Anna Chardonnay 2024,Anna de Codorniu,2024,White,3.5,1498,8.33,España,Cataluña,Chardonnay (España),4,3,3.0,1.0,
1623322,Benufet 2024,Herència Altés,2024,White,3.8,1492,15.5,España,Terra Alta,Spanish Catalunya Grenache Blanc White,3,2,3.0,2.0,
2395278,12 Lunas White 2025,El Grillo y La Luna,2025,White,3.9,1485,10.75,España,Somontano,Spanish White,3,2,3.0,1.0,
1188745,Menganito Verdejo 2025,Wine Side Story,2025,White,3.6,1482,7.8,España,Rueda,Verdejo (España),3,3,2.0,2.0,
5891552,3 Miradas Vino de Pueblo 2023,Alvear,2023,White,3.7,1482,13.75,España,Montilla-Moriles,Spanish White,3,2,3.0,1.0,
7416386,La Duda Godello 2025,Vinos del Paseante,2025,White,3.9,1464,10.7,España,Monterrei,Spanish Galicia Godello White,3,3,3.0,1.0,
1718779,Vaya Pasada Verdejo 2024,Palacio de Bornos,2024,White,3.6,1463,4.9,España,Rueda,Verdejo (España),3,3,2.0,2.0,
1932660,L'Equilibrista Blanc 2021,Ca N'Estruc,2021,White,3.8,1431,19.2,España,Cataluña,Spanish White,3,2,3.0,1.0,
7520912,Sangre de Toro Chardonnay Selection 2023,Familia Torres,2023,White,3.6,1426,16.7,España,Penedès,Chardonnay (España),4,3,3.0,1.0,
8400500,Oniric Brisat 2024,Entre Vinyes,2024,White,3.8,1417,14.4,España,Penedès,Spanish White,3,2,3.0,1.0,
5111264,Godello 2025,Bodega la Tapada - Guitian,2025,White,3.9,1409,15.73,España,Valdeorras,Spanish Galicia Godello White,3,3,3.0,1.0,
6402452,Secrets de Mar Blanc 2024,Clos Galena,2024,White,3.8,1406,7.2,España,Terra Alta,Spanish White,3,2,3.0,1.0,
4623926,Mirabrás 2024,Barbadillo,2024,White,3.8,1403,17.7,España,Cádiz,Spanish White,3,2,3.0,1.0,
2415277,Tianna Bocchoris Blanc 2024,Tianna Negre,2024,White,3.9,1400,16.75,España,Mallorca,Spanish White,3,2,3.0,1.0,
1256164,Viñas Viejas Verdejo 2024,Viña Sanzo,2024,White,3.8,1398,6.9,España,Rueda,Verdejo (España),3,3,2.0,2.0,
1185323,Moscatel de la Marina Alicante 2025,Enrique Mendoza,2025,White,3.8,1389,8.46,España,Alicante,Spanish White,3,2,3.0,1.0,
4303617,Curiós Xarel-lo 2024,Albet i Noya,2024,White,3.5,1383,9.35,España,Penedès,Spanish White,3,2,3.0,1.0,
2624834,Blanco 2023,Viña Meín,2023,White,3.8,1361,21.7,España,Ribeiro,Spanish White,3,2,3.0,1.0,
1674377,Txakoli Gorrondona Bizkaiko Txakolina White 2023,Doniene Gorrondona,2023,White,3.8,1352,17.8,España,Bizkaiko Txakolina,Spanish País Vasco Txakoli White,2,3,3.0,1.0,
1538653,Treixadura 2024,Ailalá,2024,White,3.8,1346,10.25,España,Ribeiro,Spanish White,3,2,3.0,1.0,
1101153,Verdejo Fermentado en Barrica 2023,Palacio de Bornos,2023,White,3.9,1344,8.15,España,Rueda,Verdejo (España),3,3,2.0,2.0,
2196902,Chardonnay 2023,Hoya de Cadenas,2023,White,3.5,1343,3.99,España,Utiel-Requena,Chardonnay (España),4,3,3.0,1.0,
2528870,Colleita 2025,Antonio Montero,2025,White,3.7,1319,6.35,España,Ribeiro,Spanish White,3,2,3.0,1.0,
1139309,Sauvignon 2025,Montespina,2025,White,3.7,1318,6.6,España,Rueda,Sauvignon Blanc (España),3,3,3.0,1.0,
4588142,Albillo Real 2024,Las Moradas de San Martín,2024,White,3.8,1312,13.75,España,Madrid,Spanish White,3,2,3.0,1.0,
4689636,Garnacha Blanca 2024,Bodegas Frontonio,2024,White,3.6,1305,11.8,España,Valdejalón,Spanish White,3,2,3.0,1.0,
2833387,Minius Godello 2024,Valmiñor,2024,White,3.8,1302,10.92,España,Monterrei,Spanish Galicia Godello White,3,3,3.0,1.0,
5201284,Bhilar Plots Rioja Blanco 2023,Bodegas Bhilar,2023,White,3.9,1298,12.8,España,Rioja,Rioja Blanco (España),3,3,4.5,1.5,
7419834,Tragolargo Moscatel - Malvasia 2024,Vinessens - Casa Balaguer,2024,White,3.9,1298,13.75,España,Alicante,Spanish White,3,2,3.0,1.0,
1186281,Brandan 2025,Algueira,2025,White,3.7,1284,13.7,España,Ribeira Sacra,Spanish Galicia Godello White,3,3,3.0,1.0,
1766028,Albariño 2025,Bodegas Villanueva,2025,White,3.8,1271,9.95,España,Rías Baixas,Albariño (España),3,3,1.0,1.0,
6684068,Baudili Blanc 2023,Mas Candi,2023,White,3.8,1262,10.73,España,Penedès,Spanish White,3,2,3.0,1.0,
1360696,Blanc de Serè 2024,L'Olivera,2024,White,3.6,1262,8.3,España,Costers del Segre,Spanish White,3,2,3.0,1.0,
1535560,Albariño 2024,Santiago Roma,2024,White,3.8,1247,14.95,España,Rías Baixas,Albariño (España),3,3,1.0,1.0,
3334132,Godello Bierzo 2024,Tilenus,2024,White,3.7,1241,10.31,España,Bierzo,Spanish White,3,2,3.0,1.0,
1154406,Carramimbre Verdejo 2025,Bodegas Carramimbre,2025,White,3.7,1225,6.9,España,Rueda,Verdejo (España),3,3,2.0,2.0,
4279601,Viñas de Anna Blanc de Blancs (Tranquillo) 2023,Anna de Codorniu,2023,White,3.6,1222,9.14,España,Cataluña,Spanish White,3,2,3.0,1.0,
1370634,Viognier 2024,Viento Aliseo,2024,White,3.6,1205,8.5,España,La Mancha,Spanish White,3,2,3.0,1.0,
1475218,Agaliu 2024,L'Olivera,2024,White,3.9,1203,11.5,España,Costers del Segre,Spanish White,3,2,3.0,1.0,
1148924,Verdejo 2024,Blanco Nieva,2024,White,3.6,1202,7.5,España,Rueda,Verdejo (España),3,3,2.0,2.0,
5907775,Varietales Blanco 2024,Bodega Sommos,2024,White,3.9,1191,8.85,España,Somontano,Spanish White,3,2,3.0,1.0,
85753,Macabeo - Chardonnay 2023,Castaño,2023,White,3.5,1191,6.4,España,Yecla,Spanish White,3,2,3.0,1.0,
1310374,Desig Blanc 2024,Mas Candi,2024,White,3.6,1190,14.75,España,Penedès,Spanish White,3,2,3.0,1.0,
1156203,Clásico 2024,Vinos Sanz,2024,White,3.5,1184,5.34,España,Rueda,Spanish White,3,2,3.0,1.0,
8115376,Cutio Vendimia Seleccionada Macabeo 2024,Jorge Navascues,2024,White,3.7,1183,9.15,España,Cariñena,Spanish White,3,2,3.0,1.0,
1139001,Finca la Colina Cien X Cien 2023,Vinos Sanz,2023,White,3.8,1170,11.7,España,Rueda,Verdejo (España),3,3,2.0,2.0,
1278342,Masia Freyé Xarel-lo - Chardonnay 2024,Domènech.Vidal,2024,White,3.6,1157,9.8,España,Cataluña,Spanish White,3,2,3.0,1.0,
4647650,Bico da Ran 2024,Fento,2024,White,3.8,1149,9.66,España,Rías Baixas,Albariño (España),3,3,1.0,1.0,
4696049,Pilota 2022,Bodega K5,2022,White,3.5,1144,10.35,España,Getariako Txakolina,Spanish País Vasco Txakoli White,2,3,3.0,1.0,
5296693,Blanco 2024,Laus,2024,White,3.6,1141,6.3,España,Somontano,Chardonnay (España),4,3,3.0,1.0,
1541100,Erre de Herrero Verdejo 2025,Herrero Bodega,2025,White,3.8,1121,8.3,España,Rueda,Verdejo (España),3,3,2.0,2.0,
1668934,White Blend 2024,Més Que Paraules,2024,White,3.6,1120,10.4,España,Cataluña,Spanish White,3,2,3.0,1.0,
1301914,X Albarino 2023,Coto de Gomariz (María Álvarez Serrano),2023,White,3.9,1117,16.0,España,Ribeiro,Albariño (España),3,3,1.0,1.0,
4365046,Dos Claveles Blanco 2024,Toro Albalá,2024,White,3.7,1107,8.5,España,Montilla-Moriles,Spanish White,3,2,3.0,1.0,
1564535,Albariño Rías Baixas 2023,Lagar Da Condesa,2023,White,3.8,1106,17.2,España,Rías Baixas,Albariño (España),3,3,1.0,1.0,
3142202,Tierra Blanca Blanco Semidulce 2025,Bodegas Páez Morilla,2025,White,3.7,1104,4.97,España,Cádiz,Spanish White,3,2,3.0,1.0,
1241106,Fermentado en Barrica Godello 2023,Bodega la Tapada - Guitian,2023,White,3.8,1100,27.07,España,Valdeorras,Spanish Galicia Godello White,3,3,3.0,1.0,
7179371,Sericis Cepas Viejas Merseguera 2024,Murviedro,2024,White,3.9,1097,10.5,España,Valencia,Spanish White,3,2,3.0,1.0,
2218630,Perafita Picapoll 2024,Martín Faixó,2024,White,3.8,1085,13.55,España,Empordà,Spanish White,3,2,3.0,1.0,
9023036,Botijo Blanco Garnacha Blanca 2024,Bodegas Frontonio,2024,White,3.8,1084,10.4,España,Valdejalón,Spanish White,3,2,3.0,1.0,
6800767,Maremel Albariño 2024,Altos de Torona,2024,White,3.9,1083,11.2,España,Rías Baixas,Albariño (España),3,3,1.0,1.0,
4876649,Socaire Palomino 2023,Primitivo Collantes,2023,White,3.9,1078,20.1,España,Cádiz,Spanish White,3,2,3.0,1.0,
3544042,Vora La Mar 2024,Wineissocial,2024,White,3.8,1074,12.55,España,Alella,Spanish White,3,2,3.0,1.0,
5296325,Historic Blanco 2023,Terroir Al Límit Soc. Lda,2023,White,3.8,1074,24.2,España,Priorato,Spanish White,3,2,3.0,1.0,
1287516,Muga Blanco 2023,Bodegas Muga,2023,White,3.9,1070,11.45,España,Rioja,Rioja Blanco (España),3,3,4.5,1.5,
1554972,Rioja Blanco 2024,Montecillo,2024,White,3.8,1070,9.75,España,Rioja,Rioja Blanco (España),3,3,4.5,1.5,
7515142,3404 Blanco 2025,Bodega Pirineos,2025,White,3.7,1070,5.36,España,Somontano,Spanish White,3,2,3.0,1.0,
9787619,Vidilla Verdejo Ecológico 2025,Shaya,2025,White,3.9,1063,7.15,España,Rueda,Verdejo (España),3,3,2.0,2.0,
10876156,Maceración Macabeo Ecológico Orange 2021,Parajes del Valle,2021,White,3.7,1062,13.9,España,Jumilla,Spanish White,3,2,3.0,1.0,
7326138,Ally Bay Sauvignon Blanc 2024,Alceño,2024,White,3.7,1061,10.6,España,Jumilla,Sauvignon Blanc (España),3,3,3.0,1.0,
1577169,Terra Mundi Albariño 2024,ViniGalicia,2024,White,3.6,1059,10.9,España,Rías Baixas,Albariño (España),3,3,1.0,1.0,
8456772,Celeste Verdejo 2023,Pago del Cielo,2023,White,3.8,1050,9.55,España,Rueda,Verdejo (España),3,3,2.0,2.0,
8617,Blanco 2024,El Coto,2024,White,3.7,1048,4.55,España,Rioja Alta,Rioja Blanco (España),3,3,4.5,1.5,
1369200,Sø Blanco 2024,Sabaté i Coca,2024,White,3.7,1038,11.8,España,Penedès,Spanish White,3,2,3.0,1.0,
4458646,Blanco 2024,La Carmina,2024,White,3.9,1026,12.15,España,Rías Baixas,Albariño (España),3,3,1.0,1.0,
4901345,Tallarol 2023,Alta Alella,2023,White,3.8,1021,14.75,España,Alella,Spanish White,3,2,3.0,1.0,
1203187,Verdejo 2024,Viña Oropéndola,2024,White,3.7,1021,7.5,España,Rueda,Verdejo (España),3,3,2.0,2.0,
7335385,Le Naturel Blanco 2024,Aroa,2024,White,3.7,1015,8.8,España,Navarra,Spanish White,3,2,3.0,1.0,
1526732,Amic Blanc 2024,Clos d'Agon,2024,White,3.7,1014,15.79,España,Cataluña,Spanish White,3,2,3.0,1.0,
2015082,Sinols Blanc 2024,Empordàlia,2024,White,3.5,1011,5.5,España,Empordà,Spanish White,3,2,3.0,1.0,
1577290,Siós Pla del Lladoner 2023,Costers del Sió,2023,White,3.8,1002,13.5,España,Costers del Segre,Spanish White,3,2,3.0,1.0,
4154973,Komokabras 2023,Entre os Ríos,2023,White,3.9,995,19.9,España,Barbanza e Iria,Albariño (España),3,3,1.0,1.0,
1238101,Heus Blanc 2024,La Vinyeta,2024,White,3.5,992,8.18,España,Empordà,Spanish White,3,2,3.0,1.0,
9812269,Selección Especial 2024,Freixenet,2024,White,3.6,991,7.25,España,Cataluña,Spanish White,3,2,3.0,1.0,
2258399,Formigo 2024,Manuel Formigo,2024,White,3.8,980,8.83,España,Ribeiro,Spanish White,3,2,3.0,1.0,
2007721,Nékora Verdejo 2025,Diez Siglos,2025,White,3.7,978,5.95,España,Rueda,Verdejo (España),3,3,2.0,2.0,
1158272,Somiatruites 2023,Ferré I Catasús,2023,White,3.5,974,8.81,España,Penedès,Spanish White,3,2,3.0,1.0,
1727279,Portal Blanc (Nuestra Señora) 2023,Celler Piñol,2023,White,3.7,972,9.8,España,Tarragona,Spanish White,3,2,3.0,1.0,
2826970,Casanova Blanco 2021,Pazo Casanova,2021,White,3.8,961,14.4,España,Ribeiro,Spanish White,3,2,3.0,1.0,
1680097,Josep Foraster Selecció Blanc 2024,Mas Foraster,2024,White,3.9,961,13.55,España,Conca de Barberà,Spanish White,3,2,3.0,1.0,
2354391,Arnegui Viura Blanco 2024,Pagos del Rey,2024,White,3.6,959,6.39,España,Rioja,Rioja Blanco (España),3,3,4.5,1.5,
1229013,Blanc 2024,Bàrbara Forés,2024,White,3.7,956,9.5,España,Terra Alta,Spanish White,3,2,3.0,1.0,
4338204,Albariño 2024,Pato Mareado,2024,White,3.9,950,12.0,España,Rías Baixas,Albariño (España),3,3,1.0,1.0,
5795183,Verdejo 2025,La Camioneta,2025,White,3.6,950,8.3,España,Rueda,Verdejo (España),3,3,2.0,2.0,
1176842,Blanc Tranquille 2024,Torelló,2024,White,3.5,942,9.2,España,Penedès,Spanish White,3,2,3.0,1.0,
2451140,Aloers Xarel-lo 2021,Celler Credo,2021,White,3.7,939,16.95,España,Penedès,Spanish White,3,2,3.0,1.0,
1480667,Ad Libitum Tempranillo Blanco 2024,Bodega Juan Carlos Sancha,2024,White,3.7,933,9.75,España,Rioja,Rioja Blanco (España),3,3,4.5,1.5,
1182881,Abad Dom Bueno Joven Godello 2023,Abad,2023,White,3.6,932,9.26,España,Bierzo,Spanish White,3,2,3.0,1.0,
9742497,Chardonnay Roble 2025,Bodega Sommos,2025,White,3.7,932,6.1,España,Somontano,Chardonnay (España),4,3,3.0,1.0,
2705801,Godello 2024,Regina Viarum,2024,White,3.8,926,10.82,España,Ribeira Sacra,Spanish Galicia Godello White,3,3,3.0,1.0,
1158336,Sauvignon Blanc 2024,Mocen,2024,White,3.8,919,8.47,España,Rueda,Sauvignon Blanc (España),3,3,3.0,1.0,
4210930,Atlantis Hondarrabi Zuri 2024,Castillo de Maetierra,2024,White,3.7,912,10.8,España,Arabako Txakolina,Spanish País Vasco Txakoli White,2,3,3.0,1.0,
1553515,Viura 2024,Finca Antigua,2024,White,3.5,911,7.5,España,La Mancha,Spanish White,3,2,3.0,1.0,
5317719,La Raspa 2024,Viñedos Verticales,2024,White,3.6,908,10.7,España,Sierras de Málaga,Spanish White,3,2,3.0,1.0,
1868419,Sauvignon Blanc 2023,Blanco Nieva,2023,White,3.8,902,10.7,España,Rueda,Sauvignon Blanc (España),3,3,3.0,1.0,
8598090,Godello 2024,Paco & Lola,2024,White,3.8,901,12.0,España,Valdeorras,Spanish Galicia Godello White,3,3,3.0,1.0,
4881763,Godello 2024,Altos de Torona,2024,White,3.8,899,12.45,España,Rías Baixas,Spanish Galicia Godello White,3,3,3.0,1.0,
8377344,Sábalo Ecológico Blanco 2023,Barbadillo,2023,White,3.9,895,11.4,España,Cádiz,Spanish White,3,2,3.0,1.0,
1838046,Verdejo 2024,Valdecuevas,2024,White,3.7,891,7.5,España,Rueda,Verdejo (España),3,3,2.0,2.0,
3271468,Chardonnay - Moscatel de Alejandría 2024,Particular,2024,White,3.6,885,5.3,España,Cariñena,Spanish White,3,2,3.0,1.0,
2557570,Vendimia Nocturna Sauvignon Blanc 2024,Yllera,2024,White,3.8,884,7.1,España,Rueda,Sauvignon Blanc (España),3,3,3.0,1.0,
1360753,El Terrat 2023,Mas Vicenç,2023,White,3.8,883,8.6,España,Tarragona,Spanish White,3,2,3.0,1.0,
4447507,Diego 2024,De Moya,2024,White,3.9,880,10.95,España,Valencia,Spanish White,3,2,3.0,1.0,
4443283,Priorato de Razamonde Blanco 2024,Alter,2024,White,3.8,878,9.7,España,Ribeiro,Spanish White,3,2,3.0,1.0,
1471352,Gran Caus Blanc 2023,Can Ràfols dels Caus,2023,White,3.8,878,21.4,España,Penedès,Spanish White,3,2,3.0,1.0,
1862105,Cortezada 2024,Algueira,2024,White,3.9,875,24.84,España,Ribeira Sacra,Spanish White,3,2,3.0,1.0,
3744036,Mytilus Albariño 2024,Adega Pombal a Lanzada,2024,White,3.7,873,14.75,España,Rías Baixas,Albariño (España),3,3,1.0,1.0,
9366161,Nostrat Blanc de Blancs 2025,Sumarroca,2025,White,3.6,864,6.4,España,Penedès,Spanish White,3,2,3.0,1.0,
79854,Lignum Penedès Blanc 2024,Albet i Noya,2024,White,3.7,860,10.49,España,Penedès,Spanish White,3,2,3.0,1.0,
1440591,Fortius Blanco 2023,Valcarlos,2023,White,3.5,842,3.75,España,Navarra,Spanish White,3,2,3.0,1.0,
6703944,Blanco 2023,Tantaka - Juanjo Tellaetxe,2023,White,3.9,841,16.8,España,Arabako Txakolina,Spanish País Vasco Txakoli White,2,3,3.0,1.0,
1491080,Colleita de Martís Albariño 2024,Santiago Roma,2024,White,3.8,839,10.5,España,Rías Baixas,Albariño (España),3,3,1.0,1.0,
1850035,Xarel-lo 2024,Ca N'Estruc,2024,White,3.6,834,10.55,España,Cataluña,Spanish White,3,2,3.0,1.0,
1555056,Viña 65 Verdejo 2024,Yllera,2024,White,3.5,833,4.7,España,Rueda,Verdejo (España),3,3,2.0,2.0,
2969507,Caballero de Olmedo Blanco 2024,Bodegas Félix Lorenzo Cachazo,2024,White,3.8,831,6.95,España,Rueda,Verdejo (España),3,3,2.0,2.0,
1475816,Pazo Castrelo Albariño 2022,Bodegas Carsalo,2022,White,3.9,827,10.0,España,Rías Baixas,Albariño (España),3,3,1.0,1.0,
8375602,Pita Dominio de Verderrubi 2024,Verderrubi,2024,White,3.9,826,7.95,España,Rueda,Verdejo (España),3,3,2.0,2.0,
6145002,Ovella Negra 2024,Mas Candi,2024,White,3.9,821,13.3,España,Cataluña,Spanish White,3,2,3.0,1.0,
5180935,Analivia Sauvignon Blanc 2024,Pagos del Rey,2024,White,3.8,813,7.95,España,Rueda,Sauvignon Blanc (España),3,3,3.0,1.0,
2412993,Laia 2024,Aroa,2024,White,3.7,813,10.4,España,Navarra,Spanish White,3,2,3.0,1.0,
5933618,Ónra Blanco 2024,Lagravera,2024,White,3.8,810,11.2,España,Costers del Segre,Spanish White,3,2,3.0,1.0,
1730323,Pazo das Bruxas 2023,Familia Torres,2023,White,3.9,809,11.5,España,Rías Baixas,Albariño (España),3,3,1.0,1.0,
1245634,Chardonnay 2025,Bodega Otto Bestué,2025,White,3.6,807,6.15,España,Somontano,Chardonnay (España),4,3,3.0,1.0,
7709178,Verdejo 2024,The Freaky Wines,2024,White,3.6,805,4.61,España,Castilla,Verdejo (España),3,3,2.0,2.0,
1753593,Clot Dels Oms Blanco 2023,Ca N'Estella,2023,White,3.5,803,8.05,España,Penedès,Spanish White,3,2,3.0,1.0,
1719012,Pere Punyetes Blanc 2024,Varias,2024,White,3.6,802,8.15,España,Penedès,Spanish White,3,2,3.0,1.0,
1452768,Neno de Viña Somoza Godello 2024,Viña Somoza,2024,White,3.6,794,12.66,España,Valdeorras,Spanish Galicia Godello White,3,3,3.0,1.0,
3424635,Merian Garnatxa Blanca 2024,Cellers Tarroné,2024,White,3.7,792,6.4,España,Terra Alta,Spanish Catalunya Grenache Blanc White,3,2,3.0,2.0,
1177910,Selección de Cosecha 2021,Viña Meín,2021,White,3.7,787,29.75,España,Ribeiro,Spanish White,3,2,3.0,1.0,
2498077,Albariño 2024,Vedra,2024,White,3.6,785,9.5,España,Rías Baixas,Albariño (España),3,3,1.0,1.0,
3338910,Paso a Paso Blanco 2025,Volver,2025,White,3.6,782,6.5,España,La Mancha,Spanish White,3,2,3.0,1.0,
2327514,Blanco 2024,Azpilicueta,2024,White,3.6,781,8.49,España,Rioja,Rioja Blanco (España),3,3,4.5,1.5,
3626256,Carlos Villanueva Ribeiro 2025,Bodegas Villanueva,2025,White,3.9,780,9.3,España,Ribeiro,Spanish White,3,2,3.0,1.0,
6525418,Blanc 2024,Bodegas Binifadet,2024,White,3.8,773,16.4,España,Isla de Menorca,Chardonnay (España),4,3,3.0,1.0,
2362032,Pura Vida Blanc 2023,Cellers Underground,2023,White,3.8,770,11.95,España,Costers del Segre,Spanish White,3,2,3.0,1.0,
3293817,Vaquos Verdejo 2023,Pinord,2023,White,3.5,765,6.95,España,Rueda,Verdejo (España),3,3,2.0,2.0,
7398374,Viña Sol Original 2023,Familia Torres,2023,White,3.5,764,5.79,España,Penedès,Spanish White,3,2,3.0,1.0,
1315034,Ritme Blanc 2023,Acustic Celler,2023,White,3.9,763,16.5,España,Priorato,Spanish Catalunya Grenache Blanc White,3,2,3.0,2.0,
6774810,La Huida Albariño 2024,Condes de Albarei,2024,White,3.8,763,8.65,España,Rías Baixas,Albariño (España),3,3,1.0,1.0,
2586579,Les Sorts Blanc 2024,Celler Masroig,2024,White,3.8,761,14.1,España,Montsant,Spanish Catalunya Grenache Blanc White,3,2,3.0,2.0,
4559008,La Banda del Argilico 2024,Micro Bio (MicroBio),2024,White,3.9,760,20.0,España,Castilla y León,Verdejo (España),3,3,2.0,2.0,
1795789,Blanc 2024,Cara Nord,2024,White,3.6,758,11.95,España,Conca de Barberà,Spanish White,3,2,3.0,1.0,
2951308,Blanc 2024,Morlanda,2024,White,3.9,758,15.1,España,Priorato,Spanish White,3,2,3.0,1.0,
3843192,La Foradada Vernatxa Blanca 2024,Celler Frisach,2024,White,3.8,756,14.1,España,Terra Alta,Spanish Catalunya Grenache Blanc White,3,2,3.0,2.0,
5261872,Pur Xarel-lo 2020,Pardas,2020,White,3.9,755,22.0,España,Penedès,Spanish White,3,2,3.0,1.0,
1205323,Mas d'en Pol White 2024,Celler Xavier Clua,2024,White,3.7,754,8.15,España,Terra Alta,Spanish White,3,2,3.0,1.0,
4422201,Mar & Cel Blanc de Blancs 2025,Lacrima Baccus,2025,White,3.7,753,6.95,España,Penedès,Spanish White,3,2,3.0,1.0,
6284848,Blanco 2023,Torralbenc,2023,White,3.9,748,21.65,España,Isla de Menorca,Spanish White,3,2,3.0,1.0,
2375264,Luna Lunera Sauvignon Blanc 2024,Dehesa de Luna,2024,White,3.6,745,4.65,España,Castilla,Sauvignon Blanc (España),3,3,3.0,1.0,
5080749,L'Ànec Mut Blanc 2024,R. Raventós,2024,White,3.7,744,7.07,España,Penedès,Spanish White,3,2,3.0,1.0,
1627089,Arcan Albariño 2023,Adega Pombal a Lanzada,2023,White,3.7,743,15.45,España,Rías Baixas,Albariño (España),3,3,1.0,1.0,
2215687,Gotín del Risc Godello 2024,Abad,2024,White,3.5,736,9.4,España,Bierzo,Spanish White,3,2,3.0,1.0,
1764659,Alberte 2024,Bodegas Nairoa,2024,White,3.9,733,14.0,España,Ribeiro,Spanish White,3,2,3.0,1.0,
1183209,Blanc de Merlot 2024,Son Prim,2024,White,3.9,731,16.25,España,Mallorca,Spanish White,3,2,3.0,1.0,
96028,Mareny 2024,Espelt,2024,White,3.6,731,9.1,España,Empordà,Spanish White,3,2,3.0,1.0,
1191949,Bianco 2024,Sameirás,2024,White,3.8,725,13.95,España,Ribeiro,Spanish White,3,2,3.0,1.0,
6190722,Ad Libitum Maturana Blanca 2024,Bodega Juan Carlos Sancha,2024,White,3.9,722,11.7,España,Rioja,Rioja Blanco (España),3,3,4.5,1.5,
7439347,Las Fincas Blanco 2 Garnachas 2023,Chivite,2023,White,3.8,720,26.95,España,Navarra,Spanish White,3,2,3.0,1.0,
2414739,Blanc 2022,Cop de Vent,2022,White,3.5,719,8.29,España,Empordà,Spanish White,3,2,3.0,1.0,
5479543,La Tortuga Veloz 2024,Thunder Wine Makers,2024,White,3.8,719,10.2,España,Rueda,Verdejo (España),3,3,2.0,2.0,
7203851,Blanc 2023,Vol I Dol,2023,White,3.5,718,5.95,España,Cataluña,Spanish White,3,2,3.0,1.0,
6860792,San Valentín Blanco 2024,Familia Torres,2024,White,3.9,716,5.95,España,Cataluña,Spanish White,3,2,3.0,1.0,
7166495,Inspirador Blanco 2024,Castillo Perelada,2024,White,3.9,704,9.4,España,Empordà,Spanish White,3,2,3.0,1.0,
1362221,Trossos Sants 2022,Alfredo Arribas,2022,White,3.7,697,17.7,España,Montsant,Spanish Catalunya Grenache Blanc White,3,2,3.0,2.0,
1542709,Godello Fermentado en Barrica 2024,Dominio de Tares,2024,White,3.8,692,19.6,España,Bierzo,Spanish White,3,2,3.0,1.0,
3226947,Viura 2024,Sierra de Toloño,2024,White,3.7,687,22.5,España,Rioja,Rioja Blanco (España),3,3,4.5,1.5,
9741839,Godello 2024,Quinta do Sil,2024,White,3.8,685,12.9,España,Valdeorras,Spanish Galicia Godello White,3,3,3.0,1.0,
8031275,Treixadura 2023,Casar de Vide,2023,White,3.9,682,13.95,España,Ribeiro,Spanish White,3,2,3.0,1.0,
8435906,Los Conejos Malditos Blanco Con Madre 2024,Más Que Vinos,2024,White,3.7,682,11.55,España,La Mancha,Spanish White,3,2,3.0,1.0,
4572650,Llavors Blanc 2023,La Vinyeta,2023,White,3.9,680,9.1,España,Empordà,Spanish White,3,2,3.0,1.0,
3607113,Vidueños Blanco 2023,Artífice,2023,White,3.9,671,24.55,España,Ycoden-Daute-Isora,Spanish Islas Canarias White,2,3,2.0,1.5,
4417535,Blanco de Blancos 2024,Barbadillo,2024,White,3.6,671,7.5,España,Andalucía,Spanish White,3,2,3.0,1.0,
76608,Blanco 2024,Fusta Nova,2024,White,3.8,665,6.5,España,Valencia,Spanish White,3,2,3.0,1.0,
2652616,A Cappela Verdejo 2024,Monteabellon,2024,White,3.6,660,6.43,España,Rueda,Verdejo (España),3,3,2.0,2.0,
5529178,Vi de Vila Blanco 2022,Cims de Porrera,2022,White,3.9,657,18.35,España,Priorato,Spanish White,3,2,3.0,1.0,
2025096,Verdejo 2024,Traslagares,2024,White,3.7,650,5.7,España,Rueda,Verdejo (España),3,3,2.0,2.0,
6776859,Tot Blanco 2022,Tuets,2022,White,3.9,650,11.34,España,Cataluña,Spanish White,3,2,3.0,1.0,
1893469,Godello 2025,Triay,2025,White,3.8,644,12.3,España,Monterrei,Spanish Galicia Godello White,3,3,3.0,1.0,
6312523,Onna Xarel-lo Ecològic 2025,Canals Canals,2025,White,3.8,641,9.45,España,Penedès,Spanish White,3,2,3.0,1.0,
2023367,Rueda Verdejo 2024,Pinna Fidelis,2024,White,3.5,641,7.5,España,Rueda,Verdejo (España),3,3,2.0,2.0,
2405791,Verdejo 2023,Bodegas Marqués de Cáceres,2023,White,3.7,640,14.5,España,Rueda,Verdejo (España),3,3,2.0,2.0,
1772647,Cantocuerdas Albillo 2022,Bernabeleva,2022,White,3.7,638,20.85,España,Madrid,Spanish White,3,2,3.0,1.0,
3314645,Pulpo Albariño 2023,Pagos del Rey,2023,White,3.8,635,13.5,España,Galicia,Albariño (España),3,3,1.0,1.0,
2951038,Viura 2022,Laventura,2022,White,3.9,633,18.5,España,Rioja,Rioja Blanco (España),3,3,4.5,1.5,
7339214,Dominio de la Abadesa Verdejo 2024,Ontañón,2024,White,3.7,629,8.0,España,Ribera del Duero,Verdejo (España),3,3,2.0,2.0,
1624979,Biu Blanc 2021,Batlliu de Sort,2021,White,3.7,626,13.95,España,Cataluña,Spanish White,3,2,3.0,1.0,
1155896,Señor da Folla Verde 2022,Marqués de Vizhoja,2022,White,3.9,625,15.25,España,Rías Baixas,Spanish White,3,2,3.0,1.0,
2076435,Clos Dels Fòssils 2023,Llopart,2023,White,3.7,624,13.2,España,Penedès,Spanish White,3,2,3.0,1.0,
1216020,Chardonnay 2024,Manuel Manzaneque,2024,White,3.6,622,39.0,España,Finca Élez,Chardonnay (España),4,3,3.0,1.0,
5449951,Libalis Frizz 5.5 N.V.,Castillo de Maetierra,N.V.,White,3.8,621,6.6,España,Valles de Sadacia,Spanish White,3,2,3.0,1.0,
6438006,Sapientia Verdejo Ecológico 2024,Lagar de Moha,2024,White,3.9,619,9.6,España,Rueda,Verdejo (España),3,3,2.0,2.0,
1276354,Cristiari Blanco 2023,Vall de Baldomar,2023,White,3.8,619,12.78,España,Costers del Segre,Spanish White,3,2,3.0,1.0,
9549895,Sangarida Godello 2024,Attis,2024,White,3.8,614,13.3,España,Bierzo,Spanish White,3,2,3.0,1.0,
1211125,Chardonnay 2023,Hacienda Albae,2023,White,3.6,607,7.13,España,La Mancha,Chardonnay (España),4,3,3.0,1.0,
2355461,Mosst 2024,Masia Serra,2024,White,3.7,607,11.68,España,Empordà,Spanish White,3,2,3.0,1.0,
10341,Semidulce 2024,Viña Albina,2024,White,3.6,604,4.9,España,Rioja,Rioja Blanco (España),3,3,4.5,1.5,
1100356,Rioja Bordón Blanco 2023,Bodegas Franco-Españolas,2023,White,3.6,601,6.61,España,Rioja,Rioja Blanco (España),3,3,4.5,1.5,
3746326,Tocat de l'Ala Blanc 2024,Coca i Fitó,2024,White,3.7,596,12.9,España,Empordà,Spanish White,3,2,3.0,1.0,
5012424,Abrisa't Garnatxa Blanca 2023,Bàrbara Forés,2023,White,3.8,594,19.75,España,Terra Alta,Spanish Catalunya Grenache Blanc White,3,2,3.0,2.0,
1582614,Cienfuegos 2022,César Muñoz,2022,White,3.9,591,19.88,España,Castilla y León,Spanish White,3,2,3.0,1.0,
8236999,Finca la Cañada Albarizas Verdejo 2024,Perez Barquero,2024,White,3.8,591,7.25,España,Montilla-Moriles,Verdejo (España),3,3,2.0,2.0,
2906006,Flor de Nit Blanc 2019,Terra i Vins,2019,White,3.6,590,15.0,España,Terra Alta,Spanish White,3,2,3.0,1.0,
1593429,Viñaverde Blanco 2024,Gracia Hnos,2024,White,3.5,586,5.85,España,Montilla-Moriles,Spanish White,3,2,3.0,1.0,
1252931,Clos Martina 2018,Mas d'en Blei,2018,White,3.8,586,17.5,España,Priorato,Spanish White,3,2,3.0,1.0,
6857170,La Viña de Ayer Albillo Real 2023,Soto y Manrique,2023,White,3.6,580,9.45,España,Castilla y León,Spanish White,3,2,3.0,1.0,
1375410,Nisia Verdejo Old Vines 2016,Ordóñez,2016,White,3.8,577,20.98,España,Rueda,Verdejo (España),3,3,2.0,2.0,
6345998,Atuna Chardonnay 2024,Santiago Jordi,2024,White,3.8,577,10.25,España,Somontano,Chardonnay (España),4,3,3.0,1.0,
1100830,Ercavio Blanco 2024,Más Que Vinos,2024,White,3.5,575,9.05,España,Castilla,Spanish Castilla Airén White,2,1,2.0,1.0,
15705,Blanco 2023,Barahonda,2023,White,3.5,573,6.45,España,Yecla,Verdejo (España),3,3,2.0,2.0,
7536768,Larrosa Blanc 2024,Izadi,2024,White,3.8,573,8.5,España,Rioja,Rioja Blanco (España),3,3,4.5,1.5,
5358419,Filitas y Lutitas 2020,Viñedos Verticales,2020,White,3.9,572,33.68,España,Sierras de Málaga,Spanish White,3,2,3.0,1.0,
5370127,Momo Verdejo 2025,Romate,2025,White,3.7,571,10.0,España,Rueda,Verdejo (España),3,3,2.0,2.0,
5036743,Petit Bernat Blanc 2022,Oller del Mas,2022,White,3.6,569,11.0,España,Pla de Bages,Spanish White,3,2,3.0,1.0,
3297372,Àuria 2024,Mas Llunes,2024,White,3.8,569,10.32,España,Empordà,Spanish White,3,2,3.0,1.0,
5760336,Olbieta Blanc 2023,Marco Abella,2023,White,3.6,569,8.6,España,Priorato,Spanish White,3,2,3.0,1.0,
5940044,Ciclón 2023,Viñas Serranas,2023,White,3.7,567,13.5,España,Sierra de Salamanca,Spanish White,3,2,3.0,1.0,
1483349,Argiñano 2022,Bodega K5,2022,White,3.5,566,21.6,España,Getariako Txakolina,Spanish País Vasco Txakoli White,2,3,3.0,1.0,
3646278,Gratitud Sauvignon Blanc 2024,Cosmic,2024,White,3.8,563,16.86,España,Penedès,Sauvignon Blanc (España),3,3,3.0,1.0,
1361822,Blanco 2023,Fernández de Piérola,2023,White,3.6,562,6.8,España,Rioja,Rioja Blanco (España),3,3,4.5,1.5,
3099855,Chardonnay 2021,Particular,2021,White,3.5,560,6.5,España,Cariñena,Chardonnay (España),4,3,3.0,1.0,
5711761,Exedra Amphora Blanc 2023,Puiggros,2023,White,3.7,558,12.3,España,Cataluña,Spanish Catalunya Grenache Blanc White,3,2,3.0,2.0,
4801305,Chardonnay 2024,Castillo de Enériz,2024,White,3.6,551,6.9,España,Navarra,Chardonnay (España),4,3,3.0,1.0,
2205367,Malvarel·lo 2023,Torelló,2023,White,3.7,551,11.15,España,Penedès,Spanish White,3,2,3.0,1.0,
2234006,Verdejo 2018,Bellori,2018,White,3.9,550,17.9,España,Rueda,Verdejo (España),3,3,2.0,2.0,
4533931,Raig de Raïm Blanc 2024,Celler Piñol,2024,White,3.5,548,6.88,España,Terra Alta,Spanish White,3,2,3.0,1.0,
8956102,Chardonnay - Xarel-lo Vinyes Velles 2025,Freyé,2025,White,3.7,548,7.9,España,Penedès,Spanish White,3,2,3.0,1.0,
2455769,3 Macabeus De Can Milà Penedès 2025,Albet i Noya,2025,White,3.6,548,11.95,España,Penedès,Spanish White,3,2,3.0,1.0,
1633846,Blanco 2024,Akarregi Txiki,2024,White,3.8,547,9.24,España,Getariako Txakolina,Spanish País Vasco Txakoli White,2,3,3.0,1.0,
2532275,Álala Val do Salnés Albariño 2020,Narupa Vinos,2020,White,3.8,547,14.7,España,Rías Baixas,Albariño (España),3,3,1.0,1.0,
8562349,Godello 2024,Laberinto de Cidonia,2024,White,3.9,547,12.0,España,Monterrei,Spanish Galicia Godello White,3,3,3.0,1.0,
5511308,Noralba Blanco 2024,Castillo de Mendoza,2024,White,3.8,547,15.99,España,Rioja,Rioja Blanco (España),3,3,4.5,1.5,
3867449,Clearly Organic Airén - Sauvignon Blanc 2024,Bodegas Latúe,2024,White,3.6,546,8.08,España,Castilla,Spanish White,3,2,3.0,1.0,
3510893,Atlantis Godello 2024,Castillo de Maetierra,2024,White,3.6,542,15.15,España,Valdeorras,Spanish Galicia Godello White,3,3,3.0,1.0,
1924746,Xipella Blanc 2024,Clos Montblanc,2024,White,3.6,539,8.95,España,Conca de Barberà,Spanish White,3,2,3.0,1.0,
2237681,Gran Crisalys 2023,Torelló,2023,White,3.9,539,14.25,España,Penedès,Spanish White,3,2,3.0,1.0,
6410919,Sauvignon Blanc - Moscatel GM 2024,Bodegas Quinta de Aves,2024,White,3.8,539,8.9,España,Castilla,Spanish White,3,2,3.0,1.0,
4736408,Godello 2025,Antonio Montero,2025,White,3.7,538,10.15,España,Monterrei,Spanish Galicia Godello White,3,3,3.0,1.0,
5418474,Captura de Luz Albariño 2024,Wineissocial,2024,White,3.8,536,11.95,España,Rías Baixas,Albariño (España),3,3,1.0,1.0,
2346849,Xarel-lo 2023,Parató,2023,White,3.5,536,9.3,España,Penedès,Spanish White,3,2,3.0,1.0,
5823325,Mala Vida Blanc 2022,Bodegas Arraez,2022,White,3.6,535,7.0,España,Valencia,Spanish White,3,2,3.0,1.0,
1584726,L'Antagonique 2021,Les Cousins Marc & Adrià,2021,White,3.7,534,13.05,España,Priorato,Spanish White,3,2,3.0,1.0,
3957242,Blau Cel 2024,Celler 9+,2024,White,3.6,532,7.6,España,Tarragona,Spanish White,3,2,3.0,1.0,
6374051,Verdejo 2024,Castillo de Aresan,2024,White,3.7,530,12.59,España,Castilla,Verdejo (España),3,3,2.0,2.0,
2434335,Beberás de la Copa de tu Hermana 2023,Fil·loxera,2023,White,3.7,527,12.9,España,Valencia,Spanish White,3,2,3.0,1.0,
1234658,Solimar Blanco 2024,De Muller,2024,White,3.5,526,4.95,España,Tarragona,Spanish White,3,2,3.0,1.0,
1790586,Sauvignon Blanc 2022,Hermanos Lurton,2022,White,3.7,524,10.45,España,Rueda,Sauvignon Blanc (España),3,3,3.0,1.0,
6217042,Phinca Hapa Blanco 2022,Struggling,2022,White,3.9,524,26.15,España,Rioja Alavesa,Rioja Blanco (España),3,3,4.5,1.5,
1285375,Godello 2024,Peique,2024,White,3.5,521,12.14,España,Bierzo,Spanish White,3,2,3.0,1.0,
6381353,Huracán Daniela Blanco 2024,Gonzalo Celayeta,2024,White,3.9,513,10.4,España,Navarra,Spanish White,3,2,3.0,1.0,
4680504,Blau Cru 2022,Pardas,2022,White,3.9,509,17.26,España,Penedès,Spanish White,3,2,3.0,1.0,
3200900,Rueda Verdejo 2023,Beronia,2023,White,3.8,507,8.5,España,Rueda,Verdejo (España),3,3,2.0,2.0,
4007987,Canicas Albariño 2024,Vinos a Tresbolillo,2024,White,3.7,506,9.95,España,Rías Baixas,Albariño (España),3,3,1.0,1.0,
4876307,77 Veremes Xarel-lo Fermentat en Barrica 2024,Miquel Pons,2024,White,3.7,503,9.5,España,Penedès,Spanish White,3,2,3.0,1.0,
5619252,Elementa 2023,La Quinta,2023,White,3.9,501,18.96,España,Rueda,Verdejo (España),3,3,2.0,2.0,
5116745,Verdejo 2024,Mocen,2024,White,3.6,498,5.91,España,Rueda,Verdejo (España),3,3,2.0,2.0,
9823623,La Maldición Malvar 2024,Cinco Leguas,2024,White,3.7,494,11.3,España,Madrid,Spanish White,3,2,3.0,1.0,
1927171,Blanc d'Orto Blanc 2023,Orto Vins,2023,White,3.7,493,18.95,España,Montsant,Spanish Catalunya Grenache Blanc White,3,2,3.0,2.0,
1157858,Vitis Penedès 2023,Llopart,2023,White,3.6,491,10.65,España,Penedès,Spanish White,3,2,3.0,1.0,
4152844,Rioja Blanco 2022,Tentenublo,2022,White,3.8,489,14.5,España,Rioja,Rioja Blanco (España),3,3,4.5,1.5,
1156207,Sauvignon 2023,Vinos Sanz,2023,White,3.7,488,8.45,España,Rueda,Sauvignon Blanc (España),3,3,3.0,1.0,
1503539,Blanc de Blancs 2024,Oliveda,2024,White,3.6,484,4.88,España,Empordà,Spanish White,3,2,3.0,1.0,
5511817,Joana Fermentat en Bóta Chardonnay 2024,Rigau Ros,2024,White,3.9,483,11.5,España,Empordà,Chardonnay (España),4,3,3.0,1.0,
1974563,Manuela de Naveran 2023,Naveran,2023,White,3.6,481,14.94,España,Penedès,Chardonnay (España),4,3,3.0,1.0,
5297717,Maragda Blanc 2024,Mas Llunes,2024,White,3.6,476,7.5,España,Empordà,Spanish White,3,2,3.0,1.0,
22352,Faustino VII Blanco 2023,Bodegas Faustino,2023,White,3.7,474,4.27,España,Rioja Alavesa,Rioja Blanco (España),3,3,4.5,1.5,
8399763,And The Winner Is... 2021,Celler Credo,2021,White,3.8,473,8.33,España,Cataluña,Spanish White,3,2,3.0,1.0,
1122319,Oro de Castilla Sauvignon Blanc 2024,Hnos. del Villar,2024,White,3.8,473,8.0,España,Rueda,Sauvignon Blanc (España),3,3,3.0,1.0,
8505566,Via Barrosa Treixadura 2023,Viña Costeira,2023,White,3.9,470,12.93,España,Ribeiro,Spanish White,3,2,3.0,1.0,
4540745,Flow Blanc de Noirs 2023,Sota els Àngels,2023,White,3.8,469,14.59,España,Empordà,Spanish White,3,2,3.0,1.0,
10123380,Chardonnay 2025,Castillo de Monjardin,2025,White,3.8,469,7.5,España,Navarra,Chardonnay (España),4,3,3.0,1.0,
5481367,Valentia Carinyena Blanca 2024,Cosmic,2024,White,3.8,468,22.32,España,Valencia,Spanish White,3,2,3.0,1.0,
5498357,La Niña de Mis Ojos 2024,Altanza,2024,White,3.7,468,6.95,España,Rioja,Rioja Blanco (España),3,3,4.5,1.5,
5867470,Singladuras Albariño 2024,Montecillo,2024,White,3.7,468,12.83,España,Rías Baixas,Albariño (España),3,3,1.0,1.0,
6596629,Josep Foraster Brisat del Coster Macabeu 2024,Mas Foraster,2024,White,3.8,467,16.5,España,Conca de Barberà,Spanish White,3,2,3.0,1.0,
3353614,Colección Verdejo 2019,Murviedro,2019,White,3.9,466,5.1,España,Castilla,Verdejo (España),3,3,2.0,2.0,
6222953,Malvasía de SanJaume Edición Limitada 2024,Cherubino Valsangiacomo,2024,White,3.8,465,7.0,España,Valencia,Spanish White,3,2,3.0,1.0,
1214133,Chardonnay - Moscatel 2024,Finca Collado,2024,White,3.7,463,8.5,España,Alicante,Spanish White,3,2,3.0,1.0,
4157084,Font Jui Xarel-lo 2022,Gramona,2022,White,3.8,462,15.08,España,Penedès,Spanish White,3,2,3.0,1.0,
2275483,Raimun Verdejo 2024,Sinforiano,2024,White,3.5,462,5.62,España,Castilla y León,Verdejo (España),3,3,2.0,2.0,
5362082,Essencial 2023,Joan Rubió,2023,White,3.9,462,21.45,España,Penedès,Spanish White,3,2,3.0,1.0,
5445437,Blanco Fermentado en Barrica 2024,Monte Real,2024,White,3.6,461,8.95,España,Rioja,Rioja Blanco (España),3,3,4.5,1.5,
1246493,Verdejo 2024,El Lagar de Isilla,2024,White,3.8,460,9.51,España,Rueda,Verdejo (España),3,3,2.0,2.0,
4919250,Somdinou Blanc 2021,Cooperatiu Gandesa,2021,White,3.5,460,7.15,España,Terra Alta,Spanish White,3,2,3.0,1.0,
1687160,Verdejo 2024,Corcovo - Megía e Hijos,2024,White,3.8,459,7.08,España,Valdepeñas,Verdejo (España),3,3,2.0,2.0,
1843267,Viura 2023,Finca Nueva,2023,White,3.5,459,7.95,España,Rioja,Rioja Blanco (España),3,3,4.5,1.5,
2593997,Grenache Blanc 2024,Jordi Miró,2024,White,3.6,458,9.95,España,Terra Alta,Spanish Catalunya Grenache Blanc White,3,2,3.0,2.0,
99359,Finca La Garriga Blanca 2023,Castillo Perelada,2023,White,3.9,456,21.45,España,Empordà,Spanish White,3,2,3.0,1.0,
4369316,10.000 Hores Xarel-lo 2022,Oliver Viticultors,2022,White,3.7,456,6.85,España,Penedès,Spanish White,3,2,3.0,1.0,
76478,Martivilli Sauvignon Blanc Rueda 2024,Angel Lorenzo Cachazo,2024,White,3.7,455,9.2,España,Rueda,Sauvignon Blanc (España),3,3,3.0,1.0,
1789777,Agás do Tempo 2024,Bodegas El Paraguas,2024,White,3.9,453,16.4,España,Ribeiro,Spanish White,3,2,3.0,1.0,
7158788,Blanco Verdejo 2025,Cueva del Chamán,2025,White,3.9,452,6.25,España,Almansa,Verdejo (España),3,3,2.0,2.0,
2281616,Vi Blanc Clàssic 2024,Marfil Alella,2024,White,3.6,452,9.79,España,Alella,Spanish White,3,2,3.0,1.0,
1726318,Camiño do Rei Albariño 2024,Bouza do Rei,2024,White,3.7,449,8.35,España,Rías Baixas,Albariño (España),3,3,1.0,1.0,
1937789,Rueda Verdejo 2023,Viña Mayor,2023,White,3.8,447,14.95,España,Rueda,Verdejo (España),3,3,2.0,2.0,
9003313,Polvorete 2024,Emilio Moro,2024,White,3.9,447,10.25,España,Bierzo,Spanish White,3,2,3.0,1.0,
1867733,Vinomi 2024,Descregut,2024,White,3.7,446,9.95,España,Penedès,Spanish White,3,2,3.0,1.0,
2886684,Frsssc Sauvignon Blanc 2024,Tayaimgut,2024,White,3.9,445,10.93,España,Cataluña,Sauvignon Blanc (España),3,3,3.0,1.0,
1478524,Verdejo - Viura Rueda 2024,Angel Lorenzo Cachazo,2024,White,3.5,445,7.45,España,Rueda,Spanish White,3,2,3.0,1.0,
1145681,Rueda Verdejo 2022,Legaris,2022,White,3.7,444,10.55,España,Rueda,Verdejo (España),3,3,2.0,2.0,
4661583,Mar Endins 2024,Oliveda,2024,White,3.6,440,8.98,España,Cataluña,Spanish Catalunya Grenache Blanc White,3,2,3.0,2.0,
7360281,Volaina 2021,Celler Credo,2021,White,3.5,436,10.65,España,Penedès,Spanish White,3,2,3.0,1.0,
1147053,Xarel-lo 2024,Duc de Foix,2024,White,3.5,433,5.75,España,Penedès,Spanish White,3,2,3.0,1.0,
3822084,Castelo de Rueda Blanco 2023,Bodegas Castelo de Medina,2023,White,3.7,433,12.75,España,Rueda,Spanish White,3,2,3.0,1.0,
1124875,Rías Baixas Albariño 2024,Bodegas Martín Códax,2024,White,3.9,430,13.5,España,Rías Baixas,Albariño (España),3,3,1.0,1.0,
2604048,Soma 2023,Bodega Ribas,2023,White,3.9,430,18.85,España,Mallorca,Spanish White,3,2,3.0,1.0,
12260894,Verdejo Sobre Lías 2025,Bodega Emina,2025,White,3.8,429,6.53,España,Rueda,Verdejo (España),3,3,2.0,2.0,
9844284,Viñedos Centenarios Edición Limitada Longverdejo 2023,Cuatro Rayas,2023,White,3.9,427,14.5,España,Rueda,Verdejo (España),3,3,2.0,2.0,
8738167,Amor de Bares 2023,Viña Costeira,2023,White,3.9,426,13.73,España,Ribeiro,Spanish White,3,2,3.0,1.0,
11947444,Viña Sol Sauvignon Blanc 2025,Familia Torres,2025,White,3.6,425,5.83,España,Penedès,Sauvignon Blanc (España),3,3,3.0,1.0,
1636219,Gewürztraminer 2021,Enate,2021,White,3.8,425,11.65,España,Somontano,Spanish White,3,2,3.0,1.0,
3376624,Senda de los Olivos Blanco 2023,Zifar,2023,White,3.8,423,6.99,España,Rueda,Verdejo (España),3,3,2.0,2.0,
8505256,La Bestia Garnaxta Blanca 2024,Oliveda,2024,White,3.7,420,7.83,España,Empordà,Spanish Catalunya Grenache Blanc White,3,2,3.0,2.0,
1639506,Sàtirs Macabeo Blanc 2024,Arché Pagès,2024,White,3.5,417,7.74,España,Empordà,Spanish White,3,2,3.0,1.0,
1279567,Creu de Lavit 2022,Segura Viudas,2022,White,3.5,415,9.5,España,Penedès,Spanish White,3,2,3.0,1.0,
63154,Basa Blanco 2023,Telmo Rodriguez,2023,White,3.8,414,8.7,España,Rueda,Spanish White,3,2,3.0,1.0,
5542127,Deliri Ancestral 2023,Muscàndia,2023,White,3.9,414,11.95,España,Cataluña,Spanish White,3,2,3.0,1.0,
2396443,Benimaquia Tinajas 2021,Vinessens - Casa Balaguer,2021,White,3.8,413,47.4,España,Alicante,Spanish White,3,2,3.0,1.0,
2042007,Selección Gewürztraminer 2024,Bodega Pirineos,2024,White,3.5,413,10.43,España,Somontano,Spanish White,3,2,3.0,1.0,
5487028,Verdejo 2023,Peces de Ciudad,2023,White,3.7,412,8.35,España,Rueda,Verdejo (España),3,3,2.0,2.0,
3570574,Albillo Real 2022,Arrayán,2022,White,3.8,412,15.75,España,Méntrida,Spanish White,3,2,3.0,1.0,
7356250,P3 Xarel-lo 2024,Can Bas,2024,White,3.9,411,17.7,España,Penedès,Spanish White,3,2,3.0,1.0,
4789786,Autòcton Blanc 2022,Autòcton Celler,2022,White,3.7,408,11.35,España,Penedès,Spanish White,3,2,3.0,1.0,
11452465,Alba 2025,Abadal,2025,White,3.8,408,9.95,España,Pla de Bages,Spanish White,3,2,3.0,1.0,
2736259,Albariño 2024,Adega Ponte da Boga,2024,White,3.7,407,14.5,España,Ribeira Sacra,Albariño (España),3,3,1.0,1.0,
6350986,Jarrarte Blanco 2025,Abel Mendoza Monge,2025,White,3.9,405,11.8,España,Rioja,Rioja Blanco (España),3,3,4.5,1.5,
1799335,Cent X Cent Garnatxa Blanca 2023,Vins del Tros,2023,White,3.7,399,12.1,España,Terra Alta,Spanish Catalunya Grenache Blanc White,3,2,3.0,2.0,
9338467,Oníric Sotaterra 2022,Entre Vinyes,2022,White,3.9,399,17.6,España,Penedès,Spanish White,3,2,3.0,1.0,
7021309,"Abadía de San Campio Ed. Especial ""Marinero"" 2022",Terras Gauda,2022,White,3.9,397,13.6,España,Rías Baixas,Albariño (España),3,3,1.0,1.0,
9484072,Constel Lació 2024,Cosmic,2024,White,3.9,397,15.68,España,Cataluña,Spanish White,3,2,3.0,1.0,
2002502,Verdejo 2024,Estancia Piedra,2024,White,3.8,396,21.6,España,Rueda,Verdejo (España),3,3,2.0,2.0,
6485081,La Fura Sauvignon Blanc 2024,Oliveda,2024,White,3.7,396,8.06,España,Empordà,Sauvignon Blanc (España),3,3,3.0,1.0,
6345638,Gewürztraminer 2023,Oliver Conti,2023,White,3.9,395,12.95,España,Empordà,Spanish White,3,2,3.0,1.0,
1623884,Chardonnay 2020,Nuviana,2020,White,3.5,395,4.75,España,Valle del Cinca,Chardonnay (España),4,3,3.0,1.0,
1205989,Almalarga Godello 2024,Adega Pena das Donas,2024,White,3.8,394,20.6,España,Ribeira Sacra,Spanish Galicia Godello White,3,3,3.0,1.0,
5806207,Blanco 2024,Sierra Cantabria,2024,White,3.6,393,10.09,España,Rioja,Rioja Blanco (España),3,3,4.5,1.5,
4220633,Atlantis Treixadura 2019,Castillo de Maetierra,2019,White,3.5,392,7.7,España,Ribeiro,Spanish White,3,2,3.0,1.0,
4417783,Manda Huevos Blanco Single Vineyard 2024,El Escocés Volante,2024,White,3.9,392,19.9,España,Aragón,Spanish White,3,2,3.0,1.0,
6574929,Coto Mayor Blanco 2024,El Coto,2024,White,3.8,390,6.3,España,Rioja,Rioja Blanco (España),3,3,4.5,1.5,
8584742,Albariño Lías 2023,Marco Real,2023,White,3.9,388,11.5,España,Rías Baixas,Albariño (España),3,3,1.0,1.0,
3818936,Fermentado en Barrica Verdejo 2024,Valdecuevas,2024,White,3.9,387,15.9,España,Rueda,Verdejo (España),3,3,2.0,2.0,
5727018,Garnatxa Blanca 2023,Lo Cometa,2023,White,3.5,385,8.38,España,Terra Alta,Spanish Catalunya Grenache Blanc White,3,2,3.0,2.0,
1495877,El Ariño Gewürztraminer Somontano 2023,Viñas del Vero,2023,White,3.8,385,11.0,España,Somontano,Spanish White,3,2,3.0,1.0,
1885449,Cap de Creus Nacre 2024,Joan Sardà,2024,White,3.6,384,10.85,España,Empordà,Spanish White,3,2,3.0,1.0,
6698718,Perlat Blanc 2024,Cellers Unió,2024,White,3.8,384,9.2,España,Montsant,Spanish White,3,2,3.0,1.0,
2563142,Verdejo 2021,Barcolobo,2021,White,3.7,383,14.4,España,Castilla y León,Verdejo (España),3,3,2.0,2.0,
9001184,Garnatxa Blanca - Macabeu 2024,Reforjat,2024,White,3.6,380,7.47,España,Terra Alta,Spanish White,3,2,3.0,1.0,
1491539,Saó Blanc 2021,Mas Blanch I Jove,2021,White,3.8,379,12.93,España,Costers del Segre,Spanish White,3,2,3.0,1.0,
3807190,Les Argiles d'Orto Blanc 2024,Orto Vins,2024,White,3.7,378,11.05,España,Montsant,Spanish White,3,2,3.0,1.0,
1586923,Almarina Verdejo - Sauvignon Blanc 2025,Dehesa El Carrascal,2025,White,3.8,377,5.45,España,Castilla,Verdejo (España),3,3,2.0,2.0,
7409287,Sauvignon Blanc 2024,Equilibrio,2024,White,3.8,375,5.1,España,Jumilla,Sauvignon Blanc (España),3,3,3.0,1.0,
4873348,Tanca Els Ulls Cartoixà de Vinyes Velles 2024,Celler del Cesc,2024,White,3.7,374,18.4,España,Tarragona,Spanish White,3,2,3.0,1.0,
2419564,Naturalis Mer 2024,Celler Batea,2024,White,3.5,374,6.99,España,Terra Alta,Spanish Catalunya Grenache Blanc White,3,2,3.0,2.0,
2516035,Ratpenat 2021,Celler Credo,2021,White,3.7,374,22.95,España,Penedès,Spanish White,3,2,3.0,1.0,
3815190,Chardonnay Fermentado en Barrica Alicante 2023,Enrique Mendoza,2023,White,3.9,373,12.08,España,Alicante,Chardonnay (España),4,3,3.0,1.0,
6345685,Chardonnay 2023,Bodegas Quinta de Aves,2023,White,3.8,373,6.5,España,La Mancha,Chardonnay (España),4,3,3.0,1.0,
1541765,Cuqueira Blanco 2022,Cunqueiro,2022,White,3.6,368,15.2,España,Ribeiro,Spanish White,3,2,3.0,1.0,
1694620,Fermentado en Barrica Verdejo 2024,Cuatro Rayas,2024,White,3.5,368,7.95,España,Rueda,Verdejo (España),3,3,2.0,2.0,
1899132,Verdejo 2024,Martin Berdugo,2024,White,3.7,367,7.63,España,Rueda,Verdejo (España),3,3,2.0,2.0,
3753229,Verdejo 2024,Alta Pavina,2024,White,3.6,362,8.1,España,Rueda,Verdejo (España),3,3,2.0,2.0,
1579104,Chardonnay Barrica 2024,Pío del Ramo,2024,White,3.9,361,7.35,España,Jumilla,Chardonnay (España),4,3,3.0,1.0,
2503394,Garnatxa Blanca 2024,Casa Mariol,2024,White,3.5,361,6.75,España,Terra Alta,Spanish Catalunya Grenache Blanc White,3,2,3.0,2.0,
5458698,Monestir de Poblet Intramurs Blanc 2021,Abadia de Poblet,2021,White,3.7,359,8.85,España,Conca de Barberà,Chardonnay (España),4,3,3.0,1.0,
4615255,Rueda Blanc 2024,Botón de Gallo - Dominio del Blanco,2024,White,3.8,359,10.0,España,Rueda,Verdejo (España),3,3,2.0,2.0,
1911817,Maneki Albarín Blanco 2022,Tampesta,2022,White,3.8,353,12.5,España,Tierra de León,Spanish White,3,2,3.0,1.0,
6264969,Edición Limitada Lías Verdejo 2021,Ramón Bilbao,2021,White,3.8,351,15.95,España,Rueda,Verdejo (España),3,3,2.0,2.0,
7164174,El Carro de La Mata Moscatel Colección Origen 2023,Vinessens - Casa Balaguer,2023,White,3.9,351,38.9,España,Alicante,Spanish White,3,2,3.0,1.0,
1486705,Verdejo 2024,Cune (CVNE),2024,White,3.6,351,6.08,España,Rueda,Verdejo (España),3,3,2.0,2.0,
4810484,Esblanc Chardonnay 2023,Son Prim,2023,White,3.9,346,14.45,España,Mallorca,Chardonnay (España),4,3,3.0,1.0,
1270325,Virolet Xarel-lo 2024,Oriol Rossell,2024,White,3.5,345,8.9,España,Penedès,Spanish White,3,2,3.0,1.0,
6018868,Blanco 2024,Silice Viticultores,2024,White,3.9,345,24.67,España,Ribeira Sacra,Spanish White,3,2,3.0,1.0,
6573340,Tanca Els Ulls Macabeu de Vinyes Velles 2023,Celler del Cesc,2023,White,3.7,344,18.4,España,Tarragona,Spanish White,3,2,3.0,1.0,
3556890,Montrodó Blanc 2024,Eccoci,2024,White,3.8,344,10.53,España,Cataluña,Spanish White,3,2,3.0,1.0,
4362809,Blanc de Boira 2023,Mas Ramoneda,2023,White,3.7,343,10.49,España,Costers del Segre,Spanish Catalunya Grenache Blanc White,3,2,3.0,2.0,
2848405,SiurAlta Gris 2021,Vinsnus,2021,White,3.8,339,24.71,España,Montsant,Spanish White,3,2,3.0,1.0,
3083357,Rioja Blanco 2024,Muriel,2024,White,3.7,339,7.5,España,Rioja,Rioja Blanco (España),3,3,4.5,1.5,
5653403,Chardonnay Vendimia Nocturna 2024,Yllera,2024,White,3.7,339,7.5,España,Castilla y León,Chardonnay (España),4,3,3.0,1.0,
6437337,Bat Berri 2022,Itsasmendi,2022,White,3.9,339,16.85,España,Bizkaiko Txakolina,Spanish País Vasco Txakoli White,2,3,3.0,1.0,
1227001,Quíbia (Falanis) 2021,Ànima Negra,2021,White,3.9,338,16.1,España,Mallorca,Spanish White,3,2,3.0,1.0,
1584877,Miranius 2022,Celler Credo,2022,White,3.8,337,11.66,España,Penedès,Spanish White,3,2,3.0,1.0,
8737627,D'Origen P5 Muscat de Gra Petit 2023,Can Bas,2023,White,3.8,336,17.7,España,Penedès,Spanish White,3,2,3.0,1.0,
6473667,Ademán Adalia Verdejo 2024,Bodega y Viñedos Maires,2024,White,3.7,336,9.5,España,Toro,Verdejo (España),3,3,2.0,2.0,
5528943,Jan Blanc 2024,Clos Pons,2024,White,3.6,335,7.7,España,Costers del Segre,Spanish White,3,2,3.0,1.0,
2470557,Eòlic Sauvignon Blanc 2023,Arid,2023,White,3.7,335,14.75,España,Penedès,Sauvignon Blanc (España),3,3,3.0,1.0,
1639372,600 Metros Blanco 2024,Sa Forana,2024,White,3.7,333,15.8,España,Isla de Menorca,Chardonnay (España),4,3,3.0,1.0,
1109742,Can Credo Xarel-lo 2021,Celler Credo,2021,White,3.9,331,28.9,España,Cataluña,Spanish White,3,2,3.0,1.0,
8533016,Notes De Blanc 2024,Mas Geli,2024,White,3.9,331,11.5,España,Empordà,Spanish White,3,2,3.0,1.0,
1490880,Ctònia 2023,Masia Serra,2023,White,3.8,331,24.4,España,Empordà,Spanish Catalunya Grenache Blanc White,3,2,3.0,2.0,
6641647,Immortalis Albariño 2024,Pago Aylés,2024,White,3.8,330,12.95,España,Aragón,Albariño (España),3,3,1.0,1.0,
1870763,Dent de Lleó 2023,Mas Vicenç,2023,White,3.9,329,12.85,España,Tarragona,Spanish White,3,2,3.0,1.0,
5792659,Singladuras Verdejo 2024,Montecillo,2024,White,3.7,326,7.15,España,Rueda,Verdejo (España),3,3,2.0,2.0,
2595754,Loco 2024,Canopy,2024,White,3.8,325,26.25,España,Méntrida,Spanish White,3,2,3.0,1.0,
1440887,In.Vita Blanco 2024,Elvi,2024,White,3.6,325,9.05,España,Alella,Spanish White,3,2,3.0,1.0,
2430654,L'Orni Blanc 2023,Vins de Pedra,2023,White,3.6,323,14.95,España,Conca de Barberà,Spanish White,3,2,3.0,1.0,
6593027,Caiño Blanco 2023,Altos de Torona,2023,White,3.9,323,15.95,España,Rías Baixas,Spanish White,3,2,3.0,1.0,
1993229,Robert Vedel Verdejo 2022,Herrero Bodega,2022,White,3.9,323,12.01,España,Rueda,Verdejo (España),3,3,2.0,2.0,
4883761,Petit Baldomà Blanco 2024,Vall de Baldomar,2024,White,3.6,320,7.95,España,Costers del Segre,Spanish White,3,2,3.0,1.0,
4539279,Cholo 2023,Manuel Formigo,2023,White,3.9,320,19.51,España,Ribeiro,Spanish White,3,2,3.0,1.0,
10815522,Sotavent Xarel-lo 2024,Joan Sardà,2024,White,3.9,319,10.04,España,Penedès,Spanish White,3,2,3.0,1.0,
7182993,Rascaña 2021,Baldovar 923,2021,White,3.9,318,20.4,España,Valencia,Spanish White,3,2,3.0,1.0,
1277550,Larrua 2024,Bodegas Félix Lorenzo Cachazo,2024,White,3.6,318,5.5,España,Rueda,Verdejo (España),3,3,2.0,2.0,
5120306,Ales Blanques 2025,Terra Remota,2025,White,3.5,315,10.4,España,Empordà,Spanish White,3,2,3.0,1.0,
5686376,Verdejo 2024,El Gato Azul,2024,White,3.7,315,9.89,España,Rueda,Verdejo (España),3,3,2.0,2.0,
3427899,Xarel-Lo Vermell 2021,Avgvstvs,2021,White,3.7,315,11.34,España,Penedès,Spanish White,3,2,3.0,1.0,
2296627,Sauvignon Blanc 2025,Puente de Rus,2025,White,3.7,314,4.5,España,La Mancha,Sauvignon Blanc (España),3,3,3.0,1.0,
8610143,Mar d'Estels 2024,Conreria d'Scala Dei,2024,White,3.9,313,11.47,España,Montsant,Spanish Catalunya Grenache Blanc White,3,2,3.0,2.0,
1779678,Blanco 2024,Bodegas Aradon,2024,White,3.6,313,5.28,España,Rioja,Rioja Blanco (España),3,3,4.5,1.5,
8509692,Lulo 1915 Treixadura 2024,Bodegas Villanueva,2024,White,3.8,312,8.5,España,Ribeiro,Spanish White,3,2,3.0,1.0,
1931169,Núria de Montargull 2024,Miquel Pons,2024,White,3.5,310,8.1,España,Penedès,Spanish White,3,2,3.0,1.0,
4636171,Chardonnay 2023,Casa del Valle,2023,White,3.6,308,4.0,España,Castilla,Chardonnay (España),4,3,3.0,1.0,
11219861,Godello 2024,Barón do Sil,2024,White,3.8,308,8.51,España,Valdeorras,Spanish Galicia Godello White,3,3,3.0,1.0,
7169608,Verdejo Ecológico 2024,Viña Lobera,2024,White,3.5,308,5.25,España,Rueda,Verdejo (España),3,3,2.0,2.0,
2607339,Verdejo 2024,Rejadorada,2024,White,3.8,307,7.9,España,Rueda,Verdejo (España),3,3,2.0,2.0,
1392691,Verdejo 2014,Palomo Cojo,2014,White,3.6,307,10.25,España,Rueda,Verdejo (España),3,3,2.0,2.0,
6508097,Sarau Blanc 2024,Rim,2024,White,3.9,307,18.05,España,Empordà,Spanish White,3,2,3.0,1.0,
7458309,Audentia Chardonnay 2024,Murviedro,2024,White,3.7,306,5.35,España,Valencia,Chardonnay (España),4,3,3.0,1.0,
1319850,Vinya Sota Bosc 2024,Caves Bolet,2024,White,3.5,305,7.97,España,Cataluña,Spanish White,3,2,3.0,1.0,
1181510,Verdeo Verdejo 2023,Familia Torres,2023,White,3.7,304,5.05,España,Rueda,Verdejo (España),3,3,2.0,2.0,
1189246,Analivia Verdejo Selección 2023,Pagos del Rey,2023,White,3.8,303,5.53,España,Rueda,Verdejo (España),3,3,2.0,2.0,
6443550,Versos de Valtuille Godello Sobre Lias 2024,Estévez Bodegas y Viñedos,2024,White,3.9,299,15.95,España,Bierzo,Spanish White,3,2,3.0,1.0,
7445933,Camiño dos Faros Edición Especial Blanco 2024,Cunqueiro,2024,White,3.9,298,9.96,España,Ribeiro,Spanish White,3,2,3.0,1.0,
6261753,Blanco Sauvignon Blanc 2024,Cueva del Chamán,2024,White,3.8,297,8.55,España,Almansa,Sauvignon Blanc (España),3,3,3.0,1.0,
2005987,Verdejo 2024,Viña Mancera,2024,White,3.7,296,5.25,España,Castilla,Verdejo (España),3,3,2.0,2.0,
1726332,Atino Verdejo 2023,Herrero Bodega,2023,White,3.7,293,7.01,España,Rueda,Verdejo (España),3,3,2.0,2.0,
1724307,Blanco Airén 2024,Corcovo - Megía e Hijos,2024,White,3.6,291,5.92,España,Valdepeñas,Spanish Castilla Airén White,2,1,2.0,1.0,
4210228,8 Vírgenes Blanco 2022,La Zorra,2022,White,3.7,291,11.75,España,Sierra de Salamanca,Spanish White,3,2,3.0,1.0,
4503098,Granza Verdejo 2024,Matarromera,2024,White,3.5,289,6.9,España,Rueda,Verdejo (España),3,3,2.0,2.0,
4547470,Malvasía 2020,Verum,2020,White,3.6,289,7.51,España,La Mancha,Spanish White,3,2,3.0,1.0,
8897220,Tanca Els Ulls Malvasia 2024,Celler del Cesc,2024,White,3.8,288,11.85,España,Tarragona,Spanish White,3,2,3.0,1.0,
1231369,Baco Pérez 2019,Naranjuez,2019,White,3.7,288,18.15,España,Andalucía,Spanish White,3,2,3.0,1.0,
11607321,Cala Blanco 2024,Blanc Pescador,2024,White,3.6,285,4.95,España,Empordà,Spanish White,3,2,3.0,1.0,
3441518,Vine Blanco 2023,Estones,2023,White,3.8,284,13.7,España,Terra Alta,Spanish White,3,2,3.0,1.0,
6791772,La Chalada Semidulce 2024,Vinos Sanz,2024,White,3.9,280,7.55,España,Rueda,Verdejo (España),3,3,2.0,2.0,
99081,Libalis Dry 2024,Castillo de Maetierra,2024,White,3.6,274,6.2,España,Valles de Sadacia,Spanish White,3,2,3.0,1.0,
8390142,Verdejo 2023,Finca del Mar,2023,White,3.6,274,9.95,España,Utiel-Requena,Verdejo (España),3,3,2.0,2.0,
1943174,Verdejo Selección 2021,Viña Cimbrón,2021,White,3.6,273,9.0,España,Rueda,Verdejo (España),3,3,2.0,2.0,
21582,Blanco 2022,Baron de Ley,2022,White,3.7,273,6.1,España,Rioja,Rioja Blanco (España),3,3,4.5,1.5,
2452318,Verdejo 2024,María de Molina,2024,White,3.5,272,5.9,España,Rueda,Verdejo (España),3,3,2.0,2.0,
2629,Gran Viña Sol Chardonnay 2023,Familia Torres,2023,White,3.7,269,12.0,España,Penedès,Chardonnay (España),4,3,3.0,1.0,
2474349,Blanc de Gerisena 2023,Celler Gerisena,2023,White,3.7,269,19.37,España,Empordà,Spanish Catalunya Grenache Blanc White,3,2,3.0,2.0,
7753072,Rebeldes Blanco 2024,Wineissocial,2024,White,3.7,268,11.25,España,Montsant,Spanish White,3,2,3.0,1.0,
5727580,Los Ceps de la Via Verda Blanc 2024,Les Vinyes del Convent,2024,White,3.6,268,6.9,España,Terra Alta,Spanish White,3,2,3.0,1.0,
7902357,Treixadura 2024,Cunqueiro,2024,White,3.9,267,13.05,España,Galicia,Spanish White,3,2,3.0,1.0,
8095587,Audentia Sauvignon Blanc 2024,Murviedro,2024,White,3.7,265,5.2,España,Valencia,Sauvignon Blanc (España),3,3,3.0,1.0,
3556510,GR5 Senders Xarel-lo 2023,Vins El Cep,2023,White,3.7,264,9.56,España,Penedès,Spanish White,3,2,3.0,1.0,
1501861,Xarel-lo 2023,Vinyes Singulars,2023,White,3.8,262,17.36,España,Cataluña,Spanish White,3,2,3.0,1.0,
7662338,Vallejo Avenas Chardonnay 2023,Murviedro,2023,White,3.9,261,20.71,España,Utiel-Requena,Chardonnay (España),4,3,3.0,1.0,
16124,Únic Sauvignon Blanc 2024,Clos Montblanc,2024,White,3.6,260,11.9,España,Conca de Barberà,Sauvignon Blanc (España),3,3,3.0,1.0,
5287978,Finca el Carrascal Muscat - Petit Grain 2023,Corcovo - Megía e Hijos,2023,White,3.9,257,8.25,España,Castilla,Spanish White,3,2,3.0,1.0,
8193891,Xarel-lo 2022,Jean Leon,2022,White,3.7,256,11.5,España,Penedès,Spanish White,3,2,3.0,1.0,
11501795,Viernes Godello 2024,Bodegas Godelia,2024,White,3.7,255,9.2,España,Bierzo,Spanish White,3,2,3.0,1.0,
8075098,Manga del Brujo Blanco 2022,El Escocés Volante,2022,White,3.9,254,11.5,España,Calatayud,Spanish White,3,2,3.0,1.0,
8139020,MR. Jenares Verdejo 2025,Bodegas Delampa,2025,White,3.8,253,5.02,España,Jumilla,Verdejo (España),3,3,2.0,2.0,
1662687,Mingua Chardonnay - Garnacha 2024,Fabregas,2024,White,3.6,252,8.0,España,Somontano,Spanish White,3,2,3.0,1.0,
7106394,De Sol a Sol Airén Rancio 2019,Bodega Bruno Ruiz - Esencia Rural,2019,White,3.7,252,13.45,España,La Mancha,Spanish Castilla Airén White,2,1,2.0,1.0,
1122317,Azoe Verdejo 2024,Hnos. del Villar,2024,White,3.6,249,5.55,España,Rueda,Verdejo (España),3,3,2.0,2.0,
9869587,Tunante de Azabache Blanco 2024,Azabache,2024,White,3.9,249,5.95,España,Rioja,Rioja Blanco (España),3,3,4.5,1.5,
4348314,Viognier 2023,Hacienda Albae,2023,White,3.6,248,7.51,España,La Mancha,Spanish White,3,2,3.0,1.0,
5859811,Tarima Hill Blanco Fermentado en Barrica 2024,Volver,2024,White,3.9,248,12.9,España,Alicante,Spanish White,3,2,3.0,1.0,
2191893,Verdejo 2022,Ojos del Guadiana,2022,White,3.6,247,4.66,España,La Mancha,Verdejo (España),3,3,2.0,2.0,
1497495,Goliardo Tintos de Mar Loureiro 2019,Forjas del Salnés,2019,White,3.8,245,27.5,España,Rías Baixas,Spanish White,3,2,3.0,1.0,
5859712,Godello Monteseiros 2025,Tilenus,2025,White,3.7,245,11.16,España,Bierzo,Spanish White,3,2,3.0,1.0,
10811091,Cap Sentit Orange 2024,Celler de Capçanes,2024,White,3.8,244,11.45,España,Cataluña,Spanish Catalunya Grenache Blanc White,3,2,3.0,2.0,
3589064,Garena Txakolina 2024,Iturrialde,2024,White,3.7,243,12.9,España,Bizkaiko Txakolina,Spanish País Vasco Txakoli White,2,3,3.0,1.0,
2574416,Pescuda Blanco 2024,Bodegas Fulcro,2024,White,3.8,243,13.4,España,Rías Baixas,Albariño (España),3,3,1.0,1.0,
2101032,Puntils Blanc 2024,Garriguella,2024,White,3.5,243,7.44,España,Empordà,Spanish White,3,2,3.0,1.0,
4707395,Verdejo Fermentado en Barrica 2020,Caserío de Dueñas,2020,White,3.9,242,22.5,España,Rueda,Verdejo (España),3,3,2.0,2.0,
7993459,Ás Mirabrás 2024,Barbadillo,2024,White,3.8,241,8.9,España,Cádiz,Spanish White,3,2,3.0,1.0,
6245703,Prohom Experientia Blanc 2024,Coma d'En Bonet,2024,White,3.9,240,10.85,España,Terra Alta,Spanish White,3,2,3.0,1.0,
4973101,Bambú Blanco 2023,Altos de Trevejos,2023,White,3.7,239,13.93,España,Abona,Spanish Islas Canarias White,2,3,2.0,1.5,
7252500,Xalera Blanco 2023,Bernavi,2023,White,3.8,239,8.9,España,Terra Alta,Spanish White,3,2,3.0,1.0,
4960687,Pazo de Seoane Rosal 2022,Lagar de Cervera,2022,White,3.9,239,12.9,España,Rías Baixas,Spanish White,3,2,3.0,1.0,
2310372,6cepas6 Blanco 2024,Perica,2024,White,3.7,238,8.85,España,Rioja,Rioja Blanco (España),3,3,4.5,1.5,
6825433,Cuarenta Vendimias Cuvée Verdejo 2023,Cuatro Rayas,2023,White,3.9,238,15.95,España,Rueda,Verdejo (España),3,3,2.0,2.0,
4637898,Bi Xarel-lo 2019,Ca N'Estruc,2019,White,3.8,237,22.4,España,Cataluña,Spanish White,3,2,3.0,1.0,
5656512,Valdelagunde Verdejo 2023,Bodegas Pedro Escudero,2023,White,3.9,235,7.5,España,Rueda,Verdejo (España),3,3,2.0,2.0,
2628925,El Aprendiz Blanco 2024,Leyenda del Páramo,2024,White,3.5,234,7.2,España,Tierra de León,Spanish White,3,2,3.0,1.0,
4441415,Blanc d'Orto Brisat 2022,Orto Vins,2022,White,3.9,232,21.7,España,Montsant,Spanish Catalunya Grenache Blanc White,3,2,3.0,2.0,
7474684,Solaz Chardonnay 2024,Osborne,2024,White,3.6,232,3.63,España,Castilla,Chardonnay (España),4,3,3.0,1.0,
5965146,Salto del Usero 2025,Bodega Monastrell,2025,White,3.7,231,11.5,España,Bullas,Spanish White,3,2,3.0,1.0,
8919666,Soplo Blanco 2024,Rafael Cambra,2024,White,3.8,230,7.58,España,Valencia,Spanish White,3,2,3.0,1.0,
7357775,Les Nones Blanco 2023,Ca N'Estella,2023,White,3.8,230,7.6,España,Penedès,Spanish White,3,2,3.0,1.0,
4860408,Muñarrate Blanco 2024,Solabal,2024,White,3.5,230,6.6,España,Rioja,Rioja Blanco (España),3,3,4.5,1.5,
9460539,Finca Muñoz Colección de la Familia Blanco 2024,Viñedos y Bodegas Muñoz,2024,White,3.9,229,7.5,España,Castilla,Spanish White,3,2,3.0,1.0,
5964418,Mas de les Valls Blanco 2023,Celler Devinssi,2023,White,3.9,228,20.0,España,Priorato,Spanish White,3,2,3.0,1.0,
6900700,El Missatger Selecció Blanc 2022,Pujol Cargol,2022,White,3.8,228,11.6,España,Empordà,Spanish White,3,2,3.0,1.0,
2719708,Verdejo 2025,Puente de Rus,2025,White,3.6,228,4.5,España,La Mancha,Verdejo (España),3,3,2.0,2.0,
2850809,Nutt Xarel.lo Vinyes Velles 2022,Mas Bertran,2022,White,3.5,227,12.6,España,Penedès,Spanish White,3,2,3.0,1.0,
1275539,Ses Nines Blanc 2024,Tianna Negre,2024,White,3.7,227,14.86,España,Mallorca,Spanish White,3,2,3.0,1.0,
11558809,Cuveé Verdejo 2024,Protos,2024,White,3.9,226,11.5,España,Rueda,Verdejo (España),3,3,2.0,2.0,
3813469,Tega do Sal 2017,Viña Meín,2017,White,3.9,226,29.4,España,Ribeiro,Spanish White,3,2,3.0,1.0,
4827800,Blanc de Marges 2023,L'Olivera,2023,White,3.9,225,11.9,España,Costers del Segre,Spanish White,3,2,3.0,1.0,
4245804,Serendipia Blanco 2023,Aldeya,2023,White,3.8,225,12.95,España,Cariñena,Chardonnay (España),4,3,3.0,1.0,
1478482,Blanco 2024,Señorio de Villarrica,2024,White,3.6,224,8.49,España,Rioja,Rioja Blanco (España),3,3,4.5,1.5,
6621444,Troballa Garnatxa Blanca 2024,Mas Blanch I Jove,2024,White,3.7,224,11.5,España,Costers del Segre,Spanish Catalunya Grenache Blanc White,3,2,3.0,2.0,
6497652,Bosc del Calau 2023,Foresta,2023,White,3.7,223,11.45,España,Cataluña,Spanish White,3,2,3.0,1.0,
11455879,Suelovivo White 2025,Azul y Garanza,2025,White,3.8,222,12.5,España,Navarra,Spanish White,3,2,3.0,1.0,
4424754,Primicia 2024,Celler Batea,2024,White,3.6,220,4.49,España,Terra Alta,Spanish Catalunya Grenache Blanc White,3,2,3.0,2.0,
6260131,Sauvignon 2023,Tres Pilares,2023,White,3.6,220,8.29,España,Rueda,Sauvignon Blanc (España),3,3,3.0,1.0,
2192950,Escorca Blanc 2024,Matallonga,2024,White,3.7,219,8.9,España,Costers del Segre,Chardonnay (España),4,3,3.0,1.0,
6855637,Godello 2024,El Gato Gordo,2024,White,3.8,219,15.75,España,Bierzo,Spanish White,3,2,3.0,1.0,
10224587,Caneco Albariño 2024,Narupa Vinos,2024,White,3.9,218,12.25,España,Rías Baixas,Albariño (España),3,3,1.0,1.0,
7134702,Blanco 2021,Abadia de Poblet,2021,White,3.9,218,19.95,España,Conca de Barberà,Spanish White,3,2,3.0,1.0,
9948521,Verdejo 2024,Marques de Vitoria,2024,White,3.5,218,4.25,España,Rioja,Rioja Blanco (España),3,3,4.5,1.5,
3634498,Albariño 2024,Bodegas Pazo Cilleiro,2024,White,3.8,216,9.5,España,Rías Baixas,Albariño (España),3,3,1.0,1.0,
1151473,Albariño Fermentado En Barrica 2017,La Val,2017,White,3.9,215,20.33,España,Rías Baixas,Albariño (España),3,3,1.0,1.0,
12489420,Blanco Sobre Lías 2024,Viña Salceda,2024,White,3.9,215,10.4,España,Rioja,Rioja Blanco (España),3,3,4.5,1.5,
6265961,Tempranillo Blanco 2024,Nube de Leza García,2024,White,3.6,214,11.9,España,Rioja,Rioja Blanco (España),3,3,4.5,1.5,
9585503,Madame Merseguera 2024,Volver,2024,White,3.8,213,6.3,España,Valencia,Spanish White,3,2,3.0,1.0,
1517255,Rioja Viura 2021,Beronia,2021,White,3.6,213,10.5,España,Rioja,Rioja Blanco (España),3,3,4.5,1.5,
2947299,24 Barricas Airén 2022,Corcovo - Megía e Hijos,2022,White,3.9,211,9.63,España,Valdepeñas,Spanish Castilla Airén White,2,1,2.0,1.0,
5711251,Via X Fora Blanc 2021,Cosmic,2021,White,3.8,209,17.86,España,Empordà,Spanish White,3,2,3.0,1.0,
8351554,Sopla Levante - Pinomar 2023,Pepe Rodríguez de Vera,2023,White,3.7,209,14.52,España,Alicante,Spanish White,3,2,3.0,1.0,
1143872,Fermentado En Barrica Verdejo 2019,Javier Sanz Viticultor,2019,White,3.9,209,16.9,España,Rueda,Verdejo (España),3,3,2.0,2.0,
11775576,Eresma Godello Sobre Lias 2024,Bodegas La Soterraña,2024,White,3.8,209,8.83,España,Castilla y León,Spanish White,3,2,3.0,1.0,
9863759,Camino de Navaherreros Blanco 2024,Bernabeleva,2024,White,3.7,209,11.95,España,Madrid,Spanish White,3,2,3.0,1.0,
5696514,La Canya Mas Pellisser 2022,Oriol Artigas,2022,White,3.8,209,16.25,España,Vino de España,Spanish White,3,2,3.0,1.0,
1251608,Vila-Closa Garnatxa Blanca 2024,La Botera,2024,White,3.5,208,7.7,España,Terra Alta,Spanish Catalunya Grenache Blanc White,3,2,3.0,2.0,
4047237,Gewürztraminer 2017,Lagar d'Amprius,2017,White,3.7,207,10.85,España,Bajo Aragón,Spanish White,3,2,3.0,1.0,
5438712,Marta Cibelina Blanco 2024,Selección Lucendo,2024,White,3.8,207,7.6,España,La Mancha,Spanish White,3,2,3.0,1.0,
6029615,Camino de la Frontera Blanco 2020,Daterra Viticultores,2020,White,3.9,207,18.8,España,Ribeira Sacra,Spanish White,3,2,3.0,1.0,
5300417,El Missatger Blanco 2025,Pujol Cargol,2025,White,3.8,206,10.36,España,Empordà,Spanish White,3,2,3.0,1.0,
12341926,Chardonnay 2025,Bodega Sommos,2025,White,3.8,205,6.3,España,Somontano,Chardonnay (España),4,3,3.0,1.0,
11875974,Verdejo 2024,Lan,2024,White,3.8,204,6.8,España,Rueda,Verdejo (España),3,3,2.0,2.0,
7646436,Albariño 2024,Bodegas Paco Mulero,2024,White,3.8,204,10.35,España,Rías Baixas,Albariño (España),3,3,1.0,1.0,
3737645,Lágrimas de María Blanco 2024,Bodegas Zinio,2024,White,3.5,203,4.7,España,Rioja Alta,Rioja Blanco (España),3,3,4.5,1.5,
1268795,Parellada 2024,Carles Andreu,2024,White,3.5,203,11.0,España,Conca de Barberà,Spanish White,3,2,3.0,1.0,
78479,Melior Sauvignon Blanc 2024,Matarromera,2024,White,3.8,202,6.95,España,Rueda,Sauvignon Blanc (España),3,3,3.0,1.0,
7021361,Amigos Airen 2023,Torre de Barreda,2023,White,3.7,202,8.42,España,Castilla,Spanish Castilla Airén White,2,1,2.0,1.0,
3710071,La Encina del Inglés Blanco 2021,La Melonera,2021,White,3.8,201,11.3,España,Sierras de Málaga,Spanish White,3,2,3.0,1.0,
4789027,El Destraler Blanc 2024,Altiplà Wines,2024,White,3.5,201,4.9,España,Terra Alta,Spanish White,3,2,3.0,1.0,
8692261,Tanca Els Ulls La Lleona 2024,Celler del Cesc,2024,White,3.8,200,11.7,España,Tarragona,Spanish White,3,2,3.0,1.0,
6960694,Solarce Blanco 2024,Casa La Rad,2024,White,3.7,200,9.0,España,Rioja,Rioja Blanco (España),3,3,4.5,1.5,
9531470,La Gabacha Sauvignon Blanc 2022,Casa Rojo,2022,White,3.9,199,9.1,España,Rueda,Sauvignon Blanc (España),3,3,3.0,1.0,
11569951,Vol d'Ànima Blanc 2024,Raimat,2024,White,3.8,198,8.75,España,Costers del Segre,Spanish White,3,2,3.0,1.0,
4083252,Verdling Dulce 2015,Ossian,2015,White,3.7,197,9.3,España,Castilla y León,Verdejo (España),3,3,2.0,2.0,
1365511,Picarana Albillo 2020,Bodega Marañones,2020,White,3.9,197,17.9,España,Madrid,Spanish White,3,2,3.0,1.0,
8002528,Nekazari 2023,Hasi Berriak,2023,White,3.9,195,29.3,España,Bizkaiko Txakolina,Spanish País Vasco Txakoli White,2,3,3.0,1.0,
7197382,Filigrana Blanco 2023,Pla de Morei,2023,White,3.8,195,9.25,España,Cataluña,Spanish White,3,2,3.0,1.0,
4197538,Motor Blanco 2025,4 Kilos Vinícola,2025,White,3.8,195,18.6,España,Mallorca,Spanish White,3,2,3.0,1.0,
7572970,Cabezadas Viura 2018,Bodega Bideona,2018,White,3.6,194,8.3,España,Rioja Alavesa,Rioja Blanco (España),3,3,4.5,1.5,
2700140,La Miranda de Secastilla Garnacha Blanca Somontano 2019,Viñas del Vero,2019,White,3.6,194,13.2,España,Somontano,Spanish White,3,2,3.0,1.0,
7443867,Eliane Chardonnay Eco 2024,Heretat Mas Tinell,2024,White,3.9,194,13.95,España,Penedès,Chardonnay (España),4,3,3.0,1.0,
5660141,Saira Albariño 2024,Raimat,2024,White,3.8,194,8.25,España,Costers del Segre,Albariño (España),3,3,1.0,1.0,
1652682,Doscarlos Sauvignon Blanc 2024,Viña Aliaga,2024,White,3.6,193,8.05,España,Navarra,Sauvignon Blanc (España),3,3,3.0,1.0,
10423236,Pell a Pell 2024,Pardas,2024,White,3.9,192,15.25,España,Penedès,Spanish White,3,2,3.0,1.0,
5916596,Els Costums Garnacha Blanca 2021,Les Vinyes del Convent,2021,White,3.9,192,11.95,España,Terra Alta,Spanish Catalunya Grenache Blanc White,3,2,3.0,2.0,
2123180,Gotim Blanc 2021,Castell del Remei,2021,White,3.6,191,7.45,España,Costers del Segre,Spanish White,3,2,3.0,1.0,
7479159,Orange Natural 2024,El Grifo,2024,White,3.7,191,37.0,España,Lanzarote,Spanish Islas Canarias White,2,3,2.0,1.5,
7247017,Mas de la Torrevella 2023,Torelló,2023,White,3.9,190,13.25,España,Penedès,Chardonnay (España),4,3,3.0,1.0,
2028253,Fermentado en Barrica 2021,Finca Nueva,2021,White,3.5,189,10.99,España,Rioja,Rioja Blanco (España),3,3,4.5,1.5,
4528579,Verdejo 2021,Clea,2021,White,3.8,188,6.8,España,Rueda,Verdejo (España),3,3,2.0,2.0,
1866014,Chardonnay 2021,Lagar d'Amprius,2021,White,3.6,188,8.1,España,Bajo Aragón,Chardonnay (España),4,3,3.0,1.0,
11840074,Clos Ancestral Blanco 2024,Familia Torres,2024,White,3.8,188,16.03,España,Penedès,Spanish White,3,2,3.0,1.0,
2328476,Janine Vedel Sauvignon Blanc 2022,Herrero Bodega,2022,White,3.8,188,8.93,España,Rueda,Sauvignon Blanc (España),3,3,3.0,1.0,
2989285,Cæcus Verderon 2024,Pago de Larrea,2024,White,3.8,187,7.8,España,Rioja Alavesa,Rioja Blanco (España),3,3,4.5,1.5,
1182343,Penedès Blanc Flor Ermita d'Espiells 2023,Juvé & Camps,2023,White,3.7,187,10.0,España,Penedès,Spanish White,3,2,3.0,1.0,
1578160,Cap Ficat Xarel-lo 2019,Celler Credo,2019,White,3.7,185,34.5,España,Penedès,Spanish White,3,2,3.0,1.0,
5259974,Lo Virol Blanc 2023,Cercavins,2023,White,3.6,185,6.6,España,Costers del Segre,Spanish White,3,2,3.0,1.0,
11739111,Chardonnay Sobre Lías 2024,Nebla,2024,White,3.7,184,3.99,España,Utiel-Requena,Chardonnay (España),4,3,3.0,1.0,
6241588,Águedas 2021,Fariña,2021,White,3.9,183,15.67,España,Toro,Spanish White,3,2,3.0,1.0,
9759662,Chivo 2024,Bimbache,2024,White,3.9,182,23.1,España,El Hierro,Spanish Islas Canarias White,2,3,2.0,1.5,
7465095,Aranzá Blanco 2022,Barrialto,2022,White,3.7,182,14.05,España,Cádiz,Spanish White,3,2,3.0,1.0,
11408216,Sking or Queen 2023,La Unidad Viñas,2023,White,3.8,181,11.9,España,Vino de España,Spanish White,3,2,3.0,1.0,
11231728,Superbloom Orange 2021,Celler Bellaserra,2021,White,3.9,181,25.0,España,Cataluña,Spanish White,3,2,3.0,1.0,
9466791,50 Lliures Xarel·lo 2023,Torelló,2023,White,3.9,181,13.5,España,Penedès,Spanish White,3,2,3.0,1.0,
21108,Otazu Chardonnay 2023,Bodega Otazu,2023,White,3.8,178,10.06,España,Otazu,Chardonnay (España),4,3,3.0,1.0,
9508975,Verdejo 2024,Qué No Falte!,2024,White,3.8,178,6.96,España,Rueda,Verdejo (España),3,3,2.0,2.0,
7340235,Natureo Muscat 2023,Familia Torres,2023,White,3.5,177,7.9,España,Cataluña,Spanish White,3,2,3.0,1.0,
9128315,Sopla Levante - La Horca 2021,Pepe Rodríguez de Vera,2021,White,3.7,176,14.52,España,Alicante,Spanish White,3,2,3.0,1.0,
1703900,Foranell 2019,Joaquim Batlle,2019,White,3.8,176,16.88,España,Alella,Spanish White,3,2,3.0,1.0,
3102714,Vulpes Vulpes 2023,Entre os Ríos,2023,White,3.9,175,19.67,España,Barbanza e Iria,Albariño (España),3,3,1.0,1.0,
10721090,Organic Viura - Chardonnay 2022,Castillo de Liria,2022,White,3.5,175,3.3,España,Utiel-Requena,Spanish White,3,2,3.0,1.0,
6991208,Gala Mágica Verdejo 2025,Cuatro Rayas,2025,White,3.6,172,5.25,España,Rueda,Verdejo (España),3,3,2.0,2.0,
1641458,Gregal d'Espiells 2023,Juvé & Camps,2023,White,3.8,172,11.0,España,Penedès,Spanish White,3,2,3.0,1.0,
3372942,Petit Blanc Saó 2024,Mas Blanch I Jove,2024,White,3.6,172,9.9,España,Costers del Segre,Spanish White,3,2,3.0,1.0,
9456187,Flor de Xarel.lo d’Espiells Selección Ecológica 2022,Juvé & Camps,2022,White,3.8,171,11.5,España,Penedès,Spanish White,3,2,3.0,1.0,
4956868,Muscat 2017,Terroir Al Límit Soc. Lda,2017,White,3.8,171,39.65,España,Priorato,Spanish White,3,2,3.0,1.0,
4789706,Can Noves Blanc 2024,Eccocivi,2024,White,3.9,170,20.09,España,Cataluña,Spanish White,3,2,3.0,1.0,
9669741,Orange 2022,Terra.00,2022,White,3.9,170,15.4,España,Cataluña,Spanish White,3,2,3.0,1.0,
1220731,Rueda Verdejo 2023,Finca Montepedroso,2023,White,3.8,169,8.5,España,Rueda,Verdejo (España),3,3,2.0,2.0,
7239344,Garnacha Blanca 2023,Bernavi,2023,White,3.6,168,10.35,España,Terra Alta,Spanish Catalunya Grenache Blanc White,3,2,3.0,2.0,
7386758,Sauvignon Blanc 2024,Viñas del Vero,2024,White,3.7,168,8.65,España,Somontano,Sauvignon Blanc (España),3,3,3.0,1.0,
7693003,IRI 2022,Doniene Gorrondona,2022,White,3.8,168,20.4,España,Bizkaiko Txakolina,Spanish País Vasco Txakoli White,2,3,3.0,1.0,
4789196,Marrec Blanc 2025,Oliveda,2025,White,3.5,166,4.99,España,Empordà,Spanish White,3,2,3.0,1.0,
6802225,Las Envidias Viñas Viejas 2020,Barco del Corneta,2020,White,3.8,166,28.9,España,Castilla y León,Verdejo (España),3,3,2.0,2.0,
4692268,Àmfora Blanc Sec 2021,Les Freses,2021,White,3.9,165,29.7,España,Alicante,Spanish White,3,2,3.0,1.0,
2535240,Conca de Tremp Macabeu 2024,Terrer de Pallars,2024,White,3.7,165,11.99,España,Costers del Segre,Spanish White,3,2,3.0,1.0,
2324568,Verdejo Vendimia Nocturna 2023,Yllera,2023,White,3.7,165,6.41,España,Rueda,Verdejo (España),3,3,2.0,2.0,
8516724,Garnacha Blanca 2024,Cala Marquesa,2024,White,3.9,164,12.03,España,Empordà,Spanish Catalunya Grenache Blanc White,3,2,3.0,2.0,
2354398,Mosto Parcialmente Fermentado Blanco 2022,Viña Xétar,2022,White,3.7,164,4.66,España,Castilla,Spanish Castilla Airén White,2,1,2.0,1.0,
2054386,Aguadulce de Villalúa Semidulce 2024,Marqués de Villalúa,2024,White,3.9,164,6.9,España,Condado de Huelva,Spanish White,3,2,3.0,1.0,
6365177,Blanc Ecológico 2023,Cellar Vins Algars,2023,White,3.6,163,6.8,España,Terra Alta,Spanish Catalunya Grenache Blanc White,3,2,3.0,2.0,
8800350,Ozu Blanco 2024,Bodega Otazu,2024,White,3.5,163,10.9,España,Otazu,Chardonnay (España),4,3,3.0,1.0,
3753235,Matarile Chardonnay - Gewürztraminer 2024,Carlos Valero,2024,White,3.7,163,6.5,España,Somontano,Spanish White,3,2,3.0,1.0,
3542736,Caudalia Rioja 2021,Bodegas Vallobera,2021,White,3.7,162,12.4,España,Rioja,Rioja Blanco (España),3,3,4.5,1.5,
7583922,Sapientia Sauvignon Blanc Ecologico 2024,Lagar de Moha,2024,White,3.8,162,9.6,España,Rueda,Sauvignon Blanc (España),3,3,3.0,1.0,
7389481,Vella Lola Blanc 2025,Viniric,2025,White,3.7,161,7.45,España,Empordà,Spanish White,3,2,3.0,1.0,
7753377,Arraiano Branco 2023,Cume do Avia,2023,White,3.9,161,13.5,España,Ribeira Sacra,Spanish White,3,2,3.0,1.0,
5602668,Eresma Verdejo Sobre Lias 2024,Bodegas Eresma,2024,White,3.8,160,8.64,España,Rueda,Verdejo (España),3,3,2.0,2.0,
9920984,Sobre Lías 2014,Bodega K5,2014,White,3.9,159,24.4,España,Getariako Txakolina,Spanish País Vasco Txakoli White,2,3,3.0,1.0,
4661577,Los Loros Albillo Criollo 2024,El Borujo,2024,White,3.8,159,21.87,España,Valle de Güímar,Spanish Islas Canarias White,2,3,2.0,1.5,
5674280,Chardonnay Organic 2022,Caraballas,2022,White,3.9,158,16.35,España,Rueda,Chardonnay (España),4,3,3.0,1.0,
10181964,Sobre Lías Verdejo 2021,Viore,2021,White,3.9,158,12.0,España,Rueda,Verdejo (España),3,3,2.0,2.0,
2325855,Davila M-100 2022,Valmiñor,2022,White,3.8,157,20.69,España,Rías Baixas,Spanish White,3,2,3.0,1.0,
1706134,Malabarista Macabeo 2021,El Circo,2021,White,3.6,157,4.0,España,Cariñena,Spanish White,3,2,3.0,1.0,
1178615,Orchidea Sauvignon Blanc 2024,Inurrieta,2024,White,3.8,156,8.1,España,Navarra,Sauvignon Blanc (España),3,3,3.0,1.0,
7108581,Prisma Verdejo 2024,Bodegas Paco Mulero,2024,White,3.6,155,6.05,España,Rueda,Verdejo (España),3,3,2.0,2.0,
9570880,Castes Blancas Tiro Al Blanco Ribeiro Puro 2024,O Morto Wines,2024,White,3.9,155,15.25,España,Ribeiro,Spanish White,3,2,3.0,1.0,
8950872,Verdejo 2023,La Poda,2023,White,3.8,154,12.99,España,Rueda,Verdejo (España),3,3,2.0,2.0,
1633819,Albariño 2023,Viña Nora,2023,White,3.8,153,13.16,España,Rías Baixas,Albariño (España),3,3,1.0,1.0,
4282935,Oro de Castilla Finca Los Hornos Verdejo 2022,Hnos. del Villar,2022,White,3.9,153,15.6,España,Rueda,Verdejo (España),3,3,2.0,2.0,
8054943,Finca La Emperatriz El Jardín de La Emperatriz Blanco 2019,Viñedos Hermanos Hernáiz,2019,White,3.7,153,36.95,España,Rioja Alta,Rioja Blanco (España),3,3,4.5,1.5,
6527828,Tinácula Blanco 2025,Las Calzadas,2025,White,3.8,152,9.9,España,Ribera del Júcar,Spanish White,3,2,3.0,1.0,
8743678,Loidana Blanc 2024,Marco Abella,2024,White,3.8,150,15.9,España,Priorato,Spanish White,3,2,3.0,1.0,
9004612,Pita Sauvignon Blanc 2024,Verderrubi,2024,White,3.7,150,8.95,España,Rueda,Sauvignon Blanc (España),3,3,3.0,1.0,
10056192,Ninja de las Uvas Blanco 2022,La del Terreno,2022,White,3.9,150,17.79,España,Bullas,Spanish White,3,2,3.0,1.0,
12112595,Blanc Inicial 2022,B.R.O.T.,2022,White,3.8,149,13.75,España,Penedès,Spanish White,3,2,3.0,1.0,
2266213,Només Garnatxa Blanca 2024,Castillo Perelada,2024,White,3.9,149,8.37,España,Empordà,Spanish Catalunya Grenache Blanc White,3,2,3.0,2.0,
6719539,Blaneo Chardonnay 2023,Pagos de Aráiz,2023,White,3.9,147,15.32,España,Navarra,Chardonnay (España),4,3,3.0,1.0,
1374805,Sanamaro 2019,Pazo San Mauro,2019,White,3.8,147,44.5,España,Rías Baixas,Spanish White,3,2,3.0,1.0,
9292360,Diapiro 2023,Tantaka - Juanjo Tellaetxe,2023,White,3.9,146,19.51,España,Arabako Txakolina,Spanish País Vasco Txakoli White,2,3,3.0,1.0,
7186927,La Transición Albillo Real 2023,Sociedad Agraria de Viticultores,2023,White,3.6,146,6.6,España,Castilla y León,Spanish White,3,2,3.0,1.0,
7638930,Albillo Real Granito 2021,Arrayán,2021,White,3.9,146,15.9,España,Castilla y León,Spanish White,3,2,3.0,1.0,
1924329,Parellada 2023,Jordi Llorens,2023,White,3.8,145,36.92,España,Conca de Barberà,Spanish White,3,2,3.0,1.0,
10799084,Tiempos Modernos Godello 2023,Lagar de Moha,2023,White,3.8,143,11.95,España,Rueda,Spanish White,3,2,3.0,1.0,
9680528,D'Àmfora Blanc 2023,Can Rich,2023,White,3.9,143,17.95,España,Ibiza,Spanish White,3,2,3.0,1.0,
1280932,Macizo Blanco 2016,Bodega Contador (Benjamín Romeo),2016,White,3.9,142,15.9,España,Cataluña,Spanish White,3,2,3.0,1.0,
7363922,Blanco 2021,Colina Triste,2021,White,3.7,142,14.3,España,Arlanza,Spanish White,3,2,3.0,1.0,
7212197,Verdejo 2024,El Coto,2024,White,3.9,142,6.15,España,Rioja,Rioja Blanco (España),3,3,4.5,1.5,
11580564,Immortalis Garnacha Blanca 2024,Pago Aylés,2024,White,3.9,140,8.45,España,Terra Alta,Spanish Catalunya Grenache Blanc White,3,2,3.0,2.0,
6494177,El Yergo Tempranillo Blanco 2023,Paco Garcia,2023,White,3.9,140,11.9,España,Rioja,Rioja Blanco (España),3,3,4.5,1.5,
7993,Lagar de Cervera Blanco 2024,La Rioja Alta,2024,White,3.7,140,16.75,España,Rías Baixas,Albariño (España),3,3,1.0,1.0,
9976027,Tres Miradas Cerro Franco 2020,Alvear,2020,White,3.9,140,21.3,España,Montilla-Moriles,Spanish White,3,2,3.0,1.0,
1158337,Fermentado en Barrica Verdejo 2023,Mocen,2023,White,3.5,140,13.96,España,Rueda,Verdejo (España),3,3,2.0,2.0,
6145379,Tras da Canda Albariño 2023,Rodrigo Mendez,2023,White,3.9,139,21.4,España,Galicia,Albariño (España),3,3,1.0,1.0,
9330131,Solista No 3 2022,Mas Geli,2022,White,3.9,138,21.01,España,Empordà,Spanish White,3,2,3.0,1.0,
12051692,Pago de Valdoneje Godello La Cerrada 2024,Vinos Valtuille,2024,White,3.9,138,13.5,España,Bierzo,Spanish White,3,2,3.0,1.0,
5250420,Pésico Blanco 2018,Dominio del Urogallo,2018,White,3.6,138,21.4,España,Asturias,Spanish White,3,2,3.0,1.0,
8528087,Impulso Semidulce 2023,Codorníu,2023,White,3.8,137,5.2,España,Rioja,Rioja Blanco (España),3,3,4.5,1.5,
1624447,Parvus Chardonnay 2023,Alta Alella,2023,White,3.9,137,12.02,España,Alella,Chardonnay (España),4,3,3.0,1.0,
6334479,3 Miradas Cerro Macho 2020,Alvear,2020,White,3.9,136,26.4,España,Montilla-Moriles,Spanish White,3,2,3.0,1.0,
5406407,Blanco 2021,Cillar de Silos,2021,White,3.8,136,19.0,España,Ribera del Duero,Spanish White,3,2,3.0,1.0,
10571449,Uva Pirata Garnacha Blanca 2023,Vicente Gandía,2023,White,3.8,135,5.5,España,Valencia,Spanish White,3,2,3.0,1.0,
22353,Faustino V Blanco 2023,Bodegas Faustino,2023,White,3.6,135,5.9,España,Rioja Alavesa,Rioja Blanco (España),3,3,4.5,1.5,
9655705,Macabeu Brisat 2024,Larural,2024,White,3.9,135,13.75,España,Cataluña,Spanish White,3,2,3.0,1.0,
1247917,Bitácora Verdejo 2023,Cuatro Rayas,2023,White,3.6,135,3.98,España,Rueda,Verdejo (España),3,3,2.0,2.0,
1563577,Pingorote Sauvignon Blanc 2022,Bodegas Latúe,2022,White,3.6,134,6.57,España,Castilla,Sauvignon Blanc (España),3,3,3.0,1.0,
5517712,Marysol Rioja Semidulce 2024,Carlos Serres,2024,White,3.6,134,7.55,España,Rioja,Rioja Blanco (España),3,3,4.5,1.5,
6329884,Sauvignon Blanc 2023,Viña Mancera,2023,White,3.7,132,5.25,España,Rueda,Sauvignon Blanc (España),3,3,3.0,1.0,
2104554,Clamor Blanco 2024,Raimat,2024,White,3.6,132,5.6,España,Costers del Segre,Spanish White,3,2,3.0,1.0,
4750097,Cueva Llana Macabeo 2019,Señorío del Júcar,2019,White,3.6,132,8.5,España,Manchuela,Spanish White,3,2,3.0,1.0,
8659895,Garnacha Blanca 2024,Particular,2024,White,3.6,132,17.34,España,Cariñena,Spanish White,3,2,3.0,1.0,
1223704,Vega de La Reina Verdejo 2023,Marqués de la Concordia,2023,White,3.9,131,5.99,España,Rueda,Verdejo (España),3,3,2.0,2.0,
7646171,Vinícola Taro 2021,Pablo Matallana,2021,White,3.8,131,85.0,España,Lanzarote,Spanish Islas Canarias White,2,3,2.0,1.5,
6816974,Gran Reserva Blanco 2014,Hacienda López de Haro,2014,White,3.9,131,52.0,España,Rioja,Rioja Blanco (España),3,3,4.5,1.5,
3176945,Abad Dom Bueno Godello Barrica 2023,Abad,2023,White,3.6,130,12.85,España,Bierzo,Spanish White,3,2,3.0,1.0,
6074170,L'Efecte Volador Blanc 2025,Josep Grau Viticultor,2025,White,3.7,130,10.95,España,Montsant,Spanish White,3,2,3.0,1.0,
8638872,Miros Alba de Miros Verdejo 2024,Bodegas Peñafiel,2024,White,3.9,129,11.75,España,Rueda,Verdejo (España),3,3,2.0,2.0,
2391515,Marques de Fonséca Albariño 2019,Vázquez Nieves,2019,White,3.5,129,17.0,España,Rías Baixas,Albariño (España),3,3,1.0,1.0,
9686825,Òrbites Improbables Blanco 2022,Descregut,2022,White,3.9,129,19.3,España,Penedès,Spanish White,3,2,3.0,1.0,
6370999,Selección Verdejo 2024,Berceo,2024,White,3.7,128,6.8,España,Rueda,Verdejo (España),3,3,2.0,2.0,
12960593,Las Levantadas Blanco 2024,Bodegas Javier San Pedro Ortega,2024,White,3.8,128,10.5,España,Rioja,Rioja Blanco (España),3,3,4.5,1.5,
8510393,El Bernate Malvasia Riojana Blanco 2020,Bodegas Exopto,2020,White,3.9,127,23.9,España,Rioja,Rioja Blanco (España),3,3,4.5,1.5,
9181531,Esventat Blanc 2023,Mas Llunes,2023,White,3.8,127,11.72,España,Empordà,Spanish Catalunya Grenache Blanc White,3,2,3.0,2.0,
5315322,Manchomuelas Blanco 2021,Bernabeleva,2021,White,3.6,127,35.9,España,Madrid,Spanish White,3,2,3.0,1.0,
8418194,Fermentado En Barrica Sauvignon Blanc 2024,Alceño,2024,White,3.9,126,8.4,España,Jumilla,Sauvignon Blanc (España),3,3,3.0,1.0,
4790187,Llum del Cadí Riesling 2023,Bodegas Torre del Veguer,2023,White,3.8,126,23.15,España,Cataluña,Spanish White,3,2,3.0,1.0,
2004133,Val De Reyes Blanco Semi Dulce 2022,Fariña,2022,White,3.9,125,8.17,España,Castilla y León,Spanish White,3,2,3.0,1.0,
6365163,el Gratallunes Blanc 2024,Vinyes de La Dot,2024,White,3.9,125,9.89,España,Empordà,Spanish White,3,2,3.0,1.0,
12002679,Las Fincas Blanco 2024,Chivite,2024,White,3.7,125,12.5,España,Navarra,Spanish White,3,2,3.0,1.0,
6494038,Quintás Ribeiro 2022,Atlantic Galician Wineries - AGW,2022,White,3.6,123,7.21,España,Ribeiro,Spanish White,3,2,3.0,1.0,
7213916,Familia Gewürztraminer 2023,Fabregas,2023,White,3.6,123,12.0,España,Somontano,Spanish White,3,2,3.0,1.0,
7442159,Blanc 2025,Celler Esclanyà,2025,White,3.9,123,11.01,España,Empordà,Spanish White,3,2,3.0,1.0,
12843520,Leiras Albariño 2023,Vinos del Paseante,2023,White,3.8,122,12.95,España,Rías Baixas,Albariño (España),3,3,1.0,1.0,
7488681,Sense Blanco 2024,Celler Batea,2024,White,3.7,122,8.49,España,Cataluña,Spanish Catalunya Grenache Blanc White,3,2,3.0,2.0,
1151475,Orballo Rías Baixas Albariño 2024,La Val,2024,White,3.9,122,13.75,España,Rías Baixas,Albariño (España),3,3,1.0,1.0,
7172137,Taleia Brisat 2018,Castell d'Encus,2018,White,3.7,121,22.17,España,Costers del Segre,Spanish White,3,2,3.0,1.0,
2754087,Selección Parcela Avutarda 2015,Aura,2015,White,3.8,121,19.85,España,Rueda,Verdejo (España),3,3,2.0,2.0,
2031913,Verdejo 2023,Condesa de Leganza,2023,White,3.5,120,4.46,España,Castilla y León,Verdejo (España),3,3,2.0,2.0,
7572974,Las Parcelas Blanco 2018,Bodega Bideona,2018,White,3.9,119,15.65,España,Rioja Alavesa,Rioja Blanco (España),3,3,4.5,1.5,
8383829,Pago Mota Chardonnay 2023,Arzuaga,2023,White,3.8,119,6.71,España,Vino de España,Chardonnay (España),4,3,3.0,1.0,
8734800,Entre Dos Aguas Blanco 2022,Vinos Taberner Amado,2022,White,3.8,118,10.9,España,Bajo Aragón,Spanish White,3,2,3.0,1.0,
8667675,Vendimia Seleccionada Blanco 2024,Palacio de Villachica,2024,White,3.9,117,10.75,España,Rioja,Rioja Blanco (España),3,3,4.5,1.5,
7756580,Pantigana 2022,Batlliu de Sort,2022,White,3.7,117,10.9,España,Cataluña,Spanish White,3,2,3.0,1.0,
1667253,Atrium Chardonnay 2023,Familia Torres,2023,White,3.8,117,9.1,España,Penedès,Chardonnay (España),4,3,3.0,1.0,
10166472,Mestratge Macabeu Massis del Garraf 2022,Vins Identitaris,2022,White,3.8,115,13.87,España,Penedès,Spanish White,3,2,3.0,1.0,
8522560,Petit Costes Muscat 2022,Gramona,2022,White,3.8,115,15.5,España,Penedès,Spanish White,3,2,3.0,1.0,
3469970,Terra Blanco 2022,Bodegas Gratias,2022,White,3.8,115,24.15,España,Manchuela,Spanish White,3,2,3.0,1.0,
8904827,Garnatxa Blanca - Macabeu 2023,Massaluca,2023,White,3.9,115,10.0,España,Terra Alta,Spanish White,3,2,3.0,1.0,
10533209,Cañada la Torre Malvasía 2023,Murviedro,2023,White,3.9,114,17.53,España,Valencia,Spanish White,3,2,3.0,1.0,
2498201,Anima de Raimat Blanco 2022,Raimat,2022,White,3.9,114,9.45,España,Costers del Segre,Spanish White,3,2,3.0,1.0,
5528722,Vélo Blanc 2023,Tianna Negre,2023,White,3.7,114,14.45,España,Binissalem-Mallorca,Spanish White,3,2,3.0,1.0,
6842025,Ole de Passion Macabeo 2023,La Cepa de Pelayo,2023,White,3.8,113,6.25,España,Manchuela,Spanish White,3,2,3.0,1.0,
9683828,Verdejo 2023,Onerom,2023,White,3.7,113,15.73,España,Murcia,Verdejo (España),3,3,2.0,2.0,
12744114,Godello 2024,Raimat,2024,White,3.7,112,8.78,España,Costers del Segre,Spanish White,3,2,3.0,1.0,
1763291,Ovni Blanco Seco 2022,Equipo Navazos,2022,White,3.5,112,14.95,España,Montilla-Moriles,Spanish White,3,2,3.0,1.0,
5478149,La Pua 2019,Comunica,2019,White,3.6,112,12.95,España,Montsant,Spanish White,3,2,3.0,1.0,
6124925,Crianza Sobre Lías 2020,Bodegas Martín Códax,2020,White,3.8,111,27.15,España,Rías Baixas,Albariño (España),3,3,1.0,1.0,
6492360,Jorn Nou Petit Blanco 2025,Altavins,2025,White,3.7,111,5.5,España,Terra Alta,Spanish White,3,2,3.0,1.0,
6959196,Tardor 2023,Jiménez Vila Hnos,2023,White,3.8,111,8.9,España,Utiel-Requena,Spanish White,3,2,3.0,1.0,
5136891,Camí de Cormes Blanc 2023,Roig Parals,2023,White,3.9,111,19.89,España,Empordà,Spanish White,3,2,3.0,1.0,
11901004,Marquesa 2024,Comalats,2024,White,3.7,109,13.05,España,Costers del Segre,Spanish White,3,2,3.0,1.0,
6302590,Eidos Ermos Ribeiro 2023,Luis A. Rodriguez Vazquez,2023,White,3.7,109,16.5,España,Ribeiro,Spanish White,3,2,3.0,1.0,
1786259,Sauvignon Blanc 2022,Palacio de Bornos,2022,White,3.9,109,7.56,España,Rueda,Sauvignon Blanc (España),3,3,3.0,1.0,
10707266,Guadianeja Airén Encascado 2022,Vinicola de Castilla,2022,White,3.9,109,7.45,España,La Mancha,Spanish Castilla Airén White,2,1,2.0,1.0,
5460671,Xarel-lo 2024,VIA - Celler del Xalet,2024,White,3.8,108,10.35,España,Penedès,Spanish White,3,2,3.0,1.0,
2073485,Blanco 2024,Bliss,2024,White,3.9,107,7.72,España,Bierzo,Spanish White,3,2,3.0,1.0,
2106678,Blanco 2023,Coto de Gomariz (María Álvarez Serrano),2023,White,3.7,107,16.9,España,Ribeiro,Spanish White,3,2,3.0,1.0,
9023887,El Quiebro 2018,Bodega Marañones,2018,White,3.9,107,20.0,España,Madrid,Spanish White,3,2,3.0,1.0,
1200088,iWine Nieve Carbónica Albariño 2024,Paco & Lola,2024,White,3.6,107,18.1,España,Rías Baixas,Albariño (España),3,3,1.0,1.0,
1158428,Castillo de San Diego 2024,Barbadillo,2024,White,3.3,6006,4.67,España,Cádiz,Spanish White,3,2,3.0,1.0,
23475,Chardonnay - Macabeo Blanco Somontano 2024,Viñas del Vero,2024,White,3.4,3118,9.7,España,Somontano,Spanish White,3,2,3.0,1.0,
1268221,Corazón Loco Blanco 2024,Bodega Iniesta,2024,White,3.4,2782,6.73,España,Manchuela,Spanish White,3,2,3.0,1.0,
6402196,Mas del Serral 2014,Vins Pepe Raventós,2014,Sparkling,4.5,395,164.0,España,Penedès,Espumoso Español (España),2,3,3.0,,
2261633,Cava Enoteca Finca La Plana Brut Nature 2004,Gramona,2004,Sparkling,4.5,188,179.6,España,Cava,Cava (España),2,3,3.0,,
10241656,Llegat Familiar Xarel·lo 2011,Llopart,2011,Sparkling,4.6,117,131.48,España,Penedès,Espumoso Español (España),2,3,3.0,,
5197447,Cava Enoteca Finca de L'Origen Brut Nature 2012,Gramona,2012,Sparkling,4.6,109,145.13,España,Cava,Cava (España),2,3,3.0,,
8879082,10 Gran Reserva Brut Nature 2010,Alta Alella,2010,Sparkling,4.5,31,118.0,España,Cava,Cava (España),2,3,3.0,,
1479756,Turó d’en Mota 2011,Recaredo,2011,Sparkling,4.5,30,165.0,España,Penedès,Cava (España),2,3,3.0,,
11035466,Bassegues 2010,Parés Baltà,2010,Sparkling,4.5,28,100.95,España,Penedès,Espumoso Español (España),2,3,3.0,,
9056231,Corpinnat Enoteca Reserva Particular de Recaredo 2017,Recaredo,2017,Sparkling,4.5,87,87.0,España,Cataluña,Espumoso Español (España),2,3,3.0,,
5908369,Sumoll Ferèstec 2010,Clos Lentiscus,2010,Sparkling,4.5,49,46.86,España,Cataluña,Espumoso Español (España),2,3,3.0,,
6214146,Ars Collecta Gran Reserva 457 Brut 2010,Codorníu,2010,Sparkling,4.5,37,111.2,España,Cava,Cava (España),2,3,3.0,,
1199954,Imperial Brut 2022,Gramona,2022,Sparkling,4.1,14813,12.9,España,Cava,Cava (España),2,3,3.0,,
3619912,Terrers Brut Nature Gran Reserva 2020,Recaredo,2020,Sparkling,4.0,4272,28.86,España,Penedès,Cava (España),2,3,3.0,,
7508035,La Cuvée Corpinnat 2022,Gramona,2022,Sparkling,4.0,2745,19.6,España,Cava,Cava (España),2,3,3.0,,
1271562,Cava Cuvée de Prestige Reserva Real Brut N.V.,Freixenet,N.V.,Sparkling,4.0,2700,15.88,España,Cava,Cava (España),2,3,3.0,,
1930395,No. 1 Red Sangria Frizzante N.V.,Lolea,N.V.,Sparkling,4.1,2528,8.85,España,Aragón,Espumoso Español (España),2,3,3.0,,
2181578,Visol Gran Reserva Brut Nature 2006,Mestres,2006,Sparkling,4.1,2085,82.8,España,Cava,Cava (España),2,3,3.0,,
6785603,Hondarrabi Zuri 2021,Izar-Leku Mahastiak,2021,Sparkling,4.0,2012,28.9,España,País Vasco,Espumoso Español (España),2,3,3.0,,
6278804,Cava Rosé Brut Reserva 2022,Llopart,2022,Sparkling,4.0,2011,16.95,España,Cava,Cava (España),2,3,3.0,,
1109741,Intens Rosat Brut Nature 2022,Recaredo,2022,Sparkling,4.0,1691,35.85,España,Penedès,Cava (España),2,3,3.0,,
3596062,Ars Collecta Jaume Codorníu Gran Reserva Cava 2019,Codorníu,2019,Sparkling,4.1,1662,24.95,España,Cava,Cava (España),2,3,3.0,,
1157800,Cava Microcosmos Rosé Brut Nature 2022,Llopart,2022,Sparkling,4.0,1346,22.2,España,Cava,Cava (España),2,3,3.0,,
8060806,Corpinnat Terrers Brut Nature 2019,Recaredo,2019,Sparkling,4.1,1313,26.98,España,Penedès,Espumoso Español (España),2,3,3.0,,
5743972,Dibon Brut Rosé Cava N.V.,Pinord,N.V.,Sparkling,4.0,1266,8.95,España,Cava,Cava (España),2,3,3.0,,
3568748,Cava Imperial Panoramic Gran Reserva Brut 2019,Llopart,2019,Sparkling,4.0,1239,19.0,España,Cava,Cava (España),2,3,3.0,,
1748985,Blanc de Blancs 2022,Raventós i Blanc,2022,Sparkling,4.0,1184,16.46,España,Penedès,Cava (España),2,3,3.0,,
1142932,Cava Leopardi Gran Reserva Brut Nature 2018,Llopart,2018,Sparkling,4.1,1169,27.4,España,Cava,Cava (España),2,3,3.0,,
1234106,Rosat Semi Sec N.V.,Can Paixano,N.V.,Sparkling,4.1,1133,5.7,España,Penedès,Espumoso Español (España),2,3,3.0,,
2696113,Conde de Haro Brut Reserva 2021,Bodegas Muga,2021,Sparkling,4.2,1066,16.95,España,Cava,Cava (España),2,3,3.0,,
5737339,Nieva York Pet-Nat 2023,Micro Bio (MicroBio),2023,Sparkling,4.0,1009,22.0,España,Castilla y León,Espumoso Español (España),2,3,3.0,,
2743295,Martinez Cava Brut Nature Rosé 2023,Rimarts,2023,Sparkling,4.0,1009,14.4,España,Cava,Cava (España),2,3,3.0,,
1636506,Reserva Particular de Recaredo Gran Reserva Brut Nature 2017,Recaredo,2017,Sparkling,4.4,996,87.0,España,Penedès,Cava (España),2,3,3.0,,
2906169,Cava Gran Reserva 40 Brut Nature 2019,Rimarts,2019,Sparkling,4.0,972,17.67,España,Cava,Cava (España),2,3,3.0,,
6383280,Mirgin Opus Brut Nature 2021,Alta Alella,2021,Sparkling,4.2,957,34.0,España,Cava,Cava (España),2,3,3.0,,
5126760,Cava  Clos Nostre Senyor Gran Reserva Brut Nature 2018,Mestres,2018,Sparkling,4.2,936,41.49,España,Cava,Cava (España),2,3,3.0,,
1784087,Rosé Brut Nature 2020,Clos Lentiscus,2020,Sparkling,4.0,928,15.55,España,Penedès,Espumoso Español (España),2,3,3.0,,
2021861,Reserva Especial Chardonnay 2019,Rimarts,2019,Sparkling,4.0,864,21.5,España,Cava,Cava (España),2,3,3.0,,
5402414,Ancestral Moscatel Brutal 2023,Cueva,2023,Sparkling,4.0,828,20.5,España,Valencia,Espumoso Español (España),2,3,3.0,,
1808738,Cava Original 1887 Brut Nature (Espumos) 2013,Llopart,2013,Sparkling,4.3,821,63.9,España,Cava,Cava (España),2,3,3.0,,
2643603,Greco di Subur Blanc de Blancs Brut Nature 2019,Clos Lentiscus,2019,Sparkling,4.0,805,15.98,España,Penedès,Espumoso Español (España),2,3,3.0,,
10190306,Les Tres Serres Innoble Corpinnat 2018,Gramona,2018,Sparkling,4.0,799,27.1,España,Penedès,Espumoso Español (España),2,3,3.0,,
1210850,III Lustros Brut Nature 2012,Gramona,2012,Sparkling,4.1,766,37.05,España,Cava,Cava (España),2,3,3.0,,
2659130,Manuel Raventós 2018,Raventós i Blanc,2018,Sparkling,4.2,751,75.1,España,Penedès,Espumoso Español (España),2,3,3.0,,
1157799,Cava Ex-Vite Gran Reserva Brut 2015,Llopart,2015,Sparkling,4.4,749,54.35,España,Cava,Cava (España),2,3,3.0,,
1498354,Subtil Brut Nature Gran Reserva 2019,Recaredo,2019,Sparkling,4.1,719,39.9,España,Penedès,Cava (España),2,3,3.0,,
50504,8A Moscato de Ochoa de Aguja Frizzante 2023,Bodegas Ochoa,2023,Sparkling,4.1,719,13.15,España,Navarra,Espumoso Español (España),2,3,3.0,,
1136856,Cava Gran Reserva Brut Nature Reserva de la Familia 2020,Juvé & Camps,2020,Sparkling,4.0,703,47.1,España,Cava,Cava (España),2,3,3.0,,
3031673,Cava Cardús Gran Reserva Brut Nature 2020,Bertha,2020,Sparkling,4.0,698,19.5,España,Cava,Cava (España),2,3,3.0,,
1546037,Cava Argent Gran Reserva Brut 2020,Gramona,2020,Sparkling,4.2,685,37.95,España,Cava,Cava (España),2,3,3.0,,
2291902,Cava Argent Gran Reserva Brut Nature Rosé 2021,Gramona,2021,Sparkling,4.1,638,39.25,España,Cataluña,Cava (España),2,3,3.0,,
1258364,Cava Cuvée Antonia Perles Rosés 2022,Naveran,2022,Sparkling,4.0,610,17.9,España,Cava,Cava (España),2,3,3.0,,
1215772,Laietà Gran Reserva Brut Nature 2019,Alta Alella,2019,Sparkling,4.1,579,24.95,España,Cava,Cava (España),2,3,3.0,,
1610937,De Nit 2022,Raventós i Blanc,2022,Sparkling,4.0,576,19.47,España,Cataluña,Espumoso Español (España),2,3,3.0,,
11381767,Panoramic Imperial Brut 2015,Llopart,2015,Sparkling,4.0,569,23.95,España,Cava,Cava (España),2,3,3.0,,
3292118,Damiana  Gran Reserva Brut Nature 2013,Mestres,2013,Sparkling,4.3,566,74.9,España,Cava,Cava (España),2,3,3.0,,
5308906,Cava Reserva Familiar 2015,Sabaté i Coca,2015,Sparkling,4.2,552,38.9,España,Cava,Cava (España),2,3,3.0,,
3584160,Mas Via Gran Reserva Brut 2009,Mestres,2009,Sparkling,4.4,489,81.8,España,Cava,Cava (España),2,3,3.0,,
7337729,Reserva Particular de Recaredo Brut Nature 2017,Recaredo,2017,Sparkling,4.4,471,95.0,España,Penedès,Cava (España),2,3,3.0,,
1467149,Cusiné Rosa 2021,Parés Baltà,2021,Sparkling,4.0,458,31.05,España,Cava,Cava (España),2,3,3.0,,
5054424,Cava Vintage Rosé Brut Gran Reserva 2021,Pere Ventura Cavas,2021,Sparkling,4.1,453,35.9,España,Cava,Cava (España),2,3,3.0,,
1788482,Cava Brut Milesimé 2020,Juvé & Camps,2020,Sparkling,4.1,446,27.45,España,Cava,Cava (España),2,3,3.0,,
5974642,Clàssic Penedès Brut 21 2021,Albet i Noya,2021,Sparkling,4.1,410,23.95,España,Penedès,Espumoso Español (España),2,3,3.0,,
12401390,Icònic Gran Reserva 2017,Celler Kripta,2017,Sparkling,4.0,407,19.8,España,Cava,Cava (España),2,3,3.0,,
1241225,225 Brut Nature Gran Reserva 2018,Torelló,2018,Sparkling,4.0,401,29.6,España,Cava,Cava (España),2,3,3.0,,
3102613,Taïka 2020,Castell d'Encus,2020,Sparkling,4.1,398,48.75,España,Costers del Segre,Espumoso Español (España),2,3,3.0,,
3155381,Mia Pink Moscato N.V.,Freixenet,N.V.,Sparkling,4.1,387,5.37,España,Cataluña,Espumoso Español (España),2,3,3.0,,
2002240,Cava Rabetllat i Vidal Brut Nature N.V.,Ca N'Estella,N.V.,Sparkling,4.0,357,8.95,España,Cataluña,Cava (España),2,3,3.0,,
7317473,A Pèl Ancestral Barba-Roja 2022,Loxarel,2022,Sparkling,4.0,348,18.65,España,Penedès,Espumoso Español (España),2,3,3.0,,
7304938,Pedregar 2018,AT Roca,2018,Sparkling,4.1,344,23.8,España,Penedès,Espumoso Español (España),2,3,3.0,,
1414646,Cuvée Antonia Perles Blanques 2023,Naveran,2023,Sparkling,4.0,334,22.8,España,Cava,Cava (España),2,3,3.0,,
12651432,Aliances La Cuvée Extra Brut 2021,Gramona,2021,Sparkling,4.0,330,16.59,España,Cataluña,Espumoso Español (España),2,3,3.0,,
1109743,Serral del Vell Brut Nature 2018,Recaredo,2018,Sparkling,4.2,316,41.56,España,Penedès,Cava (España),2,3,3.0,,
6551342,Vinya del Rascarà Brut Nature 2019,Bufadors,2019,Sparkling,4.2,314,79.0,España,Cava,Cava (España),2,3,3.0,,
5799239,Cava Extra Brut N.V.,Bodegas Faustino,N.V.,Sparkling,4.0,313,8.42,España,Rioja Alavesa,Cava (España),2,3,3.0,,
4967234,Laietà Gran Reserva Brut Nature Rosé 2020,Alta Alella,2020,Sparkling,4.0,288,22.9,España,Cava,Cava (España),2,3,3.0,,
5013886,Cuvée Esplendor Vinyes Propies 2015,Vardon Kennett,2015,Sparkling,4.0,288,35.45,España,Penedès,Espumoso Español (España),2,3,3.0,,
6454637,Josep Coca Gran Reserva Brut Nature 2019,Sabaté i Coca,2019,Sparkling,4.0,282,25.25,España,Cava,Cava (España),2,3,3.0,,
7254661,Ars Collecta Gran Reserva Blanc de Noirs 2017,Codorníu,2017,Sparkling,4.0,282,22.35,España,Cava,Cava (España),2,3,3.0,,
10626216,Corpinnat Hermós Brut Nature 2021,Pardas,2021,Sparkling,4.0,282,27.4,España,Penedès,Espumoso Español (España),2,3,3.0,,
8927043,Pèt-Nat Malvasia de Sitges 2025,L'Enclòs de Peralba,2025,Sparkling,4.0,271,17.8,España,Cataluña,Espumoso Español (España),2,3,3.0,,
2398150,Cava Reserva Barrica Brut Nature 2021,Carles Andreu,2021,Sparkling,4.1,268,18.6,España,Cava,Cava (España),2,3,3.0,,
6019697,Cava Summum Brut Nature N.V.,Lacrima Baccus,N.V.,Sparkling,4.0,266,10.5,España,Cava,Cava (España),2,3,3.0,,
2702142,Cava Masia Segle XV Gran Reserva Brut Nature 2016,Rovellats,2016,Sparkling,4.1,264,33.0,España,Cava,Cava (España),2,3,3.0,,
7520939,Cloe Brut Nature 2022,Bodega Doña Felisa,2022,Sparkling,4.0,262,23.38,España,Andalucía,Espumoso Español (España),2,3,3.0,,
1235879,Cava Gran Reserva Barrica 2018,Agusti Torello Mata,2018,Sparkling,4.0,257,24.02,España,Cava,Cava (España),2,3,3.0,,
11041854,Corpinnat Edició Especial Brut Nature 2017,Finca Nadal de la Boadella,2017,Sparkling,4.0,253,43.35,España,Cataluña,Espumoso Español (España),2,3,3.0,,
11194621,Ars Collecta Josep Raventós Gran Reserva Brut 2015,Codorníu,2015,Sparkling,4.1,250,32.4,España,Cava,Cava (España),2,3,3.0,,
10967734,Ancestral 2022,Albamar,2022,Sparkling,4.1,243,45.0,España,Rías Baixas,Espumoso Español (España),2,3,3.0,,
1443875,Cava Gran Duc Gran Reserva Brut Nature 2019,Canals & Munné,2019,Sparkling,4.2,240,35.5,España,Cava,Cava (España),2,3,3.0,,
2043864,Cava Rabetllat I Vidal Gran Reserva Brut Nature 2021,Ca N'Estella,2021,Sparkling,4.1,237,14.2,España,Cava,Cava (España),2,3,3.0,,
12234254,El Corregidor de Carrascal 2021,Bodegas Luis Perez,2021,Sparkling,4.2,227,34.2,España,Andalucía,Espumoso Español (España),2,3,3.0,,
9744468,Calvestra Brut Nature 2014,Mustiguillo,2014,Sparkling,4.2,220,34.9,España,El Terrerazo,Espumoso Español (España),2,3,3.0,,
11469980,Navazos Brut Nature 2022,Colet,2022,Sparkling,4.0,218,29.7,España,Clàssic Penedès,Espumoso Español (España),2,3,3.0,,
1996352,Cava S.XXI Gran Reserva Brut Nature 2016,Bertha,2016,Sparkling,4.1,212,27.9,España,Cava,Cava (España),2,3,3.0,,
1843862,Cava Reserva de la Propietat Gran Reserva Brut Nature 2017,Oriol Rossell,2017,Sparkling,4.0,209,36.06,España,Cava,Cava (España),2,3,3.0,,
7251770,Montargull Gran Reserva Xarel·lo Barrica Brut Nature 2022,Miquel Pons,2022,Sparkling,4.0,199,16.95,España,Cava,Cava (España),2,3,3.0,,
7193854,Ars Collecta Gran Reserva Blanc de Blancs 2021,Codorníu,2021,Sparkling,4.0,194,17.95,España,Cava,Cava (España),2,3,3.0,,
5233703,Cava Mil.Lenni Reserva Brut Nature 2019,Maria Rigol Ordi,2019,Sparkling,4.0,186,18.97,España,Cava,Cava (España),2,3,3.0,,
1247309,Cava Kripta Gran Reserva Brut Nature 2016,Agusti Torello Mata,2016,Sparkling,4.3,186,66.04,España,Cava,Cava (España),2,3,3.0,,
2955348,XL Ancestral 2023,Partida Creus,2023,Sparkling,4.0,185,26.6,España,Cataluña,Espumoso Español (España),2,3,3.0,,
3334133,Musivari Gran Reserva Brut Nature 2007,Guilera,2007,Sparkling,4.2,180,27.79,España,Cava,Cava (España),2,3,3.0,,
11252991,Cava Milesimé Xarel-lo Olivera Brut Nature 2018,Juvé & Camps,2018,Sparkling,4.0,179,29.3,España,Cava,Cava (España),2,3,3.0,,
4998630,Cava Gemma Gran Reserva Brut Nature 2020,Oliver Viticultors,2020,Sparkling,4.0,179,15.99,España,Cava,Cava (España),2,3,3.0,,
10831461,ADN Canals Gran Reserva Cava Brut Nature 2021,Canals & Munné,2021,Sparkling,4.0,178,14.95,España,Cava,Cava (España),2,3,3.0,,
2006180,Cava Rosae 2018,Rimarts,2018,Sparkling,4.0,178,26.95,España,Cava,Cava (España),2,3,3.0,,
7680186,Cava Carpe Diem Gran Reserva Brut Nature 2019,Heretat Mas Tinell,2019,Sparkling,4.0,176,24.5,España,Cava,Cava (España),2,3,3.0,,
6314888,Uvae Cava Gran Reserva 2016,Rimarts,2016,Sparkling,4.3,170,42.34,España,Cava,Cava (España),2,3,3.0,,
1476982,Cava Celler Batlle 2011,Gramona,2011,Sparkling,4.4,169,166.28,España,Cava,Cava (España),2,3,3.0,,
9125117,Cava Gran Reserva Brut Nature Singular Xarel-lo 2016,Juvé & Camps,2016,Sparkling,4.0,163,24.75,España,Cava,Cava (España),2,3,3.0,,
1396725,Cava L'Ensamblatge N.V.,Pere Mata,N.V.,Sparkling,4.0,163,15.0,España,Cava,Cava (España),2,3,3.0,,
2206326,Assemblage Extra Brut 2018,Colet,2018,Sparkling,4.1,161,29.95,España,Penedès,Espumoso Español (España),2,3,3.0,,
7839657,Kimera Espumoso Ancestral Garnatxa 2022,LMT Wines,2022,Sparkling,4.1,161,15.5,España,Navarra,Espumoso Español (España),2,3,3.0,,
1818542,De La Finca 2021,Raventós i Blanc,2021,Sparkling,4.1,160,24.03,España,Penedès,Espumoso Español (España),2,3,3.0,,
7681957,Cava Ariadna Gran Reserva Brut Nature 2019,Oriol Rossell,2019,Sparkling,4.2,159,23.5,España,Cava,Cava (España),2,3,3.0,,
12843530,Corpinnat Roent Rosé 2020,Gramona,2020,Sparkling,4.0,158,23.95,España,Penedès,Espumoso Español (España),2,3,3.0,,
6755523,Milesimé Gran Reserva Rosé 2019,Juvé & Camps,2019,Sparkling,4.1,157,34.5,España,Cava,Cava (España),2,3,3.0,,
1574315,Cava S.XXI Gran Reserva Brut Rosé 2019,Bertha,2019,Sparkling,4.0,154,24.49,España,Cava,Cava (España),2,3,3.0,,
7887525,Clímax Brut Nature 2022,Can Ràfols dels Caus,2022,Sparkling,4.1,149,23.5,España,Vino de España,Espumoso Español (España),2,3,3.0,,
6700181,L'Era del Celdoni Gran Reserva 2016,Carles Andreu,2016,Sparkling,4.3,147,30.7,España,Cava,Cava (España),2,3,3.0,,
9286232,Rosalea Frizzante N.V.,La Mundial Barcelona,N.V.,Sparkling,4.1,140,8.8,España,Cataluña,Espumoso Español (España),2,3,3.0,,
6560754,Cava La Capella Brut Nature 2011,Juvé & Camps,2011,Sparkling,4.4,140,94.8,España,Cava,Cava (España),2,3,3.0,,
12259883,Corpinnat Feixes de la Font Brut Nature 2022,Julia Bernet,2022,Sparkling,4.1,135,20.9,España,Cataluña,Espumoso Español (España),2,3,3.0,,
11725546,Ca La Mar Mustillant Rosat 2023,Gramona,2023,Sparkling,4.0,132,8.57,España,Penedès,Espumoso Español (España),2,3,3.0,,
9142459,Memória Corpinnat Brut Nature 2018,Descregut,2018,Sparkling,4.0,130,24.95,España,Penedès,Espumoso Español (España),2,3,3.0,,
1215960,Grandalla Gran Reserva Brut 2020,Jaume Giro i Giro,2020,Sparkling,4.2,129,32.07,España,Cava,Cava (España),2,3,3.0,,
1916734,Cava Uvae 2016,Rimarts,2016,Sparkling,4.4,126,38.5,España,Cava,Cava (España),2,3,3.0,,
9747917,Les Voranes Corpinnat Brut Nature 2019,Bufadors,2019,Sparkling,4.0,125,29.9,España,Cava,Cava (España),2,3,3.0,,
2404385,Cava Max Gran Reserva 2008,Bertha,2008,Sparkling,4.0,123,34.09,España,Cava,Cava (España),2,3,3.0,,
6689259,Maria Bernet Brut Nature 2014,Julia Bernet,2014,Sparkling,4.4,121,69.0,España,Cava,Espumoso Español (España),2,3,3.0,,
7640317,Noguer Baix 2022,Anima Mundi,2022,Sparkling,4.0,121,23.5,España,Cataluña,Espumoso Español (España),2,3,3.0,,
9073999,Corpinnat Subtil Brut Nature 2019,Recaredo,2019,Sparkling,4.1,121,41.9,España,Cava,Cava (España),2,3,3.0,,
2342717,Cava Unplugged Brut 2019,Giró Ribot,2019,Sparkling,4.0,120,23.03,España,Cava,Cava (España),2,3,3.0,,
10272799,Efecte Ancestral Clàssic Penedès Reserva Brut Natural 2021,Albet i Noya,2021,Sparkling,4.0,117,16.99,España,Clàssic Penedès,Espumoso Español (España),2,3,3.0,,
7249676,Ars Collecta Gran Reserva Grand Rosé 2021,Codorníu,2021,Sparkling,4.0,116,19.87,España,Cava,Cava (España),2,3,3.0,,
6465614,Cava La Pleta Chardonnay 2013,Codorníu,2013,Sparkling,4.2,116,60.0,España,Cava,Cava (España),2,3,3.0,,
10610432,El Corral Cremat Brut 2014,Albet i Noya,2014,Sparkling,4.4,115,66.5,España,Clàssic Penedès,Espumoso Español (España),2,3,3.0,,
4349771,Elena de Mestres Gran Reserva Brut Nature Rosé 2020,Mestres,2020,Sparkling,4.0,115,29.35,España,Cava,Cava (España),2,3,3.0,,
5096049,Textures de Pedra Blanc de Negres 2018,Raventós i Blanc,2018,Sparkling,4.1,111,31.86,España,Penedès,Espumoso Español (España),2,3,3.0,,
11777804,Titiana de Can Matons Pinot Noir Brut Rosé 2019,Can Matons,2019,Sparkling,4.0,111,17.95,España,Alella,Cava (España),2,3,3.0,,
7751338,Cava Ivette Classic Cuvée Brut Reserva 2023,Bertha,2023,Sparkling,4.0,108,10.95,España,Cava,Cava (España),2,3,3.0,,
6543237,Cava Ecològic Pit-Roig Reserva Brut Nature Rosat 2022,Guillem Carol - Cellers Carol Vallès,2022,Sparkling,4.0,107,20.5,España,Cava,Cava (España),2,3,3.0,,
11538322,Cava Milesimé Blanc de Noirs Rieral Brut 2019,Juvé & Camps,2019,Sparkling,4.2,104,35.0,España,Cava,Cava (España),2,3,3.0,,
7369744,Gran Torello Brut Nature Corpinnat 2016,Torelló,2016,Sparkling,4.0,102,34.95,España,Vino de España,Espumoso Español (España),2,3,3.0,,
12342006,Corpinnat Barraca dels Coscons Brut Nature 2019,Julia Bernet,2019,Sparkling,4.1,99,23.6,España,Cataluña,Espumoso Español (España),2,3,3.0,,
5037,Cava Reserva Malvasia 2014,Freixenet,2014,Sparkling,4.1,95,10.49,España,Cava,Cava (España),2,3,3.0,,
1669077,Cava Vintage Brut Gran Reserva 2017,Pere Ventura Cavas,2017,Sparkling,4.2,93,34.9,España,Cava,Cava (España),2,3,3.0,,
6435065,Cava Gran Reserva Brut Nature 2018,Jané Ventura,2018,Sparkling,4.0,90,15.49,España,Cava,Cava (España),2,3,3.0,,
9223954,El Mural 2023,Vendrell Olivella,2023,Sparkling,4.0,85,19.89,España,Cava,Cava (España),2,3,3.0,,
11755678,Cava Imperial Gran Reserva Brut Nature 2020,Castell d'Or,2020,Sparkling,4.1,84,13.58,España,Cava,Cava (España),2,3,3.0,,
8399445,Josep Coca Corpinnat Brut Nature 2019,Sabaté i Coca,2019,Sparkling,4.0,83,26.55,España,Cava,Cava (España),2,3,3.0,,
2969642,AgustÍ Vilaret 2008,Mont-Ferrant,2008,Sparkling,4.0,83,24.48,España,Cava,Cava (España),2,3,3.0,,
1193683,Cava Brut Nature 2020,Parxet,2020,Sparkling,4.0,82,19.05,España,Cava,Cava (España),2,3,3.0,,
7333840,AC Frizzante 2024,Bodegas La Rodetta,2024,Sparkling,4.0,82,6.55,España,Rioja,Espumoso Español (España),2,3,3.0,,
2376558,Argila Reserva Brut Nature Rosé 2018,Mas Bertran,2018,Sparkling,4.1,82,30.78,España,Penedès,Cava (España),2,3,3.0,,
1178951,Cava Perles Rosés Pinot Noir Millesime 2022,Naveran,2022,Sparkling,4.1,80,22.8,España,Cava,Cava (España),2,3,3.0,,
12089792,Corpinnat Camí dels Vidriers Brut Nature Rosat 2022,Julia Bernet,2022,Sparkling,4.1,77,24.03,España,Cataluña,Espumoso Español (España),2,3,3.0,,
8602032,Clímax Rosé Brut Nature 2022,Can Ràfols dels Caus,2022,Sparkling,4.1,73,25.5,España,Cataluña,Espumoso Español (España),2,3,3.0,,
5844807,Salvatge Reserva Rosé 2018,Finca Nadal de la Boadella,2018,Sparkling,4.0,71,22.69,España,Cava,Cava (España),2,3,3.0,,
1179511,Navazos Reserva Extra Brut 2011,Colet,2011,Sparkling,4.2,71,90.0,España,Penedès,Espumoso Español (España),2,3,3.0,,
4023543,Bruant 2022,Alta Alella,2022,Sparkling,4.1,69,18.9,España,Cava,Cava (España),2,3,3.0,,
1462106,Cava Claror Gran Reserva Brut Nature 2014,Vins El Cep,2014,Sparkling,4.1,63,44.25,España,Cava,Cava (España),2,3,3.0,,
5160180,Montalegre 2011,Titiana,2011,Sparkling,4.2,62,30.89,España,Cava,Cava (España),2,3,3.0,,
5691073,Gran Reserva Brut Nature 2015,Marqués de la Concordia,2015,Sparkling,4.0,61,11.99,España,Cava,Cava (España),2,3,3.0,,
12401392,Cava Franc Brut Reserva 2021,Celler Kripta,2021,Sparkling,4.0,60,12.64,España,Cava,Cava (España),2,3,3.0,,
1821336,Cava Gran Reserva La Capella Brut 2010,Juvé & Camps,2010,Sparkling,4.3,60,93.9,España,Cava,Cava (España),2,3,3.0,,
12978874,Corpinnat L'Infinit Rosat Brut Nature 2021,Recaredo,2021,Sparkling,4.1,58,41.07,España,Penedès,Espumoso Español (España),2,3,3.0,,
11781386,Ancestral 2024,La Fita,2024,Sparkling,4.0,57,16.75,España,Penedès,Espumoso Español (España),2,3,3.0,,
9388054,Cava Gran Reserva Brut Nature 2018,Eruendi,2018,Sparkling,4.1,57,19.9,España,Cava,Cava (España),2,3,3.0,,
1869021,Cava Reserva Brut Real 2016,Heretat Mas Tinell,2016,Sparkling,4.0,55,14.95,España,Cava,Cava (España),2,3,3.0,,
9764587,Adda 2021,Les Cantarelles - Nuria Renom,2021,Sparkling,4.0,54,15.0,España,Cataluña,Espumoso Español (España),2,3,3.0,,
9697315,Cava Parisad Gran Reserva Brut Nature 2016,Can Ràfols dels Caus,2016,Sparkling,4.0,54,27.0,España,Cava,Cava (España),2,3,3.0,,
9697316,Blanc de Negres Brut Nature 2015,Can Ràfols dels Caus,2015,Sparkling,4.1,54,22.99,España,Cataluña,Espumoso Español (España),2,3,3.0,,
7285629,Finca Serral del Vell Brut de Brut Nature Gran Reserva 2016,Recaredo,2016,Sparkling,4.1,53,90.76,España,Penedès,Cava (España),2,3,3.0,,
1915333,Cava Blanca Cusiné 2019,Parés Baltà,2019,Sparkling,4.1,53,25.9,España,Cava,Cava (España),2,3,3.0,,
6332557,Cava Mitic 1908 Gran Reserva Brut Nature 2019,Oriol Rossell,2019,Sparkling,4.0,52,15.91,España,Cava,Cava (España),2,3,3.0,,
1622570,Cava Gran Reserva Brut 2018,Juvé & Camps,2018,Sparkling,4.1,52,36.9,España,Cava,Cava (España),2,3,3.0,,
9492915,Albert de Vilarnau Gran Reserva Fermentado en Castaño 2016,Vilarnau,2016,Sparkling,4.0,52,38.45,España,Cava,Cava (España),2,3,3.0,,
1454604,Cava Reserva Especial Brut 2021,Dominio de la Vega,2021,Sparkling,4.1,51,19.95,España,Cava,Cava (España),2,3,3.0,,
7649007,Gran Plus Ultra Pinot Noir Brut 2016,Codorníu,2016,Sparkling,4.1,51,17.3,España,Cava,Cava (España),2,3,3.0,,
11759449,Atelier Gran Reserva 2021,AA Privat,2021,Sparkling,4.1,51,25.5,España,Cava,Cava (España),2,3,3.0,,
1295891,Millésime Brut Reserva 2022,Pago de Tharsys,2022,Sparkling,4.1,50,20.9,España,Cava,Cava (España),2,3,3.0,,
2708510,Argila Reserva 3 Anys Brut Nature 2013,Mas Bertran,2013,Sparkling,4.2,50,33.53,España,Penedès,Cava (España),2,3,3.0,,
11381033,Cava Indòmit Gran Reserva Blanc de Noirs Brut Nature 2019,Mascaró,2019,Sparkling,4.0,49,19.75,España,Cava,Cava (España),2,3,3.0,,
11290429,Menaixatruà 2022,Vinyes Singulars,2022,Sparkling,4.0,49,17.06,España,Penedès,Espumoso Español (España),2,3,3.0,,
10695222,Selmot Ancestral 2023,Nin-Ortiz,2023,Sparkling,4.0,49,25.41,España,Priorato,Espumoso Español (España),2,3,3.0,,
1797114,Cava Tantum Ergo Pinot Noir Brut Nature 2022,Hispano Suizas,2022,Sparkling,4.0,49,27.9,España,Cava,Cava (España),2,3,3.0,,
1157820,Cava Integral Brut Nature 2021,Llopart,2021,Sparkling,4.0,49,38.02,España,Cava,Cava (España),2,3,3.0,,
10209522,Premium White Moscato N.V.,Sandara,N.V.,Sparkling,4.0,48,4.9,España,Vino de España,Espumoso Español (España),2,3,3.0,,
8054115,Argent Corpinnat Brut 2021,Gramona,2021,Sparkling,4.3,48,37.9,España,Cava,Cava (España),2,3,3.0,,
13201706,Entorns Reserva Brut Nature Organic 2023,Albet i Noya,2023,Sparkling,4.0,47,10.99,España,Clàssic Penedès,Espumoso Español (España),2,3,3.0,,
2279649,Cava La Ticota Selecció Gran Reserva 2017,Avinyó,2017,Sparkling,4.2,46,21.6,España,Cava,Cava (España),2,3,3.0,,
7197353,Pinarejo Cuvée Prestige Reserva Brut Nature 2019,Dominio de la Vega,2019,Sparkling,4.2,45,27.6,España,Cava,Cava (España),2,3,3.0,,
8117659,515 Collection Brut Nature 2014,Torelló,2014,Sparkling,4.3,44,116.6,España,Cava,Cava (España),2,3,3.0,,
2195053,Cava Gran Reserva Brut Rosé 2020,Duran,2020,Sparkling,4.1,43,18.25,España,Cataluña,Cava (España),2,3,3.0,,
11289728,Cava Milesimé Chardonnay Can Rius Brut 2020,Juvé & Camps,2020,Sparkling,4.1,43,27.5,España,Cava,Cava (España),2,3,3.0,,
7759727,Reserva Clàssic Extra Brut Rosé 2017,Aymar Wines,2017,Sparkling,4.1,42,11.65,España,Penedès,Espumoso Español (España),2,3,3.0,,
10603682,Encis de Lluna Brut Nature 2021,Mas Llunes,2021,Sparkling,4.0,42,11.86,España,Empordà,Espumoso Español (España),2,3,3.0,,
6798372,Cava Mas Barrica Brut Nature Reserva 2018,Alsina & Sarda,2018,Sparkling,4.1,41,10.6,España,Cava,Cava (España),2,3,3.0,,
6447942,Syrah Collecció CRV Rosé Brut Nature 2016,Clos Lentiscus,2016,Sparkling,4.0,41,15.6,España,Penedès,Espumoso Español (España),2,3,3.0,,
13527937,Muntanya 2024,Can Sumoi,2024,Sparkling,4.0,41,13.49,España,Penedès,Espumoso Español (España),2,3,3.0,,
11543580,Blanco de Blancas 2021,Pandemonium,2021,Sparkling,4.1,40,41.14,España,Rioja,Espumoso Español (España),2,3,3.0,,
10556626,Aulesa Mètode Ancestral 2024,Batlliu de Sort,2024,Sparkling,4.2,40,15.35,España,Cataluña,Espumoso Español (España),2,3,3.0,,
1233169,Sort Abril Reserva 2020,Analec,2020,Sparkling,4.0,39,10.75,España,Costers del Segre,Espumoso Español (España),2,3,3.0,,
12072456,Tokyo Gomez Rojo Brut Nature 2019,Casa Rojo,2019,Sparkling,4.1,38,95.85,España,Vino de España,Espumoso Español (España),2,3,3.0,,
12314892,Corpinnat Serres d'Ordal Ú Brut Nature 2023,Julia Bernet,2023,Sparkling,4.1,37,17.8,España,Cataluña,Espumoso Español (España),2,3,3.0,,
12429890,Barrica Gran Reserva 2019,Celler Kripta,2019,Sparkling,4.1,37,25.0,España,Cava,Cava (España),2,3,3.0,,
7325983,Cava Gran Torelló Brut Nature 2016,Torelló,2016,Sparkling,4.1,36,34.25,España,Cava,Cava (España),2,3,3.0,,
1646169,Cava Cuvee D.S. de Prestige Gran Reserva Brut 2019,Freixenet,2019,Sparkling,4.1,36,15.17,España,Cava,Cava (España),2,3,3.0,,
10608736,Finca Els Gorgs Vinyes Velles Clàssic Penedès Brut Nature 2014,AT Roca,2014,Sparkling,4.2,35,36.95,España,Clàssic Penedès,Espumoso Español (España),2,3,3.0,,
10990563,Vinya La Caldereta Brut Nature 2021,Casajou,2021,Sparkling,4.0,35,27.85,España,Cataluña,Espumoso Español (España),2,3,3.0,,
6298558,Cava El Tros Nou Pinot Noir 2010,Codorníu,2010,Sparkling,4.4,35,60.0,España,Cava,Cava (España),2,3,3.0,,
7664535,Mercat Cava Reserva Brut Nature 2020,Moli Parellada,2020,Sparkling,4.0,35,11.5,España,Cava,Cava (España),2,3,3.0,,
7730356,Clos Gelida 4 Heretats Cava Brut Nature Gran Reserva 2019,Marqués de Gelida,2019,Sparkling,4.1,35,16.49,España,Cava,Cava (España),2,3,3.0,,
12041422,Cava Comtats de Barcelona Original Gran Reserva Brut Nature 2019,Rovellats,2019,Sparkling,4.0,34,16.75,España,Cava,Cava (España),2,3,3.0,,
1984165,Cava Cuvée De Prestige Malvasia 2014,Freixenet,2014,Sparkling,4.0,34,13.2,España,Cava,Cava (España),2,3,3.0,,
10071838,Albert de Vilarnau Gran Reserva Chardonnay - Pinot Noir 2017,Vilarnau,2017,Sparkling,4.0,34,36.7,España,Cataluña,Espumoso Español (España),2,3,3.0,,
6328794,Cava 225 Brut Nature 2018,Torelló,2018,Sparkling,4.0,34,27.33,España,Cava,Cava (España),2,3,3.0,,
11378060,L'Arc 2013,Mas Gomà,2013,Sparkling,4.2,32,30.52,España,Cataluña,Espumoso Español (España),2,3,3.0,,
1264970,Cava Reserva Brut Nature 2022,Bertha,2022,Sparkling,4.0,32,12.95,España,Cava,Cava (España),2,3,3.0,,
10701738,Conde de Valdemar Finca Alto Cantabria Brut Nature 2017,Bodegas Valdemar,2017,Sparkling,4.1,31,64.0,España,Rioja,Espumoso Español (España),2,3,3.0,,
6398474,Ancestral Montonega 2024,Can Sumoi,2024,Sparkling,4.0,31,14.2,España,Cataluña,Espumoso Español (España),2,3,3.0,,
1238807,Cava Gran Reserva Brut 2021,Duran,2021,Sparkling,4.2,30,13.9,España,Cava,Cava (España),2,3,3.0,,
2104093,Brut Nature 2014,Titiana,2014,Sparkling,4.0,30,16.99,España,Cava,Cava (España),2,3,3.0,,
1654331,Sumoll Reserva Familia Blanc de Noirs 2018,Clos Lentiscus,2018,Sparkling,4.0,29,19.25,España,Penedès,Espumoso Español (España),2,3,3.0,,
6298600,Cava La Fideuera Xarel-lo 2014,Codorníu,2014,Sparkling,4.4,29,60.0,España,Cava,Cava (España),2,3,3.0,,
11543565,Blanco de Tintas 2020,Pandemonium,2020,Sparkling,4.1,28,44.95,España,Rioja,Espumoso Español (España),2,3,3.0,,
12081208,Navazos Reserva Brut Nature 2020,Colet,2020,Sparkling,4.1,28,35.55,España,Clàssic Penedès,Espumoso Español (España),2,3,3.0,,
2230912,Cava Gran Reserva Brut Nature 2019,Guillem Carol - Cellers Carol Vallès,2019,Sparkling,4.0,27,13.5,España,Cava,Cava (España),2,3,3.0,,
11921745,Pet-Nat Ancestral Blanco 2021,Campestral,2021,Sparkling,4.0,26,15.55,España,Cádiz,Espumoso Español (España),2,3,3.0,,
10539328,Cava 1312 Rosat 2021,Mestres,2021,Sparkling,4.1,25,21.0,España,Cava,Cava (España),2,3,3.0,,
12396440,Corpinnat Reserva 5 Anys Brut Nature 2018,Huguet de Can Feixes,2018,Sparkling,4.0,25,19.95,España,Cataluña,Espumoso Español (España),2,3,3.0,,
1289461,Cava Reserva Brut Milesimé 2019,Juvé & Camps,2019,Sparkling,4.0,1783,27.9,España,Cava,Cava (España),2,3,3.0,,
7314675,Corpinnat Brut Nature 2019,Huguet de Can Feixes,2019,Sparkling,4.1,948,17.9,España,Penedès,Espumoso Español (España),2,3,3.0,,
7902135,Corpinnat Leopardi Brut Nature 2018,Llopart,2018,Sparkling,4.1,751,24.6,España,Cataluña,Espumoso Español (España),2,3,3.0,,
1886252,Cava Núria Claverol N.V.,Sumarroca,N.V.,Sparkling,4.0,533,29.96,España,Cava,Cava (España),2,3,3.0,,
7303149,Pal.Lid Corpinnat 2022,Torelló,2022,Sparkling,4.0,411,16.95,España,Cava,Cava (España),2,3,3.0,,
2276628,Cristina Gran Reserva Extra Brut 2019,Heretat Mas Tinell,2019,Sparkling,4.1,317,21.5,España,Cava,Cava (España),2,3,3.0,,
1157823,Cava Brut Nature Reserva 2016,Llopart,2016,Sparkling,4.0,314,27.0,España,Cava,Cava (España),2,3,3.0,,
7504674,Indomable Corpinnat Brut Nature 2018,Mas Candi,2018,Sparkling,4.1,278,25.3,España,Cataluña,Espumoso Español (España),2,3,3.0,,
5141297,Cava Reserva Rosé 2017,Canals Canals,2017,Sparkling,4.1,256,10.58,España,Cava,Cava (España),2,3,3.0,,
5511623,Gran Vintage Cava de Paraje Gran Reserva Brut 2016,Pere Ventura Cavas,2016,Sparkling,4.4,243,72.95,España,Cava,Cava (España),2,3,3.0,,
4626355,150 Cava Gran Reserva 2020,Vallformosa,2020,Sparkling,4.3,171,34.95,España,Cava,Cava (España),2,3,3.0,,
6723832,Millésime Barrica Brut Nature Reserva 2022,Pago de Tharsys,2022,Sparkling,4.0,170,24.5,España,Cava,Cava (España),2,3,3.0,,
5244894,BB (Brutal Bestial) 2018,Partida Creus,2018,Sparkling,4.1,155,62.3,España,Cataluña,Espumoso Español (España),2,3,3.0,,
8329414,Cava Brut Real Gran Reserva 2015,Heretat Mas Tinell,2015,Sparkling,4.0,144,15.0,España,Cava,Cava (España),2,3,3.0,,
2250425,Xarel-lo Xpressió 2020,Clos Lentiscus,2020,Sparkling,4.0,143,18.75,España,Penedès,Espumoso Español (España),2,3,3.0,,
7464883,Cru Blanc 2013,Sicus,2013,Sparkling,4.2,142,35.5,España,Cataluña,Espumoso Español (España),2,3,3.0,,
1233173,Cava Reserva 24 Brut Nature 2019,Rimarts,2019,Sparkling,4.0,137,13.14,España,Cava,Cava (España),2,3,3.0,,
1301927,Cava Reserva Blanc de Noirs Pinot Noir 2017,Juvé & Camps,2017,Sparkling,4.1,134,31.27,España,Cava,Cava (España),2,3,3.0,,
17405,Reserva Familiar Brut Nature 2018,Loxarel,2018,Sparkling,4.0,131,23.0,España,Penedès,Espumoso Español (España),2,3,3.0,,
4585687,Cava Nature Gran Reserva 2014,Heretat Mas Tinell,2014,Sparkling,4.1,119,17.0,España,Cava,Cava (España),2,3,3.0,,
5953983,GT Ancestral 2019,Partida Creus,2019,Sparkling,4.1,118,69.9,España,Cataluña,Espumoso Español (España),2,3,3.0,,
2071377,Cava Bombonetta Gran Reserva Brut 2021,Jaume Giro i Giro,2021,Sparkling,4.2,114,26.8,España,Cava,Cava (España),2,3,3.0,,
2528083,Cava Sa Perafita Brut Nature 2020,Martín Faixó,2020,Sparkling,4.1,110,14.64,España,Cava,Cava (España),2,3,3.0,,
1680159,Cava Selecte Gran Reserva 2015,Jaume Giro i Giro,2015,Sparkling,4.1,109,29.8,España,Cataluña,Cava (España),2,3,3.0,,
1602284,Clos Nostre Senyor Gran Reserva Premium Criança Barrica 2018,Mestres,2018,Sparkling,4.1,106,33.01,España,Cava,Cava (España),2,3,3.0,,
4380215,Cava Batec 2015,Oliveda,2015,Sparkling,4.1,89,17.95,España,Cava,Cava (España),2,3,3.0,,
9420787,Cava Gran Reserva Brut Nature 2019,Vegalfaro,2019,Sparkling,4.0,86,13.91,España,Cava,Cava (España),2,3,3.0,,
2447865,Albert de Vilarnau Chardonnay - Pinot Noir 2016,Vilarnau,2016,Sparkling,4.2,77,32.4,España,Cava,Cava (España),2,3,3.0,,
2748033,Ancestral Malvasia de Sitges Brut 2019,Vega de Ribes,2019,Sparkling,4.0,75,18.0,España,Penedès,Espumoso Español (España),2,3,3.0,,
4281774,Gran Codorníu Gran Reserva Finca la Pleta Chardonnay Brut Cava 2010,Codorníu,2010,Sparkling,4.2,68,55.4,España,Cava,Cava (España),2,3,3.0,,
3976742,Cava Cuvée D.S. Gran Reserva Brut 2019,Freixenet,2019,Sparkling,4.0,62,9.4,España,Cava,Cava (España),2,3,3.0,,
1750656,RNG Gran Reserva Brut 2016,Finca Nadal de la Boadella,2016,Sparkling,4.2,55,26.95,España,Cava,Cava (España),2,3,3.0,,
5932760,Cava Reserva de La Familia Brut Nature 2018,Juvé & Camps,2018,Sparkling,4.0,54,18.6,España,Cava,Cava (España),2,3,3.0,,
12471043,Les Fades del Calcari 2024,Cosmic,2024,Sparkling,4.0,49,16.2,España,Cataluña,Espumoso Español (España),2,3,3.0,,
1995743,Ancestral Xarel-lo Brut 2009,Vega de Ribes,2009,Sparkling,4.1,47,14.6,España,Penedès,Espumoso Español (España),2,3,3.0,,
8030958,Heritage Gran Reserva Brut Nature 2017,Gatell,2017,Sparkling,4.1,46,21.5,España,Cava,Cava (España),2,3,3.0,,
1692806,Cava Elias Terns Gran Reserva Brut Nature 2006,Parató,2006,Sparkling,4.0,45,33.4,España,Cava,Cava (España),2,3,3.0,,
11503097,Vinya La Teixonera Brut Nature 2023,Casajou,2023,Sparkling,4.0,44,26.35,España,Cataluña,Espumoso Español (España),2,3,3.0,,
7511497,Ambrosía Reserva Brut Nature 2017,Gatell,2017,Sparkling,4.0,44,15.85,España,Cava,Cava (España),2,3,3.0,,
8763558,Corpinnat Reserva Brut Nature 2021,Huguet de Can Feixes,2021,Sparkling,4.0,40,20.15,España,Cataluña,Espumoso Español (España),2,3,3.0,,
5199110,Vinya Esparter Reserva Barrica 2014,AT Roca,2014,Sparkling,4.0,31,20.57,España,Penedès,Espumoso Español (España),2,3,3.0,,
13082,Cava Gran Reserva Brut Nature Millésime Marrugat 2018,Pinord,2018,Sparkling,4.1,27,11.79,España,Cava,Cava (España),2,3,3.0,,
7632187,Salvatge Brut Nature 2015,Finca Nadal de la Boadella,2015,Sparkling,4.1,26,25.95,España,Cataluña,Espumoso Español (España),2,3,3.0,,
8876262,Cava Tresor Gran Reserva Brut Nature 2021,Pere Ventura Cavas,2021,Sparkling,4.0,26,24.9,España,Cava,Cava (España),2,3,3.0,,
3337294,Mas Xarot Gran Reserva Brut Nature 2017,Monastell,2017,Sparkling,4.1,25,12.95,España,Cava,Cava (España),2,3,3.0,,
1986001,Cava Reserva Brut Rosé 2020,Heretat Mas Tinell,2020,Sparkling,4.0,25,20.0,España,Cava,Cava (España),2,3,3.0,,
1135811,Cava Cordón Negro Brut N.V.,Freixenet,N.V.,Sparkling,3.6,20833,8.39,España,Cava,Cava (España),2,3,3.0,,
5063,Cava Reserva Heredad Brut,Segura Viudas,,Sparkling,3.9,19726,20.7,España,Cava,Cava (España),2,3,3.0,,
1141122,Cava Carta Nevada Brut N.V.,Freixenet,N.V.,Sparkling,3.6,16281,6.79,España,Cava,Cava (España),2,3,3.0,,
2097413,Cava Carta Nevada Premium Semi Dry (Semi-Seco) N.V.,Freixenet,N.V.,Sparkling,3.8,15024,6.79,España,Cataluña,Cava (España),2,3,3.0,,
1285851,Cava Brut Selección N.V.,Villa Conchi,N.V.,Sparkling,3.7,11316,10.0,España,Cava,Cava (España),2,3,3.0,,
5055,Cava Brut Reserva N.V.,Segura Viudas,N.V.,Sparkling,3.6,9713,9.25,España,Cava,Cava (España),2,3,3.0,,
1172358,Cava Reserva Brut Cinta Purpura 2021,Juvé & Camps,2021,Sparkling,3.7,7081,13.9,España,Cava,Cava (España),2,3,3.0,,
1132938,Cava Brut Reserva N.V.,Castillo Perelada,N.V.,Sparkling,3.5,5511,7.95,España,Cava,Cava (España),2,3,3.0,,
1229249,Reserva Cava Brut N.V.,Bohigas,N.V.,Sparkling,3.8,5477,15.25,España,Cava,Cava (España),2,3,3.0,,
4303295,Ice Cuvée Especial N.V.,Freixenet,N.V.,Sparkling,3.8,5314,8.8,España,Cava,Cava (España),2,3,3.0,,
1553618,Mia Moscato N.V.,Freixenet,N.V.,Sparkling,3.8,5287,5.37,España,Cataluña,Espumoso Español (España),2,3,3.0,,
1174061,Cava Reserva Brut 2021,Agusti Torello Mata,2021,Sparkling,3.8,4837,18.7,España,Cava,Cava (España),2,3,3.0,,
5985802,Elyssia Gran Cuvée De Prestige Brut N.V.,Freixenet,N.V.,Sparkling,3.8,4729,11.43,España,Cava,Cava (España),2,3,3.0,,
1202246,Dibón Brut Reserve Cava N.V.,Pinord,N.V.,Sparkling,3.7,4143,7.9,España,Cava,Cava (España),2,3,3.0,,
1148751,Cava Brut N.V.,MVSA de Vallformosa,N.V.,Sparkling,3.5,3588,6.65,España,Cava,Cava (España),2,3,3.0,,
1223535,Brut Rosé N.V.,Anna de Codorniu,N.V.,Sparkling,3.6,3573,8.63,España,Cava,Cava (España),2,3,3.0,,
2037918,Cava Reserva Brut 2022,Roger Goulart,2022,Sparkling,3.7,3466,9.95,España,Cava,Cava (España),2,3,3.0,,
5044,Cava Gran Carta Nevada N.V.,Freixenet,N.V.,Sparkling,3.6,3037,6.79,España,Cava,Cava (España),2,3,3.0,,
1199855,Elyssia Pinot Noir Brut N.V.,Freixenet,N.V.,Sparkling,3.7,2865,11.4,España,Cava,Cava (España),2,3,3.0,,
2368033,Cava Brut N.V.,Mistinguett,N.V.,Sparkling,3.5,2825,8.5,España,Cava,Cava (España),2,3,3.0,,
1149909,5.5 Verdejo Frizzante N.V.,Yllera,N.V.,Sparkling,3.8,2748,7.45,España,Castilla y León,Espumoso Español (España),2,3,3.0,,
5028941,Cava Brut N.V.,Cune (CVNE),N.V.,Sparkling,3.6,2267,13.5,España,Cava,Cava (España),2,3,3.0,,
5609225,Cuvée Especial Ice Rosé N.V.,Freixenet,N.V.,Sparkling,3.8,2251,8.8,España,Cava,Cava (España),2,3,3.0,,
5159591,Cava Coral Brut Rosé 2023,Roger Goulart,2023,Sparkling,3.7,2182,10.33,España,Cava,Cava (España),2,3,3.0,,
6923376,Cava Pregadéu Xarel-Lo Brut Nature 2024,Els Vinyerons,2024,Sparkling,3.9,2179,11.9,España,Cava,Cava (España),2,3,3.0,,
11160867,Mucho Más Sparkling N.V.,Félix Solís,N.V.,Sparkling,3.9,2155,3.0,España,Vino de España,Espumoso Español (España),2,3,3.0,,
5057,Cava Brut Rosado N.V.,Segura Viudas,N.V.,Sparkling,3.5,2058,9.4,España,Cava,Cava (España),2,3,3.0,,
2157364,No. 2 White Sangria Frizzante N.V.,Lolea,N.V.,Sparkling,3.9,1963,9.25,España,Aragón,Espumoso Español (España),2,3,3.0,,
4195421,Tinc Set 2024,Celler la Salada,2024,Sparkling,3.7,1938,13.2,España,Penedès,Espumoso Español (España),2,3,3.0,,
4667055,Sparkling Passionate Bubbles Rosado N.V.,Sandara,N.V.,Sparkling,3.8,1936,4.99,España,Valencia,Espumoso Español (España),2,3,3.0,,
2572685,Reserva Essential Xarel-lo 2020,Juvé & Camps,2020,Sparkling,3.8,1877,14.7,España,Cava,Cava (España),2,3,3.0,,
76638,Cava Cuvée 21 Brut 2024,Parxet,2024,Sparkling,3.7,1819,15.25,España,Cava,Cava (España),2,3,3.0,,
5039,Cava Reserva Barroco Brut N.V.,Freixenet,N.V.,Sparkling,3.6,1798,9.5,España,Cava,Cava (España),2,3,3.0,,
1620664,Brut Nature N.V.,Mar de Frades,N.V.,Sparkling,3.9,1786,20.5,España,Rías Baixas,Espumoso Español (España),2,3,3.0,,
1136819,Gran Plus Ultra Reserva Brut Nature Cava 2021,Codorníu,2021,Sparkling,3.6,1780,17.46,España,Cava,Cava (España),2,3,3.0,,
1245847,Cava Vintage Brut 2023,Naveran,2023,Sparkling,3.9,1728,12.8,España,Cava,Cava (España),2,3,3.0,,
1470178,Cerámica Brut Nature Gran Reserva N.V.,Pago de Tharsys,N.V.,Sparkling,3.7,1715,26.85,España,Cava,Cava (España),2,3,3.0,,
1225716,Cava Chardonnay - Xarel-lo Brut Nature N.V.,Raimat,N.V.,Sparkling,3.5,1705,9.15,España,Cava,Cava (España),2,3,3.0,,
1201272,Brut Reserva 2022,Vilarnau,2022,Sparkling,3.5,1684,12.25,España,Cava,Cava (España),2,3,3.0,,
2208810,Reserva de la Música Brut Nature 2020,Jané Ventura,2020,Sparkling,3.7,1666,25.15,España,Cava,Cava (España),2,3,3.0,,
2554483,Cava Brut N.V.,Parxet,N.V.,Sparkling,3.6,1651,11.75,España,Cava,Cava (España),2,3,3.0,,
1366324,Cava Brut Nature Reserva Gran Claustro 2021,Castillo Perelada,2021,Sparkling,3.8,1649,19.9,España,Cava,Cava (España),2,3,3.0,,
4006853,Cava Brut Expression Reserva 2022,Dominio de la Vega,2022,Sparkling,3.8,1615,8.73,España,Cava,Cava (España),2,3,3.0,,
2683336,Blanc de Noirs Brut N.V.,Anna de Codorniu,N.V.,Sparkling,3.6,1612,10.5,España,Cava,Cava (España),2,3,3.0,,
6521436,Cava Brut N.V.,Bodegas Marqués de Cáceres,N.V.,Sparkling,3.7,1585,7.82,España,Penedès,Cava (España),2,3,3.0,,
2300132,Cava Reserva Clos 2022,Castelo de Pedregosa,2022,Sparkling,3.6,1557,8.49,España,Cava,Cava (España),2,3,3.0,,
4734432,Alma Atlántica Atlantic Bubbles Albariño N.V.,Bodegas Martín Códax,N.V.,Sparkling,3.9,1528,8.9,España,Rías Baixas,Espumoso Español (España),2,3,3.0,,
1182204,Brut Nature Gran Reserva 2019,Torelló,2019,Sparkling,3.8,1491,19.7,España,Cava,Cava (España),2,3,3.0,,
2500600,Amatista Moscato Blanco N.V.,Reymos,N.V.,Sparkling,3.9,1473,5.25,España,Valencia,Espumoso Español (España),2,3,3.0,,
1272332,Cava Tresor Brut Rosé N.V.,Pere Ventura Cavas,N.V.,Sparkling,3.7,1432,18.0,España,Cava,Cava (España),2,3,3.0,,
8143270,Finca Can Martí Brut Corpinnat 2019,Torelló,2019,Sparkling,3.8,1416,23.0,España,Cava,Cava (España),2,3,3.0,,
1766902,Cava Cuvée De Prestige Trepat 2023,Freixenet,2023,Sparkling,3.9,1365,15.4,España,Cava,Cava (España),2,3,3.0,,
2356271,Cava Reserva Brut Nature 2022,Roger Goulart,2022,Sparkling,3.8,1325,12.6,España,Cava,Cava (España),2,3,3.0,,
2379878,Cava Cuvée Especial Brut 2021,Oriol Rossell,2021,Sparkling,3.5,1316,10.45,España,Cava,Cava (España),2,3,3.0,,
1381108,Reserva Cava Brut Nature N.V.,Bohigas,N.V.,Sparkling,3.7,1286,12.95,España,Cava,Cava (España),2,3,3.0,,
7319800,Mosset Corpinnat Brut Nature 2021,Sabaté i Coca,2021,Sparkling,3.9,1273,18.4,España,Cava,Cava (España),2,3,3.0,,
2470290,Cava Brut Rosé 2022,Naveran,2022,Sparkling,3.9,1230,12.65,España,Cava,Cava (España),2,3,3.0,,
6167338,Cava Delicat Reserva Rosé 2022,Vilarnau,2022,Sparkling,3.8,1213,16.12,España,Cava,Cava (España),2,3,3.0,,
6876870,Cava Gran Reserva Brut 2021,Roger Goulart,2021,Sparkling,3.9,1198,16.0,España,Cava,Cava (España),2,3,3.0,,
1253307,Cava Brut Nature Cuvée Especial 2023,Castillo Perelada,2023,Sparkling,3.6,1189,9.95,España,Cava,Cava (España),2,3,3.0,,
1199817,Gran Bach Brut N.V.,Bach,N.V.,Sparkling,3.5,1182,6.65,España,Cava,Cava (España),2,3,3.0,,
3141749,Cava Brut N.V.,U MES U,N.V.,Sparkling,3.6,1165,9.32,España,Cava,Cava (España),2,3,3.0,,
1167287,Cava Semi Sec N.V.,Castillo Perelada,N.V.,Sparkling,3.6,1160,6.4,España,Cava,Cava (España),2,3,3.0,,
1779933,Cava Marta Brut 2022,Canals Canals,2022,Sparkling,3.8,1131,11.42,España,Cava,Cava (España),2,3,3.0,,
3833665,Moltó Negre Cava Brut N.V.,Casa Rojo,N.V.,Sparkling,3.7,1067,19.0,España,Cava,Cava (España),2,3,3.0,,
1385658,Clasico Cava Brut Rosado N.V.,Codorníu,N.V.,Sparkling,3.6,1065,6.75,España,Cava,Cava (España),2,3,3.0,,
1266381,Mustillant Blanc N.V.,Gramona,N.V.,Sparkling,3.5,1058,7.95,España,Penedès,Espumoso Español (España),2,3,3.0,,
1423983,Tantum Ergo Cava Brut Nature N.V.,Hispano Suizas,N.V.,Sparkling,3.9,1049,47.9,España,Cava,Cava (España),2,3,3.0,,
5552550,Ancestral A Pèl 2022,Loxarel,2022,Sparkling,3.9,975,18.6,España,Penedès,Espumoso Español (España),2,3,3.0,,
2013261,Cava Reserva Brut 2021,Parxet,2021,Sparkling,3.7,965,12.95,España,Cava,Cava (España),2,3,3.0,,
4884253,Zero Alcohol Free Sparkling White N.V.,Codorníu,N.V.,Sparkling,3.5,964,6.96,España,Castilla,Espumoso Español (España),2,3,3.0,,
2470438,Clasico Cava Semi Seco N.V.,Codorníu,N.V.,Sparkling,3.5,956,6.65,España,Cava,Cava (España),2,3,3.0,,
5807759,Cava Brut Nature N.V.,Masia Salat,N.V.,Sparkling,3.6,953,6.95,España,Cava,Cava (España),2,3,3.0,,
1770730,Sparkling Muscat 2024,Botani,2024,Sparkling,3.9,948,17.65,España,Málaga,Espumoso Español (España),2,3,3.0,,
4311421,Coquet Gran Reserva Brut Nature 2021,Mestres,2021,Sparkling,3.9,934,19.76,España,Cava,Cava (España),2,3,3.0,,
2329608,"Verdejo 5,5° Frizzante N.V.",Palacio de Bornos,N.V.,Sparkling,3.8,928,5.9,España,Castilla y León,Espumoso Español (España),2,3,3.0,,
1136075,Cava Gran Reserva Brut Vintage 2018,Segura Viudas,2018,Sparkling,3.7,912,15.95,España,Cava,Cava (España),2,3,3.0,,
2572808,Lavit Brut Nature 2018,Segura Viudas,2018,Sparkling,3.6,894,9.75,España,Cava,Cava (España),2,3,3.0,,
2393529,Brut Nature Cava N.V.,Parés Baltà,N.V.,Sparkling,3.6,861,13.01,España,Cava,Cava (España),2,3,3.0,,
2423083,Cava Reserva 18 Brut 2023,Rimarts,2023,Sparkling,3.8,853,11.5,España,Cava,Cava (España),2,3,3.0,,
1757611,Cava Brut Nature N.V.,Vía de la Plata,N.V.,Sparkling,3.6,847,7.25,España,Cava,Cava (España),2,3,3.0,,
1261545,Aire de L'Origan Brut Nature Cava 2021,L'Origan,2021,Sparkling,3.6,813,14.1,España,Cava,Cava (España),2,3,3.0,,
7777845,Pampaneo Ancestral 2024,Bodega Bruno Ruiz - Esencia Rural,2024,Sparkling,3.7,804,11.25,España,Castilla,Espumoso Español (España),2,3,3.0,,
1314403,Espumoso N.V.,Marina Espumante,N.V.,Sparkling,3.7,794,6.22,España,Alicante,Espumoso Español (España),2,3,3.0,,
1171116,Cava Rosat Trepat 2022,Agusti Torello Mata,2022,Sparkling,3.7,760,13.99,España,Cava,Cava (España),2,3,3.0,,
1553639,Coquet Brut Nature 2020,Mestres,2020,Sparkling,3.9,754,20.86,España,Cava,Cava (España),2,3,3.0,,
2302999,Brut Reserva 2022,AT Roca,2022,Sparkling,3.8,749,14.49,España,Penedès,Espumoso Español (España),2,3,3.0,,
2696114,Conde de Haro Brut Rosé 2022,Bodegas Muga,2022,Sparkling,3.9,744,21.6,España,Cava,Cava (España),2,3,3.0,,
4580691,Pinot Noir Cava Brut Rosé 2022,Gramona,2022,Sparkling,3.9,728,21.93,España,Cava,Cava (España),2,3,3.0,,
2123928,Cava Brut Nature 2023,Eudald Massana Noya,2023,Sparkling,3.6,714,7.71,España,Cava,Cava (España),2,3,3.0,,
1653077,Balma Reserva Brut Nature 2022,Mas Bertran,2022,Sparkling,3.7,714,14.2,España,Penedès,Cava (España),2,3,3.0,,
7274719,Segunyola Corpinnat Brut Nature 2021,Mas Candi,2021,Sparkling,3.9,712,18.0,España,Cataluña,Cava (España),2,3,3.0,,
1787055,Cava Clasico Brut Nature N.V.,Codorníu,N.V.,Sparkling,3.5,708,7.4,España,Cava,Cava (España),2,3,3.0,,
2280863,Corpinnat Brut Nature Reserva 2023,Descregut,2023,Sparkling,3.8,700,12.8,España,Cava,Cava (España),2,3,3.0,,
1457931,Cava Rabetllat i Vidal Brut N.V.,Ca N'Estella,N.V.,Sparkling,3.7,695,5.75,España,Cava,Cava (España),2,3,3.0,,
1371320,A Priori Brut 2020,Colet,2020,Sparkling,3.8,689,13.55,España,Penedès,Espumoso Español (España),2,3,3.0,,
4667053,Sparkling Blanco N.V.,Sandara,N.V.,Sparkling,3.7,682,4.99,España,Valencia,Espumoso Español (España),2,3,3.0,,
11532792,Cava Millesime Brut 2022,Roger Goulart,2022,Sparkling,3.8,681,10.33,España,Cava,Cava (España),2,3,3.0,,
1228821,Brut Reserva 2022,Torelló,2022,Sparkling,3.6,679,14.5,España,Cava,Cava (España),2,3,3.0,,
1660236,Navazos Extra Brut 2020,Colet,2020,Sparkling,3.9,673,24.38,España,Penedès,Espumoso Español (España),2,3,3.0,,
7718084,Brut Nature Reserva 2023,Oriol Rossell,2023,Sparkling,3.7,659,28.0,España,Cava,Cava (España),2,3,3.0,,
7289416,L’Alba al Turó Blanc 2023,Mas Gomà,2023,Sparkling,3.9,658,13.49,España,Cava,Cava (España),2,3,3.0,,
5042,Cava Brut Rosé N.V.,Freixenet,N.V.,Sparkling,3.5,652,7.99,España,Penedès,Cava (España),2,3,3.0,,
1861737,Special Edition Brut Reserva 2023,Torelló,2023,Sparkling,3.8,650,20.77,España,Cava,Cava (España),2,3,3.0,,
1472382,Cava Gran Reserva Brut Nature 2020,Rovellats,2020,Sparkling,3.7,641,16.75,España,Cava,Cava (España),2,3,3.0,,
2523434,Cava Brut Reserva Rosé N.V.,Vilarnau,N.V.,Sparkling,3.5,640,13.95,España,Cava,Cava (España),2,3,3.0,,
3593166,Vatua! 2021,Colet,2021,Sparkling,3.9,634,13.9,España,Penedès,Espumoso Español (España),2,3,3.0,,
96988,Do Gran Reserva 2018,Jané Ventura,2018,Sparkling,3.9,623,16.75,España,Cava,Cava (España),2,3,3.0,,
7637621,Noughty Organic Alcohol-Free,Thomson & Scott Skinny,,Sparkling,3.6,618,17.16,España,Vino de España,Espumoso Español (España),2,3,3.0,,
2293476,Tradicional N.V.,Colet,N.V.,Sparkling,3.7,599,13.54,España,Penedès,Espumoso Español (España),2,3,3.0,,
2320427,Cava Brut Nature N.V.,MVSA de Vallformosa,N.V.,Sparkling,3.6,596,6.9,España,Cava,Cava (España),2,3,3.0,,
6889128,La Senyora Brut Nature N.V.,Mont-Ferrant,N.V.,Sparkling,3.7,559,10.66,España,Cava,Cava (España),2,3,3.0,,
2594509,Cava Brut Nature 2023,Maria Rigol Ordi,2023,Sparkling,3.7,559,13.5,España,Cava,Cava (España),2,3,3.0,,
9585187,Alma Atlántica Atlantic Bubbles Mencía Rosé N.V.,Bodegas Martín Códax,N.V.,Sparkling,3.9,533,8.9,España,Galicia,Espumoso Español (España),2,3,3.0,,
1178301,Cava Reserva Brut N.V.,Mont-Ferrant,N.V.,Sparkling,3.7,526,10.43,España,Cava,Cava (España),2,3,3.0,,
7815644,El Cim del Turó Reserva Brut Nature N.V.,Raimat,N.V.,Sparkling,3.8,521,12.85,España,Cava,Cava (España),2,3,3.0,,
1212995,Eukeni Txakoli 2024,Artomaña Txakolina,2024,Sparkling,3.5,521,12.0,España,Arabako Txakolina,Espumoso Español (España),2,3,3.0,,
5252265,Mirgin Reserva Brut Nature Rosé 2019,Alta Alella,2019,Sparkling,3.7,515,15.12,España,Cava,Cava (España),2,3,3.0,,
5905616,LD Ancestral Clàssic Penedès 2023,Viladellops,2023,Sparkling,3.9,507,16.86,España,Penedès,Espumoso Español (España),2,3,3.0,,
1571541,Cava Dionysus Reserva Brut Nature 2023,Canals & Munné,2023,Sparkling,3.6,506,9.1,España,Cava,Cava (España),2,3,3.0,,
1222856,Cava Reserva Brut Nature 2022,Mas Codina,2022,Sparkling,3.6,504,8.63,España,Cava,Cava (España),2,3,3.0,,
1370776,Non Plus Ultra Reserva Brut Cava 2022,Codorníu,2022,Sparkling,3.5,498,11.35,España,Cava,Cava (España),2,3,3.0,,
1756739,Cava Gran Reserva Brut Nature 2019,Huguet de Can Feixes,2019,Sparkling,3.9,497,18.37,España,Cava,Cava (España),2,3,3.0,,
5447754,Mirgin Reserva Brut Nature 2020,Alta Alella,2020,Sparkling,3.8,495,11.25,España,Cava,Cava (España),2,3,3.0,,
1477996,Cava Capdevila Pujol Reserva Especial Brut Natural N.V.,Blancher,N.V.,Sparkling,3.6,495,7.95,España,Cava,Cava (España),2,3,3.0,,
10622609,No. 1 Cava Brut Nature 2024,Dominio de la Vega,2024,Sparkling,3.8,489,8.65,España,Cava,Cava (España),2,3,3.0,,
1161196,Cava Brut Nature N.V.,Terrer de La Creu,N.V.,Sparkling,3.5,484,7.37,España,Cava,Cava (España),2,3,3.0,,
4486045,Vi Cool Moscato Frizzante 2021,Barbadillo,2021,Sparkling,3.9,477,8.2,España,Andalucía,Espumoso Español (España),2,3,3.0,,
1797301,Castillo D Montblanc Cava Reserva Brut N.V.,Clos Montblanc,N.V.,Sparkling,3.7,473,10.0,España,Cataluña,Cava (España),2,3,3.0,,
9681537,Moscato 2024,Promesa,2024,Sparkling,3.6,468,5.65,España,Jumilla,Espumoso Español (España),2,3,3.0,,
2404096,Sekt Rosado Semi Seco N.V.,Castell d'Ordal,N.V.,Sparkling,3.5,465,4.65,España,Vino de España,Espumoso Español (España),2,3,3.0,,
7363917,Vitalitat 2024,Cosmic,2024,Sparkling,3.9,463,15.8,España,Penedès,Espumoso Español (España),2,3,3.0,,
3339034,Tarima Moscatel Sparkling 2024,Volver,2024,Sparkling,3.8,462,7.95,España,Alicante,Espumoso Español (España),2,3,3.0,,
2050530,Intens Rosat Brut Nature Gran Reserva 2019,Recaredo,2019,Sparkling,3.8,461,37.3,España,Penedès,Cava (España),2,3,3.0,,
4753806,L'O de L’Origan Brut Nature Cava 2014,L'Origan,2014,Sparkling,3.9,459,25.5,España,Cava,Cava (España),2,3,3.0,,
1952801,Cava Organic Brut N.V.,El Miracle,N.V.,Sparkling,3.5,448,7.99,España,Cava,Cava (España),2,3,3.0,,
9655300,Cerámica Rosé Brut Nature Gran Reserva N.V.,Pago de Tharsys,N.V.,Sparkling,3.6,447,30.5,España,Cava,Cava (España),2,3,3.0,,
3317352,Cava Reserva Millésimé 2019,Castelo de Pedregosa,2019,Sparkling,3.7,446,21.38,España,Cava,Cava (España),2,3,3.0,,
2730973,Cava Brut N.V.,Paco & Lola,N.V.,Sparkling,3.8,440,9.99,España,Cava,Cava (España),2,3,3.0,,
1196918,Jaume Cava Brut N.V.,Codorníu,N.V.,Sparkling,3.9,428,27.41,España,Cava,Cava (España),2,3,3.0,,
1463685,Lounge Rosé 2023,Bertha,2023,Sparkling,3.7,427,12.9,España,Cava,Cava (España),2,3,3.0,,
5106837,Blanc de Noir Cava Brut Nature N.V.,Particular,N.V.,Sparkling,3.8,422,12.1,España,Cava,Cava (España),2,3,3.0,,
9767761,Lía Pét Nat Rosado 2024,Nivarius,2024,Sparkling,3.9,417,10.9,España,Rioja,Espumoso Español (España),2,3,3.0,,
7665654,Cava Ubac Organic Gran Reserva 2016,Agusti Torello Mata,2016,Sparkling,3.9,416,22.95,España,Cava,Cava (España),2,3,3.0,,
1864539,Cava Brut Nature 2022,Suriol,2022,Sparkling,3.5,411,24.8,España,Cava,Cava (España),2,3,3.0,,
8019310,Les Danses Les Filles d'Amàlia Blanc de Mandó 2021,Celler del Roure,2021,Sparkling,3.9,409,23.35,España,Vino de España,Espumoso Español (España),2,3,3.0,,
8081916,Mirgin Gran Reserva Brut Nature 2020,Alta Alella,2020,Sparkling,3.8,402,14.2,España,Cava,Cava (España),2,3,3.0,,
2112278,Cava Reserva Nature Brut 2018,Blancher,2018,Sparkling,3.7,399,14.92,España,Cava,Cava (España),2,3,3.0,,
1157824,Cava Rosé Brut 2022,Llopart,2022,Sparkling,3.8,399,17.65,España,Cava,Cava (España),2,3,3.0,,
2289931,Millésime Rosé Brut Reserva 2022,Pago de Tharsys,2022,Sparkling,3.9,398,19.71,España,Cava,Cava (España),2,3,3.0,,
3957935,Cava Imperial Reserva Brut 2022,Rovellats,2022,Sparkling,3.6,397,12.45,España,Cava,Cava (España),2,3,3.0,,
6910918,Paloma Minguez Cava Brut Ecológico N.V.,Manuel Manzaneque Suárez,N.V.,Sparkling,3.9,396,12.5,España,Cava,Cava (España),2,3,3.0,,
9669296,Le Naturel Pet Nat 2023,Aroa,2023,Sparkling,3.8,388,14.5,España,Navarra,Espumoso Español (España),2,3,3.0,,
1750566,Cava Brut Nature 2023,Oriol Rossell,2023,Sparkling,3.7,385,14.3,España,Cava,Cava (España),2,3,3.0,,
1565936,Cava Nigrum Reserva Brut 2022,Mascaró,2022,Sparkling,3.6,384,10.7,España,Cataluña,Cava (España),2,3,3.0,,
3142989,Cava Pinot Noir Brut Rosé 2023,Sumarroca,2023,Sparkling,3.5,380,12.95,España,Cava,Cava (España),2,3,3.0,,
2397838,Reserva Brut Nature 2022,AA Privat,2022,Sparkling,3.7,379,13.41,España,Cava,Cava (España),2,3,3.0,,
1534852,Cava Reserva Eco N.V.,VallDolina,N.V.,Sparkling,3.5,373,12.4,España,Cava,Cava (España),2,3,3.0,,
79873,Cava Petit Albet Brut 2023,Albet i Noya,2023,Sparkling,3.5,370,10.4,España,Cava,Cava (España),2,3,3.0,,
6262161,Chardonnay & Sake N.V.,Sandara,N.V.,Sparkling,3.6,365,5.99,España,Valencia,Espumoso Español (España),2,3,3.0,,
1244158,Selección Monastrell Rosado N.V.,Marina Espumante,N.V.,Sparkling,3.5,362,6.85,España,Alicante,Espumoso Español (España),2,3,3.0,,
1154691,Familia Oliveda Cava Brut Rosado N.V.,Freixa Rigau,N.V.,Sparkling,3.8,361,6.75,España,Cava,Cava (España),2,3,3.0,,
10545756,Brut 2020,Carlos Serres,2020,Sparkling,3.9,359,14.5,España,Rioja,Espumoso Español (España),2,3,3.0,,
1109740,Brut Nature 2019,Recaredo,2019,Sparkling,3.8,358,75.29,España,Penedès,Espumoso Español (España),2,3,3.0,,
8117168,Tradicional Brut Nature 2019,Torelló,2019,Sparkling,3.8,352,19.67,España,Cava,Cava (España),2,3,3.0,,
1272701,Salvatge Gran Reserva Brut 2016,Finca Nadal de la Boadella,2016,Sparkling,3.8,349,20.75,España,Cava,Cava (España),2,3,3.0,,
1734701,Josep Foraster Cava Trepat Rosat N.V.,Mas Foraster,N.V.,Sparkling,3.9,345,12.5,España,Cava,Cava (España),2,3,3.0,,
2664473,Reserva Brut Nature Rosé 2023,AA Privat,2023,Sparkling,3.6,342,14.1,España,Cava,Cava (España),2,3,3.0,,
4067030,Cava Rosat Reserva 2023,Maria Rigol Ordi,2023,Sparkling,3.8,342,14.95,España,Cataluña,Cava (España),2,3,3.0,,
6473044,Afinador de Estrellas 2024,Micro Bio (MicroBio),2024,Sparkling,3.8,339,21.85,España,Castilla y León,Espumoso Español (España),2,3,3.0,,
1394624,Cava Gran Reserva Vintage Brut Nature 2020,Miquel Pons,2020,Sparkling,3.8,329,11.5,España,Cava,Cava (España),2,3,3.0,,
7634159,Lo Fred de Ponent Brut Reserva N.V.,Raimat,N.V.,Sparkling,3.8,329,12.85,España,Cava,Cava (España),2,3,3.0,,
1851083,Gran Reserva Brut Nature 2019,Guilera,2019,Sparkling,3.9,328,14.46,España,Cava,Cava (España),2,3,3.0,,
1415043,Gran Reserva Brut Nature 2021,Rexach Baqués,2021,Sparkling,3.9,327,10.84,España,Cava,Cava (España),2,3,3.0,,
2047415,Cava Sadurní Oliver Reserva Brut Nature 2021,Oliver Viticultors,2021,Sparkling,3.8,322,10.51,España,Cataluña,Cava (España),2,3,3.0,,
1975996,Cava Reserva Demi Sec 2023,Roger Goulart,2023,Sparkling,3.5,319,11.33,España,Cava,Cava (España),2,3,3.0,,
6157162,Cava Gran Reserva Extra Brut 2021,Roger Goulart,2021,Sparkling,3.7,315,16.5,España,Cava,Cava (España),2,3,3.0,,
76612,Cava Brut Rosé N.V.,El Miracle,N.V.,Sparkling,3.5,314,6.99,España,Cava,Cava (España),2,3,3.0,,
5316882,Cava Heretat de Lacrima Baccus Reserva Brut Nature 2023,Lacrima Baccus,2023,Sparkling,3.5,308,8.15,España,Cava,Cava (España),2,3,3.0,,
1405764,Pansa Blanca Brut 2017,Titiana,2017,Sparkling,3.8,304,17.95,España,Cava,Cava (España),2,3,3.0,,
3867953,Cava Insignia Gran Reserva 2022,Canals & Munné,2022,Sparkling,3.9,301,11.5,España,Cava,Cava (España),2,3,3.0,,
12401389,Cava Trepat Brut Reserva Rosat 2022,Celler Kripta,2022,Sparkling,3.9,301,15.5,España,Cava,Cava (España),2,3,3.0,,
9048100,Albariño Espumoso N.V.,Bodegas Martín Códax,N.V.,Sparkling,3.9,301,23.0,España,Rías Baixas,Espumoso Español (España),2,3,3.0,,
2161385,Cava Brut Reserva N.V.,Joan Sardà,N.V.,Sparkling,3.5,301,11.01,España,Cava,Cava (España),2,3,3.0,,
76631,Maria Cabané Gran Reserva Extra Brut 2018,Parxet,2018,Sparkling,3.9,298,18.55,España,Cava,Cava (España),2,3,3.0,,
1377605,Cava Reserva Brut Nature 2022,Miquel Pons,2022,Sparkling,3.5,292,9.5,España,Cataluña,Cava (España),2,3,3.0,,
1571333,Cava Summum Brut 2021,Lacrima Baccus,2021,Sparkling,3.8,291,10.5,España,Cava,Cava (España),2,3,3.0,,
5568819,Can Martí Brut Gran Reserva 2019,Torelló,2019,Sparkling,3.8,288,23.0,España,Cava,Cava (España),2,3,3.0,,
1710681,Cava Reserva Rosat Trepat Brut 2022,Carles Andreu,2022,Sparkling,3.9,286,20.45,España,Cava,Cava (España),2,3,3.0,,
1602635,Cava Gran Reserva Brut Nature 2021,Casanovas,2021,Sparkling,3.9,282,20.3,España,Cava,Cava (España),2,3,3.0,,
1210331,Cava Reserva Familia N.V.,Pere Mata,N.V.,Sparkling,3.9,281,16.05,España,Cava,Cava (España),2,3,3.0,,
11295451,Cava Essential Púrpura Reserva Brut 2018,Juvé & Camps,2018,Sparkling,3.8,279,15.5,España,Cava,Cava (España),2,3,3.0,,
1399465,Cava Gran Reserva Brut Classic 2017,Huguet de Can Feixes,2017,Sparkling,3.9,267,18.61,España,Cava,Cava (España),2,3,3.0,,
12406620,Mucho Más Sparkling Rosé N.V.,Félix Solís,N.V.,Sparkling,3.9,267,3.6,España,Vino de España,Espumoso Español (España),2,3,3.0,,
1480632,Cava Brut Nature 2021,Casanovas,2021,Sparkling,3.8,266,19.66,España,Cava,Cava (España),2,3,3.0,,
1983275,Cava Imum Brut Nature Reserva N.V.,Emendis,N.V.,Sparkling,3.6,264,10.3,España,Cava,Cava (España),2,3,3.0,,
79867,Barrica 21 Penedès Brut Reserva 2018,Albet i Noya,2018,Sparkling,3.9,262,52.26,España,Cava,Cava (España),2,3,3.0,,
1684664,Cava Brut Nature Reserva 2024,Alsina & Sarda,2024,Sparkling,3.7,262,8.75,España,Cava,Cava (España),2,3,3.0,,
2281898,Cava Reserva 2021,Maria Rigol Ordi,2021,Sparkling,3.7,255,13.31,España,Cava,Cava (España),2,3,3.0,,
9415663,Cava Reserva Brut Rosé 2023,Sumarroca,2023,Sparkling,3.8,254,11.95,España,Cava,Cava (España),2,3,3.0,,
1228233,Cava Brut Reserva N.V.,Cossetània,N.V.,Sparkling,3.8,248,7.53,España,Cava,Cava (España),2,3,3.0,,
1442514,Cava Parellada i Faura Reserva Brut Nature 2022,Guillem Carol - Cellers Carol Vallès,2022,Sparkling,3.6,245,11.5,España,Cava,Cava (España),2,3,3.0,,
2299618,Cava Gran Reserva Brut Nature 2019,Cava Vives Ambròs,2019,Sparkling,3.9,245,14.91,España,Cava,Cava (España),2,3,3.0,,
1265450,Cava Brut Nature N.V.,Joan Raventos Rosell,N.V.,Sparkling,3.5,243,28.83,España,Cava,Cava (España),2,3,3.0,,
1742223,Moscato de Aguja N.V.,Crestissimo,N.V.,Sparkling,3.8,242,4.2,España,Empordà,Espumoso Español (España),2,3,3.0,,
2400867,Cava Brut N.V.,Miquel Pons,N.V.,Sparkling,3.7,242,9.95,España,Cava,Cava (España),2,3,3.0,,
1153821,Cava Brut Nature Rosado N.V.,Gran Ducay,N.V.,Sparkling,3.5,242,9.0,España,Cava,Cava (España),2,3,3.0,,
1620947,Brut Reserva Rosé 2023,Torelló,2023,Sparkling,3.7,241,20.4,España,Cava,Cava (España),2,3,3.0,,
1157828,Cava Nèctar Terrenal Semi Dolç N.V.,Llopart,N.V.,Sparkling,3.8,238,14.29,España,Cava,Cava (España),2,3,3.0,,
11570226,Ca La Mar Mustillant Blanc 2024,Gramona,2024,Sparkling,3.8,238,7.42,España,Penedès,Espumoso Español (España),2,3,3.0,,
5795247,Reserva Brut Nature Chardonnay 2022,AA Privat,2022,Sparkling,3.6,237,15.7,España,Cava,Cava (España),2,3,3.0,,
2041548,Cava Pure Rubor Brut Rosé N.V.,Mascaró,N.V.,Sparkling,3.7,237,13.45,España,Cava,Cava (España),2,3,3.0,,
2089098,Cava Brut Nature N.V.,Signat,N.V.,Sparkling,3.6,237,9.44,España,Cava,Cava (España),2,3,3.0,,
8456751,Oníric Pet-Nat 2023,Entre Vinyes,2023,Sparkling,3.8,236,12.95,España,Penedès,Espumoso Español (España),2,3,3.0,,
2174996,Cava Brut Nature Reserva N.V.,Joan Sardà,N.V.,Sparkling,3.7,234,11.62,España,Cava,Cava (España),2,3,3.0,,
7786920,Corpinnat Reserva Brut Rosat 2020,Sabaté i Coca,2020,Sparkling,3.9,229,14.95,España,Cava,Cava (España),2,3,3.0,,
1602858,Brut Agulla Mustillant Rosat N.V.,Gramona,N.V.,Sparkling,3.5,229,7.2,España,Penedès,Espumoso Español (España),2,3,3.0,,
8395499,L'Ancestral Rosé 2022,MontRubí,2022,Sparkling,3.9,229,14.1,España,Penedès,Espumoso Español (España),2,3,3.0,,
4739667,Cava Marta Passió Reserva Brut Rosé 2022,Canals Canals,2022,Sparkling,3.9,228,10.75,España,Cava,Cava (España),2,3,3.0,,
3031959,Cava Brut Nature N.V.,Oliver Viticultors,N.V.,Sparkling,3.7,227,8.54,España,Cava,Cava (España),2,3,3.0,,
2139066,Cava Blaué Gran Reserva Brut Nature 2020,Trias Batlle,2020,Sparkling,3.7,222,11.75,España,Cataluña,Cava (España),2,3,3.0,,
1957652,Reserva Brut Imperial N.V.,Rexach Baqués,N.V.,Sparkling,3.7,216,8.29,España,Cava,Cava (España),2,3,3.0,,
1556460,Cava Brut Nature 2023,Mas Candi,2023,Sparkling,3.6,214,12.21,España,Cava,Cava (España),2,3,3.0,,
6492566,Cava Brut Nature Reserva 2023,Sabaté i Coca,2023,Sparkling,3.8,212,14.8,España,Cataluña,Cava (España),2,3,3.0,,
5935757,Cava Stars Reserva Brut Nature 2022,Castillo Perelada,2022,Sparkling,3.8,205,11.5,España,Cava,Cava (España),2,3,3.0,,
1550413,Gran Reserva Vintage 2018,Vilarnau,2018,Sparkling,3.7,204,18.82,España,Cava,Cava (España),2,3,3.0,,
9907797,Cava Azimut Brut Nature Rosé 2022,Suriol,2022,Sparkling,3.8,204,20.5,España,Cava,Cava (España),2,3,3.0,,
7834638,Ancestral Confiscat 2021,Bodega Clandestina,2021,Sparkling,3.9,203,19.75,España,Cataluña,Espumoso Español (España),2,3,3.0,,
2508147,Cava Extremarium de Mont Marçal Brut Nature Reserva 2022,Mont Marçal,2022,Sparkling,3.7,203,10.39,España,Cava,Cava (España),2,3,3.0,,
3007062,L'Alzinar Reserva Brut Nature 2022,Vins El Cep,2022,Sparkling,3.7,202,10.99,España,Cava,Cava (España),2,3,3.0,,
1581206,Cava Brutissime Brut 2022,Naveran,2022,Sparkling,3.5,199,10.99,España,Cava,Cava (España),2,3,3.0,,
1572436,Reserva Gran Carta Brut N.V.,Rexach Baqués,N.V.,Sparkling,3.6,195,6.63,España,Cava,Cava (España),2,3,3.0,,
4219820,Pal.Lid Brut Reserva Rosé 2023,Torelló,2023,Sparkling,3.7,194,20.7,España,Cava,Cava (España),2,3,3.0,,
6148856,Dedalo Ancestral Airén 2023,Selección Lucendo,2023,Sparkling,3.7,193,10.75,España,Castilla,Espumoso Español (España),2,3,3.0,,
6489060,Efecte Reserva Brut Rosat 2022,Albet i Noya,2022,Sparkling,3.8,191,15.9,España,Cataluña,Espumoso Español (España),2,3,3.0,,
7224623,Special Edition Costa Brava Brut Reserva 2023,Torelló,2023,Sparkling,3.9,186,20.55,España,Cataluña,Espumoso Español (España),2,3,3.0,,
2241968,Lounge Brut 2023,Bertha,2023,Sparkling,3.7,183,12.7,España,Cava,Cava (España),2,3,3.0,,
6314339,Clarea Frizzante N.V.,La Mundial Barcelona,N.V.,Sparkling,3.9,180,8.8,España,Cataluña,Espumoso Español (España),2,3,3.0,,
4978583,Cava Brut Rosé 2017,Josep Masachs Tradicional,2017,Sparkling,3.6,179,10.95,España,Penedès,Cava (España),2,3,3.0,,
2105983,Cava Reserva 2014,Sabaté i Coca,2014,Sparkling,3.9,177,38.9,España,Cava,Cava (España),2,3,3.0,,
76538,Estrella de Murviedro Frizzante Rosé N.V.,Murviedro,N.V.,Sparkling,3.6,176,5.65,España,Valencia,Espumoso Español (España),2,3,3.0,,
2559473,Cava 1907 Colomer Costa Reserva Brut 2022,Colomer,2022,Sparkling,3.9,174,9.0,España,Cava,Cava (España),2,3,3.0,,
4243274,"Rosado 5,5° Frizzante N.V.",Palacio de Bornos,N.V.,Sparkling,3.9,173,5.8,España,Castilla y León,Espumoso Español (España),2,3,3.0,,
5825082,Minipuça Ancestral 2023,Vinyes Singulars,2023,Sparkling,3.9,172,16.84,España,Cataluña,Espumoso Español (España),2,3,3.0,,
3518950,Gala Reserva Brut Nature 2022,Vallformosa,2022,Sparkling,3.6,172,14.85,España,Cava,Cava (España),2,3,3.0,,
2069247,Non Plus Ultra Brut Cava 2020,Codorníu,2020,Sparkling,3.8,169,13.95,España,Cava,Cava (España),2,3,3.0,,
8474990,Cap de Pardals 2022,Mas Candi,2022,Sparkling,3.8,162,13.95,España,Penedès,Espumoso Español (España),2,3,3.0,,
2893039,Cava Brut Reserva N.V.,Francesc Ricart,N.V.,Sparkling,3.8,160,11.05,España,Cava,Cava (España),2,3,3.0,,
2292476,Nature Real Gran Reserva Brut 2017,Heretat Mas Tinell,2017,Sparkling,3.8,158,16.95,España,Cava,Cava (España),2,3,3.0,,
4951510,Cava Reserva Numerada 2021,Canals Canals,2021,Sparkling,3.8,154,10.95,España,Cava,Cava (España),2,3,3.0,,
9159980,L'Ancestral Blanc 2022,MontRubí,2022,Sparkling,3.7,152,13.67,España,Penedès,Espumoso Español (España),2,3,3.0,,
6717830,Cava Stars Organic 2021,Castillo Perelada,2021,Sparkling,3.5,149,8.35,España,Cava,Cava (España),2,3,3.0,,
7831022,Cava Cuvée Especial Reserva Brut Nature 2021,Rovellats,2021,Sparkling,3.9,149,12.95,España,Cava,Cava (España),2,3,3.0,,
1693483,Cava Brut Rosé 2023,Oriol Rossell,2023,Sparkling,3.7,144,13.73,España,Cava,Cava (España),2,3,3.0,,
2045069,Verdejo Brut Nature N.V.,Palacio de Bornos,N.V.,Sparkling,3.5,135,9.8,España,Rueda,Espumoso Español (España),2,3,3.0,,
4020457,Cava Bebito Brut Nature N.V.,Castelo de Pedregosa,N.V.,Sparkling,3.6,128,16.49,España,Cataluña,Cava (España),2,3,3.0,,
1250617,Cava Meritum Gran Reserva 2017,Freixenet,2017,Sparkling,3.9,127,15.15,España,Cava,Cava (España),2,3,3.0,,
1236714,Brut Rosé 2017,Titiana,2017,Sparkling,3.8,126,18.95,España,Cava,Cava (España),2,3,3.0,,
4990729,Aire de L'Origan Brut Nature Cava Rosé 2022,L'Origan,2022,Sparkling,3.6,126,16.5,España,Cava,Cava (España),2,3,3.0,,
1585113,Permont’s Brut Nature 2017,Conde de Valicourt,2017,Sparkling,3.8,121,11.75,España,Cava,Cava (España),2,3,3.0,,
2102498,Cava Reserva Brut Nature 2022,Joan Colet Rius,2022,Sparkling,3.7,120,10.99,España,Cava,Cava (España),2,3,3.0,,
3254122,Cava Brut Nature 2020,Freixenet,2020,Sparkling,3.6,119,7.99,España,Cava,Cava (España),2,3,3.0,,
6361748,Esparter Reserva Clàssic 2017,AT Roca,2017,Sparkling,3.9,116,24.4,España,Penedès,Espumoso Español (España),2,3,3.0,,
4344437,Cava Premium Reserva Brut Nature 2022,Cuscó Berga,2022,Sparkling,3.8,113,10.7,España,Cava,Cava (España),2,3,3.0,,
2227082,Cava Gran Reserva Brut Nature 2018,Blancher,2018,Sparkling,3.8,113,12.35,España,Cava,Cava (España),2,3,3.0,,
9823884,White 2024,Campestral,2024,Sparkling,3.8,113,11.01,España,Vino de España,Espumoso Español (España),2,3,3.0,,
6297726,Reserva Brut 2022,AA Privat,2022,Sparkling,3.7,112,11.6,España,Cava,Cava (España),2,3,3.0,,
1624342,Cava Brut Nature Millesime 2019,Naveran,2019,Sparkling,3.7,109,12.69,España,Cava,Cava (España),2,3,3.0,,
1319610,Cava Gran Reserva Brut Nature 2017,Agusti Torello Mata,2017,Sparkling,3.9,109,18.69,España,Cava,Cava (España),2,3,3.0,,
13232077,Lucidity Corpinnat 2022,Cisteller,2022,Sparkling,3.9,107,23.95,España,Cataluña,Espumoso Español (España),2,3,3.0,,
7107917,Escumós Mètode Ancestral Rosé 2022,Celler Sanromà,2022,Sparkling,3.8,106,16.2,España,Tarragona,Espumoso Español (España),2,3,3.0,,
4176153,Cava Reserva Brut 2023,Muscàndia,2023,Sparkling,3.7,105,14.8,España,Cava,Cava (España),2,3,3.0,,
1414557,Cava Stars Brut Nature 2022,Castillo Perelada,2022,Sparkling,3.7,104,9.63,España,Cava,Cava (España),2,3,3.0,,
2013711,Cava Cuvée Antonio Mascaró Gran Reserva Brut Nature 2018,Mascaró,2018,Sparkling,3.8,102,23.0,España,Cava,Cava (España),2,3,3.0,,
1179142,Cava Brut Reserva 2023,Sumarroca,2023,Sparkling,3.8,101,13.0,España,Cava,Cava (España),2,3,3.0,,
5528860,La Cuvée Reserva Brut 2022,Gramona,2022,Sparkling,3.8,101,17.2,España,Cava,Cava (España),2,3,3.0,,
4003782,Cava Authentique Reserva Brut Nature 2022,Dominio de la Vega,2022,Sparkling,3.8,100,11.2,España,Cava,Cava (España),2,3,3.0,,
1542005,Cava Reserva Brut 2021,Cava Vives Ambròs,2021,Sparkling,3.9,98,10.5,España,Cava,Cava (España),2,3,3.0,,
10764339,Mirgin Gran Reserva Brut Nature Rosé 2021,Alta Alella,2021,Sparkling,3.8,97,13.7,España,Cava,Cava (España),2,3,3.0,,
3113689,Cava Brut Stars Touch Of Rosé 2022,Castillo Perelada,2022,Sparkling,3.9,97,11.16,España,Cava,Cava (España),2,3,3.0,,
5886268,Cava Flocs Brut Rosé N.V.,Clos Pons,N.V.,Sparkling,3.8,96,8.85,España,Cava,Cava (España),2,3,3.0,,
10137640,Lola Albariño Brut 2020,Paco & Lola,2020,Sparkling,3.9,95,20.07,España,Rías Baixas,Espumoso Español (España),2,3,3.0,,
7463751,Juicy Pet Nat 2021,Vinyes Tortuga,2021,Sparkling,3.9,95,17.5,España,Cataluña,Espumoso Español (España),2,3,3.0,,
6826968,Verdejo Frizzante Low Alcohol N.V.,La Camioneta,N.V.,Sparkling,3.7,94,6.4,España,La Mancha,Espumoso Español (España),2,3,3.0,,
1564761,Ponte Vecchio Moscato N.V.,Bodegas Peñascal,N.V.,Sparkling,3.5,94,7.45,España,Castilla y León,Espumoso Español (España),2,3,3.0,,
8666859,ComBoi Ancestral Rosado 2020,Bodegas Gratias,2020,Sparkling,3.8,93,17.33,España,Vino de España,Espumoso Español (España),2,3,3.0,,
13454414,Corpinnat L'Infinit Brut Nature 2023,Recaredo,2023,Sparkling,3.9,93,21.75,España,Penedès,Espumoso Español (España),2,3,3.0,,
10450574,Noughty Organic Alcohol Free Sparkling Rosé,Thomson & Scott Skinny,,Sparkling,3.8,93,11.9,España,La Mancha,Espumoso Español (España),2,3,3.0,,
12160164,Cava Millesimé Brut Rosé 2023,Roger Goulart,2023,Sparkling,3.7,93,11.0,España,Cava,Cava (España),2,3,3.0,,
2396903,Cava Reserva Brut 2021,Caves Bolet,2021,Sparkling,3.5,92,10.01,España,Cava,Cava (España),2,3,3.0,,
1706563,Cava Pas de Sucre Gran Reserva 4 Años Brut Nature N.V.,Conde de Valicourt,N.V.,Sparkling,3.8,92,13.95,España,Cava,Cava (España),2,3,3.0,,
10373781,Lumen Reserva Brut 2020,Bodegas Bilbaínas,2020,Sparkling,3.9,90,14.95,España,Rioja,Espumoso Español (España),2,3,3.0,,
4281807,Gran Crémant Cava Semi-Sec N.V.,Codorníu,N.V.,Sparkling,3.7,87,7.71,España,Cava,Cava (España),2,3,3.0,,
12334831,Garnacha Blanca Brut 2023,Bodegas Care,2023,Sparkling,3.7,86,7.9,España,Cariñena,Espumoso Español (España),2,3,3.0,,
11716712,Keiva 2022,Gallina de Piel,2022,Sparkling,3.8,86,14.5,España,Empordà,Espumoso Español (España),2,3,3.0,,
2669315,Coupage de Alicia Gran Reserva Brut Nature N.V.,Conde de Valicourt,N.V.,Sparkling,3.7,86,10.95,España,Cava,Cava (España),2,3,3.0,,
2322197,Rosat Reserva Brut 2021,AT Roca,2021,Sparkling,3.9,85,14.3,España,Penedès,Espumoso Español (España),2,3,3.0,,
5418293,Cava Gran Reserva Brut Nature 2016,Montesquius,2016,Sparkling,3.8,83,14.8,España,Cava,Cava (España),2,3,3.0,,
4062506,Cava Petit Cuvée Rosé 2023,Castelo de Pedregosa,2023,Sparkling,3.5,83,6.9,España,Cava,Cava (España),2,3,3.0,,
9082382,Escumós Mètode Ancestral Blanc 2023,Celler Sanromà,2023,Sparkling,3.9,81,16.2,España,Tarragona,Espumoso Español (España),2,3,3.0,,
2915307,Berta Bouzy 2012,Mont-Ferrant,2012,Sparkling,3.8,80,19.85,España,Cava,Cava (España),2,3,3.0,,
9549346,Think Pink Sparkling Tempranillo N.V.,Bodegas Vilano,N.V.,Sparkling,3.8,80,9.85,España,Vino de España,Espumoso Español (España),2,3,3.0,,
11022482,Bosquet Escursac - Fogoneu 2024,Galmés I Ribot,2024,Sparkling,3.9,78,18.85,España,Mallorca,Espumoso Español (España),2,3,3.0,,
1870765,Cava Reserva Vintage Brut Nature 2020,Portell - Vinícola de Sarral,2020,Sparkling,3.6,78,10.99,España,Cava,Cava (España),2,3,3.0,,
6974596,Núria de Montargull Rosé 2022,Miquel Pons,2022,Sparkling,3.7,77,9.6,España,Cava,Cava (España),2,3,3.0,,
6543617,Cava Reserva Brut 2019,Terra Terrae,2019,Sparkling,3.8,76,9.04,España,Cataluña,Cava (España),2,3,3.0,,
1381613,Cava Stars Brut Reserva 2022,Castillo Perelada,2022,Sparkling,3.8,74,10.6,España,Cava,Cava (España),2,3,3.0,,
1771741,Blanc de Blancs Brut Nature 2022,Can Rich,2022,Sparkling,3.5,74,24.4,España,Islas Baleares,Espumoso Español (España),2,3,3.0,,
8958016,Cava Armilar Reserva Brut Nature 2021,Eudald Massana Noya,2021,Sparkling,3.8,72,11.82,España,Cava,Cava (España),2,3,3.0,,
11392570,Cava Edición Centenario Reserva de la Familia Rosé 2021,Juvé & Camps,2021,Sparkling,3.9,70,23.9,España,Cava,Cava (España),2,3,3.0,,
1517766,Cava Reserva Pinot Noir Brut Rosé 2023,Canals & Munné,2023,Sparkling,3.9,70,14.95,España,Cava,Cava (España),2,3,3.0,,
5300289,Balma Reserva Brut 2022,Mas Bertran,2022,Sparkling,3.7,69,13.6,España,Penedès,Cava (España),2,3,3.0,,
2048164,Cava Obrac Gran Reserva Brut 2019,Blancher,2019,Sparkling,3.7,69,12.5,España,Cava,Cava (España),2,3,3.0,,
7361350,Cava Gran Reserva de la Propietat Brut Rosé 2017,Oriol Rossell,2017,Sparkling,3.9,69,36.84,España,Cava,Cava (España),2,3,3.0,,
9241219,Cava Barcelona Orgánico Brut Nature Reserva 2022,Vilarnau,2022,Sparkling,3.8,69,13.9,España,Cava,Cava (España),2,3,3.0,,
7247424,Clos la Soleya Trepat Cava Brut Rosé 2023,Moli Parellada,2023,Sparkling,3.7,68,7.5,España,Cava,Cava (España),2,3,3.0,,
2472462,Cava Gran Reserva 2016,Maria Rigol Ordi,2016,Sparkling,3.9,68,21.15,España,Cava,Cava (España),2,3,3.0,,
8454320,Corpinnat Brut Reserva 2022,Torelló,2022,Sparkling,3.9,67,15.25,España,Cava,Cava (España),2,3,3.0,,
2345663,Cava Brut Rosé N.V.,Parxet,N.V.,Sparkling,3.6,67,13.9,España,Cava,Cava (España),2,3,3.0,,
8257847,Legero Alcohol Free Sparkling Rosé,Freixenet,,Sparkling,3.7,66,8.5,España,Cataluña,Espumoso Español (España),2,3,3.0,,
11322642,Nit de Lluna Plena Brut Nature 2022,Oliveda,2022,Sparkling,3.8,64,8.99,España,Cava,Cava (España),2,3,3.0,,
5047525,Cava Sadurní Oliver Barrica Reserve Brut Nature 2020,Oliver Viticultors,2020,Sparkling,3.9,61,13.46,España,Cava,Cava (España),2,3,3.0,,
4558869,Reserva de l'Hereu 2019,Castelo de Pedregosa,2019,Sparkling,3.9,60,18.55,España,Cava,Cava (España),2,3,3.0,,
9947390,Cava Organic Vintage Brut Nature 2023,Naveran,2023,Sparkling,3.8,60,14.1,España,Cava,Cava (España),2,3,3.0,,
6562649,Cava Summum Brut Rosé 2023,Lacrima Baccus,2023,Sparkling,3.8,58,10.95,España,Cava,Cava (España),2,3,3.0,,
10827226,Luzbel Pet Nat Garnacha 2022,Bodegas Frontonio,2022,Sparkling,3.9,56,25.9,España,Aragón,Espumoso Español (España),2,3,3.0,,
8095315,"Luna Sparkling White 0,0% N.V.",Murviedro,N.V.,Sparkling,3.7,56,11.36,España,Valencia,Espumoso Español (España),2,3,3.0,,
5599105,Cava El Bosc Reserve Brut Nature 2019,Suriol,2019,Sparkling,3.7,55,30.28,España,Cava,Cava (España),2,3,3.0,,
5471696,Cava L’Origen 2018,Joan Colet Rius,2018,Sparkling,3.9,55,15.2,España,Cava,Cava (España),2,3,3.0,,
9670268,MI Pet-Nat 2021,Castelo de Pedregosa,2021,Sparkling,3.8,55,11.01,España,Cataluña,Espumoso Español (España),2,3,3.0,,
11290306,Escumosos 7è 2022,Celler 9+,2022,Sparkling,3.9,53,12.5,España,Cataluña,Espumoso Español (España),2,3,3.0,,
12314507,Con Altura Pet Nat 2023,AltoLandon,2023,Sparkling,3.9,52,16.0,España,Manchuela,Espumoso Español (España),2,3,3.0,,
8095318,"Luna Sparkling Rosé 0,0% N.V.",Murviedro,N.V.,Sparkling,3.7,51,11.36,España,Valencia,Espumoso Español (España),2,3,3.0,,
7920247,Ancestral Blanco N.V.,Vegamar,N.V.,Sparkling,3.6,51,10.0,España,Valencia,Espumoso Español (España),2,3,3.0,,
6876743,Cava Petit Cuveé Brut Nature 2022,Castelo de Pedregosa,2022,Sparkling,3.8,50,7.42,España,Cava,Cava (España),2,3,3.0,,
1452521,Cava Brut Nature 2022,Mascaró,2022,Sparkling,3.7,50,13.72,España,Cava,Cava (España),2,3,3.0,,
9330137,Cava Nature Rosé N.V.,Oliver Viticultors,N.V.,Sparkling,3.8,48,9.85,España,Cava,Cava (España),2,3,3.0,,
12229768,Lilla Ancestral 2024,Mas Foraster,2024,Sparkling,3.9,47,15.0,España,Conca de Barberà,Espumoso Español (España),2,3,3.0,,
6463639,G de Gerisena 2022,Celler Gerisena,2022,Sparkling,3.8,47,15.72,España,Empordà,Espumoso Español (España),2,3,3.0,,
4326923,Cava Brut N.V.,Delicia,N.V.,Sparkling,3.5,46,6.3,España,Cava,Cava (España),2,3,3.0,,
7102684,Cava Candent Rosat 2022,Joan Colet Rius,2022,Sparkling,3.9,46,13.99,España,Cava,Cava (España),2,3,3.0,,
1804564,Gran Rigau Chardonnay Brut Nature 2021,Freixa Rigau,2021,Sparkling,3.7,46,10.51,España,Cava,Cava (España),2,3,3.0,,
1179143,Cava Brut Nature Gran Reserva 2022,Sumarroca,2022,Sparkling,3.8,45,18.5,España,Cava,Cava (España),2,3,3.0,,
8455965,Zero Alcohol Free Sparkling Rosé N.V.,Codorníu,N.V.,Sparkling,3.6,44,7.56,España,Cava,Cava (España),2,3,3.0,,
1572924,Cava Reserva de I'Avi Planas Brut Nature 2020,Planas Albareda,2020,Sparkling,3.7,43,18.9,España,Cava,Cava (España),2,3,3.0,,
5550609,Gran Cuvée 2013,Mont-Ferrant,2013,Sparkling,3.7,43,20.25,España,Cava,Cava (España),2,3,3.0,,
10664081,Cava Organic Brut Vintage Rosé 2022,Naveran,2022,Sparkling,3.9,42,14.1,España,Cava,Cava (España),2,3,3.0,,
5621293,Efecte Penedès Brut Nature Reserva 3 2021,Albet i Noya,2021,Sparkling,3.8,41,18.5,España,Penedès,Espumoso Español (España),2,3,3.0,,
12315071,Pet-Nat 2023,B.R.O.T.,2023,Sparkling,3.9,41,12.95,España,Penedès,Espumoso Español (España),2,3,3.0,,
11115878,Alba y Barro 2023,Raul Moreno,2023,Sparkling,3.8,41,30.04,España,Jerez-Xérès-Sherry,Espumoso Español (España),2,3,3.0,,
1217591,Cava Brut Rosé 2022,Roger Goulart,2022,Sparkling,3.7,40,10.75,España,Cava,Cava (España),2,3,3.0,,
1558285,Cava Brut Nature Reserva 2022,Caves Bolet,2022,Sparkling,3.8,40,9.96,España,Cava,Cava (España),2,3,3.0,,
5844519,Kremant Brut Nature 2021,Masia Serra,2021,Sparkling,3.9,38,20.11,España,Empordà,Espumoso Español (España),2,3,3.0,,
5097860,Cava Perles d'Or 2021,Naveran,2021,Sparkling,3.9,38,15.39,España,Cava,Cava (España),2,3,3.0,,
9221601,Malvasía Volcánica Brut Nature 2022,El Grifo,2022,Sparkling,3.9,38,30.05,España,Lanzarote,Espumoso Español (España),2,3,3.0,,
1203891,Cava AgustÍ-Vilaret Gran Reserva Extra Brut 2008,Mont-Ferrant,2008,Sparkling,3.6,36,29.25,España,Cava,Cava (España),2,3,3.0,,
7102672,Cava Gran Reserva Brut Nature 2020,Joan Colet Rius,2020,Sparkling,3.9,36,17.99,España,Cava,Cava (España),2,3,3.0,,
6437617,Cava Brut Rosé Reserva N.V.,Joan Sardà,N.V.,Sparkling,3.8,36,12.09,España,Cava,Cava (España),2,3,3.0,,
3962568,Cava Gran Réserva Gran Cuvée Josep Valls Extra Brut 2021,Roger Goulart,2021,Sparkling,3.8,36,19.25,España,Cava,Cava (España),2,3,3.0,,
2125572,Cava Semi-Seco N.V.,Xènius,N.V.,Sparkling,3.7,35,6.15,España,Cava,Cava (España),2,3,3.0,,
11100319,Vatua! Extra Brut Rosè 2021,Colet,2021,Sparkling,3.9,35,13.9,España,Penedès,Espumoso Español (España),2,3,3.0,,
5859188,Cava Indomable Brut Nature N.V.,Mas Candi,N.V.,Sparkling,3.8,35,23.04,España,Cava,Cava (España),2,3,3.0,,
4559173,Fri Sanz Te Semi Dulce 2013,Vinos Sanz,2013,Sparkling,3.8,34,5.97,España,Rueda,Espumoso Español (España),2,3,3.0,,
12010526,Titiana de Can Matons Pansa Blanca Brut Nature 2017,Can Matons,2017,Sparkling,3.9,34,19.0,España,Alella,Cava (España),2,3,3.0,,
6012961,Gran Reserva M.C. 2019,Parxet,2019,Sparkling,3.7,33,17.4,España,Cava,Cava (España),2,3,3.0,,
11108696,Tanca Els Ulls Ancestral 2024,Celler del Cesc,2024,Sparkling,3.8,32,12.55,España,Cataluña,Espumoso Español (España),2,3,3.0,,
11580265,Cava Moltó Negre Millésime Brut Nature 2021,Casa Rojo,2021,Sparkling,3.7,32,25.6,España,Cava,Cava (España),2,3,3.0,,
4606233,Niu d’estel Reserva Brut Nature 2018,Varietal 500,2018,Sparkling,3.5,30,12.95,España,Penedès,Espumoso Español (España),2,3,3.0,,
1154695,Gran Rigau Nature Brut de Bruts 2015,Freixa Rigau,2015,Sparkling,3.8,30,18.76,España,Cava,Cava (España),2,3,3.0,,
5614564,Efecte Classic Penedès Brut Reserva 2021,Albet i Noya,2021,Sparkling,3.9,30,17.16,España,Penedès,Espumoso Español (España),2,3,3.0,,
12429922,Ubac Gran Reserva 2019,Celler Kripta,2019,Sparkling,3.9,30,17.3,España,Cava,Cava (España),2,3,3.0,,
2017771,Cava Brut Reserva 2021,Joan Colet Rius,2021,Sparkling,3.6,29,11.6,España,Cava,Cava (España),2,3,3.0,,
1859589,Cava Gran Reserva Brut Nature 2020,Alsina & Sarda,2020,Sparkling,3.8,29,11.9,España,Cataluña,Cava (España),2,3,3.0,,
3957451,Cava Tradició Brut N.V.,Mont-Ferrant,N.V.,Sparkling,3.6,28,11.05,España,Cava,Cava (España),2,3,3.0,,
11377724,Cava Winemaker's Select Reserva Brut Nature 2021,Marques de Monistrol,2021,Sparkling,3.8,28,8.36,España,Cava,Cava (España),2,3,3.0,,
12504015,Bayanus Reserva 2023,Celler Kripta,2023,Sparkling,3.8,27,9.4,España,Cava,Cava (España),2,3,3.0,,
7240954,Toto Barbadillo Espumoso de Albariza 2022,Barbadillo,2022,Sparkling,3.9,26,11.35,España,Andalucía,Espumoso Español (España),2,3,3.0,,
13454015,Tres Viles Brut Nature Reserva 2023,Muscàndia,2023,Sparkling,3.9,25,15.9,España,Cava,Cava (España),2,3,3.0,,
13515922,Puput Pét-Nat 2024,Alta Alella,2024,Sparkling,3.9,25,12.8,España,Alella,Espumoso Español (España),2,3,3.0,,
10022139,Ancestral Sumoll Rosat 2023,Heretat Mascorrubí,2023,Sparkling,3.8,25,13.95,España,Cataluña,Espumoso Español (España),2,3,3.0,,
10327826,Ars Collecta Reserva Blanc de Blancs 2022,Codorníu,2022,Sparkling,3.9,25,18.95,España,Cava,Cava (España),2,3,3.0,,
1166679,Cava Pinot Noir Rosé Brut 2020,Juvé & Camps,2020,Sparkling,3.7,4682,11.41,España,Cava,Cava (España),2,3,3.0,,
1137008,Brut Cava N.V.,Parés Baltà,N.V.,Sparkling,3.5,3863,12.3,España,Cava,Cava (España),2,3,3.0,,
1974415,Cava Brut N.V.,Heretat El Padruell,N.V.,Sparkling,3.5,3645,7.12,España,Cava,Cava (España),2,3,3.0,,
1973312,Cava Reserva Brut Delicat N.V.,Clos Amador,N.V.,Sparkling,3.7,3096,8.26,España,Cava,Cava (España),2,3,3.0,,
6713201,Cava Brut Reserva N.V.,Bodegas Faustino,N.V.,Sparkling,3.6,2165,9.0,España,Rioja Alavesa,Cava (España),2,3,3.0,,
22356,Cava Extra Seco N.V.,Bodegas Faustino,N.V.,Sparkling,3.6,2075,9.0,España,Rioja Alavesa,Cava (España),2,3,3.0,,
2453836,Cava Brut N.V.,Castellblanc (Castellblanch),N.V.,Sparkling,3.5,1845,6.0,España,Cava,Cava (España),2,3,3.0,,
1164714,Cava Semi Seco N.V.,Bodegas Faustino,N.V.,Sparkling,3.7,1527,9.0,España,Rioja Alavesa,Cava (España),2,3,3.0,,
1199785,Cava Brut N.V.,Mas Fi,N.V.,Sparkling,3.6,1499,11.0,España,Cava,Cava (España),2,3,3.0,,
1315078,Brut Nature 1984,Anna de Codorniu,1984,Sparkling,3.5,1443,12.74,España,Cava,Cava (España),2,3,3.0,,
3917311,Brut N.V.,Chic Barcelona,N.V.,Sparkling,3.5,1425,7.99,España,Cava,Cava (España),2,3,3.0,,
1900481,Cava Peñalba Lopez Brut Nature 2018,Finca Torremilanos,2018,Sparkling,3.6,1212,16.0,España,Cava,Cava (España),2,3,3.0,,
1699023,Vintage Reserva Brut Nature 2023,Loxarel,2023,Sparkling,3.6,1053,11.95,España,Penedès,Espumoso Español (España),2,3,3.0,,
6672276,Cava Cygnus Sador Orgànic Brut Nature 2022,U MES U,2022,Sparkling,3.7,888,10.6,España,Cava,Cava (España),2,3,3.0,,
1201100,Cava Brut N.V.,Raimat,N.V.,Sparkling,3.6,867,6.95,España,Cava,Cava (España),2,3,3.0,,
2445552,Cava Cygnus Albireo Orgànic Brut N.V.,U MES U,N.V.,Sparkling,3.7,772,10.65,España,Cava,Cava (España),2,3,3.0,,
4265645,Cava Sutra Brut N.V.,Bodegas Arraez,N.V.,Sparkling,3.7,762,9.47,España,Cava,Cava (España),2,3,3.0,,
1242110,Cava Tutusaus Gran Reserva Brut Nature 2022,VallDolina,2022,Sparkling,3.7,640,12.0,España,Cava,Cava (España),2,3,3.0,,
1708254,Cava Brut N.V.,Portell - Vinícola de Sarral,N.V.,Sparkling,3.5,613,6.59,España,Cava,Cava (España),2,3,3.0,,
1623348,Cava Reserva Brut Nature 2023,Carles Andreu,2023,Sparkling,3.8,540,9.85,España,Cava,Cava (España),2,3,3.0,,
7328601,Corpinnat Brut Nature 2023,Mas Candi,2023,Sparkling,3.8,540,11.95,España,Cataluña,Espumoso Español (España),2,3,3.0,,
1400656,Cava Brut Nature Vintage 2019,Castillo Perelada,2019,Sparkling,3.6,498,18.95,España,Cava,Cava (España),2,3,3.0,,
1486455,1312 Cava Reserva Brut N.V.,Mestres,N.V.,Sparkling,3.7,496,28.65,España,Cava,Cava (España),2,3,3.0,,
2679485,Cava Rosé Tendre N.V.,Clos Amador,N.V.,Sparkling,3.8,496,9.88,España,Cava,Cava (España),2,3,3.0,,
1388526,L'O de L’Origan Brut Cava Rosé 2008,L'Origan,2008,Sparkling,3.7,414,28.6,España,Cava,Cava (España),2,3,3.0,,
8962154,Corpinnat Relats de Viticultors Brut Nature 2020,Recaredo,2020,Sparkling,3.9,397,25.0,España,Cava,Cava (España),2,3,3.0,,
1890052,Cava Brut Nature N.V.,Raimat,N.V.,Sparkling,3.6,395,12.25,España,Cava,Cava (España),2,3,3.0,,
2356327,Cava Etiqueta Negra Semi-Seco N.V.,Delapierre,N.V.,Sparkling,3.6,394,3.94,España,Cava,Cava (España),2,3,3.0,,
6933671,Reyes de Aragón El Monje Brut Nature N.V.,Bodegas Langa,N.V.,Sparkling,3.7,383,8.95,España,Cava,Cava (España),2,3,3.0,,
1853202,Masia d'Or Brut Nature N.V.,Martí Serdà,N.V.,Sparkling,3.7,382,7.82,España,Cataluña,Cava (España),2,3,3.0,,
2225585,Reserva de la Música Rosé 2022,Jané Ventura,2022,Sparkling,3.7,366,11.0,España,Cava,Cava (España),2,3,3.0,,
2492473,Cava Brut N.V.,Giró Ribot,N.V.,Sparkling,3.5,362,14.9,España,Cava,Cava (España),2,3,3.0,,
6805196,Núria Muscat d'Alexandria 2019,Clos Lentiscus,2019,Sparkling,3.9,361,17.5,España,Penedès,Espumoso Español (España),2,3,3.0,,
6593034,Mia Sangria White Frizzante N.V.,Freixenet,N.V.,Sparkling,3.7,359,6.19,España,La Mancha,Espumoso Español (España),2,3,3.0,,
1542757,Verdejo Brut N.V.,Palacio de Bornos,N.V.,Sparkling,3.6,359,8.15,España,Rueda,Espumoso Español (España),2,3,3.0,,
1254160,Cava Extrem de Bonaval Brut N.V.,Bonaval,N.V.,Sparkling,3.6,357,8.23,España,Cava,Cava (España),2,3,3.0,,
6956992,Reyes de Aragón El Casto Brut Reserva N.V.,Bodegas Langa,N.V.,Sparkling,3.7,294,8.45,España,Cava,Cava (España),2,3,3.0,,
2686464,Cava Ivette Classic Cuvée Brut 2023,Bertha,2023,Sparkling,3.7,282,12.8,España,Cava,Cava (España),2,3,3.0,,
1514494,Cava Reserva Brut 2022,Mas Codina,2022,Sparkling,3.7,277,6.65,España,Cava,Cava (España),2,3,3.0,,
1381591,Cava Reserva Brut Nature 2019,Planas Albareda,2019,Sparkling,3.5,269,10.3,España,Cava,Cava (España),2,3,3.0,,
1748663,Cava Montaner Gran Reserva Brut 2017,Jaume Giro i Giro,2017,Sparkling,3.9,263,15.25,España,Cava,Cava (España),2,3,3.0,,
2407546,Cru Mari 2015,Sicus,2015,Sparkling,3.9,260,26.8,España,Penedès,Espumoso Español (España),2,3,3.0,,
1961019,Cava Imperial Brut Rosé 2022,Rovellats,2022,Sparkling,3.6,257,13.8,España,Cava,Cava (España),2,3,3.0,,
1984689,Gran Torelló Brut Nature Gran Reserva 2018,Torelló,2018,Sparkling,3.9,253,34.95,España,Cava,Cava (España),2,3,3.0,,
8982626,Aus Pét-Nat Rosé 2024,Alta Alella,2024,Sparkling,3.7,249,10.66,España,Alella,Espumoso Español (España),2,3,3.0,,
2713181,Edoné Gran Cuvée Extra Brut Rosé 2017,Balmoral,2017,Sparkling,3.7,248,13.91,España,Castilla,Espumoso Español (España),2,3,3.0,,
7274961,Ancestral Xarel·lo 2022,Joan Rubió,2022,Sparkling,3.8,240,24.95,España,Penedès,Espumoso Español (España),2,3,3.0,,
1888369,Odisea 2019,Naveran,2019,Sparkling,3.7,220,16.94,España,Cava,Cava (España),2,3,3.0,,
1183771,Brut Agulla Mustillant Blanc 2024,Gramona,2024,Sparkling,3.5,210,7.95,España,Penedès,Espumoso Español (España),2,3,3.0,,
2096456,Pinot Noir Blanc de Noirs Brut Nature Reserva N.V.,De Muller,N.V.,Sparkling,3.8,205,10.0,España,Tarragona,Espumoso Español (España),2,3,3.0,,
1743169,Cava Reyes de Aragón Gran Reserva Brut Nature N.V.,Bodegas Langa,N.V.,Sparkling,3.8,192,15.7,España,Cava,Cava (España),2,3,3.0,,
2419185,Cava Brut Reserva Heretat N.V.,Joan Raventos Rosell,N.V.,Sparkling,3.5,172,14.45,España,Cataluña,Cava (España),2,3,3.0,,
2419996,Cava Imperial Brut 2021,Rovellats,2021,Sparkling,3.5,170,12.64,España,Cava,Cava (España),2,3,3.0,,
99327,Cava Brut Nature Gran Reserva Gran Claustro Cuvée Especial 2019,Castillo Perelada,2019,Sparkling,3.7,168,18.86,España,Cava,Cava (España),2,3,3.0,,
5253900,Ecológica Cava Brut N.V.,Bodegas Mitos,N.V.,Sparkling,3.6,167,8.4,España,Cava,Cava (España),2,3,3.0,,
2057558,Cava Brut 2020,Planas Albareda,2020,Sparkling,3.5,166,7.48,España,Cava,Cava (España),2,3,3.0,,
2560748,Diwine  Frizzante 1961,Valdecuevas,1961,Sparkling,3.8,162,3.97,España,Rueda,Espumoso Español (España),2,3,3.0,,
1942436,Cava Exsum Brut Nature 2019,Julia Bernet,2019,Sparkling,3.7,161,21.15,España,Cava,Cava (España),2,3,3.0,,
1244290,Cava Brut Nature 2022,Lacrima Baccus,2022,Sparkling,3.6,161,7.27,España,Cava,Cava (España),2,3,3.0,,
8497575,UMa Gran Reserva Brut 2022,Giró Ribot,2022,Sparkling,3.9,150,11.7,España,Cava,Cava (España),2,3,3.0,,
10610487,Néctar Terrenal Corpinnat 2023,Llopart,2023,Sparkling,3.9,142,14.1,España,Penedès,Espumoso Español (España),2,3,3.0,,
1885059,Reserva Brut Nature 2022,Josep M Ferret,2022,Sparkling,3.7,141,13.5,España,Cava,Cava (España),2,3,3.0,,
2578199,Cava Prohibit Brut Nature Rosado 2022,Mas Candi,2022,Sparkling,3.9,141,14.06,España,Cava,Cava (España),2,3,3.0,,
1395849,Cava Avant Reserva Brut N.V.,Giró Ribot,N.V.,Sparkling,3.9,139,19.95,España,Cataluña,Cava (España),2,3,3.0,,
2817092,Garnatxa Blanca Brut Nature Reserva 2019,Loxarel,2019,Sparkling,3.7,139,12.95,España,Penedès,Espumoso Español (España),2,3,3.0,,
2760832,Cava Reserva Brut Nature 2023,Parató,2023,Sparkling,3.7,134,11.7,España,Cava,Cava (España),2,3,3.0,,
4353544,Marta Brut Nature 2020,Bodegas Torre del Veguer,2020,Sparkling,3.9,130,33.3,España,Penedès,Espumoso Español (España),2,3,3.0,,
7488381,Vi-Viu Ancestral 2020,Cueva,2020,Sparkling,3.8,127,19.85,España,Utiel-Requena,Espumoso Español (España),2,3,3.0,,
5474703,Umbretum Brut Nature 2023,Bodegas Salado,2023,Sparkling,3.7,124,18.3,España,Cataluña,Espumoso Español (España),2,3,3.0,,
2730622,Siós Blanc de Noirs Reserva Brut 2023,Costers del Sió,2023,Sparkling,3.7,119,26.0,España,Costers del Segre,Espumoso Español (España),2,3,3.0,,
5707661,Reserva Superiore Brut Nature 2020,L'Olivera,2020,Sparkling,3.8,111,16.7,España,Cataluña,Espumoso Español (España),2,3,3.0,,
11311939,Reserva 2022,L'Olivera,2022,Sparkling,3.7,107,13.6,España,Costers del Segre,Espumoso Español (España),2,3,3.0,,
2202030,Gran Reserva Brut 2019,VallDolina,2019,Sparkling,3.7,104,15.75,España,Cava,Cava (España),2,3,3.0,,
11471829,Cava Historic Brut Nature 2018,Parés Baltà,2018,Sparkling,3.9,103,16.9,España,Cava,Cava (España),2,3,3.0,,
1433897,Reserva Especial Vintage Brut Nature 2019,Jané Ventura,2019,Sparkling,3.5,101,17.95,España,Cava,Cava (España),2,3,3.0,,
7393728,En Moviment A Ancestral 2023,Bàrbara Forés,2023,Sparkling,3.7,99,14.25,España,Terra Alta,Espumoso Español (España),2,3,3.0,,
2179244,Cava Reserva Brut Rosé 2022,Mas Codina,2022,Sparkling,3.7,98,8.65,España,Cava,Cava (España),2,3,3.0,,
1369843,Cava Reserva Brut 2020,Casanovas,2020,Sparkling,3.5,94,17.95,España,Cava,Cava (España),2,3,3.0,,
2174303,Cava Segunyola Brut Nature 2019,Mas Candi,2019,Sparkling,3.9,94,16.73,España,Cataluña,Cava (España),2,3,3.0,,
5418712,Nuria Claverol Blanc de Negres 2016,Sumarroca,2016,Sparkling,3.8,88,35.5,España,Cava,Cava (España),2,3,3.0,,
4277964,Cordón Negro Gran N.V.,Freixenet,N.V.,Sparkling,3.5,81,8.49,España,Cava,Cava (España),2,3,3.0,,
1175859,Extra Cuvée Seleccionada Semi-Sec N.V.,Codorníu,N.V.,Sparkling,3.6,77,6.7,España,Cava,Cava (España),2,3,3.0,,
2303356,Brut Nature 2021,Can Roda,2021,Sparkling,3.8,75,8.08,España,Alella,Espumoso Español (España),2,3,3.0,,
2808885,CH Reserva Brut Nature 2021,AA Privat,2021,Sparkling,3.6,69,12.72,España,Cava,Cava (España),2,3,3.0,,
11181184,Els Talls Brut Nature 2023,Casajou,2023,Sparkling,3.9,62,24.5,España,Cataluña,Espumoso Español (España),2,3,3.0,,
1282700,Cava Brut N.V.,Oriol Rossell,N.V.,Sparkling,3.5,61,10.0,España,Cava,Cava (España),2,3,3.0,,
6773576,Umbretum Reserva Familiar 2019,Bodegas Salado,2019,Sparkling,3.9,60,35.0,España,Cataluña,Espumoso Español (España),2,3,3.0,,
3145734,Cava Brut Nature 2020,Planas Albareda,2020,Sparkling,3.6,57,7.48,España,Cava,Cava (España),2,3,3.0,,
1793537,Cava Gran Reserva Brut Nature 2021,Mas Codina,2021,Sparkling,3.7,53,11.25,España,Cava,Cava (España),2,3,3.0,,
10332001,Elisenda Loxarel Clàssic Reserva Brut Nature 2021,Loxarel,2021,Sparkling,3.9,53,19.65,España,Penedès,Espumoso Español (España),2,3,3.0,,
2618756,Cava Atica Gran Reserva Extra Brut 2019,Parató,2019,Sparkling,3.9,51,15.4,España,Cava,Cava (España),2,3,3.0,,
5595791,Reserva Brut 2015,Castellroig,2015,Sparkling,3.6,48,15.4,España,Cava,Cava (España),2,3,3.0,,
2013928,Cava Gran Cuvée Reserva Brut 2013,Mont-Ferrant,2013,Sparkling,3.6,47,15.13,España,Cava,Cava (España),2,3,3.0,,
7511490,Initial Reserva Brut Nature 2016,Gatell,2016,Sparkling,3.9,43,19.9,España,Cava,Cava (España),2,3,3.0,,
5340679,Cava Chapó! Reserva Chardonnay 2015,Heretat Mas Tinell,2015,Sparkling,3.9,40,16.0,España,Cava,Cava (España),2,3,3.0,,
1189340,Gala Gran Reserva Brut 2019,Vallformosa,2019,Sparkling,3.6,37,15.95,España,Cava,Cava (España),2,3,3.0,,
7157156,Ancestral 2021,Garay,2021,Sparkling,3.6,36,10.0,España,La Palma,Espumoso Español (España),2,3,3.0,,
10222921,Xalet d'en Molar 2022,Hugas de Batlle,2022,Sparkling,3.6,35,18.4,España,Cataluña,Espumoso Español (España),2,3,3.0,,
1179148,Gran Brut 2021,Sumarroca,2021,Sparkling,3.9,33,12.39,España,Cava,Espumoso Español (España),2,3,3.0,,
5426609,Cava Núria Claverol Pinot Noir Rosé 2017,Sumarroca,2017,Sparkling,3.9,26,33.5,España,Cava,Cava (España),2,3,3.0,,
1804248,Sparkling N.V.,Blanc Pescador,N.V.,Sparkling,3.4,8722,3.9,España,Empordà,Espumoso Español (España),2,3,3.0,,
1136343,Cava Brut Nature N.V.,Jaume Serra,N.V.,Sparkling,3.2,6881,3.95,España,Cava,Cava (España),2,3,3.0,,
1207036,Cava Brut N.V.,El Miracle,N.V.,Sparkling,3.4,3861,6.99,España,Cava,Cava (España),2,3,3.0,,
1204442,Cava Extrísimo Brut Nature N.V.,Bach,N.V.,Sparkling,3.3,2937,4.95,España,Cava,Cava (España),2,3,3.0,,
1262423,Cava Brut Nature Roger de Flor N.V.,Codorníu,N.V.,Sparkling,3.3,2057,5.58,España,Cava,Cava (España),2,3,3.0,,
1205806,Cava Etiqueta Negra Brut N.V.,Delapierre,N.V.,Sparkling,3.4,1804,4.49,España,Cava,Cava (España),2,3,3.0,,
1216994,Aria Cava Brut Nature N.V.,Segura Viudas,N.V.,Sparkling,3.4,1593,7.95,España,Cava,Cava (España),2,3,3.0,,
2318783,Sekt Brut N.V.,Castell d'Ordal,N.V.,Sparkling,3.1,1246,4.65,España,Vino de España,Espumoso Español (España),2,3,3.0,,
1913422,Cava Brut Rosé N.V.,Mistinguett,N.V.,Sparkling,3.4,1199,8.5,España,Cava,Cava (España),2,3,3.0,,
2350412,Rosé N.V.,Cresta Rosa,N.V.,Sparkling,3.3,1082,4.25,España,Penedès,Espumoso Español (España),2,3,3.0,,
1414724,Brut Nature Vintage 2019,Vilarnau,2019,Sparkling,3.4,786,20.69,España,Cava,Cava (España),2,3,3.0,,
1899163,Cava Brut Nature N.V.,Rigol,N.V.,Sparkling,3.4,736,5.75,España,Cava,Cava (España),2,3,3.0,,
1296202,Cava Blanc De Blancs Brut N.V.,Freixenet,N.V.,Sparkling,3.4,677,6.65,España,Cava,Cava (España),2,3,3.0,,
1279857,Cava Rosé Brut N.V.,Bach,N.V.,Sparkling,3.1,572,4.96,España,Cava,Cava (España),2,3,3.0,,
4066619,Origen Brut Nature 2022,Vallformosa,2022,Sparkling,3.4,556,10.41,España,Cava,Cava (España),2,3,3.0,,
1475920,Cava Brut Nature N.V.,Bocchoris,N.V.,Sparkling,3.4,546,7.55,España,Cava,Cava (España),2,3,3.0,,
1640624,Cava Brut Nature N.V.,Mistinguett,N.V.,Sparkling,3.3,463,8.5,España,Cava,Cava (España),2,3,3.0,,
1147067,Cava Brut Nature N.V.,Duc de Foix,N.V.,Sparkling,3.4,393,6.8,España,Cava,Cava (España),2,3,3.0,,
1488052,Extra Cuvée Seleccionada Reserva N.V.,Codorníu,N.V.,Sparkling,3.4,360,11.2,España,Cava,Cava (España),2,3,3.0,,
3962888,Clos la Soleya Cava Brut Nature 2024,Moli Parellada,2024,Sparkling,3.4,338,7.5,España,Cava,Cava (España),2,3,3.0,,
1981254,Sekt Extra Semi Seco N.V.,Castell d'Ordal,N.V.,Sparkling,3.2,298,4.65,España,Vino de España,Espumoso Español (España),2,3,3.0,,
1147165,Cava Brut Nature N.V.,Xènius,N.V.,Sparkling,3.3,208,6.0,España,Cava,Cava (España),2,3,3.0,,
13060,Reynal Vinos de Aguja Rosado N.V.,Pinord,N.V.,Sparkling,3.4,194,5.65,España,Penedès,Espumoso Español (España),2,3,3.0,,
1610998,Brut Nature N.V.,Castell del Remei,N.V.,Sparkling,3.4,186,9.92,España,Cava,Cava (España),2,3,3.0,,
1696347,5.5 Rosé Frizzante N.V.,Yllera,N.V.,Sparkling,3.3,170,8.5,España,Castilla y León,Espumoso Español (España),2,3,3.0,,
2343859,Escuturit Cava Brut Nature N.V.,Espelt,N.V.,Sparkling,3.4,169,10.5,España,Cava,Cava (España),2,3,3.0,,
4783807,Sparkling White Verdejo De-alcoholised N.V.,Win,N.V.,Sparkling,3.4,163,9.34,España,Ribera del Duero,Espumoso Español (España),2,3,3.0,,
1240413,Brut N.V.,Marina Espumante,N.V.,Sparkling,3.4,135,6.33,España,Alicante,Espumoso Español (España),2,3,3.0,,
12162041,Peñas Aladas Clarete 2020,Dominio del Águila,2020,Rose,4.6,28,260,España,Ribera del Duero,Spanish Rosé,3,2,3.0,1.5,
4626739,Rosado 2025,Can Axartell,2025,Rose,4.1,1634,15.95,España,Mallorca,Spanish Rosé,3,2,3.0,1.5,
5647108,Fins Als Kullons 2024,Finca Parera,2024,Rose,4.1,1189,18.05,España,Penedès,Spanish Rosé,3,2,3.0,1.5,
3228374,Impromptu Rosé 2024,Hispano Suizas,2024,Rose,4.0,945,25.5,España,Utiel-Requena,Spanish Rosé,3,2,3.0,1.5,
4447972,Primer Rosé 2024,Marqués de Murrieta,2024,Rose,4.0,940,35.75,España,Rioja,Spanish Rosé,3,2,3.0,1.5,
10039768,Naturaleza Salvaje Clarete 2022,Azul y Garanza,2022,Rose,4.0,724,13.75,España,Navarra,Spanish Grenache Rosé,3,2,3.0,1.5,
5959277,Dominio del Pidio Rosado 2024,Cillar de Silos,2024,Rose,4.1,678,24.7,España,Ribera del Duero,Spanish Tempranillo Rosé,3,3,3.0,1.5,
8464304,Lalomba Finca LaLinde 2024,Ramón Bilbao,2024,Rose,4.0,659,29.0,España,Rioja,Spanish Rosé,3,2,3.0,1.5,
1183390,Navarra Coleccion 125 Rosado 2023,Chivite,2023,Rose,4.1,651,27.0,España,Navarra,Spanish Rosé,3,2,3.0,1.5,
9719200,Cambuix Ve d’Avior.Cati Ribot 2024,Galmés I Ribot,2024,Rose,4.0,397,18.95,España,Islas Baleares,Spanish Rosé,3,2,3.0,1.5,
12020493,Marieta Mencía Rosé 2024,Bodegas Martín Códax,2024,Rose,4.0,383,8.49,España,Castilla y León,Spanish Rosé,3,2,3.0,1.5,
7249838,Monastrell Rosé 2024,Clos de Lôm,2024,Rose,4.0,350,12.9,España,Valencia,Spanish Rosé,3,2,3.0,1.5,
3597822,Le Rosé 2021,Antídoto,2021,Rose,4.3,320,60.0,España,Ribera del Duero,Spanish Rosé,3,2,3.0,1.5,
4995161,Priorat Partida Pedrer Rosat 2022,Sara Pérez y René Barbier,2022,Rose,4.1,293,30.46,España,Priorato,Spanish Grenache Rosé,3,2,3.0,1.5,
9687926,Vi·brant Rosé 2024,Llopart,2024,Rose,4.0,286,18.7,España,Penedès,Spanish Rosé,3,2,3.0,1.5,
5954105,Viñas Viejas Rosado 2021,Marqués de Riscal,2021,Rose,4.1,280,30.98,España,Castilla y León,Spanish Rosé,3,2,3.0,1.5,
10237194,Suañé Rosado Reserva 2021,Alonso & Pedrajo,2021,Rose,4.2,272,28.6,España,Rioja,Spanish Rosé,3,2,3.0,1.5,
6753595,Ojo Gallo Rosado 2023,Finca Torremilanos,2023,Rose,4.0,259,27.85,España,Ribera del Duero,Spanish Rosé,3,2,3.0,1.5,
5479963,Dido La Solució Rosa 2022,Venus la Universal,2022,Rose,4.1,233,22.2,España,Montsant,Spanish Rosé,3,2,3.0,1.5,
5645872,Mart Xarel-lo Vermell 2023,Gramona,2023,Rose,4.0,214,12.98,España,Penedès,Spanish Rosé,3,2,3.0,1.5,
11837851,Sericis Cepas Viejas Pinot Noir Rosé 2024,Murviedro,2024,Rose,4.1,208,8.9,España,Utiel-Requena,Spanish Rosé,3,2,3.0,1.5,
8328723,Cartesius Garnatxa Roja 2024,Arché Pagès,2024,Rose,4.1,199,13.65,España,Empordà,Spanish Grenache Rosé,3,2,3.0,1.5,
7343274,Con Barbas Y A Lo Loco 2022,Mas Candi,2022,Rose,4.1,199,17.55,España,Penedès,Spanish Rosé,3,2,3.0,1.5,
10619879,Arquitón Rosado 2024,Las Pedreras,2024,Rose,4.1,189,22.5,España,Castilla y León,Spanish Grenache Rosé,3,2,3.0,1.5,
9722012,Pagos de Anguix El Rosado 2024,Juvé & Camps,2024,Rose,4.0,188,14.9,España,Ribera del Duero,Spanish Rosé,3,2,3.0,1.5,
11841469,XR Rosé 2021,Marqués de Riscal,2021,Rose,4.0,180,26.0,España,Rioja,Spanish Rosé,3,2,3.0,1.5,
8499875,Marcelina Gómez Rosado 2024,Viña Sastre,2024,Rose,4.0,178,13.65,España,Ribera del Duero,Spanish Tempranillo Rosé,3,3,3.0,1.5,
1747032,Rosado Reserva 2016,Bodegas Valduero,2016,Rose,4.0,167,122.1,España,Ribera del Duero,Spanish Rosé,3,2,3.0,1.5,
8563924,Korde 2023,Pinea,2023,Rose,4.3,165,81.9,España,Ribera del Duero,Spanish Tempranillo Rosé,3,3,3.0,1.5,
12618192,Garnacha Rosé Sobre Lías 2024,Unzu,2024,Rose,4.1,157,14.75,España,Navarra,Spanish Grenache Rosé,3,2,3.0,1.5,
9880584,Gotas de Noche Rosé 2024,Rodríguez Sanzo,2024,Rose,4.1,150,13.4,España,Toro,Spanish Rosé,3,2,3.0,1.5,
3387477,Pla dels Àngels Rosado 2022,Scala Dei,2022,Rose,4.1,144,27.1,España,Priorato,Spanish Grenache Rosé,3,2,3.0,1.5,
9304582,Lara O Clarete 2023,Territorio Luthier,2023,Rose,4.1,141,20.0,España,Ribera del Duero,Spanish Rosé,3,2,3.0,1.5,
7701511,Viñas Centenarias Rosado 2023,De Los Abuelos,2023,Rose,4.2,137,19.95,España,Bierzo,Spanish Rosé,3,2,3.0,1.5,
10666669,El Visionari 2024,Celler Massis de l'Albera,2024,Rose,4.0,137,11.99,España,Cataluña,Spanish Grenache Rosé,3,2,3.0,1.5,
6887486,La Pequeñita Rosado Macerado 2021,Alonso & Pedrajo,2021,Rose,4.0,136,22.3,España,Rioja,Spanish Rosé,3,2,3.0,1.5,
8031034,La Peña 2022,Milsetentayseis,2022,Rose,4.3,132,50.9,España,Ribera del Duero,Spanish Rosé,3,2,3.0,1.5,
10968187,Classica Gran Reserva Rosado 2013,Hacienda López de Haro,2013,Rose,4.2,129,51.75,España,Rioja,Spanish Rosé,3,2,3.0,1.5,
8185913,Marbella Blush Rosé 2024,Málaga Virgen,2024,Rose,4.0,118,24.89,España,Sierras de Málaga,Spanish Rosé,3,2,3.0,1.5,
2300474,Ribera del Duero Rosae 2024,Arzuaga,2024,Rose,4.1,116,10.59,España,Ribera del Duero,Spanish Tempranillo Rosé,3,3,3.0,1.5,
9399348,XF Rosado 2023,Sierra Cantabria,2023,Rose,4.1,115,20.1,España,Rioja,Spanish Rosé,3,2,3.0,1.5,
7274981,A de Arínzano 2022,Arínzano,2022,Rose,4.0,106,27.0,España,Navarra,Spanish Tempranillo Rosé,3,3,3.0,1.5,
6570225,Jhana 2018,Castell d'Encus,2018,Rose,4.1,106,31.5,España,Costers del Segre,Spanish Rosé,3,2,3.0,1.5,
10030600,Fuentenebro Tempranillo 2020,Señorío de Nava,2020,Rose,4.0,98,11.55,España,Ribera del Duero,Spanish Tempranillo Rosé,3,3,3.0,1.5,
11504834,Volcánica Rosado 2022,Lagrima De Malvasia,2022,Rose,4.1,95,20.5,España,Lanzarote,Spanish Rosé,3,2,3.0,1.5,
7275005,Yoana de Vallobera 2023,Bodegas Vallobera,2023,Rose,4.0,94,7.95,España,Rioja,Spanish Rosé,3,2,3.0,1.5,
6141269,La Rosa 2024,Can Sumoi,2024,Rose,4.0,92,13.37,España,Penedès,Spanish Rosé,3,2,3.0,1.5,
9968425,Risueño 2024,Abel Mendoza Monge,2024,Rose,4.1,91,30.65,España,Rioja,Spanish Rosé,3,2,3.0,1.5,
5067357,Roc d'Aubaga Rosé 2017,Terroir Al Límit Soc. Lda,2017,Rose,4.0,90,39.65,España,Priorato,Spanish Grenache Rosé,3,2,3.0,1.5,
13169739,Nurva 2024,Abadal,2024,Rose,4.0,89,11.89,España,Pla de Bages,Spanish Rosé,3,2,3.0,1.5,
6429733,Extrísimo Semi Dulce Rosado 2022,Bach,2022,Rose,4.0,88,5.25,España,Cataluña,Spanish Rosé,3,2,3.0,1.5,
5664517,Think Pink Rosado 2023,Bodegas Vilano,2023,Rose,4.1,85,8.95,España,Ribera del Duero,Spanish Tempranillo Rosé,3,3,3.0,1.5,
1256018,Rubentis 2024,Ameztoi,2024,Rose,4.0,85,11.67,España,Getariako Txakolina,Spanish Rosé,3,2,3.0,1.5,
2211676,Rioja Larrosa 2024,Izadi,2024,Rose,4.0,85,6.85,España,Rioja,Spanish Grenache Rosé,3,2,3.0,1.5,
4851821,Otazu Tempranillo Rosé 2021,Bodega Otazu,2021,Rose,4.0,85,10.01,España,Navarra,Spanish Tempranillo Rosé,3,3,3.0,1.5,
9681337,Cadausolo de los Vidrios 2022,Comando G,2022,Rose,4.0,84,21.6,España,Madrid,Spanish Grenache Rosé,3,2,3.0,1.5,
9458966,Las Fincas Rosado Fermentado en Barrica 2020,Chivite,2020,Rose,4.1,82,28.25,España,Navarra,Spanish Grenache Rosé,3,2,3.0,1.5,
12288015,Gratallops Priorat Rosat 2022,Clos Mogador,2022,Rose,4.3,68,35.5,España,Priorato,Spanish Rosé,3,2,3.0,1.5,
1750122,Syrah Radix Rosé 2024,Parés Baltà,2024,Rose,4.2,67,22.9,España,Penedès,Spanish Rosé,3,2,3.0,1.5,
12041415,Otto Rosado 2024,Oxer Wines,2024,Rose,4.2,64,41.4,España,Rioja,Spanish Rosé,3,2,3.0,1.5,
5511184,Merlot Rosado 2022,Badman Wines,2022,Rose,4.0,57,17.15,España,Sierras de Málaga,Spanish Rosé,3,2,3.0,1.5,
9381909,Rioja Rosé 2018,Allende,2018,Rose,4.1,56,24.8,España,Rioja,Spanish Rosé,3,2,3.0,1.5,
5009547,Pícaro del Águila Clarete 2022,Dominio del Águila,2022,Rose,4.3,49,42.0,España,Ribera del Duero,Spanish Rosé,3,2,3.0,1.5,
11439321,Garnacha Rosado 2023,Anayón,2023,Rose,4.0,47,18.0,España,Cariñena,Spanish Grenache Rosé,3,2,3.0,1.5,
12385692,Tot-Ú Rosado 2022,El Mas de l'A,2022,Rose,4.1,44,15.95,España,Priorato,Spanish Rosé,3,2,3.0,1.5,
5513425,Flor de Muga Rosado 2024,Bodegas Muga,2024,Rose,4.1,44,20.6,España,Rioja,Spanish Grenache Rosé,3,2,3.0,1.5,
11264204,200 Monges Reserva Rosado 2017,Vinícola Real,2017,Rose,4.2,39,47.76,España,Rioja,Spanish Rosé,3,2,3.0,1.5,
7535345,Mara Moura Bastardo Rosé 2024,Bodegas Martín Códax,2024,Rose,4.0,34,22.0,España,Galicia,Spanish Rosé,3,2,3.0,1.5,
11694911,Aurorum 2021,Can Axartell,2021,Rose,4.2,34,35.3,España,Mallorca,Spanish Rosé,3,2,3.0,1.5,
10882760,Sió Rosat 2023,Bodega Ribas,2023,Rose,4.0,31,19.95,España,Mallorca,Spanish Rosé,3,2,3.0,1.5,
13317934,Minami Haru Rosado 2024,Casa Rojo,2024,Rose,4.0,30,16.15,España,Murcia,Spanish Rosé,3,2,3.0,1.5,
2298596,La Huella de Aitana Rosado 2024,Gonzalo Celayeta,2024,Rose,4.1,29,10.45,España,Navarra,Spanish Grenache Rosé,3,2,3.0,1.5,
8258024,Les Joveres de Margalef Rosato 2022,Celler Ronadelles - Cap de Ruc,2022,Rose,4.0,29,27.1,España,Cataluña,Spanish Rosé,3,2,3.0,1.5,
10941864,Clarete 2022,Bendito Destino,2022,Rose,4.2,27,35.0,España,Ribera del Duero,Spanish Rosé,3,2,3.0,1.5,
7149664,Audentia Cabernet Sauvignon Rosé 2024,Murviedro,2024,Rose,4.0,27,5.29,España,Utiel-Requena,Spanish Rosé,3,2,3.0,1.5,
11922825,Assemblage Clarete 2022,De Nariz,2022,Rose,4.2,26,14.5,España,Vino de España,Spanish Rosé,3,2,3.0,1.5,
1585181,Rosado 2024,Liquid Geography,2024,Rose,4.0,2010,11.95,España,Bierzo,Spanish Rosé,3,2,3.0,1.5,
9122,Gran Reserva Rosado 2010,R. López de Heredia,2010,Rose,4.4,959,199.0,España,Rioja Alta,Spanish Grenache Rosé,3,2,3.0,1.5,
1216801,Gurdos Prieto Picudo 2024,Bodegas Gordonzello,2024,Rose,4.0,662,9.48,España,Tierra de León,Spanish Rosé,3,2,3.0,1.5,
5968981,Rosado 2024,Torralbenc,2024,Rose,4.0,491,21.6,España,Isla de Menorca,Spanish Rosé,3,2,3.0,1.5,
1829739,Cabernet Sauvignon Rosado 2021,Enate,2021,Rose,4.0,392,9.16,España,Somontano,Spanish Rosé,3,2,3.0,1.5,
1757312,Flaires 2022,Mortitx,2022,Rose,4.0,368,15.4,España,Mallorca,Spanish Rosé,3,2,3.0,1.5,
2603702,E Rosat (Ecològic) 2023,Binigrau,2023,Rose,4.1,302,14.9,España,Mallorca,Spanish Rosé,3,2,3.0,1.5,
5323343,Antxiola Rosé 2024,Zudugarai,2024,Rose,4.0,283,16.85,España,Getariako Txakolina,Spanish Rosé,3,2,3.0,1.5,
2464558,Rosat 2022,Armero i Adrover,2022,Rose,4.1,268,10.97,España,Mallorca,Spanish Rosé,3,2,3.0,1.5,
10520945,Demuerte Rosé 2024,Winery On Creations,2024,Rose,4.0,264,13.6,España,Yecla,Spanish Rosé,3,2,3.0,1.5,
7426597,Caíño Rosado 2021,Abadia da Cova,2021,Rose,4.1,155,60.26,España,Ribeira Sacra,Spanish Rosé,3,2,3.0,1.5,
8448233,Rosado de Larrainzar 2024,Pago de Larrainzar,2024,Rose,4.3,129,11.0,España,Navarra,Spanish Rosé,3,2,3.0,1.5,
1173650,Otazu Merlot Rosado 2018,Bodega Otazu,2018,Rose,4.1,128,8.5,España,Navarra,Spanish Rosé,3,2,3.0,1.5,
7335604,Nas del Gegant Rosado 2023,Escoda-Sanahuja,2023,Rose,4.1,127,18.35,España,Conca de Barberà,Spanish Rosé,3,2,3.0,1.5,
9488199,Conciencia Cosmica 2024,Cosmic,2024,Rose,4.0,114,23.5,España,Cataluña,Spanish Rosé,3,2,3.0,1.5,
6347822,Haru 2022,Casa Rojo,2022,Rose,4.0,104,15.55,España,Murcia,Spanish Rosé,3,2,3.0,1.5,
1266489,Sonrojo Rosado 2022,Calandria,2022,Rose,4.0,75,6.32,España,Navarra,Spanish Grenache Rosé,3,2,3.0,1.5,
7631888,Croac Croac Pink 2021,Clos Lentiscus,2021,Rose,4.0,68,18.75,España,Cataluña,Spanish Rosé,3,2,3.0,1.5,
8359472,Rosado 2021,Tobelos,2021,Rose,4.0,67,10.13,España,Rioja,Spanish Rosé,3,2,3.0,1.5,
4763095,Rosado 2022,Xaloc,2022,Rose,4.0,64,29.4,España,Mallorca,Spanish Rosé,3,2,3.0,1.5,
8667798,Tianna Bocchoris Rosado 2022,Tianna Negre,2022,Rose,4.0,58,16.21,España,Binissalem-Mallorca,Spanish Rosé,3,2,3.0,1.5,
4733774,Verano 2022,Xaloc,2022,Rose,4.4,53,29.4,España,Mallorca,Spanish Rosé,3,2,3.0,1.5,
7199750,Born Rosé 2024,Born Rosé Barcelona,2024,Rose,4.1,50,14.95,España,Cataluña,Spanish Rosé,3,2,3.0,1.5,
7570010,Art Collection Garnacha Rosé 2022,Bodegas Faustino,2022,Rose,4.0,50,8.95,España,Rioja Alavesa,Spanish Grenache Rosé,3,2,3.0,1.5,
11158526,A COCO 2023,Oriol Artigas,2023,Rose,4.0,45,18.75,España,Cataluña,Spanish Rosé,3,2,3.0,1.5,
1779461,Blanc de Negres 2021,Ca'N Vidalet,2021,Rose,4.0,42,13.36,España,Mallorca,Spanish Rosé,3,2,3.0,1.5,
2385223,Caminito 2023,Terra Remota,2023,Rose,4.0,35,16.85,España,Empordà,Spanish Rosé,3,2,3.0,1.5,
1913620,Acústic Rosat 2018,Acustic Celler,2018,Rose,4.0,34,11.86,España,Montsant,Spanish Grenache Rosé,3,2,3.0,1.5,
5666512,Monastrell Rosado 2022,Enrique Mendoza,2022,Rose,4.0,34,9.0,España,Alicante,Spanish Rosé,3,2,3.0,1.5,
11122750,Alma Tobía Único 2023,Tobia,2023,Rose,4.1,33,45.0,España,Rioja,Spanish Rosé,3,2,3.0,1.5,
10912508,Dominio de Casalta - Rosado 2022,Pepe Rodríguez de Vera,2022,Rose,4.1,26,14.65,España,Almansa,Spanish Rosé,3,2,3.0,1.5,
2342434,Organic Tempranillo Rosé 2025,Mesta,2025,Rose,3.5,4620,4.2,España,Uclés,Spanish Tempranillo Rosé,3,3,3.0,1.5,
1656567,Cabernet Sauvignon - Tempranillo Rosado 2023,Nuviana,2023,Rose,3.6,3524,7.7,España,Valle del Cinca,Spanish Rosé,3,2,3.0,1.5,
1135273,Rosado (Clarete) 2025,Protos,2025,Rose,3.5,3477,7.5,España,Cigales,Spanish Rosé,3,2,3.0,1.5,
9683938,Mucho Mas Rosado N.V.,Félix Solís,N.V.,Rose,3.9,3175,5.55,España,Vino de España,Spanish Rosé,3,2,3.0,1.5,
2348849,Naranjas Azules Garnacha Rosado 2024,Soto y Manrique,2024,Rose,3.6,2393,8.95,España,Castilla y León,Spanish Grenache Rosé,3,2,3.0,1.5,
5610625,Quelías Rosé 2024,Sinforiano,2024,Rose,3.9,2367,10.68,España,Cigales,Spanish Rosé,3,2,3.0,1.5,
5803518,Aire de Protos 2025,Protos,2025,Rose,3.8,1948,9.25,España,Cigales,Spanish Rosé,3,2,3.0,1.5,
1124810,Rosado 2024,Cuatro Pasos,2024,Rose,3.5,1678,7.5,España,Bierzo,Spanish Rosé,3,2,3.0,1.5,
1253426,Gran Caus Rosat 2024,Can Ràfols dels Caus,2024,Rose,3.9,1620,18.25,España,Penedès,Spanish Rosé,3,2,3.0,1.5,
16924,Petit Verdot Rosado 2023,Pago del Vicario,2023,Rose,3.8,1595,9.4,España,Castilla,Spanish Rosé,3,2,3.0,1.5,
1637759,Rosé 2025,Txomin Etxaniz,2025,Rose,3.9,1585,12.4,España,Getariako Txakolina,Spanish Rosé,3,2,3.0,1.5,
1983693,Garnacha Rosé 2023,Las Campanas,2023,Rose,3.5,1571,4.39,España,Navarra,Spanish Grenache Rosé,3,2,3.0,1.5,
3508744,Roselito 2023,Antídoto,2023,Rose,3.8,1503,13.75,España,Ribera del Duero,Spanish Rosé,3,2,3.0,1.5,
1261831,Rosado 2024,Bodegas Care,2024,Rose,3.7,1473,5.95,España,Cariñena,Spanish Rosé,3,2,3.0,1.5,
50434,Finca El Bosque Rosado de Lágrima 2024,Bodegas Ochoa,2024,Rose,3.5,1388,7.48,España,Navarra,Spanish Grenache Rosé,3,2,3.0,1.5,
3293066,Rosado 2024,Sierra Cantabria,2024,Rose,3.7,1368,7.05,España,Rioja,Spanish Tempranillo Rosé,3,3,3.0,1.5,
1152412,Rosado De Lágrima Vendimia Nocturna 2023,Castillo de Monjardin,2023,Rose,3.5,1360,5.99,España,Navarra,Spanish Rosé,3,2,3.0,1.5,
2951145,Mia Rosado 2024,Freixenet,2024,Rose,3.6,1325,6.2,España,Castilla,Spanish Rosé,3,2,3.0,1.5,
1766451,Tempranillo - Garnacha Rioja Rosado 2024,Vivanco,2024,Rose,3.5,1309,7.3,España,Rioja,Spanish Rosé,3,2,3.0,1.5,
3409201,Garnacha Rosé 2024,Viña Zorzal,2024,Rose,3.6,1296,6.9,España,Navarra,Spanish Grenache Rosé,3,2,3.0,1.5,
3415933,Rosado 2024,Hacienda López de Haro,2024,Rose,3.5,1081,7.4,España,Rioja,Spanish Rosé,3,2,3.0,1.5,
2204541,Ullones 2024,Oliveda,2024,Rose,3.8,1036,8.06,España,Empordà,Spanish Grenache Rosé,3,2,3.0,1.5,
1658874,Mas Donis Rosat Montsant 2024,Celler de Capçanes,2024,Rose,3.5,1028,7.5,España,Montsant,Spanish Rosé,3,2,3.0,1.5,
2496602,Ribas Rosat 2024,Bodega Ribas,2024,Rose,3.9,1024,17.5,España,Mallorca,Spanish Rosé,3,2,3.0,1.5,
1563481,Sinfo Rosado 2025,Sinforiano,2025,Rose,3.7,911,5.58,España,Cigales,Spanish Rosé,3,2,3.0,1.5,
2039904,Rosado 2025,Alquézar,2025,Rose,3.7,896,4.95,España,Somontano,Spanish Rosé,3,2,3.0,1.5,
4660692,Rioja Rosé 2024,Beronia,2024,Rose,3.6,885,7.2,España,Rioja,Spanish Tempranillo Rosé,3,3,3.0,1.5,
1540586,Rosado 2024,Bodega Emina,2024,Rose,3.6,862,6.5,España,Cigales,Spanish Rosé,3,2,3.0,1.5,
4581119,LaLomba Rosado 2024,Ramón Bilbao,2024,Rose,3.9,791,24.85,España,Rioja,Spanish Rosé,3,2,3.0,1.5,
5463558,Tempranillo Rosė 2024,Bicicletas y Peces,2024,Rose,3.7,768,9.0,España,Somontano,Spanish Tempranillo Rosé,3,3,3.0,1.5,
49774,Artazuri Garnacha Rosado (Artazu) 2024,Artadi,2024,Rose,3.6,722,9.5,España,Navarra,Spanish Grenache Rosé,3,2,3.0,1.5,
1238913,Quinta Clarisa Belondrade 2024,Belondrade,2024,Rose,3.6,709,14.0,España,Castilla y León,Spanish Tempranillo Rosé,3,3,3.0,1.5,
3934440,l de Aylés 2022,Pago Aylés,2022,Rose,3.8,688,7.95,España,Cariñena,Spanish Rosé,3,2,3.0,1.5,
7421039,Les Alifares 2023,Celler Frisach,2023,Rose,3.9,676,22.5,España,Terra Alta,Spanish Rosé,3,2,3.0,1.5,
4695160,Garnacha - Viura Rosé 2023,Viña Pomal,2023,Rose,3.6,671,14.4,España,Rioja,Spanish Rosé,3,2,3.0,1.5,
1513175,Rosado 2023,Finca del Mar,2023,Rose,3.6,661,9.95,España,Valencia,Spanish Rosé,3,2,3.0,1.5,
1231561,Tombú Prieto Picudo 2024,Dominio Dostares,2024,Rose,3.6,655,8.88,España,Castilla y León,Spanish Rosé,3,2,3.0,1.5,
7566105,Garnacha - Graciano Rosé 2024,Señorío de Sarria,2024,Rose,3.6,652,6.1,España,Navarra,Spanish Rosé,3,2,3.0,1.5,
4191007,Glárima Rosado 2024,Bodega Sommos,2024,Rose,3.5,652,4.05,España,Somontano,Spanish Rosé,3,2,3.0,1.5,
4588370,Navarra Rosado 2025,Pagos de Aráiz,2025,Rose,3.7,630,7.2,España,Navarra,Spanish Grenache Rosé,3,2,3.0,1.5,
4417327,Rosé 2023,Astobiza,2023,Rose,3.8,629,13.5,España,Arabako Txakolina,Spanish Rosé,3,2,3.0,1.5,
3009674,12 Lunas Rosé 2024,El Grillo y La Luna,2024,Rose,3.8,627,10.8,España,Somontano,Spanish Rosé,3,2,3.0,1.5,
4418212,Curiosa Rosat 2024,Albet i Noya,2024,Rose,3.6,604,9.64,España,Penedès,Spanish Rosé,3,2,3.0,1.5,
7579377,El Rosé de Aresan Garnacha - Cabernet 2024,Castillo de Aresan,2024,Rose,3.9,552,6.9,España,Castilla,Spanish Rosé,3,2,3.0,1.5,
1509151,Rosado 2023,Finca Nueva,2023,Rose,3.7,544,6.87,España,Rioja,Spanish Tempranillo Rosé,3,3,3.0,1.5,
1251649,Rioja Rosado 2022,Ramón Bilbao,2022,Rose,3.8,544,16.2,España,Rioja,Spanish Grenache Rosé,3,2,3.0,1.5,
4563981,Rioja Rosado 2023,Obalo,2023,Rose,3.8,529,9.4,España,Rioja,Spanish Tempranillo Rosé,3,3,3.0,1.5,
4422694,Fragància de Marta 2024,Canals Canals,2024,Rose,3.9,526,10.9,España,Penedès,Spanish Rosé,3,2,3.0,1.5,
17110,La Rosa 2023,Raventós i Blanc,2023,Rose,3.8,522,12.9,España,Penedès,Spanish Rosé,3,2,3.0,1.5,
2618149,Rosado 2024,Laus,2024,Rose,3.6,507,5.65,España,Somontano,Spanish Rosé,3,2,3.0,1.5,
1661705,Vélo Rosé 2024,Tianna Negre,2024,Rose,3.8,503,14.65,España,Binissalem-Mallorca,Spanish Rosé,3,2,3.0,1.5,
1163699,Rosado 2019,Marqués de Riscal,2019,Rose,3.7,502,20.0,España,Rioja,Spanish Rosé,3,2,3.0,1.5,
4427733,Rosa d'Abril 2024,Torelló,2024,Rose,3.7,497,13.4,España,Penedès,Spanish Rosé,3,2,3.0,1.5,
2103010,Ercavio Rosado 2024,Más Que Vinos,2024,Rose,3.5,497,8.75,España,Castilla,Spanish Tempranillo Rosé,3,3,3.0,1.5,
1159310,Viña Aljibes Syrah Rosado 2023,Finca Los Aljibes,2023,Rose,3.7,488,7.2,España,Castilla,Spanish Rosé,3,2,3.0,1.5,
4096075,Viña Esmeralda Rosado 2022,Familia Torres,2022,Rose,3.8,485,10.4,España,Cataluña,Spanish Grenache Rosé,3,2,3.0,1.5,
8380276,Tempranillo - Syrah Rosé 2024,Finca Venta de Don Quijote,2024,Rose,3.6,472,2.96,España,Rueda,Spanish Rosé,3,2,3.0,1.5,
1978024,Barbazul Rosado 2024,Huerta de Albala,2024,Rose,3.7,469,9.55,España,Cádiz,Spanish Rosé,3,2,3.0,1.5,
2376960,Sorbet Garnatxa Rosé 2022,Martí Serdà,2022,Rose,3.7,462,6.11,España,Cataluña,Spanish Grenache Rosé,3,2,3.0,1.5,
4384363,Pinot Noir Rosado 2023,Viñas del Vero,2023,Rose,3.7,459,9.75,España,Somontano,Spanish Rosé,3,2,3.0,1.5,
2565089,Confiança 2024,Cosmic,2024,Rose,3.7,455,21.8,España,Empordà,Spanish Rosé,3,2,3.0,1.5,
9719527,Los Arrotos del Pendón Rosado 2023,Raúl Pérez,2023,Rose,3.8,449,9.3,España,Tierra de León,Spanish Rosé,3,2,3.0,1.5,
1223851,Sumoll Rosado 2024,Pardas,2024,Rose,3.5,445,14.95,España,Penedès,Spanish Rosé,3,2,3.0,1.5,
6563236,Cloe Rosé 2024,Bodega Doña Felisa,2024,Rose,3.8,445,12.95,España,Sierras de Málaga,Spanish Grenache Rosé,3,2,3.0,1.5,
4500123,8º Rosado 2024,Lar de Maía,2024,Rose,3.5,443,12.0,España,Castilla y León,Spanish Tempranillo Rosé,3,3,3.0,1.5,
7490,Muga Rosado 2024,Bodegas Muga,2024,Rose,3.9,441,8.5,España,Rioja,Spanish Rosé,3,2,3.0,1.5,
2529769,Tarima Rosado 2024,Volver,2024,Rose,3.5,437,6.72,España,Alicante,Spanish Rosé,3,2,3.0,1.5,
4382403,Viñas de Anna Pinot Noir 2025,Anna de Codorniu,2025,Rose,3.5,429,8.8,España,Cataluña,Spanish Rosé,3,2,3.0,1.5,
7257451,Arnegui Tempranillo - Garnacha Rosado 2024,Pagos del Rey,2024,Rose,3.6,417,6.35,España,Rioja,Spanish Rosé,3,2,3.0,1.5,
4887233,Perl Arena Rosado 2024,Dominio del Bendito,2024,Rose,3.9,407,12.95,España,Toro,Spanish Rosé,3,2,3.0,1.5,
1734770,Petjades 2024,Torelló,2024,Rose,3.5,402,10.75,España,Penedès,Spanish Rosé,3,2,3.0,1.5,
3413341,Cal Y Canto Shiraz Rosé 2025,Isidro Milagro,2025,Rose,3.5,395,5.3,España,Rioja,Spanish Rosé,3,2,3.0,1.5,
9611976,Clarete 2025,Linea Kármán,2025,Rose,3.9,393,7.0,España,Rioja,Spanish Rosé,3,2,3.0,1.5,
5632007,Flamingo Rosé 2017,Conde de San Cristobal,2017,Rose,3.7,392,24.95,España,Ribera del Duero,Spanish Tempranillo Rosé,3,3,3.0,1.5,
1764981,Emporda Cigonyes Rosé 2023,Castillo Perelada,2023,Rose,3.6,391,8.75,España,Empordà,Spanish Rosé,3,2,3.0,1.5,
1635226,Lia 2023,Pradorey,2023,Rose,3.6,389,8.95,España,Ribera del Duero,Spanish Tempranillo Rosé,3,3,3.0,1.5,
1772885,Rosado 2024,Valdelosfrailes,2024,Rose,3.5,379,7.65,España,Cigales,Spanish Tempranillo Rosé,3,3,3.0,1.5,
5800700,Pescador Rosé N.V.,Castillo Perelada,N.V.,Rose,3.5,378,5.3,España,Empordà,Spanish Rosé,3,2,3.0,1.5,
6137904,Rosado de Lágrima 2023,El Grifo,2023,Rose,3.8,370,21.6,España,Lanzarote,Spanish Rosé,3,2,3.0,1.5,
4351925,Rosado 2024,Palacio de Sada,2024,Rose,3.5,368,6.3,España,Navarra,Spanish Grenache Rosé,3,2,3.0,1.5,
5593354,Coral Rosado 2024,Inurrieta,2024,Rose,3.7,367,7.75,España,Navarra,Spanish Rosé,3,2,3.0,1.5,
22137,Rosado 2023,Altanza,2023,Rose,3.6,357,6.21,España,Rioja Alta,Spanish Tempranillo Rosé,3,3,3.0,1.5,
2286010,Rosat 2024,Bàrbara Forés,2024,Rose,3.5,357,9.35,España,Terra Alta,Spanish Rosé,3,2,3.0,1.5,
6218572,Rosa Pálido 2024,Nicte,2024,Rose,3.9,352,10.2,España,Castilla y León,Spanish Rosé,3,2,3.0,1.5,
5518155,Charlatán Garnacha Negra 2024,César Principe,2024,Rose,3.8,347,8.55,España,Cigales,Spanish Grenache Rosé,3,2,3.0,1.5,
2902890,Marismilla 2024,Bodegas Luis Perez,2024,Rose,3.8,334,14.95,España,Cádiz,Spanish Rosé,3,2,3.0,1.5,
5509556,'La Vida Secreta de les Plantes' Carmi Rosat 2023,Llopart,2023,Rose,3.8,312,10.95,España,Penedès,Spanish Rosé,3,2,3.0,1.5,
6312212,Rosado 2023,Baluarte,2023,Rose,3.6,304,5.73,España,Navarra,Spanish Grenache Rosé,3,2,3.0,1.5,
9288209,Syrah - Garnacha Rosé 2024,Bodega Sommos,2024,Rose,3.8,300,6.3,España,Somontano,Spanish Rosé,3,2,3.0,1.5,
1189910,Rosado 2023,Bodegas Marqués de Cáceres,2023,Rose,3.6,297,7.99,España,Rioja,Spanish Tempranillo Rosé,3,3,3.0,1.5,
4618640,Ses Nines Rosat de Sang 2024,Tianna Negre,2024,Rose,3.7,289,11.56,España,Binissalem-Mallorca,Spanish Rosé,3,2,3.0,1.5,
2319227,Rosado 2022,Arrayán,2022,Rose,3.7,289,8.62,España,Méntrida,Spanish Rosé,3,2,3.0,1.5,
9812809,Selección Especial Rosé 2023,Freixenet,2023,Rose,3.7,284,6.4,España,Cataluña,Spanish Rosé,3,2,3.0,1.5,
2439191,Garnacha Rosé 2023,Ilurce,2023,Rose,3.9,283,6.4,España,Rioja,Spanish Grenache Rosé,3,2,3.0,1.5,
5029747,L'Abrunet Rosado 2024,Celler Frisach,2024,Rose,3.6,277,10.3,España,Terra Alta,Spanish Rosé,3,2,3.0,1.5,
2365909,Monastrell Rosé 2024,Alceño,2024,Rose,3.7,275,4.95,España,Jumilla,Spanish Rosé,3,2,3.0,1.5,
6262054,Alma Bohemia Rosé 2024,Altanza,2024,Rose,3.9,274,8.9,España,Rioja,Spanish Rosé,3,2,3.0,1.5,
5544809,Rosé 2024,Juan Gil,2024,Rose,3.6,273,11.9,España,Jumilla,Spanish Rosé,3,2,3.0,1.5,
1795806,Lledoner Rosat 2024,Espelt,2024,Rose,3.5,268,7.38,España,Empordà,Spanish Grenache Rosé,3,2,3.0,1.5,
1835177,Oriol dels Aspres Rosat 2023,Vinyes dels Aspres,2023,Rose,3.6,266,8.47,España,Empordà,Spanish Rosé,3,2,3.0,1.5,
4733775,Rose & Clear Rosat de Rosats 2024,Lacrima Baccus,2024,Rose,3.7,264,7.9,España,Penedès,Spanish Rosé,3,2,3.0,1.5,
6457613,Indispensable Rosé 2023,Oliver Conti,2023,Rose,3.5,263,6.95,España,Empordà,Spanish Grenache Rosé,3,2,3.0,1.5,
5616507,Old Farm Vineyard Pinot Noir Rosé 2023,Alta Pavina,2023,Rose,3.7,263,10.8,España,Castilla y León,Spanish Rosé,3,2,3.0,1.5,
4273081,La Novia Ideal 2024,Cherubino Valsangiacomo,2024,Rose,3.5,262,7.8,España,Valencia,Spanish Rosé,3,2,3.0,1.5,
3565897,Xic Rosat 2025,Agusti Torello Mata,2025,Rose,3.5,261,7.1,España,Penedès,Spanish Rosé,3,2,3.0,1.5,
3317993,Butibalausi Rosat 2023,Can Majoral,2023,Rose,3.8,261,9.5,España,Plà i Llevant,Spanish Rosé,3,2,3.0,1.5,
2361964,Maragda Rosa 2024,Mas Llunes,2024,Rose,3.5,261,7.5,España,Empordà,Spanish Rosé,3,2,3.0,1.5,
6431528,Syrah - Sumoll 2024,Freyé,2024,Rose,3.7,259,7.5,España,Penedès,Spanish Rosé,3,2,3.0,1.5,
1373492,Parvus Rosé 2021,Alta Alella,2021,Rose,3.6,256,10.15,España,Alella,Spanish Rosé,3,2,3.0,1.5,
1315074,Rosado 2023,Tarón,2023,Rose,3.5,255,4.75,España,Rioja Alta,Spanish Rosé,3,2,3.0,1.5,
3527928,Las Fincas Rosado 2023,Chivite,2023,Rose,3.9,249,12.5,España,Navarra,Spanish Grenache Rosé,3,2,3.0,1.5,
3971271,Rioja Rosado 2021,Contino,2021,Rose,3.9,248,31.9,España,Rioja,Spanish Rosé,3,2,3.0,1.5,
2474095,Clamor Rosado 2021,Raimat,2021,Rose,3.7,247,6.5,España,Costers del Segre,Spanish Rosé,3,2,3.0,1.5,
1158442,Rosado 2024,Martin Berdugo,2024,Rose,3.6,246,6.94,España,Ribera del Duero,Spanish Tempranillo Rosé,3,3,3.0,1.5,
4277052,Flors i Violes Rosat 2024,Mas Vicenç,2024,Rose,3.8,244,8.25,España,Tarragona,Spanish Rosé,3,2,3.0,1.5,
6721714,Rozzulo Rosé 2023,Bodegas Aragonesas,2023,Rose,3.7,243,4.85,España,Campo de Borja,Spanish Rosé,3,2,3.0,1.5,
4626402,Perafita Rosat 2024,Martín Faixó,2024,Rose,3.8,243,12.56,España,Empordà,Spanish Rosé,3,2,3.0,1.5,
4901261,Rosado 2024,Sospechoso,2024,Rose,3.5,243,9.7,España,Castilla,Spanish Rosé,3,2,3.0,1.5,
2621008,Solaz Rosado 2024,Osborne,2024,Rose,3.5,241,3.75,España,Castilla,Spanish Rosé,3,2,3.0,1.5,
1833743,Pinot Noir Rosé 2024,Parató,2024,Rose,3.7,240,9.5,España,Penedès,Spanish Rosé,3,2,3.0,1.5,
1823262,Monte Castrillo Rosado 2022,Finca Torremilanos,2022,Rose,3.5,231,10.9,España,Ribera del Duero,Spanish Tempranillo Rosé,3,3,3.0,1.5,
2634,De Casta Rosado 2023,Familia Torres,2023,Rose,3.6,230,5.05,España,Cataluña,Spanish Rosé,3,2,3.0,1.5,
10634563,Viñedo Cinco Garnacha de Viñas Viejos 2024,Señorío de Sarria,2024,Rose,3.8,228,6.15,España,Navarra,Spanish Grenache Rosé,3,2,3.0,1.5,
5639934,Coto de Hayas Garnacha Rosado 2024,Bodegas Aragonesas,2024,Rose,3.5,225,4.4,España,Campo de Borja,Spanish Grenache Rosé,3,2,3.0,1.5,
6345503,Colección Rosado 2023,Luzon,2023,Rose,3.8,223,7.59,España,Jumilla,Spanish Rosé,3,2,3.0,1.5,
9504133,Rosado 2024,Barbadillo,2024,Rose,3.8,223,6.1,España,Jerez-Xérès-Sherry,Spanish Rosé,3,2,3.0,1.5,
4995813,Anima de Raimat Rosé 2024,Raimat,2024,Rose,3.6,220,8.0,España,Costers del Segre,Spanish Rosé,3,2,3.0,1.5,
1217321,Rioja Rosado 2023,Montecillo,2023,Rose,3.6,219,6.7,España,Rioja,Spanish Rosé,3,2,3.0,1.5,
19434,Colegiata Rosado 2023,Fariña,2023,Rose,3.5,216,5.7,España,Toro,Spanish Tempranillo Rosé,3,3,3.0,1.5,
1186751,Clarete de Luna Rosado 2024,César Principe,2024,Rose,3.5,211,5.04,España,Cigales,Spanish Tempranillo Rosé,3,3,3.0,1.5,
1274811,Rosado 2022,Cune (CVNE),2022,Rose,3.5,211,6.3,España,Rioja,Spanish Tempranillo Rosé,3,3,3.0,1.5,
8582132,El Goru Rosado 2023,EGO,2023,Rose,3.7,211,7.5,España,Murcia,Spanish Grenache Rosé,3,2,3.0,1.5,
10650283,Pinkgall Rosado 2024,Gallina de Piel,2024,Rose,3.7,207,9.9,España,Navarra,Spanish Rosé,3,2,3.0,1.5,
4368881,Cami d'en Poca Sang 2022,Hugas de Batlle,2022,Rose,3.8,201,15.95,España,Empordà,Spanish Grenache Rosé,3,2,3.0,1.5,
5300334,Josep Foraster els Nanos Trepat Rosat 2024,Mas Foraster,2024,Rose,3.6,200,7.7,España,Conca de Barberà,Spanish Rosé,3,2,3.0,1.5,
2429878,Atrevit 2024,Descregut,2024,Rose,3.6,200,9.2,España,Penedès,Spanish Rosé,3,2,3.0,1.5,
76943,El Criticon Garnacha Rosado 2024,Baltasar Gracián,2024,Rose,3.5,199,5.17,España,Calatayud,Spanish Grenache Rosé,3,2,3.0,1.5,
6834927,Moteur Pistache Rosé 2023,4 Kilos Vinícola,2023,Rose,3.9,194,20.95,España,Mallorca,Spanish Rosé,3,2,3.0,1.5,
1662936,Rosado 2022,Gran Feudo,2022,Rose,3.5,191,4.27,España,Navarra,Spanish Grenache Rosé,3,2,3.0,1.5,
2405064,Saó Rosat 2024,Mas Blanch I Jove,2024,Rose,3.7,186,10.4,España,Costers del Segre,Spanish Rosé,3,2,3.0,1.5,
2651989,Merlot Rosé 2024,Rovellats,2024,Rose,3.5,184,6.35,España,Penedès,Spanish Rosé,3,2,3.0,1.5,
2034549,Rosado 2024,El Coto,2024,Rose,3.8,184,4.54,España,Rioja,Spanish Tempranillo Rosé,3,3,3.0,1.5,
7264666,Garnacha Rosado 2025,Bodega Otto Bestué,2025,Rose,3.8,180,7.75,España,Somontano,Spanish Grenache Rosé,3,2,3.0,1.5,
7632137,Alegra de Beronia 2023,Beronia,2023,Rose,3.9,173,19.4,España,Rioja,Spanish Rosé,3,2,3.0,1.5,
7352274,Solarce Rosado 2024,Casa La Rad,2024,Rose,3.9,171,9.0,España,Rioja,Spanish Rosé,3,2,3.0,1.5,
6555017,Coto Mayor Rosado 2024,El Coto,2024,Rose,3.6,170,6.3,España,Rioja,Spanish Rosé,3,2,3.0,1.5,
6574876,Lola Bel Rosé 2025,Les Vinyes del Convent,2025,Rose,3.9,170,10.35,España,Cataluña,Spanish Rosé,3,2,3.0,1.5,
3614008,Rioja Rosado 2021,Viña Real,2021,Rose,3.9,167,7.99,España,Rioja,Spanish Rosé,3,2,3.0,1.5,
6721563,Rosé 2024,Nube de Leza García,2024,Rose,3.8,165,11.9,España,Rioja,Spanish Rosé,3,2,3.0,1.5,
2695609,Portal Rosat (Nuestra Señora) 2023,Celler Piñol,2023,Rose,3.9,160,7.95,España,Terra Alta,Spanish Grenache Rosé,3,2,3.0,1.5,
4739771,Regina 2023,Josep Grau Viticultor,2023,Rose,3.9,160,29.0,España,Montsant,Spanish Rosé,3,2,3.0,1.5,
1961276,Prieto Picudo Rosado 2023,Tampesta,2023,Rose,3.6,159,8.5,España,Tierra de León,Spanish Rosé,3,2,3.0,1.5,
1698444,Trapella Syrah Rosat 2024,Espelt,2024,Rose,3.7,159,9.99,España,Empordà,Spanish Rosé,3,2,3.0,1.5,
1870802,Rosado 2024,Bodegas Aradon,2024,Rose,3.6,159,5.28,España,Rioja,Spanish Grenache Rosé,3,2,3.0,1.5,
6332675,Ales Roses 2023,Terra Remota,2023,Rose,3.5,156,9.8,España,Cataluña,Spanish Grenache Rosé,3,2,3.0,1.5,
1747316,Rosat Flor 2024,Rigau Ros,2024,Rose,3.6,155,5.35,España,Empordà,Spanish Rosé,3,2,3.0,1.5,
5163951,El Follet Rosat de Syrah 2024,Rendé Masdéu,2024,Rose,3.6,153,7.95,España,Conca de Barberà,Spanish Rosé,3,2,3.0,1.5,
12501492,Habla de Ti Rosé 2024,Habla,2024,Rose,3.8,150,10.61,España,Extremadura,Spanish Rosé,3,2,3.0,1.5,
7603093,Rosae 2022,Regina Viarum,2022,Rose,3.7,149,16.3,España,Ribeira Sacra,Spanish Rosé,3,2,3.0,1.5,
2055214,El Aprendiz Rosado 2024,Leyenda del Páramo,2024,Rose,3.5,147,6.15,España,Tierra de León,Spanish Rosé,3,2,3.0,1.5,
6149016,10.000 Hores Rosé 2023,Oliver Viticultors,2023,Rose,3.8,142,6.85,España,Penedès,Spanish Rosé,3,2,3.0,1.5,
1832067,Pizarras de Otero Rosé 2024,Cuatro Pasos,2024,Rose,3.5,142,9.6,España,Bierzo,Spanish Rosé,3,2,3.0,1.5,
7308557,Morenillo 2023,Bernavi,2023,Rose,3.8,140,11.9,España,Terra Alta,Spanish Rosé,3,2,3.0,1.5,
5380936,Tempranillo Rosado 2024,Corcovo - Megía e Hijos,2024,Rose,3.7,138,4.66,España,Valdepeñas,Spanish Tempranillo Rosé,3,3,3.0,1.5,
2009251,Cristiari Rosat 2025,Vall de Baldomar,2025,Rose,3.7,137,11.9,España,Costers del Segre,Spanish Rosé,3,2,3.0,1.5,
4801785,Viñas de Anna Flor de Rosa 2024,Anna de Codorniu,2024,Rose,3.6,137,9.14,España,Cataluña,Spanish Rosé,3,2,3.0,1.5,
7341788,Rosat de Mitjanit 2023,Vinyes Domenech,2023,Rose,3.9,136,15.6,España,Montsant,Spanish Grenache Rosé,3,2,3.0,1.5,
8895382,Vina Pilar Clarete 2023,Callejo,2023,Rose,3.9,136,53.88,España,Ribera del Duero,Spanish Rosé,3,2,3.0,1.5,
7398242,3404 Rosado 2024,Bodega Pirineos,2024,Rose,3.8,135,4.8,España,Somontano,Spanish Rosé,3,2,3.0,1.5,
7104951,Prestigio Rosé 2024,Bodega Emina,2024,Rose,3.9,134,5.99,España,Cigales,Spanish Rosé,3,2,3.0,1.5,
1198567,Floresta Rosado 2024,Pere Guardiola,2024,Rose,3.6,132,5.75,España,Empordà,Spanish Rosé,3,2,3.0,1.5,
4437145,Rosado Clasico de Valladolid 2020,Alfredo Maestro,2020,Rose,3.7,132,18.4,España,Castilla y León,Spanish Rosé,3,2,3.0,1.5,
6266646,Rosado 2024,Valdecuevas,2024,Rose,3.9,132,8.55,España,Rueda,Spanish Rosé,3,2,3.0,1.5,
8714204,Notes de Rosat 2024,Mas Geli,2024,Rose,3.8,131,11.5,España,Cataluña,Spanish Rosé,3,2,3.0,1.5,
7259024,Riola Rosé 2024,Abadia da Cova,2024,Rose,3.9,130,13.25,España,Ribeira Sacra,Spanish Rosé,3,2,3.0,1.5,
2626263,Hito Rosado 2023,Cepa 21,2023,Rose,3.8,130,9.12,España,Ribera del Duero,Spanish Tempranillo Rosé,3,3,3.0,1.5,
9727603,Canallas Bobal Rosado 2023,Bodegas Arraez,2023,Rose,3.6,128,4.0,España,Valencia,Spanish Rosé,3,2,3.0,1.5,
11855497,La Tarentina Rosé 2022,Herència Altés,2022,Rose,3.8,127,17.5,España,Terra Alta,Spanish Rosé,3,2,3.0,1.5,
5609441,Amigos Rosé 2024,Torre de Barreda,2024,Rose,3.6,124,9.67,España,Castilla,Spanish Rosé,3,2,3.0,1.5,
1261619,Acrollam Rosat 2019,Mesquida Mora,2019,Rose,3.6,121,15.21,España,Plà i Llevant,Spanish Rosé,3,2,3.0,1.5,
4593672,El Plantarga Vinyes Belles Rosé 2023,Carlania,2023,Rose,3.8,120,13.75,España,Conca de Barberà,Spanish Rosé,3,2,3.0,1.5,
4609095,Lágrima de Luna 2023,Viña Aliaga,2023,Rose,3.9,119,7.57,España,Navarra,Spanish Grenache Rosé,3,2,3.0,1.5,
2568140,Lladoner Empordà 2023,Martí Fabra,2023,Rose,3.5,117,7.34,España,Empordà,Spanish Grenache Rosé,3,2,3.0,1.5,
6724028,Rosé 2022,Hika,2022,Rose,3.9,116,11.4,España,Getariako Txakolina,Spanish Rosé,3,2,3.0,1.5,
6230313,Garnacha Rosado 2022,Particular,2022,Rose,3.5,115,5.3,España,Cariñena,Spanish Rosé,3,2,3.0,1.5,
10833664,Clarete 2024,Valdelosfrailes,2024,Rose,3.6,115,7.1,España,Cigales,Spanish Tempranillo Rosé,3,3,3.0,1.5,
9474768,Mentidero 2020,Puro Rofe,2020,Rose,3.8,114,36.5,España,Lanzarote,Spanish Rosé,3,2,3.0,1.5,
2402354,Solidarity Rosé 2016,Bodegas Care,2016,Rose,3.7,114,6.7,España,Cariñena,Spanish Rosé,3,2,3.0,1.5,
1306702,Rosado 2023,Señorío de Sarria,2023,Rose,3.6,112,5.2,España,Navarra,Spanish Grenache Rosé,3,2,3.0,1.5,
8966697,Golden Rosé 2024,Julieta's,2024,Rose,3.8,111,15.88,España,Rioja,Spanish Tempranillo Rosé,3,3,3.0,1.5,
8685285,Tot Rosé 2022,Tuets,2022,Rose,3.8,110,11.34,España,Tarragona,Spanish Rosé,3,2,3.0,1.5,
1584501,Prieto Picudo Rosado 2024,Pincerna,2024,Rose,3.7,109,7.12,España,Tierra de León,Spanish Rosé,3,2,3.0,1.5,
12029318,Elalba de Emilio Moro 2024,Emilio Moro,2024,Rose,3.9,109,27.2,España,Ribera del Duero,Spanish Rosé,3,2,3.0,1.5,
6314136,Lágrima de Tramuntana 2022,Son Vich de Superna,2022,Rose,3.8,108,20.6,España,Serra de Tramuntana-Costa Nord,Spanish Tempranillo Rosé,3,3,3.0,1.5,
10829392,Baudili Rosat 2024,Mas Candi,2024,Rose,3.9,106,11.8,España,Penedès,Spanish Rosé,3,2,3.0,1.5,
7440169,Rosado 2022,Vizcarra,2022,Rose,3.9,105,14.8,España,Ribera del Duero,Spanish Grenache Rosé,3,2,3.0,1.5,
6482555,Fontecón Rosé 2024,Zárate,2024,Rose,3.8,104,20.5,España,Rías Baixas,Spanish Rosé,3,2,3.0,1.5,
1795614,Mayla Rosat 2022,Marfil Alella,2022,Rose,3.5,102,12.75,España,Alella,Spanish Rosé,3,2,3.0,1.5,
1719731,Bes Monastrell 2024,Can Rich,2024,Rose,3.6,97,16.95,España,Murcia,Spanish Rosé,3,2,3.0,1.5,
6460209,Babalà - Vi Rosat Alegre 2025,Celler Cooperatiu d'Espolla,2025,Rose,3.5,97,7.85,España,Empordà,Spanish Rosé,3,2,3.0,1.5,
10704049,Victoria Rosado 2022,José Pariente,2022,Rose,3.9,97,29.95,España,Rueda,Spanish Rosé,3,2,3.0,1.5,
11600447,Rosado de Lágrima 2024,Castillo de Monjardin,2024,Rose,3.7,96,6.61,España,Navarra,Spanish Grenache Rosé,3,2,3.0,1.5,
8654366,Sitta Rosado 2023,Attis,2023,Rose,3.8,95,15.3,España,Rías Baixas,Spanish Rosé,3,2,3.0,1.5,
5370900,Bozeto de Exopto Rosé 2024,Bodegas Exopto,2024,Rose,3.5,94,10.0,España,Rioja,Spanish Rosé,3,2,3.0,1.5,
1149020,Rioja Rosado 2023,Baron de Ley,2023,Rose,3.7,90,6.5,España,Rioja,Spanish Rosé,3,2,3.0,1.5,
1310185,V Rosado 2023,Bodegas Faustino,2023,Rose,3.5,89,5.9,España,Rioja Alavesa,Spanish Tempranillo Rosé,3,3,3.0,1.5,
10297858,No.20 InSTabile Claret 2021,Vinsnus,2021,Rose,3.9,87,19.99,España,Montsant,Spanish Rosé,3,2,3.0,1.5,
12066171,La Esencia 2023,Raul Moreno,2023,Rose,3.9,87,26.6,España,Andalucía,Spanish Rosé,3,2,3.0,1.5,
5296029,Marrec Rosado 2025,Oliveda,2025,Rose,3.5,86,4.99,España,Empordà,Spanish Rosé,3,2,3.0,1.5,
7448017,Xalera Rosat 2019,Bernavi,2019,Rose,3.6,86,8.9,España,Terra Alta,Spanish Rosé,3,2,3.0,1.5,
7498963,Vinyes del Grau Rosat 2024,Josep Vicens,2024,Rose,3.9,84,7.22,España,Terra Alta,Spanish Rosé,3,2,3.0,1.5,
11876307,Hoya de los Lobos Garnacha Rosado 2024,Gran Feudo,2024,Rose,3.6,83,6.36,España,Navarra,Spanish Grenache Rosé,3,2,3.0,1.5,
5029862,Mas d'en Compte Priorat Rosat 2021,Cal Pla,2021,Rose,3.7,81,11.3,España,Priorato,Spanish Rosé,3,2,3.0,1.5,
11750273,Cypsela Rosé 2025,Mas Llunes,2025,Rose,3.9,79,11.14,España,Empordà,Spanish Rosé,3,2,3.0,1.5,
12556909,Rambla 2024,Born Rosé Barcelona,2024,Rose,3.7,77,7.95,España,Cataluña,Spanish Rosé,3,2,3.0,1.5,
11623889,Selección de Varietales Rosado 2025,Viñas del Vero,2025,Rose,3.6,77,5.95,España,Somontano,Spanish Rosé,3,2,3.0,1.5,
5557968,Rosat 2024,Coll de Roses,2024,Rose,3.5,75,8.49,España,Empordà,Spanish Grenache Rosé,3,2,3.0,1.5,
7059474,Rosado 2024,Botón de Gallo - Dominio del Blanco,2024,Rose,3.6,75,10.0,España,Cigales,Spanish Tempranillo Rosé,3,3,3.0,1.5,
7416229,Rosado 2024,Traslanzas,2024,Rose,3.7,73,7.0,España,Cigales,Spanish Rosé,3,2,3.0,1.5,
9800305,Tunante de Azabache Rosado 2023,Azabache,2023,Rose,3.5,72,6.1,España,Rioja,Spanish Rosé,3,2,3.0,1.5,
2486090,Aurora D'Espiells Rosé 2023,Juvé & Camps,2023,Rose,3.7,72,10.5,España,Penedès,Spanish Rosé,3,2,3.0,1.5,
3117942,50 Vendimias Rosado 2024,Sinforiano,2024,Rose,3.6,71,5.86,España,Cigales,Spanish Rosé,3,2,3.0,1.5,
7432217,Juicy 2020,Vinyes Tortuga,2020,Rose,3.8,70,35.16,España,Empordà,Spanish Rosé,3,2,3.0,1.5,
9761499,And The Winner Is Rosat 2024,Celler Credo,2024,Rose,3.5,70,9.0,España,Cataluña,Spanish Rosé,3,2,3.0,1.5,
10821181,La Maldición Clarete 2022,Cinco Leguas,2022,Rose,3.5,68,19.92,España,Madrid,Spanish Rosé,3,2,3.0,1.5,
6993279,Cartoixà Marí 2021,Sicus,2021,Rose,3.7,66,21.4,España,Penedès,Spanish Rosé,3,2,3.0,1.5,
11984363,Alba Rosé 2024,Torralba Agrícola,2024,Rose,3.9,65,21.7,España,Isla de Menorca,Spanish Rosé,3,2,3.0,1.5,
4784368,Flow Rosé 2022,Sota els Àngels,2022,Rose,3.6,65,13.62,España,Empordà,Spanish Rosé,3,2,3.0,1.5,
12112511,Hacienda Casa del Valle Rosado 2023,Bodegas Olarra,2023,Rose,3.9,64,5.95,España,Castilla,Spanish Rosé,3,2,3.0,1.5,
6429825,Tramuntan Art Rosado 2024,Garriguella,2024,Rose,3.6,63,7.34,España,Empordà,Spanish Grenache Rosé,3,2,3.0,1.5,
5527288,Flor de Nit Rosat 2021,Terra i Vins,2021,Rose,3.6,62,9.37,España,Terra Alta,Spanish Grenache Rosé,3,2,3.0,1.5,
3104610,Nena Rosato 2024,Vinya Els Vilars,2024,Rose,3.7,62,11.5,España,Costers del Segre,Spanish Rosé,3,2,3.0,1.5,
9075492,Une Rose de Blancs 2022,La Senda,2022,Rose,3.7,62,18.9,España,Bierzo,Spanish Rosé,3,2,3.0,1.5,
28584,Viña Sol Rosado 2024,Familia Torres,2024,Rose,3.7,61,5.83,España,Cataluña,Spanish Rosé,3,2,3.0,1.5,
1588568,Sinfo Fermentado en Barrica Rosado 2023,Sinforiano,2023,Rose,3.6,61,10.15,España,Cigales,Spanish Rosé,3,2,3.0,1.5,
6061281,Cabernet Sauvignon Rosado 2024,Duc de Foix,2024,Rose,3.5,61,5.75,España,Penedès,Spanish Rosé,3,2,3.0,1.5,
12518086,Selección Rosado 2024,Arrayán,2024,Rose,3.6,61,8.9,España,Méntrida,Spanish Grenache Rosé,3,2,3.0,1.5,
12363642,Mencía Clarete 2024,Albamar,2024,Rose,3.8,60,19.9,España,Ribeira Sacra,Spanish Rosé,3,2,3.0,1.5,
4364258,El Solà d'en Pol Rosé 2023,Celler Xavier Clua,2023,Rose,3.8,59,9.0,España,Terra Alta,Spanish Rosé,3,2,3.0,1.5,
5529007,Finca Rosado 2017,Gregorio Martínez,2017,Rose,3.9,58,11.95,España,Rioja,Spanish Rosé,3,2,3.0,1.5,
7569258,Rosat 2024,Celler Esclanyà,2024,Rose,3.5,53,11.01,España,Empordà,Spanish Rosé,3,2,3.0,1.5,
1725666,Rosado 2024,Los Frailes,2024,Rose,3.5,53,8.25,España,Valencia,Spanish Rosé,3,2,3.0,1.5,
8729994,Rosado de Lágrima 2024,Baron de Ley,2024,Rose,3.8,53,7.8,España,Rioja,Spanish Grenache Rosé,3,2,3.0,1.5,
4608651,Cair Rosé 2018,Dominio de Cair,2018,Rose,3.7,53,9.75,España,Ribera del Duero,Spanish Rosé,3,2,3.0,1.5,
11878193,La Pantera Rosa 2023,La Unidad Viñas,2023,Rose,3.6,52,8.95,España,Castilla y León,Spanish Grenache Rosé,3,2,3.0,1.5,
1611141,Rosé 2024,Museum,2024,Rose,3.8,51,7.95,España,Cigales,Spanish Rosé,3,2,3.0,1.5,
12692222,Àn'R 2024,Ànima Negra,2024,Rose,3.8,50,19.8,España,Mallorca,Spanish Rosé,3,2,3.0,1.5,
1424841,Rosado 2022,Pradorey,2022,Rose,3.7,49,9.9,España,Ribera del Duero,Spanish Rosé,3,2,3.0,1.5,
1567205,3055 Rosé 2023,Jean Leon,2023,Rose,3.8,49,12.64,España,Penedès,Spanish Rosé,3,2,3.0,1.5,
7393716,Rosado Ecológico 2024,Castillo de Mendoza,2024,Rose,3.8,48,13.95,España,Rioja,Spanish Tempranillo Rosé,3,3,3.0,1.5,
8402792,Abios Nude Rosé 2022,Valbusenda,2022,Rose,3.6,47,8.7,España,Toro,Spanish Tempranillo Rosé,3,3,3.0,1.5,
10629278,Bobal Rosa 2023,Vicente Gandía,2023,Rose,3.9,47,16.99,España,Utiel-Requena,Spanish Rosé,3,2,3.0,1.5,
12683104,Macabeu - Trepat Rosat 2023,Òrbita Venus,2023,Rose,3.7,47,12.95,España,Conca de Barberà,Spanish Rosé,3,2,3.0,1.5,
4442174,Rioja Rosado 2024,Lan,2024,Rose,3.7,46,5.99,España,Rioja,Spanish Tempranillo Rosé,3,3,3.0,1.5,
1715335,Penedès Ros De Pacs 2023,Parés Baltà,2023,Rose,3.6,46,9.7,España,Penedès,Spanish Rosé,3,2,3.0,1.5,
5727138,Sisquera Rosado 2024,Cellers Tarroné,2024,Rose,3.5,45,4.5,España,Terra Alta,Spanish Grenache Rosé,3,2,3.0,1.5,
10103301,Organic Rosado 2024,Cellar Vins Algars,2024,Rose,3.5,45,5.05,España,Terra Alta,Spanish Rosé,3,2,3.0,1.5,
1606786,Rioja Rosé 2024,Ostatu,2024,Rose,3.9,45,9.15,España,Rioja Alavesa,Spanish Tempranillo Rosé,3,3,3.0,1.5,
1564164,Rosado Rioja 2023,Campillo,2023,Rose,3.7,44,7.99,España,Rioja,Spanish Grenache Rosé,3,2,3.0,1.5,
7513571,Betola The Cat Rosè 2024,Pío del Ramo,2024,Rose,3.7,44,5.5,España,Jumilla,Spanish Rosé,3,2,3.0,1.5,
11659217,Jabalina Rosé 2023,Jade Gross,2023,Rose,3.8,43,39.2,España,Rioja,Spanish Rosé,3,2,3.0,1.5,
97070,Rioja Rosado 2022,Baigorri,2022,Rose,3.7,42,9.3,España,Rioja,Spanish Rosé,3,2,3.0,1.5,
3233986,Cenisia Rosé 2024,Castelo de Pedregosa,2024,Rose,3.5,42,7.09,España,Penedès,Spanish Grenache Rosé,3,2,3.0,1.5,
3487,Rioja Rosé 2022,Marques de Vitoria,2022,Rose,3.7,41,4.01,España,Rioja,Spanish Tempranillo Rosé,3,3,3.0,1.5,
6930865,Mosst Rosé 2024,Masia Serra,2024,Rose,3.7,41,10.3,España,Empordà,Spanish Rosé,3,2,3.0,1.5,
6545671,Les Prunes Les Filles d'Amàlia Blanc de Mandó 2023,Celler del Roure,2023,Rose,3.8,41,12.95,España,Valencia,Spanish Rosé,3,2,3.0,1.5,
10725452,Mar d'Estels Rosado 2024,Conreria d'Scala Dei,2024,Rose,3.9,38,11.47,España,Montsant,Spanish Grenache Rosé,3,2,3.0,1.5,
9697278,Abad Dom Bueno Rosado 2024,Abad,2024,Rose,3.9,37,9.5,España,Bierzo,Spanish Rosé,3,2,3.0,1.5,
9531464,Coral de Peñascal Ethical Rosé 2021,Bodegas Peñascal,2021,Rose,3.5,36,8.31,España,Vino de España,Spanish Tempranillo Rosé,3,3,3.0,1.5,
1536463,Suneus Merlot Rosado 2024,Av Bodeguers,2024,Rose,3.6,35,9.95,España,Cataluña,Spanish Rosé,3,2,3.0,1.5,
8424983,No. 05 2023,El Miracle,2023,Rose,3.7,35,7.29,España,Valencia,Spanish Rosé,3,2,3.0,1.5,
8567963,Ixent 2022,Castello Murphy,2022,Rose,3.5,34,12.0,España,Empordà,Spanish Grenache Rosé,3,2,3.0,1.5,
1530659,Rosado 2022,Siglo,2022,Rose,3.5,34,4.5,España,Rioja,Spanish Rosé,3,2,3.0,1.5,
1815410,Conde de Valdemar Rosado 2024,Bodegas Valdemar,2024,Rose,3.8,33,5.2,España,Rioja,Spanish Grenache Rosé,3,2,3.0,1.5,
9925878,Los Cipreses Rosado 2025,Huerto de la Condesa,2025,Rose,3.9,32,18.0,España,Sierras de Málaga,Spanish Grenache Rosé,3,2,3.0,1.5,
12015854,La Rosada 2023,Bodegas Torre del Veguer,2023,Rose,3.8,32,10.02,España,Conca de Barberà,Spanish Grenache Rosé,3,2,3.0,1.5,
12866740,Vinos Singulares Clarete 2021,Jiménez-Landi,2021,Rose,3.9,32,18.8,España,Méntrida,Spanish Rosé,3,2,3.0,1.5,
9531476,El Caire Rosado 2023,Sierra Salinas,2023,Rose,3.7,31,5.9,España,Vino de España,Spanish Rosé,3,2,3.0,1.5,
12421244,Mar de Rosa Rosé 2025,Castillo Perelada,2025,Rose,3.8,31,11.82,España,Empordà,Spanish Rosé,3,2,3.0,1.5,
10582108,# Cuvée Total 2020,Oriol Artigas,2020,Rose,3.9,30,55.4,España,Alella,Spanish Rosé,3,2,3.0,1.5,
1595479,Rosado 2023,Campo Viejo,2023,Rose,3.5,30,4.66,España,Rioja,Spanish Grenache Rosé,3,2,3.0,1.5,
5443226,Vall Major Rosé 2024,Celler Batea,2024,Rose,3.5,30,4.99,España,Terra Alta,Spanish Rosé,3,2,3.0,1.5,
10949860,Rosado 2024,Legaris,2024,Rose,3.7,30,8.75,España,Ribera del Duero,Spanish Tempranillo Rosé,3,3,3.0,1.5,
13354603,Garnacha Rosado 2024,Viña Pomal,2024,Rose,3.9,29,7.9,España,Rioja,Spanish Grenache Rosé,3,2,3.0,1.5,
10868476,Rosado 2021,Abadia de Poblet,2021,Rose,3.7,29,17.9,España,Conca de Barberà,Spanish Rosé,3,2,3.0,1.5,
8950777,El Rosado De Padilla 2023,Vinessens - Casa Balaguer,2023,Rose,3.8,28,15.95,España,Alicante,Spanish Rosé,3,2,3.0,1.5,
12554988,Edición Limitada Early Harvest Rosado 2024,Ramón Bilbao,2024,Rose,3.9,28,13.5,España,Rioja,Spanish Rosé,3,2,3.0,1.5,
22350,Faustino VII Rosado 2024,Bodegas Faustino,2024,Rose,3.6,27,4.27,España,Rioja Alavesa,Spanish Tempranillo Rosé,3,3,3.0,1.5,
11813663,Rosado Cuvée 2022,Portia,2022,Rose,3.8,27,6.99,España,Ribera del Duero,Spanish Tempranillo Rosé,3,3,3.0,1.5,
2584637,Rosé Gran Cuvée Especial 2024,Pago de Cirsus,2024,Rose,3.7,26,8.99,España,Navarra,Spanish Rosé,3,2,3.0,1.5,
11576975,Tres Navios Rosado 2021,Barco del Corneta,2021,Rose,3.9,26,18.1,España,Castilla y León,Spanish Rosé,3,2,3.0,1.5,
2521491,Selección de Familia Rosado 2024,Condesa de Leganza,2024,Rose,3.6,26,4.73,España,Castilla,Spanish Tempranillo Rosé,3,3,3.0,1.5,
9611508,Celastrina 2023,Herència Altés,2023,Rose,3.8,26,14.5,España,Terra Alta,Spanish Grenache Rosé,3,2,3.0,1.5,
4486049,Casa Albali Garnacha Rosé 2024,Félix Solís,2024,Rose,3.9,26,4.1,España,Valdepeñas,Spanish Grenache Rosé,3,2,3.0,1.5,
5580713,Rosado (Selección Rosado / Rosé) 2024,Borsao Bodegas,2024,Rose,3.7,25,6.5,España,Campo de Borja,Spanish Grenache Rosé,3,2,3.0,1.5,
12436191,Syrah - Merlot Rosé 2024,Rupestre de Alpera,2024,Rose,3.9,25,5.95,España,Almansa,Spanish Rosé,3,2,3.0,1.5,
2443822,Mediodía Rosado 2025,Inurrieta,2025,Rose,3.6,1573,4.84,España,Navarra,Spanish Grenache Rosé,3,2,3.0,1.5,
2437710,Rosado Mencía 2024,Armas de Guerra,2024,Rose,3.8,1516,5.06,España,Bierzo,Spanish Rosé,3,2,3.0,1.5,
3303841,Luces Tempranillo - Merlot - Syrah Rosado 2025,Viñas del Vero,2025,Rose,3.5,1486,4.95,España,Somontano,Spanish Rosé,3,2,3.0,1.5,
6176162,Bobal Rosé 2024,Pasión,2024,Rose,3.7,1333,7.8,España,Utiel-Requena,Spanish Rosé,3,2,3.0,1.5,
3485735,Edición Rosa 2022,Bodegas Príncipe de Viana,2022,Rose,3.6,1302,8.19,España,Navarra,Spanish Grenache Rosé,3,2,3.0,1.5,
9398,Protocolo Rosado 2023,Dominio de Eguren,2023,Rose,3.5,1275,4.25,España,Castilla,Spanish Rosé,3,2,3.0,1.5,
1100361,Diamante Semi-Dulce Rosado 2024,Bodegas Franco-Españolas,2024,Rose,3.7,1086,6.95,España,Rioja,Spanish Rosé,3,2,3.0,1.5,
3951990,Alma Atlántica Mencía Rosé N.V.,Bodegas Martín Códax,N.V.,Rose,3.9,1047,8.9,España,Rías Baixas,Spanish Rosé,3,2,3.0,1.5,
1717332,Twenty Twelve Pink 2023,Es Fangar,2023,Rose,3.9,979,15.88,España,Plà i Llevant,Spanish Rosé,3,2,3.0,1.5,
4237176,Tempranillo - Cabernet Sauvignon 2025,Bodega Otto Bestué,2025,Rose,3.7,961,6.25,España,Somontano,Spanish Rosé,3,2,3.0,1.5,
5727548,Garnacha Rosé 2023,La Maldita,2023,Rose,3.7,916,8.5,España,Rioja,Spanish Grenache Rosé,3,2,3.0,1.5,
1100360,Rioja Bordón Rosado 2024,Bodegas Franco-Españolas,2024,Rose,3.7,914,5.26,España,Rioja,Spanish Rosé,3,2,3.0,1.5,
26034,Mas Rabell Rosado 2024,Familia Torres,2024,Rose,3.7,892,6.41,España,Cataluña,Spanish Rosé,3,2,3.0,1.5,
5610941,Conca de Barberà Trepat Rosat 2024,Cara Nord,2024,Rose,3.6,886,11.95,España,Conca de Barberà,Spanish Rosé,3,2,3.0,1.5,
4789913,Patxanga 2024,Succès,2024,Rose,3.7,735,10.7,España,Conca de Barberà,Spanish Rosé,3,2,3.0,1.5,
5445096,Amanda Rosado de Lágrima 2023,Alfredo Maestro,2023,Rose,3.9,722,13.95,España,Castilla y León,Spanish Rosé,3,2,3.0,1.5,
90064,elRosat 2023,Abadal,2023,Rose,3.5,661,9.1,España,Pla de Bages,Spanish Rosé,3,2,3.0,1.5,
4150177,Pinot Noir Rosado 2024,Coloma,2024,Rose,3.5,646,7.95,España,Cataluña,Spanish Rosé,3,2,3.0,1.5,
1770645,Rosado 2021,Bodegas José L. Ferrer,2021,Rose,3.6,505,10.96,España,Binissalem-Mallorca,Spanish Rosé,3,2,3.0,1.5,
2528968,Rosat 2025,Avgvstvs,2025,Rose,3.7,497,7.65,España,Penedès,Spanish Rosé,3,2,3.0,1.5,
4614226,Las 2 Ces Bobal Rosado 2024,Chozas Carrascal,2024,Rose,3.5,467,9.83,España,Utiel-Requena,Spanish Rosé,3,2,3.0,1.5,
4285511,Rosat 2024,Bodegas Binifadet,2024,Rose,3.7,444,14.95,España,Isla de Menorca,Spanish Rosé,3,2,3.0,1.5,
1153721,Cesilia Rose 2024,Casa Cesilia,2024,Rose,3.7,441,7.9,España,Alicante,Spanish Rosé,3,2,3.0,1.5,
1572587,Avaniel Rosado 2024,Monteabellon,2024,Rose,3.6,423,5.4,España,Ribera del Duero,Spanish Tempranillo Rosé,3,3,3.0,1.5,
1646421,Rioja Rosado 2024,Muriel,2024,Rose,3.7,410,6.5,España,Rioja,Spanish Rosé,3,2,3.0,1.5,
4285702,Garnacha Rosé 2022,Latido de Sara,2022,Rose,3.7,354,4.64,España,Navarra,Spanish Grenache Rosé,3,2,3.0,1.5,
100020,Brunus Rosé 2019,Portal del Montsant,2019,Rose,3.8,351,12.15,España,Montsant,Spanish Grenache Rosé,3,2,3.0,1.5,
85504,Giné Rosat 2023,Buil & Giné,2023,Rose,3.7,338,14.9,España,Priorato,Spanish Rosé,3,2,3.0,1.5,
2411403,Sinols Rosat 2024,Empordàlia,2024,Rose,3.5,337,5.5,España,Empordà,Spanish Rosé,3,2,3.0,1.5,
4088554,Prieto Picudo Rosado 2024,Pardevalles,2024,Rose,3.7,328,8.3,España,Castilla y León,Spanish Rosé,3,2,3.0,1.5,
4518455,Las Cañadas Bobal Rosado 2022,Bodegas Ponce,2022,Rose,3.7,322,8.62,España,Manchuela,Spanish Rosé,3,2,3.0,1.5,
1892928,Peraj Petita Rosat Montsant 2025,Celler de Capçanes,2025,Rose,3.7,320,12.1,España,Montsant,Spanish Grenache Rosé,3,2,3.0,1.5,
2051515,Rosa 2022,Coca i Fitó,2022,Rose,3.8,317,17.8,España,Montsant,Spanish Rosé,3,2,3.0,1.5,
1360550,Solo Centifolia Rosado 2016,Bodegas Aragonesas,2016,Rose,3.5,317,7.0,España,Campo de Borja,Spanish Grenache Rosé,3,2,3.0,1.5,
5769414,Xanet Rosé 2021,Can Xanet,2021,Rose,3.8,288,14.81,España,Mallorca,Spanish Rosé,3,2,3.0,1.5,
17416,Petit Arnau Rosado 2022,Loxarel,2022,Rose,3.6,280,7.98,España,Penedès,Spanish Rosé,3,2,3.0,1.5,
5829112,Rosé 2024,Pinuaga,2024,Rose,3.7,277,8.0,España,Castilla,Spanish Rosé,3,2,3.0,1.5,
2811170,Rosado 2023,El Grifo,2023,Rose,3.5,270,27.95,España,Lanzarote,Spanish Rosé,3,2,3.0,1.5,
1552513,Amic Rosé 2024,Clos d'Agon,2024,Rose,3.7,256,17.5,España,Cataluña,Spanish Rosé,3,2,3.0,1.5,
4465091,Sincronia Rosat 2023,Mesquida Mora,2023,Rose,3.6,251,16.01,España,Mallorca,Spanish Rosé,3,2,3.0,1.5,
13588,Homenaje Garnacha Rosado 2023,Marco Real,2023,Rose,3.5,244,9.86,España,Navarra,Spanish Grenache Rosé,3,2,3.0,1.5,
1705816,Rosat 2014,AVA-Vi,2014,Rose,3.8,238,10.46,España,Mallorca,Spanish Rosé,3,2,3.0,1.5,
5252055,Memòries de Biniagual Rosado 2024,Biniagual,2024,Rose,3.8,237,15.95,España,Binissalem-Mallorca,Spanish Rosé,3,2,3.0,1.5,
2405831,La Doncella de las Viñas Rosado 2019,Familia Conesa,2019,Rose,3.8,230,5.75,España,Guijoso,Spanish Rosé,3,2,3.0,1.5,
4173001,Garnatxa Negra Rosat 2025,Herència Altés,2025,Rose,3.6,227,11.15,España,Terra Alta,Spanish Grenache Rosé,3,2,3.0,1.5,
4384249,Rosé 2019,Honoro Vera,2019,Rose,3.8,225,7.92,España,Jumilla,Spanish Tempranillo Rosé,3,3,3.0,1.5,
1692409,Rosado 2024,F. Schatz,2024,Rose,3.7,218,19.5,España,Sierras de Málaga,Spanish Rosé,3,2,3.0,1.5,
1510082,Rosado Ribera del Duero 2021,Tamaral,2021,Rose,3.7,211,7.94,España,Ribera del Duero,Spanish Tempranillo Rosé,3,3,3.0,1.5,
2638506,Rosé 2024,Conde Pinel,2024,Rose,3.5,205,5.5,España,Castilla,Spanish Tempranillo Rosé,3,3,3.0,1.5,
2297307,Les Sorts Rosat 2024,Celler Masroig,2024,Rose,3.5,198,8.9,España,Montsant,Spanish Grenache Rosé,3,2,3.0,1.5,
5402371,Rosado 2021,Eguren Ugarte,2021,Rose,3.5,192,5.5,España,Rioja,Spanish Tempranillo Rosé,3,3,3.0,1.5,
59634,Rosat 2025,Ca N'Estruc,2025,Rose,3.5,185,8.7,España,Cataluña,Spanish Grenache Rosé,3,2,3.0,1.5,
1165529,Golós Rosé 2024,Vins Miquel Gelabert,2024,Rose,3.8,178,12.5,España,Plà i Llevant,Spanish Rosé,3,2,3.0,1.5,
5378608,Listan Negro Rosé 2024,Viñátigo,2024,Rose,3.7,172,10.3,España,Islas Canarias,Spanish Rosé,3,2,3.0,1.5,
2276640,Rosa de Mar 2024,Terramoll,2024,Rose,3.8,169,12.69,España,Formentera,Spanish Rosé,3,2,3.0,1.5,
1320749,Lagrimas de Obergo 2025,Bodegas Obergo,2025,Rose,3.6,169,6.05,España,Somontano,Spanish Rosé,3,2,3.0,1.5,
1212630,Viña Extrísima Rosado 2021,Bach,2021,Rose,3.6,164,6.95,España,Cataluña,Spanish Rosé,3,2,3.0,1.5,
2236514,Rosado 2024,Finca Enguera,2024,Rose,3.6,161,5.79,España,Valencia,Spanish Rosé,3,2,3.0,1.5,
4470993,Rosat 2022,Binitord,2022,Rose,3.6,159,14.0,España,Isla de Menorca,Spanish Rosé,3,2,3.0,1.5,
5544568,Vinyes Roses 2024,Jané Ventura,2024,Rose,3.5,152,8.8,España,Penedès,Spanish Rosé,3,2,3.0,1.5,
11102769,Primer Rosat 2025,Avgvstvs,2025,Rose,3.9,148,8.2,España,Penedès,Spanish Rosé,3,2,3.0,1.5,
1512557,Rosado 2024,Arroyo,2024,Rose,3.6,146,6.15,España,Ribera del Duero,Spanish Tempranillo Rosé,3,3,3.0,1.5,
1895245,Rosado Barrica 2019,Bodegas Margon - Pricum,2019,Rose,3.5,146,10.69,España,Tierra de León,Spanish Rosé,3,2,3.0,1.5,
5797670,Peregrino Prieto Picudo Rosado 2023,Bodegas Gordonzello,2023,Rose,3.5,146,4.81,España,Tierra de León,Spanish Rosé,3,2,3.0,1.5,
9357851,One Night's Rosé 2024,MontRubí,2024,Rose,3.7,145,16.0,España,Penedès,Spanish Rosé,3,2,3.0,1.5,
4710170,Daina Empordà Rosé 2024,Empordàlia,2024,Rose,3.7,144,7.65,España,Empordà,Spanish Grenache Rosé,3,2,3.0,1.5,
10717657,Bobal Ecológico Rosado 2022,Parajes del Valle,2022,Rose,3.8,142,15.4,España,Manchuela,Spanish Rosé,3,2,3.0,1.5,
10048381,El Porrón de Lara Rosado 2024,Finca Torremilanos,2024,Rose,3.9,138,14.65,España,Ribera del Duero,Spanish Tempranillo Rosé,3,3,3.0,1.5,
9561022,Llàgrimes de Tardor Rosat 2024,Sant Josep,2024,Rose,3.8,134,9.95,España,Terra Alta,Spanish Rosé,3,2,3.0,1.5,
1601493,Rosado 2024,Raíz de Guzmán,2024,Rose,3.9,131,13.25,España,Ribera del Duero,Spanish Tempranillo Rosé,3,3,3.0,1.5,
6295092,Cueva de Lobos Rosado 2024,Bodegas Javier San Pedro Ortega,2024,Rose,3.7,128,5.8,España,Rioja,Spanish Tempranillo Rosé,3,3,3.0,1.5,
2738312,Rocío Rosado 2019,Finca Albret,2019,Rose,3.6,121,6.25,España,Navarra,Spanish Grenache Rosé,3,2,3.0,1.5,
6198820,Rosé 2021,Breca,2021,Rose,3.8,112,11.9,España,Aragón,Spanish Grenache Rosé,3,2,3.0,1.5,
6215163,Cabernet Franc - Graciano Rosé 2019,Bodegas Quinta de Aves,2019,Rose,3.8,104,9.5,España,La Mancha,Spanish Rosé,3,2,3.0,1.5,
2734345,Rebel.lia Rosado 2023,Vegalfaro,2023,Rose,3.6,104,5.9,España,Utiel-Requena,Spanish Rosé,3,2,3.0,1.5,
9823258,Pieza la Moza 2022,Baldovar 923,2022,Rose,3.8,103,1600.0,España,Valencia,Spanish Rosé,3,2,3.0,1.5,
7448843,Rosat 2022,Angel,2022,Rose,3.5,101,10.48,España,Mallorca,Spanish Rosé,3,2,3.0,1.5,
8682688,Claret d'Albera 2023,Martí Fabra,2023,Rose,3.6,99,7.6,España,Empordà,Spanish Rosé,3,2,3.0,1.5,
6169227,Rosado 2024,Forlong,2024,Rose,3.7,95,11.5,España,Cádiz,Spanish Rosé,3,2,3.0,1.5,
5731046,Alagú Forcallat Rosé 2018,Casa Corredor,2018,Rose,3.7,92,10.07,España,Alicante,Spanish Rosé,3,2,3.0,1.5,
76311,Añares Rosado 2024,Bodegas Olarra,2024,Rose,3.5,91,8.0,España,Rioja,Spanish Rosé,3,2,3.0,1.5,
2807096,GVIVM Rosat 2021,Pere Seda,2021,Rose,3.7,89,8.62,España,Plà i Llevant,Spanish Rosé,3,2,3.0,1.5,
1189075,Unadir Rosé 2025,Pago de Las Encomiendas,2025,Rose,3.6,82,8.7,España,Extremadura,Spanish Rosé,3,2,3.0,1.5,
3347660,Rosat 2019,Finca Son Bordils,2019,Rose,3.6,79,8.96,España,Mallorca,Spanish Rosé,3,2,3.0,1.5,
7325877,Rosado 2023,Bodega Cauzón,2023,Rose,3.9,77,18.0,España,Andalucía,Spanish Rosé,3,2,3.0,1.5,
3603220,Es Pujol de Maria Rosat de Cor 2022,Galmés i Ferrer,2022,Rose,3.8,77,13.55,España,Islas Baleares,Spanish Rosé,3,2,3.0,1.5,
1527523,Valvinoso Rosé 2021,Alfredo Santamaría,2021,Rose,3.6,75,5.52,España,Cigales,Spanish Rosé,3,2,3.0,1.5,
5584959,Gavernera Rosat 2024,Comalats,2024,Rose,3.8,74,9.3,España,Costers del Segre,Spanish Rosé,3,2,3.0,1.5,
3580740,Godelia Mencía Rosé 2021,Bodegas Godelia,2021,Rose,3.6,72,9.06,España,Bierzo,Spanish Rosé,3,2,3.0,1.5,
2288071,Delirio Rosado 2016,Muñana,2016,Rose,3.5,72,8.38,España,Andalucía,Spanish Rosé,3,2,3.0,1.5,
1165556,Vinya Son Caules Rosat 2025,Vins Miquel Gelabert,2025,Rose,3.6,68,8.2,España,Plà i Llevant,Spanish Rosé,3,2,3.0,1.5,
5172686,Vina Sastre Rosado 2023,Viña Sastre,2023,Rose,3.9,65,14.0,España,Ribera del Duero,Spanish Tempranillo Rosé,3,3,3.0,1.5,
10562723,Irene Sumoll Negre 2023,Heretat Mas Tinell,2023,Rose,3.7,65,13.0,España,Penedès,Spanish Rosé,3,2,3.0,1.5,
6137515,Cau de Papallones Rosato 2023,Wine Side Story,2023,Rose,3.8,64,8.55,España,Penedès,Spanish Rosé,3,2,3.0,1.5,
5563196,Rosado 2023,Morosanto,2023,Rose,3.5,61,11.75,España,Sierras de Málaga,Spanish Rosé,3,2,3.0,1.5,
7569113,Almodí Petit Rosé 2023,Altavins,2023,Rose,3.5,61,6.25,España,Terra Alta,Spanish Grenache Rosé,3,2,3.0,1.5,
2622880,Rosat 2009,Jaume de Puntiró,2009,Rose,3.6,55,38.19,España,Binissalem-Mallorca,Spanish Rosé,3,2,3.0,1.5,
5892782,Rosado 2024,Marta Maté,2024,Rose,3.9,53,15.67,España,Ribera del Duero,Spanish Rosé,3,2,3.0,1.5,
2577471,Rosado Fermentado en Barrica 2024,Pinna Fidelis,2024,Rose,3.6,53,7.46,España,Ribera del Duero,Spanish Tempranillo Rosé,3,3,3.0,1.5,
8643220,Rosado 2020,Jose Luis Ripa,2020,Rose,3.9,51,22.9,España,Rioja,Spanish Rosé,3,2,3.0,1.5,
1165913,Rosado 2008,Casa Antonete,2008,Rose,3.6,51,5.24,España,La Mancha,Spanish Tempranillo Rosé,3,3,3.0,1.5,
5325882,Rosado 2013,Bodegas Lunares,2013,Rose,3.6,49,9.46,España,Sierras de Málaga,Spanish Rosé,3,2,3.0,1.5,
5351486,Fumet 2024,Artium,2024,Rose,3.5,47,9.0,España,Pla de Bages,Spanish Rosé,3,2,3.0,1.5,
77639,Rosado 2022,Macià Batle,2022,Rose,3.7,46,9.95,España,Binissalem-Mallorca,Spanish Rosé,3,2,3.0,1.5,
4934585,Novell Rosat 2021,Pere Seda,2021,Rose,3.5,44,8.7,España,Plà i Llevant,Spanish Rosé,3,2,3.0,1.5,
7368677,Ole de Rosé Rosado 2024,La Cepa de Pelayo,2024,Rose,3.5,39,12.0,España,Manchuela,Spanish Rosé,3,2,3.0,1.5,
8772953,El Sagal de Collbaix Rosat 2023,Collbaix Celler El Molí,2023,Rose,3.8,38,9.9,España,Pla de Bages,Spanish Grenache Rosé,3,2,3.0,1.5,
2385965,Rosado 2022,Azpilicueta,2022,Rose,3.5,37,8.95,España,Rioja,Spanish Rosé,3,2,3.0,1.5,
1277561,Garnacha Rosado 2023,Bodegas Príncipe de Viana,2023,Rose,3.6,35,4.49,España,Navarra,Spanish Grenache Rosé,3,2,3.0,1.5,
2717000,Rioja Rose 2021,VALENCISO,2021,Rose,3.9,33,16.05,España,Rioja,Spanish Tempranillo Rosé,3,3,3.0,1.5,
9587590,Bravo 2022,Bodega Bravo Escós,2022,Rose,3.5,33,19.0,España,Priorato,Spanish Rosé,3,2,3.0,1.5,
6300064,Señorío de Oran Rosado 2019,Bodegas Orán,2019,Rose,3.6,33,4.7,España,Extremadura,Spanish Rosé,3,2,3.0,1.5,
5309491,Rosat de Ca Sa Padrina 2019,Ca Sa Padrina,2019,Rose,3.6,33,8.1,España,Binissalem-Mallorca,Spanish Rosé,3,2,3.0,1.5,
4352961,Raimun Rosado 2023,Sinforiano,2023,Rose,3.7,32,3.5,España,Cigales,Spanish Rosé,3,2,3.0,1.5,
5472265,Garnacha Rosado 2024,Mascún,2024,Rose,3.7,32,9.97,España,Somontano,Spanish Grenache Rosé,3,2,3.0,1.5,
1781880,Rosat Trepat 2019,Portell - Vinícola de Sarral,2019,Rose,3.6,31,3.5,España,Conca de Barberà,Spanish Rosé,3,2,3.0,1.5,
1101843,Mas de Bazán Rosado 2015,Agro de Bazán,2015,Rose,3.8,28,6.62,España,Utiel-Requena,Spanish Rosé,3,2,3.0,1.5,
1147660,Rosado 2024,Los Olmos,2024,Rose,3.7,28,5.5,España,Ribera del Duero,Spanish Rosé,3,2,3.0,1.5,
4743009,Real Agrado Rosado 2020,Viñedos de Alfaro,2020,Rose,3.5,25,6.9,España,Rioja,Spanish Grenache Rosé,3,2,3.0,1.5,
1820870,Rosé,I Heart,,Rose,3.4,1290,6.15,España,Vino de España,Spanish Rosé,3,2,3.0,1.5,
1141555,Bobal Rosé 2023,Castillo de Liria,2023,Rose,3.3,1045,2.99,España,Valencia,Spanish Rosé,3,2,3.0,1.5,
1730340,Fortius Rosado 2023,Valcarlos,2023,Rose,3.3,867,3.55,España,Navarra,Spanish Rosé,3,2,3.0,1.5,
6106607,Clos de Torribas Tempranillo - Merlot 2023,Pinord,2023,Rose,3.4,855,7.3,España,Penedès,Spanish Rosé,3,2,3.0,1.5,
5311116,Natureo Syrah - Cabernet Sauvignon Rosado 2024,Familia Torres,2024,Rose,3.3,829,9.05,España,Cataluña,Spanish Rosé,3,2,3.0,1.5,
65774,Tradición Rosado 2023,René Barbier,2023,Rose,3.1,705,7.1,España,Cataluña,Spanish Rosé,3,2,3.0,1.5,
1836150,Corazón Loco Rosado 2024,Bodega Iniesta,2024,Rose,3.2,702,6.73,España,Manchuela,Spanish Rosé,3,2,3.0,1.5,
1177912,Coralí 2024,Espelt,2024,Rose,3.4,685,8.99,España,Empordà,Spanish Grenache Rosé,3,2,3.0,1.5,
1660465,Empordà Jardins Rosé 2024,Castillo Perelada,2024,Rose,3.4,663,5.95,España,Empordà,Spanish Rosé,3,2,3.0,1.5,
1141579,Rosé 2023,Monte Ory,2023,Rose,3.4,512,4.95,España,Navarra,Spanish Rosé,3,2,3.0,1.5,
1699180,Tempranillo - Cabernet Sauvignon Rosado 2024,Viñas del Vero,2024,Rose,3.3,436,5.38,España,Somontano,Spanish Rosé,3,2,3.0,1.5,
2391652,Petit Caus Rosat 2019,Can Ràfols dels Caus,2019,Rose,3.4,427,8.43,España,Cataluña,Spanish Rosé,3,2,3.0,1.5,
4569326,Garnacha 2023,Monólogo,2023,Rose,3.3,419,7.2,España,Navarra,Spanish Grenache Rosé,3,2,3.0,1.5,
4712832,Merlot - Tempranillo Rosé 2025,Viñas del Vero,2025,Rose,3.4,411,5.1,España,Somontano,Spanish Rosé,3,2,3.0,1.5,
85747,Dominio Espinal Rosado 2024,Castaño,2024,Rose,3.2,350,5.55,España,Yecla,Spanish Rosé,3,2,3.0,1.5,
15708,Rosado 2023,Barahonda,2023,Rose,3.4,346,6.43,España,Yecla,Spanish Rosé,3,2,3.0,1.5,
1779382,Larrosa 2024,Aroa,2024,Rose,3.4,345,8.95,España,Navarra,Spanish Grenache Rosé,3,2,3.0,1.5,
1903153,Rosado 2023,Calderona,2023,Rose,3.3,333,5.61,España,Cigales,Spanish Rosé,3,2,3.0,1.5,
4211699,Albaflor Rosado 2025,Vins Nadal,2025,Rose,3.3,310,12.0,España,Binissalem-Mallorca,Spanish Rosé,3,2,3.0,1.5,
4603256,Zinio Rosado 2023,Bodegas Zinio,2023,Rose,3.4,266,3.9,España,Rioja Alta,Spanish Tempranillo Rosé,3,3,3.0,1.5,
1656493,Heus Rosat 2024,La Vinyeta,2024,Rose,3.4,241,7.1,España,Empordà,Spanish Grenache Rosé,3,2,3.0,1.5,
74762,Cabernet Sauvignon Rosado 2024,Bodegas Príncipe de Viana,2024,Rose,3.4,235,5.7,España,Navarra,Spanish Rosé,3,2,3.0,1.5,
3290023,Roureda Merlot Rosado 2024,Cellers Unió,2024,Rose,3.0,213,5.0,España,Tarragona,Spanish Rosé,3,2,3.0,1.5,
1154374,Viña Vilano Rosado 2020,Bodegas Vilano,2020,Rose,3.4,201,7.09,España,Ribera del Duero,Spanish Tempranillo Rosé,3,3,3.0,1.5,
1219650,Vinea Rosé 2024,Museum,2024,Rose,3.4,185,6.35,España,Cigales,Spanish Tempranillo Rosé,3,3,3.0,1.5,
9317715,Natureo De-Alcoholised Rosé 2024,Familia Torres,2024,Rose,3.3,180,7.85,España,Cataluña,Spanish Rosé,3,2,3.0,1.5,
2568169,Rosado 2021,Peñamonte,2021,Rose,3.2,163,155.0,España,Toro,Spanish Rosé,3,2,3.0,1.5,
3301447,Abadia Cabernet Sauvignon - Tempranillo Rosé 2023,Raimat,2023,Rose,3.3,163,8.34,España,Costers del Segre,Spanish Rosé,3,2,3.0,1.5,
1543124,Garnacha Rosado 2024,Corona de Aragón,2024,Rose,3.2,158,5.5,España,Cariñena,Spanish Grenache Rosé,3,2,3.0,1.5,
1154522,Masia Oliveda Rosat Flor 2024,Oliveda,2024,Rose,3.4,155,4.88,España,Empordà,Spanish Rosé,3,2,3.0,1.5,
1296947,Synera Rosado 2024,Ramón Roqueta,2024,Rose,3.2,155,4.95,España,Cataluña,Spanish Rosé,3,2,3.0,1.5,
4606258,Rosado 2024,Can Rich,2024,Rose,3.2,152,16.4,España,Ibiza,Spanish Rosé,3,2,3.0,1.5,
2562864,Mas Tarroné Rosat 2024,Cellers Tarroné,2024,Rose,3.3,148,4.4,España,Terra Alta,Spanish Grenache Rosé,3,2,3.0,1.5,
1176489,Rosa 2022,Azul y Garanza,2022,Rose,3.4,147,6.85,España,Navarra,Spanish Rosé,3,2,3.0,1.5,
5674375,Ortiga Tempranillo Rosado 2024,Bodegas Yuntero,2024,Rose,3.4,129,9.4,España,La Mancha,Spanish Tempranillo Rosé,3,3,3.0,1.5,
9737878,Nostrat Rosé 2025,Sumarroca,2025,Rose,3.4,125,6.95,España,Penedès,Spanish Rosé,3,2,3.0,1.5,
1712754,Solà Fred Rosat 2021,Celler Masroig,2021,Rose,3.3,112,5.9,España,Montsant,Spanish Rosé,3,2,3.0,1.5,
1660968,Ribera del Duero Rosado 2024,Señorío de Nava,2024,Rose,3.1,110,5.12,España,Ribera del Duero,Spanish Tempranillo Rosé,3,3,3.0,1.5,
1143921,Rosado 2024,El Lagar de Isilla,2024,Rose,3.3,101,8.42,España,Ribera del Duero,Spanish Tempranillo Rosé,3,3,3.0,1.5,
1732605,Rosado 2024,Aldeya,2024,Rose,3.2,97,5.95,España,Cariñena,Spanish Tempranillo Rosé,3,3,3.0,1.5,
5447557,Dinarells Rosé 2024,Garriguella,2024,Rose,3.1,94,4.4,España,Empordà,Spanish Rosé,3,2,3.0,1.5,
5772178,Rosado 2022,Castillo de Enériz,2022,Rose,3.4,90,6.0,España,Navarra,Spanish Rosé,3,2,3.0,1.5,
1708192,Sàtirs Rosat 2023,Arché Pagès,2023,Rose,3.4,87,7.65,España,Empordà,Spanish Rosé,3,2,3.0,1.5,
76549,Vega Libre Rosé 2024,Schenk Spanish Wineries,2024,Rose,3.3,81,3.5,España,Utiel-Requena,Spanish Rosé,3,2,3.0,1.5,
6424337,Masia Hill Rosé 2023,Cavas Hill,2023,Rose,3.1,72,4.21,España,Cataluña,Spanish Rosé,3,2,3.0,1.5,
3607262,Beach Rosé 2024,Oriol Rossell,2024,Rose,3.4,71,9.76,España,Penedès,Spanish Rosé,3,2,3.0,1.5,
7490239,Inspirador Rosé 2022,Castillo Perelada,2022,Rose,3.4,68,9.4,España,Empordà,Spanish Rosé,3,2,3.0,1.5,
1855685,Flor del Páramo Rosado 2024,Leyenda del Páramo,2024,Rose,3.0,66,4.5,España,Tierra de León,Spanish Rosé,3,2,3.0,1.5,
5528958,Xino-Xano Rosé 2024,Oriol Rossell,2024,Rose,3.3,62,6.8,España,Penedès,Spanish Rosé,3,2,3.0,1.5,
5702769,Rosat de Gerisena 2024,Celler Gerisena,2024,Rose,3.4,55,9.5,España,Cataluña,Spanish Grenache Rosé,3,2,3.0,1.5,
6362873,Clot dels Oms Petit Rosado 2022,Ca N'Estella,2022,Rose,3.2,55,6.8,España,Penedès,Spanish Rosé,3,2,3.0,1.5,
7304524,Monastrell Ecológico Rosado 2023,Castaño,2023,Rose,3.3,53,7.6,España,Yecla,Spanish Rosé,3,2,3.0,1.5,
1153636,Tempranillo - Merlot Penedés Rosé 2023,Marques de Monistrol,2023,Rose,3.3,52,3.99,España,Penedès,Spanish Rosé,3,2,3.0,1.5,
1487605,El Rosat Merlot 2024,Planas Albareda,2024,Rose,3.3,50,6.95,España,Penedès,Spanish Rosé,3,2,3.0,1.5,
4439991,Vinem Rosado 2024,Bodegas Estéban Martín,2024,Rose,3.4,36,4.2,España,Cariñena,Spanish Grenache Rosé,3,2,3.0,1.5,
1665980,Rosado 2024,Torrelongares,2024,Rose,3.1,28,4.54,España,Cariñena,Spanish Grenache Rosé,3,2,3.0,1.5,
6347885,Versos de Valtuille Rosado 2021,Estévez Bodegas y Viñedos,2021,Rose,3.4,28,13.35,España,Castilla y León,Spanish Rosé,3,2,3.0,1.5,
13488796,Natureo De-Alcoholised Garnacha Tinta Rosado 2024,Familia Torres,2024,Rose,3.2,26,8.38,España,Cataluña,Spanish Grenache Rosé,3,2,3.0,1.5,
1219530,Merlot - Cabernet Rosado 2025,Bodega Pirineos,2025,Rose,3.3,788,4.97,España,Somontano,Spanish Rosé,3,2,3.0,1.5,
1149666,Garnacha Rosé 2020,Beso de Vino,2020,Rose,3.2,602,4.5,España,Cariñena,Spanish Grenache Rosé,3,2,3.0,1.5,
6332788,Garnacha Rosado 2023,Homenaje,2023,Rose,3.3,589,5.7,España,Navarra,Spanish Grenache Rosé,3,2,3.0,1.5,
1229814,Mas Amor Rosado 2024,Franck Massard,2024,Rose,3.4,541,8.5,España,Cataluña,Spanish Rosé,3,2,3.0,1.5,
1525574,Bobal Rosé 2024,Bobal de San Juan,2024,Rose,3.4,508,7.05,España,Utiel-Requena,Spanish Rosé,3,2,3.0,1.5,
3849727,Posidonia Rosé 2023,Sumarroca,2023,Rose,3.4,497,7.48,España,Penedès,Spanish Rosé,3,2,3.0,1.5,
2125332,Rosado 2025,Pacheco,2025,Rose,3.3,481,5.37,España,Jumilla,Spanish Rosé,3,2,3.0,1.5,
95431,Rosado de Lágrima 2024,Bodegas Nekeas,2024,Rose,3.4,409,4.85,España,Navarra,Spanish Rosé,3,2,3.0,1.5,
7572753,Garnacha Rosado 2023,Bodegas Piedemonte,2023,Rose,3.4,321,6.4,España,Navarra,Spanish Grenache Rosé,3,2,3.0,1.5,
4191161,Garnacha Rosado 2023,Miedes,2023,Rose,3.4,316,5.9,España,Calatayud,Spanish Grenache Rosé,3,2,3.0,1.5,
1272678,Veranza Cabernet Sauvignon - Tempranillo Rosado 2022,Nuviana,2022,Rose,3.2,314,5.25,España,Valle del Cinca,Spanish Rosé,3,2,3.0,1.5,
1251479,Son Caló Rosato 2022,Miquel Oliver,2022,Rose,3.4,228,8.08,España,Plà i Llevant,Spanish Rosé,3,2,3.0,1.5,
5008809,Clot d'Encís Rosé 2024,Sant Josep,2024,Rose,3.3,172,4.15,España,Terra Alta,Spanish Rosé,3,2,3.0,1.5,
1695019,Marmellans Rosat Montsant 2020,Celler de Capçanes,2020,Rose,3.1,158,4.4,España,Montsant,Spanish Rosé,3,2,3.0,1.5,
2386247,Gaudiana Rosato 2021,Pinord,2021,Rose,3.3,154,4.43,España,Penedès,Spanish Rosé,3,2,3.0,1.5,
1154531,Clos Primat Rosado 2024,Oliveda,2024,Rose,3.4,151,4.65,España,Empordà,Spanish Rosé,3,2,3.0,1.5,
1564578,Arrelium Rosato 2022,Miquel Pons,2022,Rose,3.2,145,5.95,España,Penedès,Spanish Rosé,3,2,3.0,1.5,
3887687,Señorío de Uñuela Rosado 2024,Bodegas Zinio,2024,Rose,3.1,142,3.65,España,Rioja Alta,Spanish Tempranillo Rosé,3,3,3.0,1.5,
2745376,Valjunco Rosado 2024,Vinos de León,2024,Rose,3.4,120,6.43,España,Tierra de León,Spanish Rosé,3,2,3.0,1.5,
3718914,Mas Picosa Blanc De Negres Rosé 2024,Celler de Capçanes,2024,Rose,3.3,101,8.5,España,Montsant,Spanish Grenache Rosé,3,2,3.0,1.5,
3131531,Rosada Cabernet Sauvignon -  Tempranillo 2018,Raimat,2018,Rose,3.4,84,13.84,España,Cataluña,Spanish Rosé,3,2,3.0,1.5,
5127042,Selección Tempranillo Rosé 2024,Sonsierra,2024,Rose,3.4,81,4.43,España,Rioja Alta,Spanish Tempranillo Rosé,3,3,3.0,1.5,
85754,Monastrell Rosado 2018,Castaño,2018,Rose,3.2,76,5.9,España,Yecla,Spanish Rosé,3,2,3.0,1.5,
3613442,Rosado 2023,Son Colom,2023,Rose,3.1,69,8.5,España,Plà i Llevant,Spanish Rosé,3,2,3.0,1.5,
6005779,Rosado 2023,Gran Sello,2023,Rose,3.4,69,7.5,España,Castilla,Spanish Tempranillo Rosé,3,3,3.0,1.5,
4690549,Blush Rosé 2024,Cuatro Rayas,2024,Rose,3.4,69,3.9,España,Castilla y León,Spanish Tempranillo Rosé,3,3,3.0,1.5,
4541825,Quike 2023,Can Grau Vell,2023,Rose,3.4,67,12.85,España,Cataluña,Spanish Grenache Rosé,3,2,3.0,1.5,
1174832,Pétals de Garnacha 2024,Celler Sabaté,2024,Rose,3.4,61,10.7,España,Cataluña,Spanish Grenache Rosé,3,2,3.0,1.5,
1888506,Coto De Hayas Garnacha - Cabernet Sauvignon Rosé 2022,Bodegas Aragonesas,2022,Rose,3.2,59,21.5,España,Campo de Borja,Spanish Rosé,3,2,3.0,1.5,
1494907,Solar de Estraunza Rosado 2023,Bodegas Estraunza,2023,Rose,3.4,41,4.13,España,Rioja,Spanish Rosé,3,2,3.0,1.5,
2373238,Rosado 2019,Bodegas Margon - Pricum,2019,Rose,3.1,36,7.84,España,Tierra de León,Spanish Rosé,3,2,3.0,1.5,
2649384,Egiarte Rosado 2024,Lezaun,2024,Rose,3.3,36,3.8,España,Navarra,Spanish Grenache Rosé,3,2,3.0,1.5,
4604059,Clos del Pinell Garnacha Rosado 2021,Cellers Unió,2021,Rose,3.3,36,5.95,España,Terra Alta,Spanish Grenache Rosé,3,2,3.0,1.5,
2343495,Puntils Rosat 2024,Garriguella,2024,Rose,3.2,28,6.85,España,Empordà,Spanish Grenache Rosé,3,2,3.0,1.5,
2648089,Rosé 2020,Pinna Fidelis,2020,Rose,3.1,28,14.22,España,Ribera del Duero,Spanish Tempranillo Rosé,3,3,3.0,1.5,
3540569,Vall de Xaló Rosado 2022,Bodegas Xaló,2022,Rose,3.3,27,3.95,España,Valencia,Spanish Rosé,3,2,3.0,1.5,
2485399,Gris 2023,Vins de Taller,2023,Rose,3.3,27,28.0,España,Empordà,Spanish Rosé,3,2,3.0,1.5,
1924590,Garnacha Rosado Semi-Seco 2022,Señorío de Paniza,2022,Rose,3.2,26,3.67,España,Cariñena,Spanish Grenache Rosé,3,2,3.0,1.5,
84128,No. 4 Esencia 2015,Jorge Ordóñez,2015,Dessert,4.5,125,81.95,España,Málaga,,,,,,
2575234,Majjan 2018,Castell d'Encus,2018,Dessert,4.5,31,62.35,España,Costers del Segre,,,,,,
4492298,Recóndita Armonía Monastrell Dulce 1987,Gutiérrez de la Vega,1987,Dessert,4.7,47,85.0,España,Alicante,,,,,,
1705839,Casta Diva Fondillón 1987,Gutiérrez de la Vega,1987,Dessert,4.5,25,80.91,España,Alicante,,,,,,
50494,Vendimia Tardía Moscatel 2024,Bodegas Ochoa,2024,Dessert,4.1,1850,14.17,España,Navarra,,,,,,
1433204,Vi De Glass Gewürztraminer 2022,Gramona,2022,Dessert,4.1,1718,23.49,España,Cataluña,,,,,,
1840065,Dulce Menade Sauvignon 2024,Menade,2024,Dessert,4.0,1423,11.8,España,Castilla y León,,,,,,
2549470,Casta Diva Cosecha Miel Moscatel Dulce 2023,Gutiérrez de la Vega,2023,Dessert,4.1,1377,16.45,España,Alicante,,,,,,
1618793,No. 1 Seleccion Especial 2023,Jorge Ordóñez,2023,Dessert,4.0,1203,17.53,España,Málaga,,,,,,
13945,Moscatel Naturalmente Dulce 2024,Finca Antigua,2024,Dessert,4.0,830,8.3,España,La Mancha,,,,,,
3240337,V Dulce de Invierno 2022,Javier Sanz Viticultor,2022,Dessert,4.2,822,22.67,España,Castilla y León,,,,,,
1839728,Navarra Vendimia Tardia Coleccion 125 2022,Chivite,2022,Dessert,4.2,732,30.49,España,Navarra,,,,,,
2225389,Semidulce 2024,Javier Sanz Viticultor,2024,Dessert,4.1,520,7.49,España,Rueda,,,,,,
2147598,Vi De Glass Riesling 2023,Gramona,2023,Dessert,4.1,508,18.95,España,Penedès,,,,,,
1514537,Josefina Piñol Dolç Garnatxa Negra 2019,Celler Piñol,2019,Dessert,4.0,435,17.99,España,Tarragona,,,,,,
1164856,No. 3 Old Vines 2023,Jorge Ordóñez,2023,Dessert,4.4,385,46.9,España,Málaga,,,,,,
7735862,Gloria Dulce N.V.,De Moya,N.V.,Dessert,4.1,275,10.5,España,Valencia,,,,,,
5879030,Vi De Glass Xarel-lo Dulce Frio 2018,Gramona,2018,Dessert,4.1,259,18.35,España,Penedès,,,,,,
5244737,Dulce 2019,Bodegas El Sequé,2019,Dessert,4.1,249,37.25,España,Alicante,,,,,,
10942224,Dolç de Foc Espurnes 2024,Gallina de Piel,2024,Dessert,4.1,239,10.89,España,Cataluña,,,,,,
3556247,Vendimia Tardia Allegro Moscatel 2014,Pago de Cirsus,2014,Dessert,4.1,237,18.3,España,Navarra,,,,,,
6721706,Solera 1931 Garnatxa d'Empordà N.V.,Celler Cooperatiu d'Espolla,N.V.,Dessert,4.1,216,12.44,España,Cataluña,,,,,,
1552204,Fondillón Gran Reserva 1970,Culebrón,1970,Dessert,4.2,215,49.0,España,Alicante,,,,,,
7337855,Sofia Noble 2023,De Moya,2023,Dessert,4.4,201,20.95,España,Valencia,,,,,,
90809,Garnacha Tintorera Dulce 2024,Bodegas Tintoralba,2024,Dessert,4.1,192,14.5,España,Almansa,,,,,,
1653862,Rasim Vimadur Negre 2018,L'Olivera,2018,Dessert,4.2,191,26.3,España,Costers del Segre,,,,,,
9458544,Puig de les Guilles Gran Reserva Garnatxa Roja Dolça 2015,Oliveda,2015,Dessert,4.3,186,17.45,España,Empordà,,,,,,
3666512,Sitta Dulce Nana 2021,Attis,2021,Dessert,4.3,185,50.51,España,Rías Baixas,,,,,,
7838302,Bassus Pinot Noir Dulce 2024,Hispano Suizas,2024,Dessert,4.2,144,28.9,España,Utiel-Requena,,,,,,
82956,Dolç de Mendoza 2014,Enrique Mendoza,2014,Dessert,4.1,142,21.9,España,Alicante,,,,,,
5960285,Dulce Natural 2015,Juan Gil,2015,Dessert,4.1,135,14.95,España,Jumilla,,,,,,
2431508,Rasim Vipansit Blanc 2020,L'Olivera,2020,Dessert,4.2,133,28.0,España,Costers del Segre,,,,,,
5992762,Paisaje de Las Islas Malvasia Aromatica Naturalmente Dulce 2021,Tajinaste,2021,Dessert,4.0,133,21.95,España,Islas Canarias,,,,,,
1629526,Tintilla de Rota 2019,Finca Moncloa,2019,Dessert,4.4,96,54.0,España,Cádiz,,,,,,
7772713,Malvasia Bóta 2 Anys 2021,Mas Oller,2021,Dessert,4.3,90,15.98,España,Empordà,,,,,,
5067186,Dolç d'Orto Negre 2021,Orto Vins,2021,Dessert,4.1,86,25.2,España,Montsant,,,,,,
5475308,Late Harvest 2019,Astobiza,2019,Dessert,4.0,83,20.0,España,Arabako Txakolina,,,,,,
4910454,Dolç d'Orto Blanc 2022,Orto Vins,2022,Dessert,4.0,71,24.0,España,Montsant,,,,,,
9821466,Finolis en Rama 2016,Williams & Humbert,2016,Dessert,4.1,69,17.25,España,Cádiz,,,,,,
1425883,Moscatel de Alejandría 2019,Bodegas Care,2019,Dessert,4.0,57,9.0,España,Cariñena,,,,,,
6175737,Vino Dulce de Moscatel 2024,Bodegas Ochoa,2024,Dessert,4.1,56,13.95,España,Navarra,,,,,,
5873320,Noctiluca 2024,Viñedos Verticales,2024,Dessert,4.3,54,25.42,España,Málaga,,,,,,
1620854,'Apasionado de Jose Pariente' Dulce 2023,José Pariente,2023,Dessert,4.0,50,12.55,España,Rueda,,,,,,
5727215,Gewürztraminer Dulce 2022,Enate,2022,Dessert,4.0,49,13.79,España,Somontano,,,,,,
1199779,Dolç Mataró 2022,Alta Alella,2022,Dessert,4.0,33,19.96,España,Alella,,,,,,
1285845,No. 2 Victoria 2024,Jorge Ordóñez,2024,Dessert,4.1,31,16.9,España,Málaga,,,,,,
2464952,Advent Samsó 2010,MontRubí,2010,Dessert,4.1,30,22.02,España,Penedès,,,,,,
2545913,Recóndita Armonía Fondillón 2013,Gutiérrez de la Vega,2013,Dessert,4.3,29,43.06,España,Valencia,,,,,,
3779990,Malvasia Volcanica Semidulce 2020,Bermejo,2020,Dessert,4.2,701,35.67,España,Lanzarote,,,,,,
1859885,Verdil de Gel 2023,Bodegas Enguera,2023,Dessert,4.2,278,14.4,España,Valencia,,,,,,
2550285,Diables 2021,Amós Bañeres,2021,Dessert,4.2,265,63.7,España,Penedès,,,,,,
1974117,Sols 2009,La Vinyeta,2009,Dessert,4.0,242,20.1,España,Empordà,,,,,,
1202159,La Chispa Negra 2022,Dominio del Bendito,2022,Dessert,4.3,214,30.5,España,Toro,,,,,,
1482810,Dolç de Sa Vall 2025,Vins Miquel Gelabert,2025,Dessert,4.2,210,14.7,España,Plà i Llevant,,,,,,
2013447,Bassus Dulce Bobal - Pinot Noir 2022,Hispano Suizas,2022,Dessert,4.2,175,25.08,España,Utiel-Requena,,,,,,
3595516,Androsela Semi Dulce 2024,Sonsierra,2024,Dessert,4.1,160,4.75,España,Rioja Alta,,,,,,
1699020,Blanc de Neu 2023,Alta Alella,2023,Dessert,4.1,131,19.75,España,Alella,,,,,,
2129468,Dolç de Gel 2021,Mortitx,2021,Dessert,4.1,126,22.49,España,Mallorca,,,,,,
6622034,Alma Atlantica Sangria N.V.,Bodegas Martín Códax,N.V.,Dessert,4.1,115,7.89,España,Rías Baixas,,,,,,
2346219,Porcellànic VI Xarel-lo Sur Lie 2019,Ton Rimbau,2019,Dessert,4.4,111,88.55,España,Penedès,,,,,,
2846220,1510 Botritys Noble 2001,Finca Nadal de la Boadella,2001,Dessert,4.2,107,50.65,España,Penedès,,,,,,
2178975,Riu Rau Selecto Moscatel Unico 2019,Bodegas Xaló,2019,Dessert,4.1,101,16.5,España,Alicante,,,,,,
4686481,Sitta Pereiras Blanco Dulce 2022,Attis,2022,Dessert,4.1,100,23.25,España,Rías Baixas,,,,,,
3365121,Casta Diva La Diva 2021,Gutiérrez de la Vega,2021,Dessert,4.1,91,25.7,España,Alicante,,,,,,
1482807,Dolç des Morro 2018,Vins Miquel Gelabert,2018,Dessert,4.1,76,22.8,España,Plà i Llevant,,,,,,
1675345,Nus Vi Dolç Natural 2011,Mas d'en Gil,2011,Dessert,4.2,64,25.2,España,Priorato,,,,,,
3235839,Porcellànic VI Espurnejant 2017,Ton Rimbau,2017,Dessert,4.3,52,90.15,España,Penedès,,,,,,
2266512,Dulce Monastrell 2023,Crapula,2023,Dessert,4.1,43,8.01,España,Jumilla,,,,,,
1273550,Pleret Blanc Dolç 2010,Buil & Giné,2010,Dessert,4.0,43,33.0,España,Priorato,,,,,,
5776451,Blanco Semidulce 2018,Nivarius,2018,Dessert,4.2,37,5.75,España,Rioja,,,,,,
2537202,Music White 2019,Parés Baltà,2019,Dessert,4.1,36,29.35,España,Penedès,,,,,,
1480037,Caligo Vi de Boira 2013,DG Viticultors,2013,Dessert,4.1,36,18.4,España,Penedès,,,,,,
4892628,Porcellànic VI Dolc Natural 2017,Ton Rimbau,2017,Dessert,4.4,27,94.5,España,Penedès,,,,,,
26434,Pansal Del Calàs Montsant 2017,Celler de Capçanes,2017,Dessert,4.1,27,20.7,España,Montsant,,,,,,
1457422,Casta Diva Reserva Real 2002,Gutiérrez de la Vega,2002,Dessert,4.4,25,48.9,España,Alicante,,,,,,
3777,Floralis Moscatel Oro N.V.,Familia Torres,N.V.,Dessert,3.8,8135,8.35,España,Penedès,,,,,,
3792474,Azzulo Campo de Borja N.V.,Bodegas Aragonesas,N.V.,Dessert,3.7,4516,4.85,España,Campo de Borja,,,,,,
2329,Dulce Tinto 2024,Casa de la Ermita,2024,Dessert,3.8,724,11.0,España,Jumilla,,,,,,
6428223,Blanco Semidulce 2011,Monte Real,2011,Dessert,3.7,523,9.98,España,Rioja,,,,,,
734286,Moscatel N.V.,Alvear,N.V.,Dessert,3.8,473,7.9,España,Montilla-Moriles,,,,,,
1101151,Sauvignon Blanc Semidulce 2025,Palacio de Bornos,2025,Dessert,3.9,306,7.3,España,Rueda,,,,,,
2424005,Garnatxa d'Empordà N.V.,Celler Cooperatiu d'Espolla,N.V.,Dessert,3.6,221,6.84,España,Empordà,,,,,,
1156160,Dolç 2022,Edetària,2022,Dessert,3.9,159,17.5,España,Terra Alta,,,,,,
2821323,Moscatell d'Empordà N.V.,Celler Cooperatiu d'Espolla,N.V.,Dessert,3.8,118,6.28,España,Empordà,,,,,,
1213832,La Dulce Quietud 2019,Quinta de la Quietud,2019,Dessert,3.9,109,36.3,España,Toro,,,,,,
1198613,Torre de Capmany Garnatxa d'Empordà N.V.,Pere Guardiola,N.V.,Dessert,3.9,98,13.5,España,Empordà,,,,,,
85762,Monastrell Dulce 2018,Castaño,2018,Dessert,3.8,88,18.5,España,Yecla,,,,,,
5422595,Semidulce de Solagüen 2024,Solaguen,2024,Dessert,3.9,76,8.95,España,Rioja,,,,,,
6490698,Semi Dulce 2022,Baron de Ley,2022,Dessert,3.9,74,7.28,España,Rioja,,,,,,
2676388,Dolç Moscat 2023,Mas Llunes,2023,Dessert,3.9,66,9.79,España,Empordà,,,,,,
1989199,Rita Hetvin Es Dulce 2012,MN Vinos,2012,Dessert,3.8,62,13.23,España,Ribera del Duero,,,,,,
1861871,Cariñena Moscatel N.V.,Gran Ducay,N.V.,Dessert,3.6,60,6.5,España,Cariñena,,,,,,
2200141,Vi Dolç 2019,Bàrbara Forés,2019,Dessert,3.8,49,30.65,España,Terra Alta,,,,,,
5439200,Essència de Gerisena 2024,Celler Gerisena,2024,Dessert,3.9,40,10.3,España,Empordà,,,,,,
5602628,Castillo de Miraflores Semidulce 2024,José Estévez,2024,Dessert,3.9,32,7.1,España,Rueda,,,,,,
1766322,Ètim Tradition Verema Tardana Negre Dolç 2018,Falset Marçà,2018,Dessert,3.8,1003,10.35,España,Montsant,,,,,,
4316472,Blanco Semidulce 2024,Nube de Leza García,2024,Dessert,3.6,438,7.6,España,Rioja,,,,,,
2271309,Urezti Late Harvest 2023,Itsasmendi,2023,Dessert,3.9,358,25.95,España,Bizkaiko Txakolina,,,,,,
94288,Uno Dulce 2023,Liberalia,2023,Dessert,3.9,151,19.9,España,Castilla y León,,,,,,
1676438,Mistela Vall de Xaló Moscatell 2022,Bodegas Xaló,2022,Dessert,3.8,132,5.04,España,Alicante,,,,,,
1586954,És Poma N.V.,La Vinyeta,N.V.,Dessert,3.8,132,17.95,España,Empordà,,,,,,
1416837,Sinols Moscatell 2023,Empordàlia,2023,Dessert,3.8,122,8.45,España,Empordà,,,,,,
1303668,Mil.lennium Dolç 2020,Celler Xavier Clua,2020,Dessert,3.8,60,19.5,España,Terra Alta,,,,,,
1959773,Trasotoño de Luis Ángel Casado Blanco Vemdimia Tardia 2009,Luis Angel Casado Manzanos,2009,Dessert,3.6,41,26.25,España,Rioja Alavesa,,,,,,
8072795,Aureo Seco 1954,De Muller,1954,Dessert,3.8,34,17.6,España,Tarragona,,,,,,
1694179,Medium White 2007,Castillo de Liria,2007,Dessert,3.3,1999,2.99,España,Valencia,,,,,,
13094,Moscatel 2021,Pinord,2021,Dessert,3.3,589,24.7,España,Cataluña,,,,,,
1170945,Noe Pedro Ximenez VORS,Gonzalez-Byass,,Fortified,4.5,3435,82.0,España,Jerez-Xérès-Sherry,Sherry (España),4.0,3.0,4.0,4.0,
2395864,Don PX Convento Selección 1977,Toro Albalá,1977,Fortified,4.7,1463,180.0,España,Montilla-Moriles,Spanish Montilla-Moriles Fortified,4.0,1.0,4.0,3.5,
84350,Pedro Ximenez Tradición 20 Years Old Vos N.V.,Bodegas Tradición,N.V.,Fortified,4.5,1200,133.3,España,Jerez-Xérès-Sherry,Pedro Ximénez (España),5.0,1.0,5.0,5.0,
2365584,Don PX Selección 1993,Toro Albalá,1993,Fortified,4.5,415,48.73,España,Montilla-Moriles,Spanish Montilla-Moriles Fortified,4.0,1.0,4.0,3.5,
4743677,Cuatro Palmas Amontillado N.V.,Tio Pepe,N.V.,Fortified,4.5,311,149.0,España,Jerez-Xérès-Sherry,Spanish Amontillado Sherry Fortified,3.0,2.0,3.0,1.0,
1640554,Toneles Moscatel N.V.,Valdespino,N.V.,Fortified,4.8,239,214.99,España,Jerez-Xérès-Sherry,Sherry (España),4.0,3.0,4.0,4.0,
2037513,Coliseo Amontillado VORS N.V.,Valdespino,N.V.,Fortified,4.5,134,141.5,España,Jerez-Xérès-Sherry,Spanish Amontillado Sherry Fortified,3.0,2.0,3.0,1.0,
2417790,Ginés Liébana Pedro Ximénez 1937,Toro Albalá,1937,Fortified,4.5,127,469.0,España,Montilla-Moriles,Spanish Montilla-Moriles Fortified,4.0,1.0,4.0,3.5,
4830124,Fino Imperial Amontillado 30 Años N.V.,Diez Mérito,N.V.,Fortified,4.5,113,121.0,España,Jerez-Xérès-Sherry,Spanish Amontillado Sherry Fortified,3.0,2.0,3.0,1.0,
1736187,Solera India Oloroso Rare Sherry N.V.,Osborne,N.V.,Fortified,4.6,91,138.67,España,Jerez-Xérès-Sherry,Spanish Oloroso Sherry Fortified,4.0,2.0,4.0,1.0,
1587258,Marqués de Poley Amontillado Selección 1951 1951,Toro Albalá,1951,Fortified,4.5,70,240.0,España,Montilla-Moriles,Spanish Montilla-Moriles Fortified,4.0,1.0,4.0,3.5,
2557163,Reliquia Palo Cortado Sherry N.V.,Barbadillo,N.V.,Fortified,4.7,67,399.0,España,Jerez-Xérès-Sherry,Spanish Palo Cortado Sherry Fortified,2.0,2.0,1.5,1.0,
1409007,Santa Ana Pedro Ximenez 1861 N.V.,Emilio Hidalgo,N.V.,Fortified,4.6,61,413.9,España,Jerez-Xérès-Sherry,Sherry (España),4.0,3.0,4.0,4.0,
2609014,Añada Palo Cortado 1987 1991,Gonzalez-Byass,1991,Fortified,4.5,51,344.15,España,Jerez-Xérès-Sherry,Spanish Palo Cortado Sherry Fortified,2.0,2.0,1.5,1.0,
6559979,Oloroso 1/14 N.V.,Bodegas Alonso,N.V.,Fortified,4.6,41,119.0,España,Cádiz,,,,,,
2483367,Palo Cortado Añada 1998,Bodegas Tradición,1998,Fortified,4.6,41,315.0,España,Jerez-Xérès-Sherry,Spanish Palo Cortado Sherry Fortified,2.0,2.0,1.5,1.0,
86816,Don PX Pedro Ximenez 1929,Toro Albalá,1929,Fortified,4.8,26,401.61,España,Montilla-Moriles,Spanish Montilla-Moriles Fortified,4.0,1.0,4.0,3.5,
7190635,Oloroso 1/7 Anticuario N.V.,El Maestro Sierra,N.V.,Fortified,4.6,55,90.0,España,Jerez-Xérès-Sherry,Spanish Oloroso Sherry Fortified,4,2,4.0,1.0,
5563500,Abuelo Diego Palo Cortado N.V.,Alvear,N.V.,Fortified,4.7,49,225.95,España,Montilla-Moriles,Spanish Montilla-Moriles Fortified,4,1,4.0,3.5,
1435123,Eléctrico Don PX Reserva Especial 2021,Toro Albalá,2021,Fortified,4.6,48,32.0,España,Montilla-Moriles,Spanish Montilla-Moriles Fortified,4,1,4.0,3.5,
2227897,Solera BC-200 N.V.,Osborne,N.V.,Fortified,4.6,42,157.0,España,Jerez-Xérès-Sherry,Sherry (España),4,3,4.0,4.0,
2445342,Privilegio Palo Cortado 1860 N.V.,Emilio Hidalgo,N.V.,Fortified,4.5,31,375.0,España,Jerez-Xérès-Sherry,Spanish Palo Cortado Sherry Fortified,2,2,1.5,1.0,
2005750,Nectar Pedro Ximenez Sherry (Dulce) N.V.,Gonzalez-Byass,N.V.,Fortified,4.1,10435,9.67,España,Jerez-Xérès-Sherry,Pedro Ximénez (España),5.0,1.0,5.0,5.0,
86829,Don PX 1993,Toro Albalá,1993,Fortified,4.4,6812,54.5,España,Montilla-Moriles,Spanish Montilla-Moriles Fortified,4.0,1.0,4.0,3.5,
1164439,East India Solera Sherry N.V.,Lustau,N.V.,Fortified,4.0,3891,17.7,España,Jerez-Xérès-Sherry,Spanish Cream Sherry Fortified,4.0,1.0,4.5,4.5,
1170133,San Emilio Pedro Ximénez Sherry (Solera Reserva) N.V.,Lustau,N.V.,Fortified,4.1,3839,21.45,España,Jerez-Xérès-Sherry,Pedro Ximénez (España),5.0,1.0,5.0,5.0,
81688,Pedro Ximenez 1827 Jerez-Xeres-Sherry N.V.,Osborne,N.V.,Fortified,4.0,2679,10.9,España,Jerez-Xérès-Sherry,Pedro Ximénez (España),5.0,1.0,5.0,5.0,
734294,Pedro Ximénez 1927 N.V.,Alvear,N.V.,Fortified,4.1,2547,13.43,España,Montilla-Moriles,Spanish Montilla-Moriles Fortified,4.0,1.0,4.0,3.5,
3355868,Leonor Palo Cortado Seco N.V.,Gonzalez-Byass,N.V.,Fortified,4.1,2430,24.95,España,Jerez-Xérès-Sherry,Spanish Palo Cortado Sherry Fortified,2.0,2.0,1.5,1.0,
2028826,Pedro Ximénez de Añada 2023,Alvear,2023,Fortified,4.2,2207,13.6,España,Montilla-Moriles,Spanish Montilla-Moriles Fortified,4.0,1.0,4.0,3.5,
4010937,Vermut Rojo N.V.,Lustau,N.V.,Fortified,4.2,1924,12.8,España,Jerez-Xérès-Sherry,Sherry (España),4.0,3.0,4.0,4.0,
1508736,Matusalem Sherry VORS N.V.,Gonzalez-Byass,N.V.,Fortified,4.3,1899,81.78,España,Jerez-Xérès-Sherry,Sherry (España),4.0,3.0,4.0,4.0,
1826676,Finest Old Harvest Medium N.V.,Bodegas Ximénez-Spínola,N.V.,Fortified,4.2,1893,21.38,España,Jerez-Xérès-Sherry,Sherry (España),4.0,3.0,4.0,4.0,
2390233,Apostoles 30 Years Old Sherry N.V.,Gonzalez-Byass,N.V.,Fortified,4.3,1828,82.05,España,Jerez-Xérès-Sherry,Sherry (España),4.0,3.0,4.0,4.0,
3975739,Palo Cortado Península Jerez-Xérès-Sherry  Seco-Dry N.V.,Lustau,N.V.,Fortified,4.0,1774,18.9,España,Jerez-Xérès-Sherry,Spanish Palo Cortado Sherry Fortified,2.0,2.0,1.5,1.0,
80861,Hidalgo Pedro Ximénez N.V.,Emilio Hidalgo,N.V.,Fortified,4.0,1408,29.8,España,Jerez-Xérès-Sherry,Pedro Ximénez (España),5.0,1.0,5.0,5.0,
1170968,Del Duque Amontillado Sherry VORS N.V.,Gonzalez-Byass,N.V.,Fortified,4.2,1352,82.05,España,Jerez-Xérès-Sherry,Spanish Amontillado Sherry Fortified,3.0,2.0,3.0,1.0,
2558495,Palo Cortado Tradición Vors 30 Years Sherry N.V.,Bodegas Tradición,N.V.,Fortified,4.4,1315,122.0,España,Jerez-Xérès-Sherry,Spanish Palo Cortado Sherry Fortified,2.0,2.0,1.5,1.0,
1978025,Don Guido Pedro Ximenez Solera Especial Aged 20 Years N.V.,Williams & Humbert,N.V.,Fortified,4.4,1295,38.9,España,Jerez-Xérès-Sherry,Sherry (España),4.0,3.0,4.0,4.0,
2457113,Amontillado Tradición Vors 30 Years N.V.,Bodegas Tradición,N.V.,Fortified,4.3,1193,96.0,España,Jerez-Xérès-Sherry,Spanish Amontillado Sherry Fortified,3.0,2.0,3.0,1.0,
80971,Triana Pedro Ximenez,Hidalgo (La Gitana),,Fortified,4.1,1143,12.79,España,Jerez-Xérès-Sherry,Pedro Ximénez (España),5.0,1.0,5.0,5.0,
2045984,Reserva Vermouth Rojo N.V.,Bodegas Yzaguirre,N.V.,Fortified,4.2,1129,12.2,España,Cataluña,,,,,,
1923353,Don Zoilo Pedro Ximenez 12 Years Old Sherry N.V.,Williams & Humbert,N.V.,Fortified,4.0,1124,17.9,España,Jerez-Xérès-Sherry,Sherry (España),4.0,3.0,4.0,4.0,
1170132,Emilín Moscatel Sherry (Solera Reserva) N.V.,Lustau,N.V.,Fortified,4.1,1062,18.88,España,Jerez-Xérès-Sherry,Sherry (España),4.0,3.0,4.0,4.0,
3934653,Oloroso Tradición Vors 30 Years N.V.,Bodegas Tradición,N.V.,Fortified,4.3,964,76.5,España,Jerez-Xérès-Sherry,Spanish Oloroso Sherry Fortified,4.0,2.0,4.0,1.0,
1485302,Isabela Cream Sherry N.V.,Valdespino,N.V.,Fortified,4.0,941,13.45,España,Jerez-Xérès-Sherry,Spanish Cream Sherry Fortified,4.0,1.0,4.5,4.5,
1144019,Dos Cortados Palo Cortado Solera Especial Aged 20 Years N.V.,Williams & Humbert,N.V.,Fortified,4.2,897,32.5,España,Jerez-Xérès-Sherry,Spanish Palo Cortado Sherry Fortified,2.0,2.0,1.5,1.0,
1435782,Viña 25 Pedro Ximénez N.V.,Lustau,N.V.,Fortified,4.1,859,9.5,España,Jerez-Xérès-Sherry,Sherry (España),4.0,3.0,4.0,4.0,
1708849,La Panesa Especial Fino N.V.,Emilio Hidalgo,N.V.,Fortified,4.1,824,38.43,España,Jerez-Xérès-Sherry,Spanish Fino Sherry Fortified,2.0,2.0,1.0,1.0,
7570942,Manzanilla Fina Miraflores Baja N.V.,M. Antonio de la Riva,N.V.,Fortified,4.0,823,20.1,España,Jerez-Xérès-Sherry,Spanish Manzanilla Sherry Fortified,1.0,2.0,1.0,1.0,
1980986,Cream Tradición Vos 20 Years N.V.,Bodegas Tradición,N.V.,Fortified,4.3,808,62.6,España,Jerez-Xérès-Sherry,Spanish Cream Sherry Fortified,4.0,1.0,4.5,4.5,
3799719,Vermello Vermú N.V.,St. Petroni,N.V.,Fortified,4.3,796,16.5,España,Galicia,,,,,,
1232366,Antique Palo Cortado N.V.,Fernando de Castilla,N.V.,Fortified,4.2,733,49.0,España,Jerez-Xérès-Sherry,Spanish Palo Cortado Sherry Fortified,2.0,2.0,1.5,1.0,
4052222,Single Vineyard Palo Cortado Viejo C.P Dry N.V.,Valdespino,N.V.,Fortified,4.1,704,43.75,España,Jerez-Xérès-Sherry,Spanish Palo Cortado Sherry Fortified,2.0,2.0,1.5,1.0,
7179196,Fino Caberrubia Carrascal N.V.,Bodegas Luis Perez,N.V.,Fortified,4.1,701,29.9,España,Jerez-Xérès-Sherry,Spanish Fino Sherry Fortified,2.0,2.0,1.0,1.0,
6411049,Vermut Blanco N.V.,Lustau,N.V.,Fortified,4.1,699,12.0,España,Jerez-Xérès-Sherry,Sherry (España),4.0,3.0,4.0,4.0,
8704940,Viña Corrales Pago Balbaína Fino 2023,Cooperatica San Francisco Javier,2023,Fortified,4.0,698,38.63,España,Jerez-Xérès-Sherry,Spanish Fino Sherry Fortified,2.0,2.0,1.0,1.0,
1187156,Oloroso Pata de Gallina Almacenista Juan García Jarana N.V.,Lustau,N.V.,Fortified,4.0,696,19.9,España,Jerez-Xérès-Sherry,Spanish Oloroso Sherry Fortified,4.0,2.0,4.0,1.0,
1169782,Pedro Ximénez Murillo Selección del Centenario N.V.,Lustau,N.V.,Fortified,4.3,677,22.9,España,Jerez-Xérès-Sherry,Pedro Ximénez (España),5.0,1.0,5.0,5.0,
5282391,Velo Flor N.V.,Bodegas Alonso,N.V.,Fortified,4.1,676,32.9,España,Jerez-Xérès-Sherry,Sherry (España),4.0,3.0,4.0,4.0,
2325006,Emperatriz Eugenia Oloroso Sherry (Very Rare) N.V.,Lustau,N.V.,Fortified,4.0,663,18.9,España,Jerez-Xérès-Sherry,Spanish Oloroso Sherry Fortified,4.0,2.0,4.0,1.0,
1462294,Don Gonzalo Oloroso Viejo VOS N.V.,Valdespino,N.V.,Fortified,4.0,633,59.86,España,Jerez-Xérès-Sherry,Spanish Oloroso Sherry Fortified,4.0,2.0,4.0,1.0,
1144017,Jalifa Amontillado Rare Old Dry Solera Especial Aged 30 Years N.V.,Williams & Humbert,N.V.,Fortified,4.2,630,39.5,España,Jerez-Xérès-Sherry,Spanish Amontillado Sherry Fortified,3.0,2.0,3.0,1.0,
6220459,Aureo Dulce Añejo N.V.,De Muller,N.V.,Fortified,4.1,622,18.8,España,Tarragona,,,,,,
4770861,San Emilio Pedro Ximenez N.V.,Lustau,N.V.,Fortified,4.1,608,18.88,España,Jerez-Xérès-Sherry,Sherry (España),4.0,3.0,4.0,4.0,
4759960,La Copa Vermouth N.V.,Gonzalez-Byass,N.V.,Fortified,4.1,545,9.5,España,Jerez-Xérès-Sherry,Sherry (España),4.0,3.0,4.0,4.0,
3791225,Maruja Manzanilla Pasada N.V.,Juan Pinero,N.V.,Fortified,4.1,539,24.92,España,Jerez-Xérès-Sherry,Spanish Manzanilla Sherry Fortified,1.0,2.0,1.0,1.0,
1169781,Añada Rich Oloroso Abocado Vintage Sherry 1995,Lustau,1995,Fortified,4.3,539,43.35,España,Jerez-Xérès-Sherry,Spanish Oloroso Sherry Fortified,4.0,2.0,4.0,1.0,
7038646,Fino Dos Palmas N.V.,Tio Pepe,N.V.,Fortified,4.1,508,37.8,España,Jerez-Xérès-Sherry,Spanish Fino Sherry Fortified,2.0,2.0,1.0,1.0,
1997349,Casa del Inca Pedro Ximénez 2021,Equipo Navazos,2021,Fortified,4.0,491,29.2,España,Montilla-Moriles,Spanish Montilla-Moriles Fortified,4.0,1.0,4.0,3.5,
9684518,Gran Barquero Amontillado Solera 25 Años N.V.,Perez Barquero,N.V.,Fortified,4.1,490,28.5,España,Montilla-Moriles,Spanish Montilla-Moriles Fortified,4.0,1.0,4.0,3.5,
1606356,Promesa Moscatel N.V.,Valdespino,N.V.,Fortified,4.1,473,18.25,España,Jerez-Xérès-Sherry,Sherry (España),4.0,3.0,4.0,4.0,
7183155,Tres Palmas N.V.,Tio Pepe,N.V.,Fortified,4.2,460,49.9,España,Jerez-Xérès-Sherry,Sherry (España),4.0,3.0,4.0,4.0,
5972398,Amontillado N.V.,Cayetano del Pino,N.V.,Fortified,4.2,450,38.2,España,Jerez-Xérès-Sherry,Spanish Amontillado Sherry Fortified,3.0,2.0,3.0,1.0,
2178286,El Tresillo Amontillado Fino N.V.,Emilio Hidalgo,N.V.,Fortified,4.0,444,99.98,España,Jerez-Xérès-Sherry,Spanish Amontillado Sherry Fortified,3.0,2.0,3.0,1.0,
2051396,Solera 1830 Pedro Ximénez N.V.,Alvear,N.V.,Fortified,4.3,444,188.55,España,Montilla-Moriles,Spanish Montilla-Moriles Fortified,4.0,1.0,4.0,3.5,
3849742,Cream N.V.,Juan Pinero,N.V.,Fortified,4.2,431,34.4,España,Jerez-Xérès-Sherry,Spanish Cream Sherry Fortified,4.0,1.0,4.5,4.5,
1546438,Villapanes Oloroso Seco N.V.,Emilio Hidalgo,N.V.,Fortified,4.1,420,44.8,España,Jerez-Xérès-Sherry,Spanish Oloroso Sherry Fortified,4.0,2.0,4.0,1.0,
1169775,Jerez-Xeres-Sherry 30 Year Old Palo Cortado VORS N.V.,Lustau,N.V.,Fortified,4.3,401,55.4,España,Jerez-Xérès-Sherry,Spanish Palo Cortado Sherry Fortified,2.0,2.0,1.5,1.0,
4527363,Vermouth Blanco N.V.,Bodegas Yzaguirre,N.V.,Fortified,4.0,395,7.95,España,Tarragona,,,,,,
6003502,Fino Capataz (Solera de la Casa) N.V.,Alvear,N.V.,Fortified,4.0,382,19.51,España,Montilla-Moriles,Spanish Montilla-Moriles Fortified,4.0,1.0,4.0,3.5,
6818893,Vermut Rosé N.V.,Lustau,N.V.,Fortified,4.1,369,13.75,España,Jerez-Xérès-Sherry,Sherry (España),4.0,3.0,4.0,4.0,
4857863,Vermut N.V.,Fernando de Castilla,N.V.,Fortified,4.0,365,15.9,España,Jerez-Xérès-Sherry,Sherry (España),4.0,3.0,4.0,4.0,
9413621,Vermouth Reserva N.V.,Martinez Lacuesta,N.V.,Fortified,4.1,351,16.1,España,Vino de España,,,,,,
1201091,1730 Pedro Ximenez N.V.,Álvaro Domecq,N.V.,Fortified,4.4,343,45.04,España,Jerez-Xérès-Sherry,Pedro Ximénez (España),5.0,1.0,5.0,5.0,
6447050,Macharnudo Blanco 2023,M. Antonio de la Riva,2023,Fortified,4.2,343,85.0,España,Jerez-Xérès-Sherry,Sherry (España),4.0,3.0,4.0,4.0,
4427420,Manzanilla Solear en Rama Saca de Primavera N.V.,Barbadillo,N.V.,Fortified,4.0,340,15.5,España,Jerez-Xérès-Sherry,Spanish Manzanilla Sherry Fortified,1.0,2.0,1.0,1.0,
7993888,Palo Cortado N.V.,Cayetano del Pino,N.V.,Fortified,4.2,339,27.3,España,Jerez-Xérès-Sherry,Spanish Palo Cortado Sherry Fortified,2.0,2.0,1.5,1.0,
1186766,Original Exceptional Harvest 2023,Bodegas Ximénez-Spínola,2023,Fortified,4.0,316,20.5,España,Jerez-Xérès-Sherry,Sherry (España),4.0,3.0,4.0,4.0,
9264640,Gran Barquero Oloroso Solera 25 Años N.V.,Perez Barquero,N.V.,Fortified,4.2,315,23.9,España,Jerez-Xérès-Sherry,Spanish Oloroso Sherry Fortified,4.0,2.0,4.0,1.0,
7216596,Gran Barquero Palo Cortado Solera 25 Años N.V.,Perez Barquero,N.V.,Fortified,4.2,297,40.9,España,Montilla-Moriles,Spanish Montilla-Moriles Fortified,4.0,1.0,4.0,3.5,
4588637,Bertola Palo Cortado 12 Años N.V.,Diez Mérito,N.V.,Fortified,4.0,292,28.5,España,Jerez-Xérès-Sherry,Spanish Palo Cortado Sherry Fortified,2.0,2.0,1.5,1.0,
6203791,Great Duke Palo Cortado 12 Años N.V.,Juan Pinero,N.V.,Fortified,4.0,290,21.15,España,Jerez-Xérès-Sherry,Spanish Palo Cortado Sherry Fortified,2.0,2.0,1.5,1.0,
1857498,Vermut Negro N.V.,Casa Mariol,N.V.,Fortified,4.1,289,10.45,España,Cataluña,,,,,,
1371324,Gran Reserva Vermouth Perucchi N.V.,Montana-Perucchi,N.V.,Fortified,4.1,289,14.9,España,Vino de España,,,,,,
7180078,Colección de Añadas Fino en Rama 2015,Williams & Humbert,2015,Fortified,4.3,285,18.5,España,Jerez-Xérès-Sherry,Spanish Fino Sherry Fortified,2.0,2.0,1.0,1.0,
7283788,Agostado 2022,Cota 45,2022,Fortified,4.1,282,50.0,España,Jerez-Xérès-Sherry,Sherry (España),4.0,3.0,4.0,4.0,
3009979,Reserva Vermouth Rojo N.V.,Vinos Guerra,N.V.,Fortified,4.2,273,10.24,España,Bierzo,,,,,,
1169773,Jerez-Xeres-Sherry 30 Year Old Amontillado VORS N.V.,Lustau,N.V.,Fortified,4.2,259,54.9,España,Jerez-Xérès-Sherry,Spanish Amontillado Sherry Fortified,3.0,2.0,3.0,1.0,
9771084,Reserve Red Vermouth N.V.,Dos Déus,N.V.,Fortified,4.3,258,10.95,España,Tarragona,,,,,,
7706653,Classic Sweet Cream Sherry N.V.,Fernando de Castilla,N.V.,Fortified,4.1,257,18.95,España,Jerez-Xérès-Sherry,Spanish Cream Sherry Fortified,4.0,1.0,4.5,4.5,
5872783,61 Vermouth Verdejo N.V.,Cuatro Rayas,N.V.,Fortified,4.0,250,9.8,España,Rueda,,,,,,
7707036,Atamán Vermut N.V.,Barbadillo,N.V.,Fortified,4.2,243,15.4,España,Jerez-Xérès-Sherry,Sherry (España),4.0,3.0,4.0,4.0,
6071347,Rojo Clásico Vermouth N.V.,Padró & Co,N.V.,Fortified,4.1,242,10.99,España,Tarragona,,,,,,
1840015,Vermouth Reserva N.V.,De Muller,N.V.,Fortified,4.3,231,12.95,España,Tarragona,,,,,,
3782501,Marqués de Poley  Amontillado Viejisimo Solera 1922 1922,Toro Albalá,1922,Fortified,4.1,228,44.52,España,Montilla-Moriles,Spanish Montilla-Moriles Fortified,4.0,1.0,4.0,3.5,
5459018,Don PX Vieja Cosecha 2003,Toro Albalá,2003,Fortified,4.4,226,51.0,España,Montilla-Moriles,Spanish Montilla-Moriles Fortified,4.0,1.0,4.0,3.5,
6767622,Almacenista Amontillado del Castillo N.V.,Lustau,N.V.,Fortified,4.1,224,26.44,España,Jerez-Xérès-Sherry,Spanish Amontillado Sherry Fortified,3.0,2.0,3.0,1.0,
1169777,Jerez-Xérès-Sherry 30 Year Old Oloroso VORS N.V.,Lustau,N.V.,Fortified,4.3,217,49.5,España,Jerez-Xérès-Sherry,Spanish Oloroso Sherry Fortified,4.0,2.0,4.0,1.0,
1170131,Superior Rare Cream Sherry (Reserva Solera) N.V.,Lustau,N.V.,Fortified,4.0,213,20.93,España,Jerez-Xérès-Sherry,Spanish Cream Sherry Fortified,4.0,1.0,4.5,4.5,
4196329,Amontillado Olvidado N.V.,Romate,N.V.,Fortified,4.1,205,32.5,España,Jerez-Xérès-Sherry,Spanish Amontillado Sherry Fortified,3.0,2.0,3.0,1.0,
6218900,Pedro Ximénez de Sacristía 2006,Alvear,2006,Fortified,4.4,203,33.9,España,Montilla-Moriles,Spanish Montilla-Moriles Fortified,4.0,1.0,4.0,3.5,
10047563,Palo Cortado No.7 Solera del Callejon 20 Años N.V.,Alvear,N.V.,Fortified,4.0,202,21.42,España,Montilla-Moriles,Spanish Montilla-Moriles Fortified,4.0,1.0,4.0,3.5,
2014802,30 Years VORS Pedro Ximénez Sherry N.V.,Harveys,N.V.,Fortified,4.4,201,71.17,España,Jerez-Xérès-Sherry,Pedro Ximénez (España),5.0,1.0,5.0,5.0,
5550206,Pandorga Esencia de Pedro Ximénez 2024,Cota 45,2024,Fortified,4.4,200,44.5,España,Vino de España,,,,,,
1851660,Vermouth Rojo N.V.,Alvear,N.V.,Fortified,4.0,191,12.5,España,Montilla-Moriles,Spanish Montilla-Moriles Fortified,4.0,1.0,4.0,3.5,
80831,El Tresillo 1874 Especial Amontillado Viejo N.V.,Emilio Hidalgo,N.V.,Fortified,4.2,189,105.0,España,Jerez-Xérès-Sherry,Spanish Amontillado Sherry Fortified,3.0,2.0,3.0,1.0,
1211018,Tauromaquia Pedro Ximenez N.V.,Gracia Hnos,N.V.,Fortified,4.0,186,46.53,España,Montilla-Moriles,Spanish Montilla-Moriles Fortified,4.0,1.0,4.0,3.5,
11077090,Don Zoilo Pedro Ximenez 15 Years Old Sherry,Williams & Humbert,,Fortified,4.1,186,15.9,España,Jerez-Xérès-Sherry,Pedro Ximénez (España),5.0,1.0,5.0,5.0,
1242398,Oloroso N.V.,Bodegas Dios Baco,N.V.,Fortified,4.0,181,78.0,España,Jerez-Xérès-Sherry,Spanish Oloroso Sherry Fortified,4.0,2.0,4.0,1.0,
2352467,Iris Vermouth Rojo N.V.,De Muller,N.V.,Fortified,4.1,178,7.5,España,Tarragona,,,,,,
4135095,Pandorga 2023,Cota 45,2023,Fortified,4.4,173,39.93,España,Vino de España,,,,,,
5577115,Palo Cortado 1/10 N.V.,Cayetano del Pino,N.V.,Fortified,4.4,172,45.0,España,Jerez-Xérès-Sherry,Spanish Palo Cortado Sherry Fortified,2.0,2.0,1.5,1.0,
1239736,Tauromaquia Amontillado Viejo N.V.,Gracia Hnos,N.V.,Fortified,4.1,167,34.95,España,Montilla-Moriles,Spanish Montilla-Moriles Fortified,4.0,1.0,4.0,3.5,
5887465,Manzanilla Primera Saca N.V.,Sacristia AB,N.V.,Fortified,4.1,167,19.05,España,Jerez-Xérès-Sherry,Spanish Manzanilla Sherry Fortified,1.0,2.0,1.0,1.0,
9863303,La Honda Amontillado En Rama Palomino Fino N.V.,Osborne,N.V.,Fortified,4.3,166,45.5,España,Jerez-Xérès-Sherry,Spanish Amontillado Sherry Fortified,3.0,2.0,3.0,1.0,
1859139,As You Like It Medium Sweet Amontillado Blend N.V.,Williams & Humbert,N.V.,Fortified,4.4,160,65.17,España,Jerez-Xérès-Sherry,Spanish Amontillado Sherry Fortified,3.0,2.0,3.0,1.0,
4402094,Cardenal Palo Cortado VORS N.V.,Valdespino,N.V.,Fortified,4.3,156,141.5,España,Jerez-Xérès-Sherry,Spanish Palo Cortado Sherry Fortified,2.0,2.0,1.5,1.0,
5013,Jerez-Xeres-Sherry Amontillado Solera AOS N.V.,Osborne,N.V.,Fortified,4.3,153,144.6,España,Jerez-Xérès-Sherry,Spanish Amontillado Sherry Fortified,3.0,2.0,3.0,1.0,
2336390,Bertola P.X. Pedro Ximenez N.V.,Diez Mérito,N.V.,Fortified,4.0,153,23.4,España,Jerez-Xérès-Sherry,Pedro Ximénez (España),5.0,1.0,5.0,5.0,
2389883,Vermouth N.V.,Dos Déus,N.V.,Fortified,4.1,152,14.5,España,Cataluña,,,,,,
3309686,Sibarita Oloroso Jerez-Xeres-Sherry 30 Years V.O.R.S N.V.,Osborne,N.V.,Fortified,4.4,151,82.95,España,Jerez-Xérès-Sherry,Spanish Oloroso Sherry Fortified,4.0,2.0,4.0,1.0,
10074813,La Honda Fino en Rama Palomino Fino N.V.,Osborne,N.V.,Fortified,4.1,150,25.0,España,Jerez-Xérès-Sherry,Spanish Fino Sherry Fortified,2.0,2.0,1.0,1.0,
1144018,Dry Sack Oloroso Solera Especial Aged 15 Years N.V.,Williams & Humbert,N.V.,Fortified,4.0,140,34.9,España,Jerez-Xérès-Sherry,Spanish Oloroso Sherry Fortified,4.0,2.0,4.0,1.0,
2337690,Monteagudo Moscatel N.V.,Delgado Zuleta,N.V.,Fortified,4.0,140,15.5,España,Jerez-Xérès-Sherry,Sherry (España),4.0,3.0,4.0,4.0,
6517386,Dorado Amargo Suave Vermouth N.V.,Padró & Co,N.V.,Fortified,4.1,139,10.9,España,Tarragona,,,,,,
4191528,1730 Palo Cortado N.V.,Álvaro Domecq,N.V.,Fortified,4.2,138,44.54,España,Jerez-Xérès-Sherry,Spanish Palo Cortado Sherry Fortified,2.0,2.0,1.5,1.0,
5378388,La Bota 71 de Manzanilla N.V.,Equipo Navazos,N.V.,Fortified,4.0,138,24.7,España,Jerez-Xérès-Sherry,Spanish Manzanilla Sherry Fortified,1.0,2.0,1.0,1.0,
2666435,Tauromaquia Oloroso N.V.,Gracia Hnos,N.V.,Fortified,4.0,134,33.9,España,Montilla-Moriles,Spanish Montilla-Moriles Fortified,4.0,1.0,4.0,3.5,
9171317,La Riva Manzanilla Pasada Balbaina Alta N.V.,M. Antonio de la Riva,N.V.,Fortified,4.2,131,69.0,España,Jerez-Xérès-Sherry,Spanish Manzanilla Sherry Fortified,1.0,2.0,1.0,1.0,
5806240,Colección de Añadas Amontillado en Rama 2010,Williams & Humbert,2010,Fortified,4.3,120,38.38,España,Jerez-Xérès-Sherry,Spanish Amontillado Sherry Fortified,3.0,2.0,3.0,1.0,
2653352,Selectión 1884 Vermouth Gran Reserva N.V.,Bodegas Yzaguirre,N.V.,Fortified,4.4,113,29.6,España,Cataluña,,,,,,
5304652,Blanco Reserva Vermouth N.V.,Padró & Co,N.V.,Fortified,4.2,107,10.95,España,Tarragona,,,,,,
8860698,Sopla Poniente - Fino Cerro del Majuelo N.V.,Pepe Rodríguez de Vera,N.V.,Fortified,4.2,106,27.75,España,Montilla-Moriles,Spanish Montilla-Moriles Fortified,4.0,1.0,4.0,3.5,
2461281,Amontillado 51-1ª 30 Years VORS Sherry N.V.,Osborne,N.V.,Fortified,4.3,105,69.15,España,Jerez-Xérès-Sherry,Spanish Amontillado Sherry Fortified,3.0,2.0,3.0,1.0,
1560308,1730 Oloroso N.V.,Álvaro Domecq,N.V.,Fortified,4.2,105,26.7,España,Jerez-Xérès-Sherry,Spanish Oloroso Sherry Fortified,4.0,2.0,4.0,1.0,
4349178,Amontillado 30 Years Old V.O.R.S Sherry N.V.,Juan Pinero,N.V.,Fortified,4.4,104,36.84,España,Jerez-Xérès-Sherry,Spanish Amontillado Sherry Fortified,3.0,2.0,3.0,1.0,
11748212,Coquinero Fino En Rama Palomino Fino N.V.,Osborne,N.V.,Fortified,4.0,95,16.83,España,Jerez-Xérès-Sherry,Spanish Fino Sherry Fortified,2.0,2.0,1.0,1.0,
5806217,Canasta 20 Años Cream N.V.,Williams & Humbert,N.V.,Fortified,4.3,93,34.9,España,Jerez-Xérès-Sherry,Spanish Cream Sherry Fortified,4.0,1.0,4.5,4.5,
3124482,La Riva Fino Balbaina Alta N.V.,M. Antonio de la Riva,N.V.,Fortified,4.2,88,66.95,España,Jerez-Xérès-Sherry,Spanish Fino Sherry Fortified,2.0,2.0,1.0,1.0,
8456883,Fino En Rama Camborio N.V.,Juan Pinero,N.V.,Fortified,4.2,85,24.97,España,Jerez-Xérès-Sherry,Spanish Fino Sherry Fortified,2.0,2.0,1.0,1.0,
5545179,La Bota 72 de Palo Cortado 'Pata de Gallina' N.V.,Equipo Navazos,N.V.,Fortified,4.4,84,60.0,España,Jerez-Xérès-Sherry,Spanish Palo Cortado Sherry Fortified,2.0,2.0,1.5,1.0,
6488501,Rojo Amargo Vermouth N.V.,Padró & Co,N.V.,Fortified,4.1,84,22.2,España,Tarragona,,,,,,
80991,Amontillado Napoleon Vinos Viejos 30 Year Old Sherry N.V.,Hidalgo (La Gitana),N.V.,Fortified,4.4,83,84.5,España,Jerez-Xérès-Sherry,Spanish Amontillado Sherry Fortified,3.0,2.0,3.0,1.0,
9984948,Gallipato 2021,Delgado Zuleta,2021,Fortified,4.0,79,12.6,España,Jerez-Xérès-Sherry,Pedro Ximénez (España),5.0,1.0,5.0,5.0,
10585389,Poley Pedro Ximenez Dulce 2019,Toro Albalá,2019,Fortified,4.2,77,18.53,España,Montilla-Moriles,Spanish Montilla-Moriles Fortified,4.0,1.0,4.0,3.5,
4569582,Pedro Ximenez N.V.,Juan Pinero,N.V.,Fortified,4.0,77,19.02,España,Jerez-Xérès-Sherry,Sherry (España),4.0,3.0,4.0,4.0,
7249601,Vors Obispo Gascon Palo Cortado Aged 30 Years N.V.,Barbadillo,N.V.,Fortified,4.4,77,58.0,España,Jerez-Xérès-Sherry,Spanish Palo Cortado Sherry Fortified,2.0,2.0,1.5,1.0,
2014800,30 Years  V.O.R.S Very Old Oloroso Blend Medium Sherry N.V.,Harveys,N.V.,Fortified,4.2,76,71.17,España,Jerez-Xérès-Sherry,Spanish Oloroso Sherry Fortified,4.0,2.0,4.0,1.0,
4520809,Oloroso 30 Years Old V.O.R.S N.V.,Juan Pinero,N.V.,Fortified,4.3,75,37.9,España,Jerez-Xérès-Sherry,Spanish Oloroso Sherry Fortified,4.0,2.0,4.0,1.0,
6982794,Vermut Rojo N.V.,La Fabulosa,N.V.,Fortified,4.0,71,11.5,España,Vino de España,,,,,,
8287009,Don Zoilo 12 Years Old Palo Cortado Sherry N.V.,Williams & Humbert,N.V.,Fortified,4.0,67,25.99,España,Jerez-Xérès-Sherry,Spanish Palo Cortado Sherry Fortified,2.0,2.0,1.5,1.0,
6213883,Amontillado 1/15 N.V.,Bodegas Alonso,N.V.,Fortified,4.3,66,119.0,España,Jerez-Xérès-Sherry,Spanish Amontillado Sherry Fortified,3.0,2.0,3.0,1.0,
10733791,Vermouth Original N.V.,Antich,N.V.,Fortified,4.3,64,10.95,España,Cataluña,,,,,,
7767922,Luis Felipe Pedro Ximénez N.V.,Perla Azul,N.V.,Fortified,4.3,62,30.9,España,Jerez-Xérès-Sherry,Pedro Ximénez (España),5.0,1.0,5.0,5.0,
9603013,Extra Premium Vermouth N.V.,Astobiza,N.V.,Fortified,4.1,62,20.25,España,Arabako Txakolina,,,,,,
10537479,White Vermouth N.V.,Dos Déus,N.V.,Fortified,4.0,61,10.5,España,Cataluña,,,,,,
11029214,La Bota 113 de Manzanilla N.V.,Equipo Navazos,N.V.,Fortified,4.1,59,29.0,España,Jerez-Xérès-Sherry,Spanish Manzanilla Sherry Fortified,1.0,2.0,1.0,1.0,
9050805,Palo Cortado N.V.,La Inglesa,N.V.,Fortified,4.3,57,59.5,España,Jerez-Xérès-Sherry,Spanish Palo Cortado Sherry Fortified,2.0,2.0,1.5,1.0,
8148649,Oloroso Jerez Seco N.V.,Harveys,N.V.,Fortified,4.0,55,14.45,España,Jerez-Xérès-Sherry,Spanish Oloroso Sherry Fortified,4.0,2.0,4.0,1.0,
2038064,Solera PAP Palo Cortado Rare Sherry N.V.,Osborne,N.V.,Fortified,4.4,55,195.0,España,Jerez-Xérès-Sherry,Spanish Palo Cortado Sherry Fortified,2.0,2.0,1.5,1.0,
9597410,Sopla Poniente - PX El Coscojal 2022,Pepe Rodríguez de Vera,2022,Fortified,4.4,55,44.9,España,Montilla-Moriles,Spanish Montilla-Moriles Fortified,4.0,1.0,4.0,3.5,
6496488,Vermu Arlini N.V.,Arloren,N.V.,Fortified,4.3,51,10.0,España,Jumilla,,,,,,
9663086,Marqués de Poley Palo Cortado 1964,Toro Albalá,1964,Fortified,4.4,51,151.47,España,Montilla-Moriles,Spanish Montilla-Moriles Fortified,4.0,1.0,4.0,3.5,
2524177,Victoria Regina Oloroso 30 Años N.V.,Diez Mérito,N.V.,Fortified,4.3,50,121.0,España,Jerez-Xérès-Sherry,Spanish Oloroso Sherry Fortified,4.0,2.0,4.0,1.0,
4830099,Reserva Especial Vermouth Rojo N.V.,Olave,N.V.,Fortified,4.2,49,9.95,España,Cataluña,,,,,,
1926033,Reserva Vermouth Blanco N.V.,Bodegas Yzaguirre,N.V.,Fortified,4.0,47,14.6,España,Cataluña,,,,,,
6559982,Palo Cortado 1/8 N.V.,Bodegas Alonso,N.V.,Fortified,4.3,44,119.0,España,Cádiz,,,,,,
9096258,Antique Pedro Ximenez N.V.,Fernando de Castilla,N.V.,Fortified,4.2,43,33.7,España,Jerez-Xérès-Sherry,Pedro Ximénez (España),5.0,1.0,5.0,5.0,
7183099,Colección Añadas Palo Cortado En Rama 2002,Williams & Humbert,2002,Fortified,4.2,41,60.11,España,Jerez-Xérès-Sherry,Spanish Palo Cortado Sherry Fortified,2.0,2.0,1.5,1.0,
1764174,Pedro Ximénez Jerez – Xérès – Sherry Reliquia 2023,Barbadillo,2023,Fortified,4.4,41,380.0,España,Jerez-Xérès-Sherry,Sherry (España),4.0,3.0,4.0,4.0,
6282326,Oloroso Añada 1970,Bodegas Tradición,1970,Fortified,4.4,41,289.8,España,Jerez-Xérès-Sherry,Spanish Oloroso Sherry Fortified,4.0,2.0,4.0,1.0,
12575602,Palo Cortado Vintage Sherry Macharnudo Alto Single Vineyard 2001,Valdespino,2001,Fortified,4.1,40,112.0,España,Jerez-Xérès-Sherry,Spanish Palo Cortado Sherry Fortified,2.0,2.0,1.5,1.0,
11400503,Sopla Poniente - Palo Cortado El Coronel N.V.,Pepe Rodríguez de Vera,N.V.,Fortified,4.3,40,56.0,España,Jerez-Xérès-Sherry,Spanish Palo Cortado Sherry Fortified,2.0,2.0,1.5,1.0,
10782351,La Bota 111 de Manzanilla Florpower MMXVIII 2018,Equipo Navazos,2018,Fortified,4.0,40,26.25,España,Jerez-Xérès-Sherry,Spanish Manzanilla Sherry Fortified,1.0,2.0,1.0,1.0,
10932429,Manzanilla La Especial 2016,Valdespino,2016,Fortified,4.0,39,29.9,España,Jerez-Xérès-Sherry,Spanish Manzanilla Sherry Fortified,1.0,2.0,1.0,1.0,
11079305,Obispo Gascon Palo Cortado Aged 15 Years N.V.,Barbadillo,N.V.,Fortified,4.1,39,27.54,España,Jerez-Xérès-Sherry,Spanish Palo Cortado Sherry Fortified,2.0,2.0,1.5,1.0,
8027324,VORS Príncipe de Barbadillo Amontillado 2021,Barbadillo,2021,Fortified,4.0,38,58.0,España,Jerez-Xérès-Sherry,Spanish Amontillado Sherry Fortified,3.0,2.0,3.0,1.0,
7944275,Esnobista Moscatel N.V.,Bodegas Dios Baco,N.V.,Fortified,4.0,36,13.5,España,Jerez-Xérès-Sherry,Sherry (España),4.0,3.0,4.0,4.0,
11085412,Amontillado en Rama N.V.,La Guita,N.V.,Fortified,4.0,35,36.9,España,Jerez-Xérès-Sherry,Spanish Amontillado Sherry Fortified,3.0,2.0,3.0,1.0,
6918085,Delicado Cosecha Pedro Ximénez 2024,Bodegas Ximénez-Spínola,2024,Fortified,4.3,31,22.68,España,Jerez-Xérès-Sherry,Pedro Ximénez (España),5.0,1.0,5.0,5.0,
6960719,La Bota 86 de Palo Cortado N.V.,Equipo Navazos,N.V.,Fortified,4.4,30,79.9,España,Jerez-Xérès-Sherry,Spanish Palo Cortado Sherry Fortified,2.0,2.0,1.5,1.0,
2477495,Anada Pedro Ximenez 2023,Bodegas Ximénez-Spínola,2023,Fortified,4.2,29,19.95,España,Jerez-Xérès-Sherry,Sherry (España),4.0,3.0,4.0,4.0,
7740336,Vermouth Perucchi Bianco N.V.,Montana-Perucchi,N.V.,Fortified,4.0,28,14.9,España,Cataluña,,,,,,
11392957,Las 10 Vino de Pasto 2021,M. Antonio de la Riva,2021,Fortified,4.3,27,39.9,España,Jerez-Xérès-Sherry,Sherry (España),4.0,3.0,4.0,4.0,
8383956,Vermut Blanc N.V.,Casa Mariol,N.V.,Fortified,4.0,26,11.15,España,Cataluña,,,,,,
11102467,Vermut Rojo N.V.,Primo de Lanzarote,N.V.,Fortified,4.0,25,20.85,España,Lanzarote,,,,,,
4842440,Aurora Pedro Ximenez Sherry N.V.,Bodegas Yuste,N.V.,Fortified,4.0,461,11.8,España,Jerez-Xérès-Sherry,Pedro Ximénez (España),5.0,1.0,5.0,5.0,
5054509,Gran Barquero Amontillado N.V.,Perez Barquero,N.V.,Fortified,4.0,438,22.9,España,Jerez-Xérès-Sherry,Spanish Amontillado Sherry Fortified,3.0,2.0,3.0,1.0,
3542476,Moscatel Dorado N.V.,César Florido,N.V.,Fortified,4.1,438,11.8,España,Jerez-Xérès-Sherry,Sherry (España),4.0,3.0,4.0,4.0,
1735114,Manzanilla Goya XL N.V.,Delgado Zuleta,N.V.,Fortified,4.1,335,25.5,España,Jerez-Xérès-Sherry,Spanish Manzanilla Sherry Fortified,1.0,2.0,1.0,1.0,
1892982,Asuncion Oloroso N.V.,Alvear,N.V.,Fortified,4.0,319,18.95,España,Montilla-Moriles,Spanish Montilla-Moriles Fortified,4.0,1.0,4.0,3.5,
5664415,Solera 1910 N.V.,Alvear,N.V.,Fortified,4.3,279,41.1,España,Montilla-Moriles,Spanish Montilla-Moriles Fortified,4.0,1.0,4.0,3.5,
1619845,Cream Jerez-Xérès-Sherry N.V.,Bodegas Argüeso,N.V.,Fortified,4.0,260,10.45,España,Jerez-Xérès-Sherry,Spanish Cream Sherry Fortified,4.0,1.0,4.5,4.5,
1170957,Oloroso Dulce N.V.,Barón,N.V.,Fortified,4.2,251,75.95,España,Jerez-Xérès-Sherry,Spanish Oloroso Sherry Fortified,4.0,2.0,4.0,1.0,
2445393,Cruz Vieja Amontillado en Rama N.V.,Faustino González,N.V.,Fortified,4.0,235,29.16,España,Jerez-Xérès-Sherry,Spanish Amontillado Sherry Fortified,3.0,2.0,3.0,1.0,
4838870,Cruz Vieja Palo Cortado en Rama N.V.,Faustino González,N.V.,Fortified,4.1,216,35.85,España,Jerez-Xérès-Sherry,Spanish Palo Cortado Sherry Fortified,2.0,2.0,1.5,1.0,
4202518,Cruz Vieja Oloroso en Rama N.V.,Faustino González,N.V.,Fortified,4.2,202,29.16,España,Jerez-Xérès-Sherry,Spanish Oloroso Sherry Fortified,4.0,2.0,4.0,1.0,
6949773,Encontrado 1/5 Oloroso Jerez N.V.,Romate,N.V.,Fortified,4.2,178,25.95,España,Jerez-Xérès-Sherry,Spanish Oloroso Sherry Fortified,4.0,2.0,4.0,1.0,
1977926,Palo Cortado Clásicos N.V.,Bodegas Urium,N.V.,Fortified,4.0,154,68.95,España,Jerez-Xérès-Sherry,Spanish Palo Cortado Sherry Fortified,2.0,2.0,1.5,1.0,
1253882,Palo Cortado N.V.,El Maestro Sierra,N.V.,Fortified,4.3,151,90.0,España,Jerez-Xérès-Sherry,Spanish Palo Cortado Sherry Fortified,2.0,2.0,1.5,1.0,
4008940,Fino en Rama N.V.,Santa Petronila,N.V.,Fortified,4.0,136,19.95,España,Jerez-Xérès-Sherry,Spanish Fino Sherry Fortified,2.0,2.0,1.0,1.0,
5709718,Cruz Vieja Fino en Rama N.V.,Faustino González,N.V.,Fortified,4.0,135,20.95,España,Jerez-Xérès-Sherry,Spanish Fino Sherry Fortified,2.0,2.0,1.0,1.0,
10019068,Luis XIV Vermut N.V.,Fondillón Luis XIV,N.V.,Fortified,4.2,129,20.0,España,Alicante,,,,,,
2814640,Amontillado V.O.R.S N.V.,Bodegas Urium,N.V.,Fortified,4.2,124,82.95,España,Jerez-Xérès-Sherry,Spanish Amontillado Sherry Fortified,3.0,2.0,3.0,1.0,
1888248,B.Rodríguez La-Cave Quo Vadis? N.V.,Delgado Zuleta,N.V.,Fortified,4.4,112,99.85,España,Jerez-Xérès-Sherry,Sherry (España),4.0,3.0,4.0,4.0,
5441464,1730 Amontillado N.V.,Álvaro Domecq,N.V.,Fortified,4.2,109,26.05,España,Jerez-Xérès-Sherry,Spanish Amontillado Sherry Fortified,3.0,2.0,3.0,1.0,
97209,Palo Cortado N.V.,Gutiérrez Colosía,N.V.,Fortified,4.0,108,78.65,España,Jerez-Xérès-Sherry,Spanish Palo Cortado Sherry Fortified,2.0,2.0,1.5,1.0,
2797832,Armada Superior Cream N.V.,Sandeman,N.V.,Fortified,4.0,107,11.95,España,Jerez-Xérès-Sherry,Spanish Cream Sherry Fortified,4.0,1.0,4.5,4.5,
2754959,Old & Plus Pedro Ximénez N.V.,Romate,N.V.,Fortified,4.4,101,45.0,España,Jerez-Xérès-Sherry,Pedro Ximénez (España),5.0,1.0,5.0,5.0,
9752077,Vermouth N.V.,Valdespino,N.V.,Fortified,4.0,99,17.95,España,Jerez-Xérès-Sherry,Sherry (España),4.0,3.0,4.0,4.0,
1958176,4 Varietales Colección Dulce de Invierno Colección Rioja 2016,Vivanco,2016,Fortified,4.1,97,28.95,España,Rioja,,,,,,
4421684,Palo Cortado de la Cruz de 1767 N.V.,Bodegas Arfe,N.V.,Fortified,4.3,96,59.9,España,Jerez-Xérès-Sherry,Spanish Palo Cortado Sherry Fortified,2.0,2.0,1.5,1.0,
6829963,Los Cuartillos Moscatel Viejo N.V.,Primitivo Collantes,N.V.,Fortified,4.0,91,10.95,España,Jerez-Xérès-Sherry,Sherry (España),4.0,3.0,4.0,4.0,
5982627,Las Botas Palo Cortado Horizontal N.V.,Balandro,N.V.,Fortified,4.3,88,34.2,España,Jerez-Xérès-Sherry,Spanish Palo Cortado Sherry Fortified,2.0,2.0,1.5,1.0,
5778297,Atamán Inquina N.V.,Barbadillo,N.V.,Fortified,4.1,87,53.1,España,Jerez-Xérès-Sherry,Sherry (España),4.0,3.0,4.0,4.0,
4958173,Oloroso En Rama N.V.,Santa Petronila,N.V.,Fortified,4.3,85,27.95,España,Jerez-Xérès-Sherry,Spanish Oloroso Sherry Fortified,4.0,2.0,4.0,1.0,
1944053,Oloroso Extra Viejo 1/7 N.V.,El Maestro Sierra,N.V.,Fortified,4.3,83,20.15,España,Jerez-Xérès-Sherry,Spanish Oloroso Sherry Fortified,4.0,2.0,4.0,1.0,
12034604,San Cayetano 2022,M. Antonio de la Riva,2022,Fortified,4.3,74,64.8,España,Jerez-Xérès-Sherry,Sherry (España),4.0,3.0,4.0,4.0,
1360895,Oloroso 1/14 N.V.,El Maestro Sierra,N.V.,Fortified,4.3,68,109.6,España,Jerez-Xérès-Sherry,Spanish Oloroso Sherry Fortified,4.0,2.0,4.0,1.0,
1156638,Old & Plus Amontillado N.V.,Romate,N.V.,Fortified,4.3,66,39.95,España,Jerez-Xérès-Sherry,Spanish Amontillado Sherry Fortified,3.0,2.0,3.0,1.0,
9655198,Zuleta Amontillado Viejo N.V.,Delgado Zuleta,N.V.,Fortified,4.2,64,39.95,España,Jerez-Xérès-Sherry,Spanish Amontillado Sherry Fortified,3.0,2.0,3.0,1.0,
6513491,Las Botas Amontillado Perpendicular N.V.,Balandro,N.V.,Fortified,4.0,57,33.5,España,Jerez-Xérès-Sherry,Spanish Amontillado Sherry Fortified,3.0,2.0,3.0,1.0,
2342509,Amontillado Solera Familiar Dry N.V.,Gutiérrez Colosía,N.V.,Fortified,4.2,56,78.65,España,Jerez-Xérès-Sherry,Spanish Amontillado Sherry Fortified,3.0,2.0,3.0,1.0,
5364000,Old & Plus Oloroso N.V.,Romate,N.V.,Fortified,4.2,55,39.95,España,Jerez-Xérès-Sherry,Spanish Oloroso Sherry Fortified,4.0,2.0,4.0,1.0,
5569150,PX Dulce Viejo 1927,Alvear,1927,Fortified,4.1,43,20.85,España,Montilla-Moriles,Spanish Montilla-Moriles Fortified,4.0,1.0,4.0,3.5,
6188207,Quina N.V.,Valdespino,N.V.,Fortified,4.1,43,14.9,España,Jerez-Xérès-Sherry,Sherry (España),4.0,3.0,4.0,4.0,
2651487,Dolç des Port 2017,Vins Miquel Gelabert,2017,Fortified,4.2,28,19.8,España,Plà i Llevant,,,,,,
12369400,La Femme d’Argent 2023,Raul Moreno,2023,Fortified,4.0,27,27.9,España,Sanlúcar de Barrameda,Sherry (España),4.0,3.0,4.0,4.0,
1671068,Fino En Rama N.V.,Tio Pepe,N.V.,Fortified,3.6,3958,19.13,España,Jerez-Xérès-Sherry,Spanish Fino Sherry Fortified,2,2,1.0,1.0,
1164440,Alfonso Oloroso Seco N.V.,Gonzalez-Byass,N.V.,Fortified,3.7,3637,9.93,España,Jerez-Xérès-Sherry,Spanish Oloroso Sherry Fortified,4,2,4.0,1.0,
1173658,Single Vineyard Inocente Fino Dry N.V.,Valdespino,N.V.,Fortified,3.6,3164,15.21,España,Jerez-Xérès-Sherry,Spanish Fino Sherry Fortified,2,2,1.0,1.0,
1164448,Solera 1847 Cream N.V.,Gonzalez-Byass,N.V.,Fortified,3.9,3016,7.9,España,Jerez-Xérès-Sherry,Spanish Cream Sherry Fortified,4,1,4.5,4.5,
1170125,Papirusa Manzanilla (Solera Reserva) N.V.,Lustau,N.V.,Fortified,3.6,2939,9.35,España,Jerez-Xérès-Sherry,Spanish Manzanilla Sherry Fortified,1,2,1.0,1.0,
1170127,Los Arcos Dry Amontillado Sherry (Solera Reserva) N.V.,Lustau,N.V.,Fortified,3.6,2839,10.49,España,Jerez-Xérès-Sherry,Spanish Amontillado Sherry Fortified,3,2,3.0,1.0,
1170129,Don Nuño Dry Oloroso Sherry (Reserva Solera) N.V.,Lustau,N.V.,Fortified,3.7,2073,16.7,España,Jerez-Xérès-Sherry,Spanish Oloroso Sherry Fortified,4,2,4.0,1.0,
1170118,La Ina Fino N.V.,Lustau,N.V.,Fortified,3.5,1909,7.08,España,Jerez-Xérès-Sherry,Spanish Fino Sherry Fortified,2,2,1.0,1.0,
1136340,Bristol Cream Sherry N.V.,Harveys,N.V.,Fortified,3.6,1795,10.8,España,Jerez-Xérès-Sherry,Spanish Cream Sherry Fortified,4,1,4.5,4.5,
1661371,Fino Tradición N.V.,Bodegas Tradición,N.V.,Fortified,3.9,1730,58.0,España,Jerez-Xérès-Sherry,Spanish Fino Sherry Fortified,2,2,1.0,1.0,
1636790,Single Vineyard Tío Diego Amontillado Dry Sherry N.V.,Valdespino,N.V.,Fortified,3.7,1623,18.25,España,Jerez-Xérès-Sherry,Spanish Amontillado Sherry Fortified,3,2,3.0,1.0,
5806127,Jerez-Xeres-Sherry Puerto Fino N.V.,Lustau,N.V.,Fortified,3.5,1612,10.3,España,Jerez-Xérès-Sherry,Spanish Fino Sherry Fortified,2,2,1.0,1.0,
4293856,Manzanilla Pasada Pastora N.V.,Barbadillo,N.V.,Fortified,3.8,1375,23.9,España,Jerez-Xérès-Sherry,Spanish Manzanilla Sherry Fortified,1,2,1.0,1.0,
1466944,Canasta Cream N.V.,Williams & Humbert,N.V.,Fortified,3.8,1361,8.25,España,Jerez-Xérès-Sherry,Spanish Cream Sherry Fortified,4,1,4.5,4.5,
80921,Manzanilla Pasada Pastrana N.V.,Hidalgo (La Gitana),N.V.,Fortified,3.7,1361,15.65,España,Jerez-Xérès-Sherry,Spanish Manzanilla Sherry Fortified,1,2,1.0,1.0,
1670124,Fino Sherry N.V.,El Maestro Sierra,N.V.,Fortified,3.6,1346,15.55,España,Jerez-Xérès-Sherry,Spanish Fino Sherry Fortified,2,2,1.0,1.0,
1606350,Contrabandista Amontillado Blend Medium Dry N.V.,Valdespino,N.V.,Fortified,3.8,1281,17.25,España,Jerez-Xérès-Sherry,Spanish Amontillado Sherry Fortified,3,2,3.0,1.0,
2114477,15 Year Oloroso Sherry N.V.,El Maestro Sierra,N.V.,Fortified,3.8,1126,22.85,España,Jerez-Xérès-Sherry,Spanish Oloroso Sherry Fortified,4,2,4.0,1.0,
1271685,Deliciosa Manzanilla N.V.,Valdespino,N.V.,Fortified,3.6,1089,11.75,España,Sanlúcar de Barrameda,Spanish Manzanilla Sherry Fortified,1,2,1.0,1.0,
1876655,La Goya Manzanilla N.V.,Delgado Zuleta,N.V.,Fortified,3.5,1086,11.0,España,Jerez-Xérès-Sherry,Spanish Manzanilla Sherry Fortified,1,2,1.0,1.0,
1493862,Viña AB Amontillado Seco N.V.,Gonzalez-Byass,N.V.,Fortified,3.7,992,14.25,España,Jerez-Xérès-Sherry,Spanish Amontillado Sherry Fortified,3,2,3.0,1.0,
1162146,Gran Barquero Pedro Ximenez N.V.,Perez Barquero,N.V.,Fortified,3.9,895,16.98,España,Montilla-Moriles,Spanish Montilla-Moriles Fortified,4,1,4.0,3.5,
1170130,Capataz Andrés Deluxe Cream Sherry (Solera Reserva) N.V.,Lustau,N.V.,Fortified,3.8,844,18.88,España,Jerez-Xérès-Sherry,Spanish Cream Sherry Fortified,4,1,4.5,4.5,
1676234,Reserva Especial Regente Palo Cortado Sherry N.V.,Romate,N.V.,Fortified,3.9,829,21.25,España,Jerez-Xérès-Sherry,Spanish Palo Cortado Sherry Fortified,2,2,1.5,1.0,
1170121,Jerez-Xérès-Sherry Río Viejo Oloroso Seco Dry N.V.,Lustau,N.V.,Fortified,3.7,775,9.41,España,Jerez-Xérès-Sherry,Spanish Oloroso Sherry Fortified,4,2,4.0,1.0,
2021109,Fino Sherry N.V.,Gutiérrez Colosía,N.V.,Fortified,3.5,749,11.5,España,Jerez-Xérès-Sherry,Spanish Fino Sherry Fortified,2,2,1.0,1.0,
80941,Amontillado Napoleon N.V.,Hidalgo (La Gitana),N.V.,Fortified,3.7,708,14.7,España,Jerez-Xérès-Sherry,Spanish Amontillado Sherry Fortified,3,2,3.0,1.0,
80821,Hidalgo Gobernador Oloroso Seco N.V.,Emilio Hidalgo,N.V.,Fortified,3.9,681,20.2,España,Jerez-Xérès-Sherry,Spanish Oloroso Sherry Fortified,4,2,4.0,1.0,
1829573,Perdido Fino N.V.,Romate,N.V.,Fortified,3.7,670,21.5,España,Jerez-Xérès-Sherry,Spanish Fino Sherry Fortified,2.0,2.0,1.0,1.0,
86194,Principe de Barbadillo Aged 12 Years Amontillado Sherry N.V.,Barbadillo,N.V.,Fortified,3.8,664,14.95,España,Jerez-Xérès-Sherry,Spanish Amontillado Sherry Fortified,3.0,2.0,3.0,1.0,
1170128,Península Palo Cortado Sherry (Solera Reserva) N.V.,Lustau,N.V.,Fortified,3.9,663,19.45,España,Jerez-Xérès-Sherry,Spanish Palo Cortado Sherry Fortified,2.0,2.0,1.5,1.0,
1461505,Obispo Gascon Palo Cortado Sherry N.V.,Barbadillo,N.V.,Fortified,3.9,660,25.95,España,Jerez-Xérès-Sherry,Spanish Palo Cortado Sherry Fortified,2.0,2.0,1.5,1.0,
1171017,Croft Original Sherry N.V.,Gonzalez-Byass,N.V.,Fortified,3.5,659,10.5,España,Jerez-Xérès-Sherry,Sherry (España),4.0,3.0,4.0,4.0,
2272296,Manzanilla Maruja N.V.,Juan Pinero,N.V.,Fortified,3.6,657,9.6,España,Jerez-Xérès-Sherry,Spanish Manzanilla Sherry Fortified,1.0,2.0,1.0,1.0,
1368391,Oloroso Faraon N.V.,Hidalgo (La Gitana),N.V.,Fortified,3.6,644,11.29,España,Jerez-Xérès-Sherry,Spanish Oloroso Sherry Fortified,4.0,2.0,4.0,1.0,
1170124,Jerez-Xeres-Sherry Reserva Solera Rare Amontillado Escuadrilla N.V.,Lustau,N.V.,Fortified,3.8,641,16.7,España,Jerez-Xérès-Sherry,Spanish Amontillado Sherry Fortified,3.0,2.0,3.0,1.0,
2577851,Manzanilla Deliciosa En Rama Sherry N.V.,Valdespino,N.V.,Fortified,3.8,638,9.97,España,Jerez-Xérès-Sherry,Spanish Manzanilla Sherry Fortified,1.0,2.0,1.0,1.0,
5012,Santa María Jerez-Xeres-Sherry Cream N.V.,Osborne,N.V.,Fortified,3.8,604,10.47,España,Jerez-Xérès-Sherry,Spanish Cream Sherry Fortified,4.0,1.0,4.5,4.5,
1139179,Viva la Pepa Manzanilla N.V.,Romate,N.V.,Fortified,3.6,599,9.55,España,Jerez-Xérès-Sherry,Spanish Manzanilla Sherry Fortified,1.0,2.0,1.0,1.0,
6906759,Una Palma Fino N.V.,Tio Pepe,N.V.,Fortified,3.9,598,25.5,España,Jerez-Xérès-Sherry,Spanish Fino Sherry Fortified,2.0,2.0,1.0,1.0,
2020686,Vermouth Rojo N.V.,Bodegas Yzaguirre,N.V.,Fortified,3.8,569,8.5,España,Tarragona,,,,,,
86198,Eva Cream Sherry N.V.,Barbadillo,N.V.,Fortified,3.8,548,8.95,España,Jerez-Xérès-Sherry,Spanish Cream Sherry Fortified,4.0,1.0,4.5,4.5,
7317232,Nave Trinidad Manzanilla en Rama N.V.,Barbadillo,N.V.,Fortified,3.8,547,12.85,España,Jerez-Xérès-Sherry,Spanish Manzanilla Sherry Fortified,1.0,2.0,1.0,1.0,
1237343,Duque de Bailen Jerez-Xeres-Sherry Oloroso N.V.,Osborne,N.V.,Fortified,3.6,533,10.35,España,Jerez-Xérès-Sherry,Spanish Oloroso Sherry Fortified,4.0,2.0,4.0,1.0,
2290178,Macarena Manzanilla Sanlucar de Barrameda N.V.,Lustau,N.V.,Fortified,3.7,484,6.9,España,Sanlúcar de Barrameda,Spanish Manzanilla Sherry Fortified,1,2,1.0,1.0,
1510305,Alburejo Oloroso N.V.,Álvaro Domecq,N.V.,Fortified,3.6,481,14.46,España,Jerez-Xérès-Sherry,Spanish Oloroso Sherry Fortified,4,2,4.0,1.0,
5252069,Cristina Medium Dry N.V.,Gonzalez-Byass,N.V.,Fortified,3.7,478,13.67,España,Jerez-Xérès-Sherry,Sherry (España),4,3,4.0,4.0,
1582526,Monteagudo Palo Cortado N.V.,Delgado Zuleta,N.V.,Fortified,3.9,454,19.5,España,Jerez-Xérès-Sherry,Spanish Palo Cortado Sherry Fortified,2,2,1.5,1.0,
1686508,Pedro Ximénez N.V.,Romate,N.V.,Fortified,3.7,451,9.55,España,Jerez-Xérès-Sherry,Sherry (España),4,3,4.0,4.0,
1187998,Antique Amontillado Sherry N.V.,Fernando de Castilla,N.V.,Fortified,3.9,443,47.9,España,Jerez-Xérès-Sherry,Spanish Amontillado Sherry Fortified,3,2,3.0,1.0,
80961,Alameda Cream Sherry N.V.,Hidalgo (La Gitana),N.V.,Fortified,3.9,437,12.0,España,Jerez-Xérès-Sherry,Spanish Cream Sherry Fortified,4,1,4.5,4.5,
1226693,B.Rodríguez La-Cave Manzanilla Barbiana N.V.,Delgado Zuleta,N.V.,Fortified,3.8,434,8.1,España,Jerez-Xérès-Sherry,Spanish Manzanilla Sherry Fortified,1,2,1.0,1.0,
2260681,3 En Rama Manzanilla de Sanlúcar de Barrameda 2024,Lustau,2024,Fortified,3.8,430,17.95,España,Sanlúcar de Barrameda,Spanish Manzanilla Sherry Fortified,1,2,1.0,1.0,
1921626,Antique Oloroso N.V.,Fernando de Castilla,N.V.,Fortified,3.8,424,43.2,España,Jerez-Xérès-Sherry,Spanish Oloroso Sherry Fortified,4,2,4.0,1.0,
1170120,Botaina Amontillado Sherry (Dry) N.V.,Lustau,N.V.,Fortified,3.7,423,29.05,España,Jerez-Xérès-Sherry,Spanish Amontillado Sherry Fortified,3,2,3.0,1.0,
2579176,La Janda Fino N.V.,Álvaro Domecq,N.V.,Fortified,3.6,416,11.25,España,Jerez-Xérès-Sherry,Spanish Fino Sherry Fortified,2,2,1.0,1.0,
1169785,Manzanilla Pasada de Sanlúcar Almacenista Manuel Cuevas Jurado N.V.,Lustau,N.V.,Fortified,3.8,404,19.49,España,Sanlúcar de Barrameda,Spanish Manzanilla Sherry Fortified,1.0,2.0,1.0,1.0,
1169952,Amontillado del Puerto Almacenista José Luis González Obregón N.V.,Lustau,N.V.,Fortified,3.9,396,19.9,España,Jerez-Xérès-Sherry,Spanish Amontillado Sherry Fortified,3.0,2.0,3.0,1.0,
2694280,Golfo Vermut Old Vines Tinto N.V.,Cillar de Silos,N.V.,Fortified,3.9,372,13.0,España,Ribera del Duero,,,,,,
2488746,3 En Rama Fino de El Puerto Santa Maria,Lustau,,Fortified,3.8,361,18.5,España,Jerez-Xérès-Sherry,Spanish Fino Sherry Fortified,2.0,2.0,1.0,1.0,
2134674,Eléctrico Fino del Lagar N.V.,Toro Albalá,N.V.,Fortified,3.5,355,19.9,España,Montilla-Moriles,Spanish Montilla-Moriles Fortified,4.0,1.0,4.0,3.5,
1216572,En Rama N.V.,Hidalgo (La Gitana),N.V.,Fortified,3.8,354,12.5,España,Jerez-Xérès-Sherry,Sherry (España),4.0,3.0,4.0,4.0,
1167623,San León N.V.,Bodegas Argüeso,N.V.,Fortified,3.6,353,9.56,España,Jerez-Xérès-Sherry,Sherry (España),4.0,3.0,4.0,4.0,
7733001,Classic Dry Amontillado Sherry N.V.,Fernando de Castilla,N.V.,Fortified,3.7,349,18.8,España,Jerez-Xérès-Sherry,Spanish Amontillado Sherry Fortified,3.0,2.0,3.0,1.0,
5294550,Don Zoilo Oloroso 12 Years Old Sherry N.V.,Williams & Humbert,N.V.,Fortified,3.8,344,12.25,España,Jerez-Xérès-Sherry,Spanish Oloroso Sherry Fortified,4.0,2.0,4.0,1.0,
4726950,Aurora Amontillado Sherry N.V.,Bodegas Yuste,N.V.,Fortified,3.7,333,15.55,España,Jerez-Xérès-Sherry,Spanish Amontillado Sherry Fortified,3.0,2.0,3.0,1.0,
80881,Morenita Cream Sherry N.V.,Emilio Hidalgo,N.V.,Fortified,3.9,331,12.7,España,Jerez-Xérès-Sherry,Spanish Cream Sherry Fortified,4.0,1.0,4.5,4.5,
2651010,La Kika Manzanilla Sherry N.V.,Bodegas Yuste,N.V.,Fortified,3.9,330,31.05,España,Jerez-Xérès-Sherry,Spanish Manzanilla Sherry Fortified,1.0,2.0,1.0,1.0,
5764287,Arboledilla Poniente Manzanilla en Rama N.V.,Barbadillo,N.V.,Fortified,3.9,325,11.9,España,Jerez-Xérès-Sherry,Spanish Manzanilla Sherry Fortified,1.0,2.0,1.0,1.0,
1896450,Jerez-Xérès-Sherry Oloroso 10 RF N.V.,Osborne,N.V.,Fortified,3.9,321,10.74,España,Jerez-Xérès-Sherry,Spanish Oloroso Sherry Fortified,4.0,2.0,4.0,1.0,
4003720,Vermut Red N.V.,El Bandarra,N.V.,Fortified,3.8,312,9.15,España,Cataluña,,,,,,
5047797,3 En Rama Fino de Jerez de la Frontera 2024,Lustau,2024,Fortified,3.8,310,16.9,España,Jerez-Xérès-Sherry,Spanish Fino Sherry Fortified,2.0,2.0,1.0,1.0,
2411445,Fino en Rama N.V.,Fernando de Castilla,N.V.,Fortified,3.8,300,18.5,España,Jerez-Xérès-Sherry,Spanish Fino Sherry Fortified,2.0,2.0,1.0,1.0,
3940804,En Rama N.V.,La Guita,N.V.,Fortified,3.9,295,9.18,España,Jerez-Xérès-Sherry,Sherry (España),4.0,3.0,4.0,4.0,
734540,Carlos VII Amontillado N.V.,Alvear,N.V.,Fortified,3.8,286,52.2,España,Montilla-Moriles,Spanish Montilla-Moriles Fortified,4.0,1.0,4.0,3.5,
3940680,Del Principe Amontillado N.V.,Marqués del Real Tesoro,N.V.,Fortified,3.7,283,18.65,España,Jerez-Xérès-Sherry,Spanish Amontillado Sherry Fortified,3.0,2.0,3.0,1.0,
1608746,Antique Fino N.V.,Fernando de Castilla,N.V.,Fortified,3.9,282,29.9,España,Jerez-Xérès-Sherry,Spanish Fino Sherry Fortified,2.0,2.0,1.0,1.0,
5764257,Arboledilla Levante Manzanilla en Rama N.V.,Barbadillo,N.V.,Fortified,3.9,277,12.3,España,Jerez-Xérès-Sherry,Spanish Manzanilla Sherry Fortified,1.0,2.0,1.0,1.0,
1384015,Jerez Dulce Sherry N.V.,Valdespino,N.V.,Fortified,3.8,273,7.9,España,Jerez-Xérès-Sherry,Sherry (España),4,3,4.0,4.0,
2463277,Cream Sherry N.V.,Gutiérrez Colosía,N.V.,Fortified,3.8,272,26.38,España,Jerez-Xérès-Sherry,Spanish Cream Sherry Fortified,4,1,4.5,4.5,
1162140,Gran Barquero Fino N.V.,Perez Barquero,N.V.,Fortified,3.6,258,13.25,España,Jerez-Xérès-Sherry,Spanish Fino Sherry Fortified,2,2,1.0,1.0,
9820651,Rare Amontillado Escuadrilla Jerez-Xeres-Sherry Seco N.V.,Lustau,N.V.,Fortified,3.9,255,18.9,España,Jerez-Xérès-Sherry,Spanish Amontillado Sherry Fortified,3,2,3.0,1.0,
5197731,Aurora Oloroso Sherry N.V.,Bodegas Yuste,N.V.,Fortified,3.5,241,13.45,España,Jerez-Xérès-Sherry,Spanish Oloroso Sherry Fortified,4,2,4.0,1.0,
8226187,Don Zoilo Fino Sherry N.V.,Williams & Humbert,N.V.,Fortified,3.7,239,9.53,España,Jerez-Xérès-Sherry,Spanish Fino Sherry Fortified,2,2,1.0,1.0,
3244746,Pale & Dry Fino Sherry N.V.,Delgado Zuleta,N.V.,Fortified,3.5,228,12.0,España,Jerez-Xérès-Sherry,Spanish Fino Sherry Fortified,2,2,1.0,1.0,
1490466,San Leon Reserva de Familia N.V.,Bodegas Argüeso,N.V.,Fortified,3.9,222,22.95,España,Jerez-Xérès-Sherry,Sherry (España),4,3,4.0,4.0,
1244045,Monteagudo Oloroso N.V.,Delgado Zuleta,N.V.,Fortified,3.8,221,18.9,España,Jerez-Xérès-Sherry,Spanish Oloroso Sherry Fortified,4,2,4.0,1.0,
4259516,Marqués de Poley Oloroso N.V.,Toro Albalá,N.V.,Fortified,3.7,214,21.0,España,Montilla-Moriles,Spanish Montilla-Moriles Fortified,4,1,4.0,3.5,
2148343,Fino en Rama N.V.,Gutiérrez Colosía,N.V.,Fortified,3.9,210,23.15,España,Jerez-Xérès-Sherry,Spanish Fino Sherry Fortified,2.0,2.0,1.0,1.0,
1206874,Reserva Especial Fino Marismeño N.V.,Romate,N.V.,Fortified,3.7,205,14.0,España,Jerez-Xérès-Sherry,Spanish Fino Sherry Fortified,2.0,2.0,1.0,1.0,
3889084,Pedro Ximenez Viña 98 N.V.,Álvaro Domecq,N.V.,Fortified,3.9,203,17.75,España,Jerez-Xérès-Sherry,Pedro Ximénez (España),5.0,1.0,5.0,5.0,
1368829,Pedro Ximenez N.V.,Conde de la Cortina,N.V.,Fortified,3.6,196,8.3,España,Montilla-Moriles,Spanish Montilla-Moriles Fortified,4.0,1.0,4.0,3.5,
2132841,Bertola 12 Year Old Amontillado Sherry N.V.,Diez Mérito,N.V.,Fortified,3.8,189,23.5,España,Jerez-Xérès-Sherry,Spanish Amontillado Sherry Fortified,3.0,2.0,3.0,1.0,
2480526,Lerchundi Moscatel de Chipiona N.V.,Luis Caballero,N.V.,Fortified,3.9,182,8.48,España,Jerez-Xérès-Sherry,Sherry (España),4.0,3.0,4.0,4.0,
3265920,Vermut Rojo N.V.,Domingo,N.V.,Fortified,3.9,180,11.93,España,Madrid,,,,,,
6685661,Fino Jerez Muy Seco N.V.,Harveys,N.V.,Fortified,3.6,171,7.5,España,Jerez-Xérès-Sherry,Spanish Fino Sherry Fortified,2.0,2.0,1.0,1.0,
1625699,Las Medallas de Argüeso N.V.,Bodegas Argüeso,N.V.,Fortified,3.5,167,7.95,España,Jerez-Xérès-Sherry,Sherry (España),4.0,3.0,4.0,4.0,
7285185,Oloroso Classic Dry N.V.,Fernando de Castilla,N.V.,Fortified,3.6,165,18.8,España,Jerez-Xérès-Sherry,Spanish Oloroso Sherry Fortified,4.0,2.0,4.0,1.0,
2321170,Bertola Fino N.V.,Diez Mérito,N.V.,Fortified,3.7,149,9.95,España,Jerez-Xérès-Sherry,Spanish Fino Sherry Fortified,2.0,2.0,1.0,1.0,
6298391,Cuco Oloroso 12 Years N.V.,Barbadillo,N.V.,Fortified,3.8,147,15.3,España,Jerez-Xérès-Sherry,Spanish Oloroso Sherry Fortified,4.0,2.0,4.0,1.0,
4919980,Ovni Pedro Ximénez Seco 2017,Equipo Navazos,2017,Fortified,3.5,146,13.2,España,Andalucía,,,,,,
5337411,Manzanilla N.V.,Gutiérrez Colosía,N.V.,Fortified,3.6,145,12.5,España,Jerez-Xérès-Sherry,Spanish Manzanilla Sherry Fortified,1.0,2.0,1.0,1.0,
1810310,Pavon Puerto Fino Jerez-Xérès-Sherry N.V.,Luis Caballero,N.V.,Fortified,3.6,144,8.6,España,Jerez-Xérès-Sherry,Spanish Fino Sherry Fortified,2.0,2.0,1.0,1.0,
7430748,La Bota 91 de Fino 'Macharnudo Alto' N.V.,Equipo Navazos,N.V.,Fortified,3.9,135,27.0,España,Jerez-Xérès-Sherry,Spanish Fino Sherry Fortified,2.0,2.0,1.0,1.0,
6002264,La Bota de Florpower 77 N.V.,Equipo Navazos,N.V.,Fortified,3.9,124,19.5,España,Jerez-Xérès-Sherry,Sherry (España),4.0,3.0,4.0,4.0,
1807985,Bertola 12 Year Old Oloroso Sherry N.V.,Diez Mérito,N.V.,Fortified,3.6,123,22.2,España,Jerez-Xérès-Sherry,Spanish Oloroso Sherry Fortified,4.0,2.0,4.0,1.0,
2729176,Vermouth Rojo N.V.,Olave,N.V.,Fortified,3.9,120,7.5,España,Cataluña,,,,,,
2135068,Bertola Cream N.V.,Diez Mérito,N.V.,Fortified,3.7,119,14.0,España,Jerez-Xérès-Sherry,Spanish Cream Sherry Fortified,4.0,1.0,4.5,4.5,
1162148,Pedro Ximénez de Cosecha 2023,Perez Barquero,2023,Fortified,3.8,119,12.31,España,Montilla-Moriles,Spanish Montilla-Moriles Fortified,4.0,1.0,4.0,3.5,
6606390,Great Duke Amontillado 12 Años N.V.,Juan Pinero,N.V.,Fortified,3.9,118,18.75,España,Jerez-Xérès-Sherry,Spanish Amontillado Sherry Fortified,3.0,2.0,3.0,1.0,
1723716,Contrabandista Amontillado N.V.,Valdespino,N.V.,Fortified,3.7,114,18.5,España,Jerez-Xérès-Sherry,Spanish Amontillado Sherry Fortified,3.0,2.0,3.0,1.0,
1857366,Hechizo Moscatel N.V.,Fernando de Castilla,N.V.,Fortified,3.8,114,19.1,España,Jerez-Xérès-Sherry,Sherry (España),4.0,3.0,4.0,4.0,
9328860,Fino Eléctrico Bombilla N.V.,Toro Albalá,N.V.,Fortified,3.9,111,20.74,España,Montilla-Moriles,Spanish Montilla-Moriles Fortified,4.0,1.0,4.0,3.5,
2317331,Classic Oloroso N.V.,Fernando de Castilla,N.V.,Fortified,3.6,100,17.5,España,Jerez-Xérès-Sherry,Spanish Oloroso Sherry Fortified,4.0,2.0,4.0,1.0,
6123281,10RF Medium N.V.,Osborne,N.V.,Fortified,3.9,99,10.0,España,Jerez-Xérès-Sherry,Sherry (España),4.0,3.0,4.0,4.0,
2466345,Cream Sherry N.V.,Valdespino,N.V.,Fortified,3.8,96,8.45,España,Jerez-Xérès-Sherry,Spanish Cream Sherry Fortified,4.0,1.0,4.5,4.5,
1573907,Amontillado N.V.,Bodegas Argüeso,N.V.,Fortified,3.6,90,14.25,España,Jerez-Xérès-Sherry,Spanish Amontillado Sherry Fortified,3.0,2.0,3.0,1.0,
3948396,Voy a Perderme N.V.,Romate,N.V.,Fortified,3.8,87,13.0,España,Jerez-Xérès-Sherry,Sherry (España),4.0,3.0,4.0,4.0,
6960358,Vermut de Capçanes N.V.,Celler de Capçanes,N.V.,Fortified,3.9,82,10.2,España,Montsant,,,,,,
4803415,Don Zoilo Amontillado Dry 12 Years Old Sherry N.V.,Williams & Humbert,N.V.,Fortified,3.8,81,15.99,España,Jerez-Xérès-Sherry,Spanish Amontillado Sherry Fortified,3.0,2.0,3.0,1.0,
5762336,Monteagudo Cream N.V.,Delgado Zuleta,N.V.,Fortified,3.9,80,17.5,España,Jerez-Xérès-Sherry,Spanish Cream Sherry Fortified,4.0,1.0,4.5,4.5,
7506826,Cedro Pedro Ximénez N.V.,Williams & Humbert,N.V.,Fortified,3.9,79,9.5,España,Jerez-Xérès-Sherry,Sherry (España),4.0,3.0,4.0,4.0,
2482801,Solera Fina María del Valle N.V.,Gracia Hnos,N.V.,Fortified,3.9,66,25.41,España,Montilla-Moriles,Spanish Montilla-Moriles Fortified,4.0,1.0,4.0,3.5,
4515865,Reserva Especial Vermouth N.V.,Padró & Co,N.V.,Fortified,3.9,63,15.49,España,Tarragona,,,,,,
4059472,Vermut Myrrha Rojo N.V.,Padró & Co,N.V.,Fortified,3.7,61,5.95,España,Tarragona,,,,,,
4968063,San Rafael Jerez-Xeres-Sherry Dulce N.V.,Barbadillo,N.V.,Fortified,3.9,59,13.9,España,Jerez-Xérès-Sherry,Sherry (España),4.0,3.0,4.0,4.0,
2237368,1918 Antonio Contreras Labrador 1918,Contreras Ruiz,1918,Fortified,3.9,57,25.1,España,Condado de Huelva,,,,,,
6790980,Great Duke Oloroso 12 Años N.V.,Juan Pinero,N.V.,Fortified,3.8,56,20.15,España,Jerez-Xérès-Sherry,Spanish Oloroso Sherry Fortified,4.0,2.0,4.0,1.0,
1774913,Ideal Pale Cream Sherry N.V.,Valdespino,N.V.,Fortified,3.6,55,9.1,España,Jerez-Xérès-Sherry,Spanish Cream Sherry Fortified,4.0,1.0,4.5,4.5,
9925875,Vermut Marinero Rojo N.V.,Garvey,N.V.,Fortified,3.7,55,10.99,España,Andalucía,,,,,,
10403283,Amontillado Origen N.V.,Callejuela,N.V.,Fortified,3.9,54,23.9,España,Jerez-Xérès-Sherry,Spanish Amontillado Sherry Fortified,3.0,2.0,3.0,1.0,
7704309,1730 Fino en Rama N.V.,Álvaro Domecq,N.V.,Fortified,3.9,52,24.95,España,Jerez-Xérès-Sherry,Spanish Fino Sherry Fortified,2.0,2.0,1.0,1.0,
9497273,Xalar Vermouth N.V.,Coca i Fitó,N.V.,Fortified,3.9,52,13.6,España,Montsant,,,,,,
2927269,Zuleta Medium N.V.,Delgado Zuleta,N.V.,Fortified,3.8,49,11.0,España,Jerez-Xérès-Sherry,Sherry (España),4.0,3.0,4.0,4.0,
7241165,Donzell Vermut 2022,Les Cousins Marc & Adrià,2022,Fortified,3.6,46,13.4,España,Tarragona,,,,,,
11085408,Manzanilla Pasada en Rama N.V.,La Guita,N.V.,Fortified,3.7,46,20.1,España,Jerez-Xérès-Sherry,Spanish Manzanilla Sherry Fortified,1.0,2.0,1.0,1.0,
1509217,A Winter's Tale Medium Sweet Amontillado N.V.,Williams & Humbert,N.V.,Fortified,3.7,42,9.35,España,Jerez-Xérès-Sherry,Spanish Amontillado Sherry Fortified,3.0,2.0,3.0,1.0,
8791114,61 Vermouth Tempranillo N.V.,Cuatro Rayas,N.V.,Fortified,3.9,41,7.8,España,Rueda,,,,,,
1267673,Collection Fino Sherry N.V.,Williams & Humbert,N.V.,Fortified,3.7,39,18.6,España,Jerez-Xérès-Sherry,Spanish Fino Sherry Fortified,2.0,2.0,1.0,1.0,
11068403,La Bota 114 De Florpower 2021,Equipo Navazos,2021,Fortified,3.9,38,22.88,España,Jerez-Xérès-Sherry,Sherry (España),4.0,3.0,4.0,4.0,
5938636,Oloroso N.V.,Juan Pinero,N.V.,Fortified,3.7,38,18.85,España,Jerez-Xérès-Sherry,Spanish Oloroso Sherry Fortified,4.0,2.0,4.0,1.0,
4968115,Moscatel N.V.,Juan Pinero,N.V.,Fortified,3.9,38,17.9,España,Jerez-Xérès-Sherry,Sherry (España),4.0,3.0,4.0,4.0,
5825362,Oloroso Sherry Dry N.V.,Harveys,N.V.,Fortified,3.6,38,15.34,España,Jerez-Xérès-Sherry,Spanish Oloroso Sherry Fortified,4.0,2.0,4.0,1.0,
7272671,1822 Oloroso 1822,Bodegas Argüeso,1822,Fortified,3.9,37,13.9,España,Jerez-Xérès-Sherry,Spanish Oloroso Sherry Fortified,4.0,2.0,4.0,1.0,
3467108,Vermut Myrrha Blanco N.V.,Padró & Co,N.V.,Fortified,3.9,34,5.95,España,Vino de España,,,,,,
3842971,Siset Vermut N.V.,Mascaró,N.V.,Fortified,3.9,33,11.05,España,Penedès,,,,,,
13143679,Vermouth Rojo N.V.,Nordés,N.V.,Fortified,3.9,33,12.95,España,Galicia,,,,,,
8620759,Vermut Blanco N.V.,Fernando de Castilla,N.V.,Fortified,3.9,28,15.9,España,Andalucía,,,,,,
10430557,Vermut Blanco N.V.,Primo de Lanzarote,N.V.,Fortified,3.9,28,20.85,España,Lanzarote,,,,,,
5116378,Vermouth Blanco N.V.,Olave,N.V.,Fortified,3.8,28,7.2,España,Cataluña,,,,,,
3400091,Reserva Vermouth Blanco N.V.,Vinos Guerra,N.V.,Fortified,4.1,28,10.24,España,Bierzo,,,,,,
1801334,Monteagudo Medium N.V.,Delgado Zuleta,N.V.,Fortified,3.8,28,27.58,España,Jerez-Xérès-Sherry,Sherry (España),4.0,3.0,4.0,4.0,
5463414,Elegante Fino Sherry Palomino N.V.,Gonzalez-Byass,N.V.,Fortified,3.8,1907,9.9,España,Jerez-Xérès-Sherry,Spanish Fino Sherry Fortified,2.0,2.0,1.0,1.0,
76125,Medium Dry Sherry N.V.,Sandeman,N.V.,Fortified,3.7,1396,8.5,España,Jerez-Xérès-Sherry,Sherry (España),4.0,3.0,4.0,4.0,
1297146,12 Year Amontillado Sherry N.V.,El Maestro Sierra,N.V.,Fortified,3.7,744,27.5,España,Jerez-Xérès-Sherry,Spanish Amontillado Sherry Fortified,3.0,2.0,3.0,1.0,
1468652,Medium Sweet N.V.,Sandeman,N.V.,Fortified,3.8,680,8.5,España,Jerez-Xérès-Sherry,Sherry (España),4.0,3.0,4.0,4.0,
2394609,Amontillado Sherry N.V.,Gutiérrez Colosía,N.V.,Fortified,3.8,679,20.75,España,Jerez-Xérès-Sherry,Spanish Amontillado Sherry Fortified,3.0,2.0,3.0,1.0,
4110722,Aurora Manzanilla Sherry N.V.,Bodegas Yuste,N.V.,Fortified,3.6,541,8.25,España,Jerez-Xérès-Sherry,Spanish Manzanilla Sherry Fortified,1.0,2.0,1.0,1.0,
97205,Oloroso Sherry N.V.,Gutiérrez Colosía,N.V.,Fortified,3.7,504,20.75,España,Jerez-Xérès-Sherry,Spanish Oloroso Sherry Fortified,4,2,4.0,1.0,
5010,Coquinero Jerez-Xérès-Sherry Fino Amontillado N.V.,Osborne,N.V.,Fortified,3.8,491,12.95,España,Jerez-Xérès-Sherry,Spanish Amontillado Sherry Fortified,3,2,3.0,1.0,
5232095,Reserva Especial Don José Oloroso Sherry N.V.,Romate,N.V.,Fortified,3.9,484,19.6,España,Jerez-Xérès-Sherry,Spanish Oloroso Sherry Fortified,4,2,4.0,1.0,
1265407,Classic Premium Cream N.V.,Fernando de Castilla,N.V.,Fortified,3.7,471,19.55,España,Jerez-Xérès-Sherry,Spanish Cream Sherry Fortified,4,1,4.5,4.5,
4904787,Blend of Medium Dry Amontillado Sherry N.V.,Barbadillo,N.V.,Fortified,3.6,464,14.36,España,Jerez-Xérès-Sherry,Spanish Amontillado Sherry Fortified,3,2,3.0,1.0,
1462876,Leyenda Fino Sherry N.V.,Gil Luque,N.V.,Fortified,3.7,355,13.9,España,Jerez-Xérès-Sherry,Spanish Fino Sherry Fortified,2,2,1.0,1.0,
2034198,Marqués de Rodil Palo Cortado N.V.,Emilio Hidalgo,N.V.,Fortified,3.9,346,44.95,España,Jerez-Xérès-Sherry,Spanish Palo Cortado Sherry Fortified,2,2,1.5,1.0,
1408385,Amoroso (Medium) N.V.,El Maestro Sierra,N.V.,Fortified,3.9,328,15.95,España,Jerez-Xérès-Sherry,Sherry (España),4,3,4.0,4.0,
1858358,Monteagudo Amontillado N.V.,Delgado Zuleta,N.V.,Fortified,3.6,312,18.85,España,Jerez-Xérès-Sherry,Spanish Amontillado Sherry Fortified,3,2,3.0,1.0,
2478192,Moscatel Oro Los Cuartillos N.V.,Primitivo Collantes,N.V.,Fortified,3.8,294,11.5,España,Jerez-Xérès-Sherry,Sherry (España),4,3,4.0,4.0,
2068926,Laura Moscatel N.V.,Barbadillo,N.V.,Fortified,3.9,268,5.25,España,Jerez-Xérès-Sherry,Sherry (España),4,3,4.0,4.0,
1676743,Oloroso Sangre y Trabajadero N.V.,Gutiérrez Colosía,N.V.,Fortified,3.8,253,18.33,España,Jerez-Xérès-Sherry,Spanish Oloroso Sherry Fortified,4,2,4.0,1.0,
1531639,Piedra Luenga B PX N.V.,Bodegas Robles,N.V.,Fortified,3.7,251,9.5,España,Montilla-Moriles,Spanish Montilla-Moriles Fortified,4,1,4.0,3.5,
81636,Amontillado N.V.,Bodegas Dios Baco,N.V.,Fortified,3.9,241,21.08,España,Jerez-Xérès-Sherry,Spanish Amontillado Sherry Fortified,3,2,3.0,1.0,
2287764,Fino Arroyuelo N.V.,Primitivo Collantes,N.V.,Fortified,3.7,222,10.89,España,Jerez-Xérès-Sherry,Spanish Fino Sherry Fortified,2,2,1.0,1.0,
6545113,Viña Matalián Blanco Semidulce N.V.,Primitivo Collantes,N.V.,Fortified,3.9,197,10.49,España,Jerez-Xérès-Sherry,Sherry (España),4,3,4.0,4.0,
1703713,Pedro Ximénez N.V.,José Pemartín,N.V.,Fortified,3.9,174,10.5,España,Jerez-Xérès-Sherry,Sherry (España),4,3,4.0,4.0,
1594302,Rio Viejo Jerez Oloroso Seco N.V.,Pedro Domecq,N.V.,Fortified,3.8,158,9.7,España,Jerez-Xérès-Sherry,Spanish Oloroso Sherry Fortified,4,2,4.0,1.0,
5093649,Particular Pale Amontillado Sherry N.V.,Croft,N.V.,Fortified,3.6,136,9.95,España,Jerez-Xérès-Sherry,Spanish Amontillado Sherry Fortified,3,2,3.0,1.0,
1365870,Cream N.V.,El Maestro Sierra,N.V.,Fortified,3.8,129,18.4,España,Jerez-Xérès-Sherry,Spanish Cream Sherry Fortified,4,1,4.5,4.5,
1944026,Zuleta Amontillado N.V.,Delgado Zuleta,N.V.,Fortified,3.8,125,9.1,España,Jerez-Xérès-Sherry,Spanish Amontillado Sherry Fortified,3,2,3.0,1.0,
2213212,Cruz del Mar Oloroso N.V.,César Florido,N.V.,Fortified,3.9,107,13.5,España,Jerez-Xérès-Sherry,Spanish Oloroso Sherry Fortified,4,2,4.0,1.0,
1593852,San Rafael Medium N.V.,Barbadillo,N.V.,Fortified,3.8,99,14.35,España,Jerez-Xérès-Sherry,Sherry (España),4,3,4.0,4.0,
5762332,Zuleta Oloroso N.V.,Delgado Zuleta,N.V.,Fortified,3.6,99,9.1,España,Jerez-Xérès-Sherry,Spanish Oloroso Sherry Fortified,4,2,4.0,1.0,
3950571,Miramé cuando te hablo N.V.,Romate,N.V.,Fortified,3.7,98,11.75,España,Jerez-Xérès-Sherry,Sherry (España),4,3,4.0,4.0,
2252583,Pedro Ximenez de Cosecha 1927,Alvear,1927,Fortified,3.9,93,15.8,España,Montilla-Moriles,Spanish Montilla-Moriles Fortified,4,1,4.0,3.5,
81640,Baco de Élite Oloroso N.V.,Bodegas Dios Baco,N.V.,Fortified,3.9,92,21.08,España,Jerez-Xérès-Sherry,Spanish Oloroso Sherry Fortified,4,2,4.0,1.0,
7391661,Amontillado 1822 N.V.,Bodegas Argüeso,N.V.,Fortified,3.9,91,51.1,España,Jerez-Xérès-Sherry,Spanish Amontillado Sherry Fortified,3,2,3.0,1.0,
5360272,Cruz del Mar Amontillado N.V.,César Florido,N.V.,Fortified,3.8,85,12.9,España,Jerez-Xérès-Sherry,Spanish Amontillado Sherry Fortified,3,2,3.0,1.0,
1826060,Oloroso Tio Alejandro N.V.,Manuel Aragon,N.V.,Fortified,3.8,67,13.4,España,Jerez-Xérès-Sherry,Spanish Oloroso Sherry Fortified,4,2,4.0,1.0,
1412319,Pedro Ximénez Viejo N.V.,Marqués del Real Tesoro,N.V.,Fortified,3.8,66,10.15,España,Jerez-Xérès-Sherry,Pedro Ximénez (España),5,1,5.0,5.0,
3961404,Amontillado Fino Fossi N.V.,Primitivo Collantes,N.V.,Fortified,3.7,65,18.91,España,Jerez-Xérès-Sherry,Spanish Amontillado Sherry Fortified,3,2,3.0,1.0,
8359999,Entroido Vermú Rojo N.V.,Valmiñor,N.V.,Fortified,3.7,59,18.95,España,Rías Baixas,,,,,,
1877009,Pálido Sierra Morena Dry Seco N.V.,Gomez Nevado,N.V.,Fortified,3.6,58,15.95,España,Jerez-Xérès-Sherry,Sherry (España),4.0,3.0,4.0,4.0,
1175835,Fino En Rama 2017,Alvear,2017,Fortified,3.8,51,11.15,España,Montilla-Moriles,Spanish Montilla-Moriles Fortified,4.0,1.0,4.0,3.5,
1385673,Las Senoras N.V.,Delgado Zuleta,N.V.,Fortified,3.6,49,16.95,España,Jerez-Xérès-Sherry,Sherry (España),4.0,3.0,4.0,4.0,
2769979,Don José a Selection of Oloroso Medium Dry N.V.,Romate,N.V.,Fortified,3.7,47,7.95,España,Jerez-Xérès-Sherry,Spanish Oloroso Sherry Fortified,4.0,2.0,4.0,1.0,
1857577,Dorado Sierra Morena Seco N.V.,Gomez Nevado,N.V.,Fortified,3.7,43,19.95,España,Jerez-Xérès-Sherry,Sherry (España),4.0,3.0,4.0,4.0,
1697979,Oloroso N.V.,José Pemartín,N.V.,Fortified,3.8,42,7.5,España,Jerez-Xérès-Sherry,Spanish Oloroso Sherry Fortified,4.0,2.0,4.0,1.0,
9954980,Entroido Vermú Blanco N.V.,Valmiñor,N.V.,Fortified,3.9,37,18.95,España,Rías Baixas,,,,,,
2060108,Bertola Medium N.V.,Diez Mérito,N.V.,Fortified,3.7,27,20.5,España,Jerez-Xérès-Sherry,Sherry (España),4.0,3.0,4.0,4.0,
1212990,Palomino Fino Sherry (Muy Seco) N.V.,Tio Pepe,N.V.,Fortified,3.3,11552,7.5,España,Jerez-Xérès-Sherry,Spanish Fino Sherry Fortified,2,2,1.0,1.0,
1251191,Manzanilla N.V.,La Guita,N.V.,Fortified,3.4,5111,6.7,España,Jerez-Xérès-Sherry,Spanish Manzanilla Sherry Fortified,1,2,1.0,1.0,
80911,Manzanilla La Gitana N.V.,Hidalgo (La Gitana),N.V.,Fortified,3.4,2232,7.45,España,Sanlúcar de Barrameda,Spanish Manzanilla Sherry Fortified,1,2,1.0,1.0,
2240331,Manzanilla Solear N.V.,Barbadillo,N.V.,Fortified,3.3,1982,7.9,España,Jerez-Xérès-Sherry,Spanish Manzanilla Sherry Fortified,1,2,1.0,1.0,
1591507,Jarana Fino Sherry (Very Dry) N.V.,Lustau,N.V.,Fortified,3.3,1679,9.35,España,Jerez-Xérès-Sherry,Spanish Fino Sherry Fortified,2,2,1.0,1.0,
5009,Fino Quinta Sherry N.V.,Osborne,N.V.,Fortified,3.4,1455,7.5,España,Jerez-Xérès-Sherry,Spanish Fino Sherry Fortified,2,2,1.0,1.0,
1215718,Classic Dry Sec Fino N.V.,Fernando de Castilla,N.V.,Fortified,3.3,1121,14.2,España,Jerez-Xérès-Sherry,Spanish Fino Sherry Fortified,2,2,1.0,1.0,
1205825,Classic Dry Manzanilla N.V.,Fernando de Castilla,N.V.,Fortified,3.4,781,12.9,España,Jerez-Xérès-Sherry,Spanish Manzanilla Sherry Fortified,1,2,1.0,1.0,
86191,Manzanilla Muyfina N.V.,Barbadillo,N.V.,Fortified,3.1,685,5.59,España,Jerez-Xérès-Sherry,Spanish Manzanilla Sherry Fortified,1,2,1.0,1.0,
734281,CB Fino Pedro Ximenez N.V.,Alvear,N.V.,Fortified,3.4,674,6.8,España,Montilla-Moriles,Spanish Montilla-Moriles Fortified,4,1,4.0,3.5,
1144011,Dry Sack Medium N.V.,Williams & Humbert,N.V.,Fortified,3.4,668,8.5,España,Jerez-Xérès-Sherry,Sherry (España),4,3,4.0,4.0,
1144021,Alegría Manzanilla N.V.,Williams & Humbert,N.V.,Fortified,3.4,651,8.35,España,Jerez-Xérès-Sherry,Spanish Manzanilla Sherry Fortified,1,2,1.0,1.0,
1664696,Hidalgo Fino Sherry (Seco) N.V.,Emilio Hidalgo,N.V.,Fortified,3.4,536,12.9,España,Jerez-Xérès-Sherry,Spanish Fino Sherry Fortified,2,2,1.0,1.0,
1164454,Manzanilla Sherry Fina N.V.,Osborne,N.V.,Fortified,3.1,425,17.0,España,Jerez-Xérès-Sherry,Spanish Manzanilla Sherry Fortified,1,2,1.0,1.0,
2125716,Solera Reserva Puerto Fino N.V.,Lustau,N.V.,Fortified,3.3,411,15.35,España,Jerez-Xérès-Sherry,Spanish Fino Sherry Fortified,2,2,1.0,1.0,
1449987,La Jaca N.V.,Álvaro Domecq,N.V.,Fortified,3.3,337,10.5,España,Jerez-Xérès-Sherry,Sherry (España),4,3,4.0,4.0,
6447143,Fino Sherry N.V.,Osborne,N.V.,Fortified,3.2,234,17.0,España,Jerez-Xérès-Sherry,Spanish Fino Sherry Fortified,2,2,1.0,1.0,
1156712,Amontillado N.V.,Romate,N.V.,Fortified,3.4,220,51.94,España,Jerez-Xérès-Sherry,Spanish Amontillado Sherry Fortified,3,2,3.0,1.0,
2674671,Pando Fino N.V.,Williams & Humbert,N.V.,Fortified,3.4,197,6.93,España,Jerez-Xérès-Sherry,Spanish Fino Sherry Fortified,2,2,1.0,1.0,
80851,Manzanilla Charito N.V.,Emilio Hidalgo,N.V.,Fortified,3,160,23.2,España,Jerez-Xérès-Sherry,Spanish Manzanilla Sherry Fortified,1,2,1.0,1.0,
7957376,Fino Romate Sherry N.V.,Romate,N.V.,Fortified,3.2,95,9.85,España,Jerez-Xérès-Sherry,Spanish Fino Sherry Fortified,2,2,1.0,1.0,
1498315,Jerez Seco Dry N.V.,Valdespino,N.V.,Fortified,3.3,76,7.9,España,Jerez-Xérès-Sherry,Sherry (España),4,3,4.0,4.0,
6656303,Manzanilla Jarona N.V.,Juan Pinero,N.V.,Fortified,3.4,49,7.75,España,Jerez-Xérès-Sherry,Spanish Manzanilla Sherry Fortified,1,2,1.0,1.0,
3950504,¿Fuego? No Thanks N.V.,Romate,N.V.,Fortified,3.4,37,13.25,España,Jerez-Xérès-Sherry,Sherry (España),4,3,4.0,4.0,
4852142,A Winter's Tale Rare Old Sherry N.V.,Williams & Humbert,N.V.,Fortified,3.4,29,10.3,España,Jerez-Xérès-Sherry,Sherry (España),4,3,4.0,4.0,
2423053,Perez Megia Manzanilla N.V.,Williams & Humbert,N.V.,Fortified,3.0,28,6.85,España,Jerez-Xérès-Sherry,Spanish Manzanilla Sherry Fortified,1,2,1.0,1.0,
2795843,Fino Sherry N.V.,Sandeman,N.V.,Fortified,3.2,917,8.5,España,Jerez-Xérès-Sherry,Spanish Fino Sherry Fortified,2,2,1.0,1.0,
4630597,Fino Sherry N.V.,Barbadillo,N.V.,Fortified,3.4,443,14.36,España,Jerez-Xérès-Sherry,Spanish Fino Sherry Fortified,2,2,1.0,1.0,
1845331,Fino N.V.,Romate,N.V.,Fortified,3.4,279,6.99,España,Jerez-Xérès-Sherry,Spanish Fino Sherry Fortified,2,2,1.0,1.0,
1598824,Zuleta Manzanilla N.V.,Delgado Zuleta,N.V.,Fortified,3.3,227,6.15,España,Jerez-Xérès-Sherry,Spanish Manzanilla Sherry Fortified,1,2,1.0,1.0,
1144010,Dry Sack Fino N.V.,Williams & Humbert,N.V.,Fortified,3.0,162,8.9,España,Jerez-Xérès-Sherry,Spanish Fino Sherry Fortified,2,2,1.0,1.0,
1412680,San Patricio Jerez Seco N.V.,Garvey,N.V.,Fortified,3.1,92,5.45,España,Jerez-Xérès-Sherry,Sherry (España),4,3,4.0,4.0,
1453899,Superior N.V.,Antonio Bandeira,N.V.,Fortified,3.1,49,9.5,España,Penedès,,,,,,
6645195,Don José Oloroso N.V.,Romate,N.V.,Fortified,3.4,45,16.13,España,Jerez-Xérès-Sherry,Spanish Oloroso Sherry Fortified,4.0,2.0,4.0,1.0,
