wine_id,winery,wine_name,year,rating,num_reviews,price,country,region,wine_type
77137,Vega Sicilia,Unico (Gran Reserva) 2025,2025,4.7,55763,615.65,España,Ribera del Duero,Red
77136,Vega Sicilia,Unico Reserva Especial Edición ,,4.7,15149,514.2,España,Ribera del Duero,Red
1876294,Dominio de Pingus,Pingus 2023,2023,4.6,7031,1450.0,España,Ribera del Duero,Red
84140,Bodegas El Nido,El Nido 2023,2023,4.7,6556,143.9,España,Jumilla,Red
77172,Pintia,Toro 2015,2015,4.5,6288,135.0,España,Toro,Red
1100735,Viñedos de Páganos,La Nieta 2023,2023,4.5,5770,121.0,España,Rioja,Red
7972,La Rioja Alta,Rioja Gran Reserva 904 2015,2015,4.5,5650,71.1,España,Rioja,Red
77171,Alión,Ribera del Duero 2017,2017,4.6,5010,120.69,España,Ribera del Duero,Red
1175427,Vega Sicilia,Valbuena 5º (Reserva) 2016,2016,4.7,4809,254.0,España,Ribera del Duero,Red
2839955,Juan Gil,Bruto 2023,2023,4.5,4573,37.4,España,Jumilla,Red
99584,Remírez de Ganuza,Trasnocho 2019,2019,4.5,4335,88.91,España,Rioja,Red
18717,Bodegas Roda,Cirsion Rioja 2021,2021,4.6,4305,213.0,España,Rioja,Red
1428373,Carmelo Rodero,Pago De Valtarreña 2022,2022,4.5,4060,53.9,España,Ribera del Duero,Red
79814,Dominio de Pingus,Flor de Pingus 2016,2016,4.5,3907,249.68,España,Ribera del Duero,Red
49754,Artadi,Viña El Pison 2022,2022,4.6,3681,349.0,España,Vino de España,Red
1379762,Teso La Monja,Alabaster 2023,2023,4.6,3611,179.0,España,Toro,Red
3293391,Sierra Cantabria,Finca el Bosque 2023,2023,4.5,3235,109.5,España,Rioja,Red
67064,Álvaro Palacios,L'Ermita Velles Vinyes Priorat 2020,2020,4.6,2874,1380.0,España,Priorato,Red
98838,Bodega Contador (Benjamín Romeo),Contador Rioja 2022,2022,4.6,2860,390.0,España,Rioja,Red
1221009,Sierra Cantabria,Amancio 2022,2022,4.5,2739,96.7,España,Rioja,Red
11001,Marqués de Murrieta,Castillo Ygay Gran Reserva Especial Tinto 2011,2011,4.6,2672,477.5,España,Rioja,Red
100292,Hacienda Monasterio,Reserva Especial 2020,2020,4.5,2581,96.9,España,Ribera del Duero,Red
1994112,Benjamin de Rothschild - Vega Sicilia,Macán 2014,2014,4.5,2372,116.0,España,Rioja,Red
1219218,Bodegas El Nido,Clio 2020,2020,4.5,2020,97.9,España,Jumilla,Red
1164373,Clos Erasmus,Priorat 2023,2023,4.5,1963,255.0,España,Priorato,Red
7971,La Rioja Alta,Gran Reserva 890 2010,2010,4.5,1771,189.0,España,Rioja,Red
73592,Abadía Retuerta,Petit Verdot 2021,2021,4.5,1759,139.0,España,Abadía Retuerta,Red
736577,Viña Sastre,Pesus Ribera del Duero 2019,2019,4.5,1757,380.9,España,Ribera del Duero,Red
1189647,Alto Moncayo,Aquilon Garnacha 2018,2018,4.5,1714,125.0,España,Campo de Borja,Red
1129282,Aalto,PS (Pagos Seleccionados) 2020,2020,4.5,1675,219.31,España,Ribera del Duero,Red
1213831,Quinta de la Quietud,La Mula de la Quietud 2020,2020,4.5,1664,76.45,España,Toro,Red
83823,Bodegas Mas Alta,La Creu Alta 2020,2020,4.5,1609,96.8,España,Priorato,Red
1219509,Martinet,Camí Pesseroles 2022,2022,4.5,1315,82.75,España,Priorato,Red
4712965,Oxer Wines,Kalamity Rioja 2024,2024,4.5,1279,119.0,España,Rioja,Red
2162093,Clos Mogador,Priorat 2015,2015,4.5,1181,125.14,España,Priorato,Red
1696799,Artadi,El Carretil 2022,2022,4.5,1162,185.9,España,Vino de España,Red
1126964,Bodega Numanthia,Termanthia 2012,2012,4.6,1012,452.5,España,Toro,Red
2539047,Vall Llach,Mas de la Rosa 2023,2023,4.5,832,495.0,España,Priorato,Red
1370772,Pago de Carraovejas,El Anejón 2010,2010,4.5,831,325.0,España,Ribera del Duero,Red
4375272,Dominio del Águila,Gran Reserva Peñas Aladas 2019,2019,4.5,785,256.0,España,Ribera del Duero,Red
1450977,Teso La Monja,Tinto 2021,2021,4.7,778,1500.0,España,Toro,Red
99351,Castillo Perelada,Finca Garbet 2021,2021,4.5,721,127.0,España,Empordà,Red
1290160,Remírez de Ganuza,María Remírez de Ganuza 2019,2019,4.6,707,221.4,España,Rioja,Red
5599210,Álvaro Palacios,Quiñon de Valmira 2023,2023,4.5,690,440.0,España,Rioja,Red
8029511,Dominio de Cair,Cruz del Pendón 2023,2023,4.5,638,73.9,España,Ribera del Duero,Red
736588,Viña Sastre,Pago de Santa Cruz 2016,2016,4.5,624,95.95,España,Ribera del Duero,Red
1632340,Descendientes de J. Palacios,La Faraona Bierzo (Corullón) 2020,2020,4.6,585,1185.01,España,Bierzo,Red
5917220,Tresmano - Tr3smano,Tm 2021,2021,4.5,574,124.0,España,Ribera del Duero,Red
5443219,Dominio del Águila,Canta la Perdiz 2020,2020,4.5,534,325.0,España,Ribera del Duero,Red
7711572,Tomás Postigo,Quercus Pyrenacia Rebollo Tinto 2019,2019,4.7,523,142.0,España,Ribera del Duero,Red
1591090,Jaro,Sed de Caná 2019,2019,4.5,519,95.0,España,Ribera del Duero,Red
1163704,Bodegas Mauro,Mauro VS 2021,2021,4.5,513,74.55,España,Castilla y León,Red
3966393,Bodegas 6º Elemento - Vino Sexto Elemento,Respeto 2022,2022,4.5,504,32.95,España,Utiel-Requena,Red
11605,Emilio Moro,Malleolus de Valderramiro 2019,2019,4.5,451,104.95,España,Ribera del Duero,Red
4184137,Dominio de Cair,Pendón De La Aguilera 2021,2021,4.6,438,249.0,España,Ribera del Duero,Red
4347148,Álvaro Palacios,Les Aubaguetes Priorat 2022,2022,4.5,411,375.0,España,Priorato,Red
1479987,Matarromera,Ribera del Duero Prestigio Pago de las Solanas 2016,2016,4.5,403,259.0,España,Ribera del Duero,Red
4387135,Huerta de Albala,Taberner No. 1 2016,2016,4.5,375,105.9,España,Cádiz,Red
7188241,Tomás Postigo,Ribera del Duero Vinificación Integral Tinto 2019,2019,4.6,370,196.48,España,Ribera del Duero,Red
77816,Orben,Orben 2020,2020,4.5,365,24.5,España,Rioja,Red
4569097,Dominio del Bendito,Cuesta de las Musas Tinta de Toro 2019,2019,4.5,363,165.0,España,Toro,Red
7086363,Bodegas Amaren,El Regollar 2021,2021,4.5,338,75.4,España,Rioja,Red
1180183,Marqués de Griñon,AAA 2013,2013,4.5,336,167.89,España,Dominio de Valdepusa,Red
1139435,Pago de Carraovejas,Cuesta de Las Liebres 2019,2019,4.6,324,183.52,España,Ribera del Duero,Red
99588,Remírez de Ganuza,Gran Reserva 2004,2004,4.7,301,1049.0,España,Rioja,Red
7538767,Bodega Cerrón,Stratum Wines La Calera del Escaramujo 2023,2023,4.5,299,94.5,España,Jumilla,Red
5262176,Pago de Cirsus,LaA 2019,2019,4.5,282,36.8,España,Navarra,Red
1382462,Pago de Los Capellanes,Parcela El Picón Tinto 2010,2010,4.5,273,290.0,España,Ribera del Duero,Red
5806244,Sierra Cantabria,Mágico 2020,2020,4.7,259,489.0,España,Rioja,Red
4282272,Territorio Luthier,Territorio Luthier Reserva 2016,2016,4.5,254,65.0,España,Ribera del Duero,Red
736555,Viña Sastre,Regina Vides Ribera del Duero 2014,2014,4.5,242,159.9,España,Ribera del Duero,Red
14882,Callejo,Félix Callejo (Viñedos de la Familia) 2005,2005,4.5,231,337.59,España,Ribera del Duero,Red
8992888,Cuentaviñas,Los Yelsones 2023,2023,4.5,223,161.46,España,Rioja,Red
9048362,Bodegas Valduero,Una Cepa Premium 2015,2015,4.6,215,399.4,España,Ribera del Duero,Red
13265001,Juan Gil,Etiqueta Azul Blue Label Cuvée À 2023,2023,4.5,213,35.9,España,Jumilla,Red
11607,Emilio Moro,Malleolus de Sanchomartin 2020,2020,4.5,212,135.86,España,Ribera del Duero,Red
2022997,Dominio de Es,Viñas Viejas de Soria Ribera Del Duero 2018,2018,4.5,194,225.47,España,Ribera del Duero,Red
1126965,Bodegas Mauro,Terreus Paraje de Cueva Baja 2021,2021,4.5,180,104.92,España,Castilla y León,Red
7921,Arzuaga,Gran Reserva Ribera del Duero 2019,2019,4.5,166,84.5,España,Ribera del Duero,Red
7495,Bodegas Muga,Aro 2019,2019,4.5,166,262.0,España,Rioja,Red
9045156,Cuentaviñas,El Tiznado 2022,2022,4.6,166,175.0,España,Rioja,Red
1210558,Adamá Wines,Tinto 2011,2011,4.5,166,50.0,España,Ribera del Duero,Red
1695725,Tinto Pesquera,Gran Reserva 2013,2013,4.6,161,58.9,España,Ribera del Duero,Red
4260045,Dominio de Es,La Diva Tinto Ribera del Duero 2020,2020,4.5,159,599.0,España,Ribera del Duero,Red
5905888,R. López de Heredia,Viña Tondonia Gran Reserva 2004,2004,4.5,150,320.0,España,Rioja,Red
5093522,Dominio de Atauta,La Roza Ribera del Duero 2018,2018,4.5,150,248.99,España,Ribera del Duero,Red
9530734,Pago de Los Capellanes,Doroteo Edición Especial 25 Aniversario 2019,2019,4.5,148,90.0,España,Ribera del Duero,Red
1215527,Viñas del Vero,Blecua Somontano 2016,2016,4.5,139,90.5,España,Somontano,Red
1648183,Ànima Negra,Son Negre 2011,2011,4.5,136,298.0,España,Mallorca,Red
5875136,Pinea,Tinto 2018,2018,4.5,127,159.24,España,Ribera del Duero,Red
2055586,Sei Solo,Tinto 2021,2021,4.5,124,66.5,España,Ribera del Duero,Red
4427277,Tomás Postigo,5º Año Ribera del Duero Tinto 2020,2020,4.5,118,77.5,España,Ribera del Duero,Red
2298357,Bodegas Naluar & Acediano,Acediano 2015,2015,4.5,109,126.0,España,Ribera del Duero,Red
2439813,Abadía Retuerta,10º X Aniversario 2006,2006,4.5,107,270.0,España,Abadía Retuerta,Red
1557083,Arzuaga,Gran Arzuaga Ribera del Duero 2018,2018,4.5,106,163.5,España,Ribera del Duero,Red
6091368,Ordóñez,Vatan Arena Tinta de Toro 2014,2014,4.8,105,369.05,España,Toro,Red
9119,R. López de Heredia,Viña Tondonia Reserva 1980,1980,4.5,105,493.75,España,Rioja,Red
9159380,Bodegas Valduero,Tierra Alta de 2 Racimos Gran Reserva 2015,2015,4.5,100,108.3,España,Ribera del Duero,Red
9594951,Vivaltus,Tinto 2017,2017,4.5,93,129.23,España,Ribera del Duero,Red
1815148,Mas Doix,1902 Centenary Carignan Priorat 2017,2017,4.6,86,479.0,España,Priorato,Red
7203961,Territorio Luthier,Luthier Gran Reserva 2012,2012,4.6,81,248.0,España,Ribera del Duero,Red
9235812,Celler Massis de l'Albera,La Garnatxa D En Pitu Gran Reserva Garnatxa Roja Dolça 2013,2013,4.5,81,41.9,España,Empordà,Red
1451951,Tinto Pesquera,Janus Gran Reserva 2018,2018,4.5,78,248.99,España,Ribera del Duero,Red
11238770,Raúl Pérez,Viariz Vino de Altura 2022,2022,4.5,67,169.9,España,Bierzo,Red
2034907,Emilio Moro,Clon De La Familia 2018,2018,4.7,66,289.34,España,Ribera del Duero,Red
9124,R. López de Heredia,Viña Bosconia Gran Reserva 2001,2001,4.5,65,239.98,España,Rioja Alta,Red
5441031,Comenge,Jacobus 2014,2014,4.6,64,212.58,España,Ribera del Duero,Red
2306556,Clos Erasmus,Daphne Glorian Colección Vila Viniteca 75 Aniversario 2007,2007,4.6,63,219.9,España,Priorato,Red
9724334,Mas Doix,1902 Centenary Carignan Tossal D'En Bou Gran Vinya Classificada Poboleda 2019,2019,4.6,58,400.0,España,Priorato,Red
8117524,Nin-Ortiz,La Rodeda 2023,2023,4.5,56,270.0,España,Priorato,Red
7087248,Monóvar,Fondillon 50 Años 1968,1968,4.7,56,196.08,España,Alicante,Red
8105935,Cims de Porrera,Les Sentius d'En Joan Bta. Domènech 2008,2008,4.5,55,86.83,España,Priorato,Red
6449504,Cepa 21,Horcajo 2020,2020,4.5,54,75.91,España,Ribera del Duero,Red
5297971,Enate,Uno Tinto 2010,2010,4.5,50,143.5,España,Somontano,Red
3880023,Viña Sastre,Pago de Santa Cruz Gran Reserva Ribera del Duero 2018,2018,4.5,50,102.5,España,Ribera del Duero,Red
10813230,Mas Doix,1903 Garnatxa Velles Vinyes Coma de Cases 2019,2019,4.5,46,400.0,España,Priorato,Red
6316691,Vizcarra,Torralvo Gran Reserva 2015,2015,4.5,45,138.55,España,Ribera del Duero,Red
9842609,Trenza,Rizado Old Vines Monastrell 2020,2020,4.5,45,60.35,España,Yecla,Red
1784091,Dominio de Atauta,Valdegatiles Ribera del Duero 2014,2014,4.5,44,327.5,España,Ribera del Duero,Red
1664071,Dominio de Atauta,Llanos del Almendro Ribera del Duero 2017,2017,4.5,44,115.2,España,Ribera del Duero,Red
8982411,Dominio de Atauta,Single Vineyard San Juan 2018,2018,4.7,41,224.95,España,Ribera del Duero,Red
1854434,Altos del Terral,Cuveé Julia Ribera del Duero 2011,2011,4.5,40,157.0,España,Ribera del Duero,Red
12765227,Figuero,Pago de Torrosillo 2019,2019,4.5,40,61.98,España,Ribera del Duero,Red
12554991,Abel Mendoza Monge,52-60 2022,2022,4.5,38,81.25,España,Rioja,Red
7026145,Familia Torres,Mas de la Rosa Porrera Vinyes Velles 2019,2019,4.5,36,375.0,España,Priorato,Red
2021425,Matarromera,Gran Reserva 2017,2017,4.5,35,89.9,España,Ribera del Duero,Red
1662515,Valderiz,Tomás Esteban 2017,2017,4.5,32,69.95,España,Ribera del Duero,Red
8106369,Astrales,Luma 2016,2016,4.5,32,110.0,España,Ribera del Duero,Red
7614735,Bodegas Frontonio,El Jardín de las Iguales Viñedo Historico Garnacha 2019,2019,4.5,30,264.7,España,Aragón,Red
13321998,Entre Lindes,La Rebusca 2024,2024,4.5,30,26.9,España,Castilla,Red
99572,Remírez de Ganuza,Rioja Reserva 2018,2018,4.5,29,62.3,España,Rioja,Red
1237418,Bodegas Valduero,Ribera Del Duero Gran Reserva 12 Años 2004,2004,4.7,29,1369.4,España,Ribera del Duero,Red
6900561,Mas Doix,1903 Centenary Grenache 2017,2017,4.5,29,479.0,España,Priorato,Red
11102978,Marqués de Riscal,Tapias de Marqués de Riscal 2020,2020,4.5,27,110.0,España,Rioja,Red
1139117,Viña Pedrosa,Gran Reserva 2001,2001,4.5,27,248.0,España,Ribera del Duero,Red
5805405,Artadi,La Morera de San Lázaro 2021,2021,4.5,26,112.0,España,Vino de España,Red
1966359,Dominio de Atauta,La Mala Ribera del Duero 2017,2017,4.5,25,117.62,España,Ribera del Duero,Red
5259792,Adamá Wines,EF 2009,2009,4.5,25,74.0,España,Ribera del Duero,Red
1139434,Pago de Carraovejas,Tinto 2019,2019,4.5,7005,37.5,España,Ribera del Duero,Red
23337,Aalto,Aalto 2018,2018,4.5,3146,69.0,España,Ribera del Duero,Red
1126125,Bodegas Muga,Prado Enea Gran Reserva 2015,2015,4.5,2627,69.8,España,Rioja,Red
7494,Bodegas Muga,Torre Muga 2016,2016,4.5,1576,87.73,España,Rioja,Red
1139258,Pago de Carraovejas,Reserva 2012,2012,4.5,1281,129.9,España,Ribera del Duero,Red
2026372,Marqués de Riscal,Barón de Chirel Reserva 2017,2017,4.5,920,70.7,España,Rioja,Red
1415247,Bodegas Valduero,Ribera Del Duero Reserva Premium 6 Anos 2015,2015,4.5,696,79.0,España,Ribera del Duero,Red
6377165,Miguel Merino,La Loma 2022,2022,4.5,693,62.9,España,Rioja Alta,Red
1504122,Tinto Pesquera,Millenium Reserva 2008,2008,4.5,563,74.0,España,Ribera del Duero,Red
5937785,Morca,Touran 2022,2022,4.5,539,94.5,España,Campo de Borja,Red
9105692,Milsetentayseis,1076 Tinto 2018,2018,4.5,463,56.95,España,Ribera del Duero,Red
1179387,Martinet,Clos Martinet 2014,2014,4.5,412,65.0,España,Priorato,Red
1126750,Contino,Viña del Olivo 2017,2017,4.5,388,65.0,España,Rioja,Red
98835,Bodega Contador (Benjamín Romeo),La Cueva del Contador Rioja 2017,2017,4.5,372,72.5,España,Rioja,Red
12262,Matarromera,Ribera del Duero Prestigio 2015,2015,4.5,333,52.0,España,Ribera del Duero,Red
3666125,Barahonda,Zona Zepa Monastrell 2021,2021,4.5,319,61.9,España,Yecla,Red
2149967,Ferrer Bobet,Selecció Especial Vinyes Velles 2015,2015,4.5,277,99.9,España,Priorato,Red
100284,Hacienda Monasterio,Reserva 2017,2017,4.5,274,79.0,España,Ribera del Duero,Red
1829321,El Grillo y La Luna,Grillo 2019,2019,4.5,248,35.0,España,Somontano,Red
67084,Álvaro Palacios,Finca Dofí 2006,2006,4.5,224,75.0,España,Priorato,Red
77247,Casa Castillo,Pie Franco 2020,2020,4.5,219,245.0,España,Jumilla,Red
1270105,Arzuaga,Amaya Arzuaga (Colección) 2016,2016,4.5,217,133.45,España,Ribera del Duero,Red
1198728,Mas d'en Gil,Clos Fontà Priorat 2004,2004,4.6,207,150.0,España,Priorato,Red
2121743,Viña Ane,El Laberinto 2012,2012,4.5,204,39.33,España,Rioja,Red
2559407,Atlan & Artisan,Epistem No. 5 2020,2020,4.5,193,93.95,España,Yecla,Red
6696954,Casa Castillo,Cuvée N Viñas Viejas 2015,2015,4.6,187,68.0,España,Jumilla,Red
5133582,,Cuesta de Las Virgenes Tempranillo 2019,2019,4.5,159,31.19,España,Ribera del Duero,Red
7010830,Trus,Pico de Luyas 2016,2016,4.5,156,48.5,España,Ribera del Duero,Red
1289986,Nin-Ortiz,Nit de Nin Mas d'en Caçador 2011,2011,4.5,154,395.0,España,Priorato,Red
7051839,Perinet,1194 2016,2016,4.5,144,101.07,España,Priorato,Red
1563086,Mas d'en Gil,Gran Buig Priorat 2016,2016,4.6,144,325.0,España,Priorato,Red
1657556,Cal Pla,Planots Priorat 2009,2009,4.5,140,59.2,España,Priorato,Red
5269028,Sangenís I Vaqué,Gran Reserva Clos Monlleó 2000,2000,4.5,135,90.0,España,Priorato,Red
6314289,Tarsus,Finca El Canto 2018,2018,4.5,126,74.2,España,Ribera del Duero,Red
1605489,Artadi,Grandes Añadas Rioja 2001,2001,4.5,126,345.0,España,Rioja,Red
2555028,Cupani,Sir Cupani 2021,2021,4.5,124,22.0,España,Rioja,Red
7459405,Vins Miquel Gelabert,Colom de Penya 2018,2018,4.5,117,86.0,España,Plà i Llevant,Red
6318153,Mortitx,Monjoia de Mortitx 2020,2020,4.5,116,67.8,España,Islas Baleares,Red
99273,Bodegas Celler Francisco Castillo - Clos Dominic,Vinyes Altes Selecció Míriam Priorat 2022,2022,4.5,113,69.0,España,Priorato,Red
4901444,Pepe Rodríguez de Vera,Matacán 2022,2022,4.6,102,252.6,España,Almansa,Red
79953,Sierra Salinas,Salinas 1237 2012,2012,4.5,94,58.7,España,Alicante,Red
1360275,Bodegas Abadía de San Quirce,Finca Helena 2019,2019,4.6,86,54.79,España,Ribera del Duero,Red
1148822,Familia Torres,Grans Muralles 2000,2000,4.5,85,125.05,España,Conca de Barberà,Red
97711,Terroir Al Límit Soc. Lda,Les Tosses 2016,2016,4.5,76,225.0,España,Priorato,Red
5263601,Lagar do Merens,Labrador 2019,2019,4.5,71,114.95,España,Castilla y León,Red
1174676,Enate,Reserva Especial 2006,2006,4.5,70,84.46,España,Somontano,Red
97710,Terroir Al Límit Soc. Lda,Les Manyes 2018,2018,4.5,67,199.0,España,Priorato,Red
5479950,La Vinya del Vuit,La Vinya del Vuit (8) 2015,2015,4.5,65,95.83,España,Priorato,Red
2647502,Dehesa de Los Canónigos,Gran Reserva 2015,2015,4.6,61,22.1,España,Ribera del Duero,Red
1473737,Bodegas Tierra,El Belisario 2015,2015,4.5,60,40.0,España,Rioja,Red
8037614,Bodegas Amaren,Carraquintana de Amaren 2017,2017,4.5,59,74.64,España,Rioja Alavesa,Red
10998,Marqués de Murrieta,Reserva Rioja (Finca Ygay) 1954,1954,4.5,54,252.5,España,Rioja,Red
2915468,Clos d'Agon,Selección Especial 2015,2015,4.5,51,87.19,España,Cataluña,Red
3781108,Convento de las Claras,Bendiciones 2014,2014,4.5,49,92.73,España,Ribera del Duero,Red
1244873,Bodega Rento,Tinto 2018,2018,4.5,46,46.4,España,Ribera del Duero,Red
4344855,Legaris,Calmo 2014,2014,4.5,45,71.9,España,Ribera del Duero,Red
9064817,Chozas Carrascal,Materia Bobal 2020,2020,4.5,44,63.75,España,Valencia,Red
7356283,Álvaro Palacios,La Baixada 2019,2019,4.5,43,219.75,España,Priorato,Red
4794055,Compañía Vinícola Solterra,Solterroir 2012,2012,4.6,39,90.0,España,Ribera del Duero,Red
10610046,José Gil,Camino de Ribas Parcela La Cóncova 2022,2022,4.6,39,65.95,España,Rioja,Red
1450186,Vizcarra,Celia 2016,2016,4.5,38,82.5,España,Ribera del Duero,Red
23505,Mas Doix,Doix 1999,1999,4.6,32,405.0,España,Priorato,Red
2511174,Inurrieta,Puro Vicio 2017,2017,4.5,28,26.1,España,Navarra,Red
6351120,Bodegas Valduero,Lantigua 1989 1989,1989,4.7,26,2800.0,España,Ribera del Duero,Red
6266660,Félix Solís,Mucho Más Tinto N.V.,N.V.,4.1,111101,5.55,España,Vino de España,Red
12264,Matarromera,Crianza 2023,2023,4.1,41917,24.9,España,Ribera del Duero,Red
18715,Bodegas Roda,Roda Reserva Rioja 2022,2022,4.2,31267,64.9,España,Rioja,Red
1383553,Bodegas Roda,Roda I Reserva Rioja 2022,2022,4.4,29246,64.4,España,Rioja,Red
86683,Ànima Negra,AN/2 2004,2004,4.0,27422,71.2,España,Mallorca,Red
5445838,Félix Solís,The Guv’nor N.V.,N.V.,4.1,26366,5.5,España,Valdepeñas,Red
67074,Álvaro Palacios,Les Terrasses Laderas de Pizarra 2023,2023,4.2,26034,92.0,España,Priorato,Red
1921801,Benjamin de Rothschild - Vega Sicilia,Macán Clásico 2022,2022,4.3,25304,46.5,España,Rioja,Red
76284,Carmelo Rodero,Crianza 2023,2023,4.1,23677,23.35,España,Ribera del Duero,Red
1151535,Dominio do Bibei,Lalama 2022,2022,4.0,18170,20.0,España,Ribeira Sacra,Red
1163903,Marqués de Riscal,Reserva 2019,2019,4.2,15956,40.56,España,Rioja,Red
77884,Viñedos de Páganos,El Puntido 2022,2022,4.3,11671,41.5,España,Rioja,Red
1176638,Dehesa de Los Canónigos,Crianza 2023,2023,4.1,11364,20.95,España,Ribera del Duero,Red
23109,Bodegas Valduero,Ribera Del Duero Crianza 2020,2020,4.0,10479,23.5,España,Ribera del Duero,Red
1166594,Pago de Los Capellanes,Parcela El Nogal Tinto 2021,2021,4.4,10025,56.4,España,Ribera del Duero,Red
1212282,Dominio de Atauta,Parada de Atauta 2022,2022,4.0,9688,17.95,España,Ribera del Duero,Red
1138894,Marques de Vargas,Reserva 2020,2020,4.0,9621,23.0,España,Rioja,Red
1386686,Emilio Moro,Emilio Moro 2019,2019,4.2,9253,49.5,España,Ribera del Duero,Red
12263,Matarromera,Ribera del Duero Reserva 2018,2018,4.4,8830,39.75,España,Ribera del Duero,Red
1193017,Hispano Suizas,Bassus Pinot Noir 2023,2023,4.2,7865,25.5,España,Utiel-Requena,Red
1145049,Venta del Puerto,No. 12 Selección Especial 2022,2022,4.1,7683,11.74,España,Valencia,Red
1721127,Carmelo Rodero,Reserva 2022,2022,4.4,7542,39.78,España,Ribera del Duero,Red
99555,Mustiguillo,Finca Terrerazo 2023,2023,4.1,7495,27.1,España,El Terrerazo,Red
1135777,Quinta Sardonia,QS 2020,2020,4.2,7481,36.3,España,Castilla y León,Red
9240299,Félix Solís,Mucho Más Tinto - Black Edition N.V.,N.V.,4.1,7405,6.75,España,Vino de España,Red
1126961,Ànima Negra,Àn 2023,2023,4.2,7216,42.51,España,Mallorca,Red
1609930,Clos Erasmus,Laurel 2023,2023,4.2,7086,58.9,España,Priorato,Red
7586997,El Vínculo,Crianza 2005,2005,4.0,6895,16.0,España,La Mancha,Red
1186088,Finca Moncloa,Viñedos Propios 2021,2021,4.0,6535,15.0,España,Cádiz,Red
7973,La Rioja Alta,Viña Ardanza Reserva 2017,2017,4.3,6528,54.45,España,Rioja,Red
1230455,Luzon,Altos de Luzón 2023,2023,4.0,6432,13.36,España,Jumilla,Red
1917453,Álvaro Palacios,Vi de Vila Gratallops 2023,2023,4.3,6397,64.95,España,Priorato,Red
1206543,Bodegas Aragonesas,Fagus de Coto de Hayas Garnacha 2023,2023,4.2,6217,19.95,España,Aragón,Red
2317863,Tinto Pesquera,Crianza 2019,2019,4.2,6078,19.66,España,Ribera del Duero,Red
3313942,Pago del Cielo,Celeste Crianza 2016,2016,4.0,6074,38.5,España,Ribera del Duero,Red
1937521,Hispano Suizas,Bobos Finca Casa la Borracha 2023,2023,4.2,6013,26.0,España,Utiel-Requena,Red
2388758,Abadía Retuerta,Selección Especial 2018,2018,4.3,5989,36.24,España,Abadía Retuerta,Red
12200870,Félix Solís,Mucho Mas Gold N.V.,N.V.,4.0,5870,9.99,España,Vino de España,Red
1572777,Jean Leon,Vinya Le Havre Reserva Cabernet Sauvignon 2022,2022,4.0,5735,24.3,España,Penedès,Red
1136746,Matsu,El Recio 2020,2020,4.1,5610,35.0,España,Toro,Red
88835,Lan,Viña Lanciano Reserva 2020,2020,4.0,5596,17.4,España,Rioja,Red
1164695,Beronia,Rioja Reserva 2017,2017,4.1,5551,14.6,España,Rioja,Red
1205756,Bodegas Aragonesas,Aragonia Selección Especial Garnacha 2022,2022,4.0,5535,17.95,España,Campo de Borja,Red
1539907,Pago de Vallegarcía,Petit Hipperia 2024,2024,4.0,5500,16.9,España,Castilla,Red
1213195,4 Kilos Vinícola,4 Kilos 2023,2023,4.0,5482,33.6,España,Mallorca,Red
2402855,Envínate,Lousas Viña de Aldea 2024,2024,4.1,5395,22.9,España,Ribeira Sacra,Red
1385716,Abadal,3.9 2022,2022,4.1,5299,58.0,España,Pla de Bages,Red
77250,Casa Castillo,Las Gravas 2022,2022,4.0,5209,44.95,España,Jumilla,Red
77021,Ramón Bilbao,Crianza Rioja 2020,2020,4.0,5191,5.15,España,Rioja,Red
1674878,Bodega Ribas,Sió Negre 2023,2023,4.1,5180,28.0,España,Mallorca,Red
99874,Finca Torremilanos,Torre Albéniz Reserva Ribera del Duero 2021,2021,4.1,5047,34.25,España,Ribera del Duero,Red
3051453,Viña Pomal,Gran Reserva 2018,2018,4.0,5019,27.95,España,Rioja,Red
77022,Ramón Bilbao,Rioja Reserva (Tempranillo) 2018,2018,4.1,4833,16.5,España,Rioja,Red
21584,Baron de Ley,Rioja Reserva 2020,2020,4.0,4791,9.95,España,Rioja,Red
1671049,Raúl Pérez,Ultreia Valtuille Mencía 2023,2023,4.1,4760,94.95,España,Bierzo,Red
1245550,Dominio de Pingus,PSI 2020,2020,4.2,4743,43.2,España,Ribera del Duero,Red
2214,Marqués de Riscal,Frank Gehry Selection 2022,2022,4.0,4704,372.5,España,Rioja,Red
1423563,Izadi,El Regalo 2022,2022,4.1,4674,36.95,España,Rioja,Red
1154044,Emilio Moro,Finca Resalso 2023,2023,4.0,4601,25.0,España,Ribera del Duero,Red
9888252,Torre Oria,El Cortez Xo Extra Ordinario N.V.,N.V.,4.2,4566,9.95,España,Valencia,Red
1250095,Habla,Silencio 2021,2021,4.1,4478,27.55,España,Extremadura,Red
1100228,Montecillo,Rioja Gran Reserva 2011,2011,4.0,4398,18.0,España,Rioja,Red
7932,Arzuaga,Ribera del Duero Crianza 2020,2020,4.2,4352,23.5,España,Ribera del Duero,Red
96926,Bodegas Mauro,Mauro 2018,2018,4.4,4165,57.6,España,Castilla y León,Red
8076080,Pago Aylés,Cuesta del Herrero 2023,2023,4.0,4131,9.95,España,Aragón,Red
8377811,Condado de Haza,20 Aldeas 2018,2018,4.0,3979,15.44,España,Castilla y León,Red
1205497,Dominio del Bendito,Las Sabias 2023,2023,4.1,3965,22.3,España,Toro,Red
1165475,Heras Cordon,Rioja Reserva 2019,2019,4.0,3888,16.25,España,Rioja,Red
3186,Marqués de Griñon,Petit Verdot 2022,2022,4.1,3863,25.89,España,Dominio de Valdepusa,Red
82952,Enrique Mendoza,Estrecho Monastrell 2022,2022,4.0,3719,22.1,España,Alicante,Red
7493,Bodegas Muga,Selección Especial (Reserva) 2019,2019,4.2,3667,32.0,España,Rioja,Red
1376520,Callejo,Majuelos de Callejo 2022,2022,4.1,3631,35.9,España,Ribera del Duero,Red
86878,Luis Cañas,Crianza 2018,2018,4.0,3618,23.65,España,Rioja,Red
2049180,Artadi,Valdegines 2023,2023,4.2,3509,47.03,España,Vino de España,Red
1133054,Pago de Vallegarcía,Vallegarcía Syrah 2023,2023,4.1,3470,26.55,España,Castilla,Red
1146111,Tábula,Ribera del Duero Red 2023,2023,4.1,3440,22.95,España,Ribera del Duero,Red
73589,Abadía Retuerta,Pago Valdebellón 2021,2021,4.4,3411,84.8,España,Abadía Retuerta,Red
67054,Álvaro Palacios,Camins del Priorat 2021,2021,4.1,3400,25.9,España,Priorato,Red
1188186,Clos Galena,Galena 2020,2020,4.1,3283,23.95,España,Priorato,Red
1219110,Tamaral,Ribera del Duero Reserva 2021,2021,4.1,3280,22.5,España,Ribera del Duero,Red
1171308,Espectacle del Montsant,Tinto 2022,2022,4.4,3270,118.6,España,Montsant,Red
97688,Clos Figueras,Font de la Figuera Tinto 2022,2022,4.0,3205,33.7,España,Priorato,Red
2063984,Ramón Bilbao,Gran Reserva Rioja (Tempranillo) 2015,2015,4.2,3191,27.54,España,Rioja,Red
1201177,Dehesa del Carrizal,Cabernet Sauvignon 2023,2023,4.0,3163,18.25,España,Dehesa del Carrizal,Red
89013,Remelluri,Rioja Reserva 2015,2015,4.2,3134,29.9,España,Rioja,Red
1243390,Baron de Ley,Varietales Maturana Rioja 2023,2023,4.0,3082,12.7,España,Rioja,Red
7796041,Borsao Bodegas,Cabriola 2020,2020,4.0,3074,10.45,España,Campo de Borja,Red
86877,Luis Cañas,Rioja Reserva 2016,2016,4.1,3025,33.9,España,Rioja,Red
2211345,Familia Torres,Secret del Priorat 2023,2023,4.0,3017,18.95,España,Priorato,Red
1667257,Pago de Vallegarcía,Hipperia Red Blend 2022,2022,4.2,3007,34.9,España,Castilla,Red
3187,Marqués de Griñon,Cabernet Sauvignon 2022,2022,4.1,3005,22.65,España,Dominio de Valdepusa,Red
1280396,Cillar de Silos,Torresilo Ribera del Duero 2001,2001,4.2,2988,58.36,España,Ribera del Duero,Red
1200575,Cune (CVNE),Gran Reserva 2017,2017,4.1,2982,18.99,España,Rioja,Red
9714396,Bodegas Bastida,En Paradero Desconocido N.V.,N.V.,4.1,2956,9.95,España,Murcia,Red
5248344,Morca,Garnacha 2023,2023,4.3,2921,32.6,España,Campo de Borja,Red
73591,Abadía Retuerta,Pago Garduña 2021,2021,4.4,2909,78.25,España,Abadía Retuerta,Red
6543584,La Cepa Alta,Cinco Elementos Essentia 2022,2022,4.1,2894,18.5,España,Ribera del Duero,Red
1552068,Castaño,Casa Cisca Monastrell 2020,2020,4.3,2882,38.6,España,Yecla,Red
1204956,Jean Leon,Vinya La Scala Gran Reserva Cabernet Sauvignon 2018,2018,4.2,2840,47.0,España,Penedès,Red
10509114,Casa Rojo,Tintafina 2021,2021,4.1,2818,53.74,España,Ribera del Duero,Red
1106662,Tomàs Cusiné,Geol 2021,2021,4.0,2799,21.3,España,Costers del Segre,Red
1191215,Cims de Porrera,Clàssic 2016,2016,4.3,2749,103.67,España,Priorato,Red
16226,Pago de Los Capellanes,Crianza Tinto 2022,2022,4.2,2721,26.04,España,Ribera del Duero,Red
79960,Celler Laurona,Tinto 2014,2014,4.0,2717,24.1,España,Montsant,Red
2052626,Los Aguilares,Pinot Noir 2024,2024,4.2,2706,36.88,España,Sierras de Málaga,Red
86265,Finca Sandoval,Manchuela 2023,2023,4.0,2704,25.49,España,Manchuela,Red
11604,Emilio Moro,Malleolus 2022,2022,4.3,2701,37.28,España,Ribera del Duero,Red
11573035,Hacienda López de Haro,San Vicente de la Sonsierra 2023,2023,4.0,2687,12.0,España,Rioja,Red
2055772,Figuero,Ribera Del Duero 15 Meses en Barrica (Reserva) 2020,2020,4.1,2663,34.05,España,Ribera del Duero,Red
1126984,Gran Clos,Negre 2020,2020,4.1,2655,39.9,España,Priorato,Red
1724002,Bodegas Muga,Crianza 2020,2020,4.0,2628,38.25,España,Rioja,Red
4547042,Cérvoles,Garnatxa de Cérvoles Vinyes Altes de Les Garrigues 2023,2023,4.0,2619,17.15,España,Costers del Segre,Red
7976,La Rioja Alta,Viña Alberdi Reserva 2020,2020,4.1,2593,20.0,España,Rioja,Red
3128992,Viña Pomal,Reserva 106 Barricas 2019,2019,4.0,2591,17.75,España,Rioja,Red
2031641,Bodegas Mas Alta,La Basseta 2021,2021,4.4,2568,66.0,España,Priorato,Red
3185,Marqués de Griñon,Syrah 2021,2021,4.0,2567,23.0,España,Dominio de Valdepusa,Red
10251,Bodegas Marqués de Cáceres,Gran Reserva Vendimia Seleccionada 2014,2014,4.2,2558,23.55,España,Rioja,Red
1595575,Bodegas Asenjo & Manso,Silvanus Crianza 2023,2023,4.0,2554,16.2,España,Ribera del Duero,Red
77813,Izadi,Rioja Reserva 2019,2019,4.0,2549,15.35,España,Rioja,Red
1126813,Condado de Haza,Crianza Ribera del Duero 2018,2018,4.0,2546,129.99,España,Ribera del Duero,Red
88833,Lan,Gran Reserva Rioja 2016,2016,4.2,2519,18.0,España,Rioja,Red
1610035,Viñedos de Páganos,El Puntido Gran Reserva 2014,2014,4.3,2515,65.0,España,Rioja,Red
5545219,Bodegas Cosme Palacio,Glorioso Selección Especial 100 Años Aniversario 2022,2022,4.0,2508,9.5,España,Rioja,Red
1224334,Protos,27 Ribera del Duero 2021,2021,4.2,2499,23.07,España,Ribera del Duero,Red
21585,Baron de Ley,Rioja Gran Reserva 2017,2017,4.1,2494,36.55,España,Rioja,Red
1228656,Martinet,Els Escurçons 2023,2023,4.3,2482,80.9,España,Priorato,Red
1899441,Bosque de Matasnos,Edicion Limitada 2022,2022,4.4,2448,45.5,España,Ribera del Duero,Red
8623,El Coto,Coto de Imaz Rioja Gran Reserva 2018,2018,4.1,2448,18.3,España,Rioja,Red
1161798,Familia Torres,Mas La Plana Cabernet Sauvignon 2011,2011,4.1,2436,121.31,España,Penedès,Red
1164685,Quinta de la Quietud,Tinto 2020,2020,4.1,2407,21.65,España,Toro,Red
1383843,Enate,Merlot 2022,2022,4.0,2377,24.95,España,Somontano,Red
4883493,Gómez Cruzado,Pancrudo 2023,2023,4.1,2376,39.5,España,Rioja,Red
1233459,Beronia,Rioja Gran Reserva 2009,2009,4.0,2357,22.5,España,Rioja,Red
1518387,Costers del Sió,Siós Cau del Gat 2023,2023,4.0,2352,13.5,España,Costers del Segre,Red
97712,Cepa 21,Cepa 21 2021,2021,4.1,2331,20.34,España,Ribera del Duero,Red
6816934,San Cobate,San Cobate la Finca 2021,2021,4.1,2326,16.9,España,Ribera del Duero,Red
1625766,César Principe,Tinto 2020,2020,4.1,2308,23.4,España,Cigales,Red
97708,Terroir Al Límit Soc. Lda,Dits del Terra 2023,2023,4.1,2307,107.85,España,Priorato,Red
91140,Descendientes de J. Palacios,Pétalos 2021,2021,4.0,2297,35.01,España,Bierzo,Red
1457999,Luis A. Rodriguez Vazquez,A Torna Dos Pasas Ribeiro 2023,2023,4.0,2284,23.5,España,Ribeiro,Red
97709,Terroir Al Límit Soc. Lda,Arbossar 2023,2023,4.1,2282,107.85,España,Priorato,Red
5888184,Juan Manuel Burgos,Avan Tinto 2023,2023,4.0,2243,13.4,España,Ribera del Duero,Red
1377801,Remírez de Ganuza,Rioja Viña Coqueta 2018,2018,4.3,2219,39.8,España,Rioja,Red
99986,Portal del Priorat,Clos del Portal Somni 2018,2018,4.2,2214,81.59,España,Priorato,Red
9059,Enate,Syrah (Shiraz) 2022,2022,4.1,2207,25.5,España,Somontano,Red
3103298,Casa Rojo,Alexander vs. The Ham Factory 2015,2015,4.2,2194,38.0,España,Ribera del Duero,Red
7280566,Pepe Mendoza Casa Agrícola,El Veneno 2024,2024,4.1,2188,25.6,España,Alicante,Red
75017,Alonso del Yerro,María Ribera del Duero 2021,2021,4.3,2183,71.95,España,Ribera del Duero,Red
1425807,Pittacum,Aurea 2020,2020,4.1,2171,29.5,España,Bierzo,Red
1132696,Protos,Reserva 5 Año 2018,2018,4.2,2160,29.5,España,Ribera del Duero,Red
1213064,Miguel Merino,Viñas Jóvenes 2023,2023,4.0,2152,16.9,España,Rioja,Red
1158235,Viñas del Vero,Secastilla 2019,2019,4.0,2148,25.55,España,Somontano,Red
1529357,R. López de Heredia,Viña Cubillo 2016,2016,4.1,2142,17.9,España,Rioja Alta,Red
3774155,Bodegas Vilano,Reserva 2021,2021,4.0,2138,23.25,España,Ribera del Duero,Red
2895989,Son Prim,Cabernet Sauvignon 2023,2023,4.1,2134,21.95,España,Mallorca,Red
4426894,Resalte,Resalte Expresion 2020,2020,4.3,2129,34.1,España,Ribera del Duero,Red
1216613,Bodegas Luis Perez,Samaruco 2023,2023,4.0,2116,19.68,España,Andalucía,Red
1191762,Viñas del Cénit,Cenit 2020,2020,4.2,2116,28.5,España,Tierra del Vino de Zamora,Red
1603859,Costers del Sió,Alto Siós 2023,2023,4.0,2115,16.65,España,Costers del Segre,Red
6966811,Los Aguilares,Tadeo Petit Verdot 2023,2023,4.4,2092,41.72,España,Sierras de Málaga,Red
1394173,Tobelos,Tahon de Tobelos Reserva 2016,2016,4.1,2082,18.9,España,Rioja,Red
2927323,Mas Asturias,Massuria 2021,2021,4.0,2073,31.5,España,Bierzo,Red
1284755,Carmelo Rodero,9 Meses Tinto 2021,2021,4.1,2073,28.42,España,Ribera del Duero,Red
2754353,Enrique Mendoza,Las Quebradas Monastrell 2022,2022,4.1,2060,23.9,España,Alicante,Red
1206182,Cal Pla,Mas d'En Compte Tinto 2018,2018,4.1,2054,17.9,España,Priorato,Red
1185311,Clos Galena,Red Blend 2020,2020,4.2,2045,39.95,España,Priorato,Red
77132,Allende,Calvario Rioja 2013,2013,4.4,2011,120.6,España,Rioja,Red
1919846,La Vizcaína,Las Gundiñas (Lomas de Valtuille) 2023,2023,4.0,1997,20.75,España,Bierzo,Red
76292,Carmelo Rodero,Ribera del Duero TSM 2021,2021,4.3,1997,67.7,España,Ribera del Duero,Red
1670099,Parés Baltà,Garnatxa Hisenda Miret 2022,2022,4.1,1962,27.9,España,Penedès,Red
1139293,Fuentespina,F de Fuentespina 2020,2020,4.0,1957,29.7,España,Ribera del Duero,Red
1126659,Luna Beberide,Paixar Mencía Bierzo 2023,2023,4.0,1944,38.9,España,Bierzo,Red
7311113,La Rioja Alta,Viña Arana Gran Reserva 2016,2016,4.3,1944,42.75,España,Rioja,Red
2586584,Bodega de Bardos,Suprema 30 Meses 2021,2021,4.3,1935,42.5,España,Ribera del Duero,Red
1151533,Castro Ventosa,Valtuille Cepas Centenarias 2022,2022,4.1,1931,45.9,España,Bierzo,Red
7573091,Enrique Mendoza,Finca Xaconero Monastrell 2023,2023,4.0,1927,11.95,España,Alicante,Red
1280344,Palacios Remondo,La Montesa 2020,2020,4.0,1903,15.4,España,Rioja,Red
9791522,Vicente Gandía,Ceramic Monastrell 2023,2023,4.1,1903,16.9,España,Valencia,Red
28104,Familia Torres,Reserva Real 2020,2020,4.1,1883,205.0,España,Penedès,Red
3652647,Azpilicueta,Origen Crianza 2020,2020,4.0,1880,12.6,España,Rioja,Red
1136158,Bodegas San Román,San Román 2018,2018,4.3,1870,48.0,España,Toro,Red
1139002,Inurrieta,Altos de Inurrieta Reserva 2021,2021,4.0,1869,16.1,España,Navarra,Red
76305,Bodegas Olarra,Cerro Añon Reserva Rioja 2018,2018,4.1,1860,12.75,España,Rioja,Red
3958413,Bodegas Peñafiel,Silencio de Miros Ribera Del Duero 2021,2021,4.2,1855,48.3,España,Ribera del Duero,Red
35374,Borsao Bodegas,Tres Picos Garnacha 2021,2021,4.0,1832,14.85,España,Campo de Borja,Red
1148680,Viña Otano,Reserva 2019,2019,4.0,1821,12.95,España,Rioja,Red
1225926,Castillo de Mendoza,Noralba Crianza 2022,2022,4.1,1821,14.95,España,Rioja,Red
2061837,Bodegas Faustino,I Gran Reserva 2012,2012,4.1,1817,23.52,España,Rioja Alavesa,Red
1135271,Protos,Crianza 2017,2017,4.1,1803,17.83,España,Ribera del Duero,Red
875,Hacienda Monasterio,Cosecha 2021,2021,4.3,1792,40.45,España,Ribera del Duero,Red
5529189,Clos Mogador,Com Tu 2021,2021,4.1,1786,35.16,España,Montsant,Red
1167280,Bodega Numanthia,Termes 2014,2014,4.0,1775,149.0,España,Toro,Red
1199620,Abad,Carracedo Mencía Tinto 2019,2019,4.0,1773,16.95,España,Bierzo,Red
1612897,Ramón Bilbao,Edición Limitada 2021,2021,4.1,1769,12.85,España,Rioja,Red
738156,Costers del Siurana,Miserere 2015,2015,4.3,1763,84.4,España,Priorato,Red
5282020,Juan Gil,Jumilla Silver Label 2022,2022,4.0,1754,20.95,España,Jumilla,Red
8689552,Alceño,150 Aniversario Monastrell 2023,2023,4.1,1741,13.5,España,Jumilla,Red
1212913,Losada,La Bienquerida 2022,2022,4.2,1738,43.45,España,Bierzo,Red
21169,Jeromin,Félix Martínez Cepas Viejas 2020,2020,4.2,1735,17.85,España,Madrid,Red
77063,Luzon,Alma de Luzón 2021,2021,4.3,1726,35.09,España,Jumilla,Red
3077617,Comando G,Rozas 1er Cru 2023,2023,4.1,1709,77.9,España,Madrid,Red
5812908,Bodega Ca'n Verdura,Supernova Mantonegro Negre 2024,2024,4.1,1706,15.5,España,Binissalem-Mallorca,Red
8413099,Pepe Mendoza Casa Agrícola,Giró de Abargues 2024,2024,4.2,1705,25.2,España,Alicante,Red
1201321,Vinyes Domenech,Teixar 2020,2020,4.3,1703,65.95,España,Montsant,Red
98782,Alto Moncayo,Garnacha 2018,2018,4.4,1666,85.45,España,Campo de Borja,Red
5565109,Bruno Murciano,L'Alegria Bobal Arcilla 2024,2024,4.0,1634,12.8,España,Utiel-Requena,Red
19481,Tinto Pesquera,Reserva 2018,2018,4.3,1633,36.0,España,Ribera del Duero,Red
1251730,Arzuaga,Reserva Ribera del Duero 2019,2019,4.3,1626,41.95,España,Ribera del Duero,Red
88832,Lan,Reserva Rioja 2018,2018,4.0,1617,13.19,España,Rioja,Red
1215101,Proventus,Ribera del Duero 2022,2022,4.0,1615,22.65,España,Ribera del Duero,Red
7169895,Volver,Cuvée Old Vines Unfiltered 2021,2021,4.3,1612,25.9,España,Jumilla,Red
4497892,Marques de Vargas,Hacienda Pradolagar 2015,2015,4.4,1608,127.4,España,Rioja,Red
91143,Descendientes de J. Palacios,Las Lamas Bierzo (Corullón) 2023,2023,4.3,1605,144.5,España,Bierzo,Red
4369993,De Moya,Sofia 2021,2021,4.2,1604,20.95,España,Valencia,Red
2247886,Figuero,Ribera Del Duero 12 Meses en Barrica (Crianza) 2018,2018,4.0,1597,38.9,España,Ribera del Duero,Red
2011174,Celler Frisach,Sang de Corb 2022,2022,4.0,1596,17.3,España,Terra Alta,Red
4152636,Gómez Cruzado,Cerro Las Cuevas Selección Terroir 2023,2023,4.2,1582,43.85,España,Rioja,Red
1179898,Telmo Rodriguez,Pegaso Barrancos de Pizarra 2022,2022,4.0,1580,42.28,España,Castilla y León,Red
1126963,Cérvoles,Tinto 2022,2022,4.0,1577,25.88,España,Costers del Segre,Red
1660569,Veronica Ortega,ROC Mencia 2023,2023,4.0,1576,38.5,España,Bierzo,Red
1187752,Tomás Postigo,3er Año Ribera del Duero Tinto 2021,2021,4.4,1573,63.48,España,Ribera del Duero,Red
1217701,Epifanio Rivera,Erial Tradición Familia 2023,2023,4.3,1549,24.95,España,Ribera del Duero,Red
2528852,Domaines Lupier,La Dama 2019,2019,4.0,1546,31.05,España,Navarra,Red
1137169,Imperial,Rioja Reserva 2019,2019,4.1,1532,29.5,España,Rioja,Red
9498107,Juvé & Camps,Pagos de Anguix Costalara 2020,2020,4.2,1527,23.9,España,Ribera del Duero,Red
1175683,Coloma,Merlot Selección 2023,2023,4.0,1524,10.95,España,Extremadura,Red
5367105,Carlos Moro,CM Tinto 2020,2020,4.1,1521,16.5,España,Rioja,Red
5215973,Juan Manuel Burgos,Avan Viñedos Viejos 2023,2023,4.0,1514,19.9,España,Ribera del Duero,Red
6120375,Hacienda Solano,Viñas Viejas 2022,2022,4.0,1504,22.9,España,Ribera del Duero,Red
77888,Bodega Numanthia,Numanthia 2018,2018,4.3,1503,57.9,España,Toro,Red
1115654,Teso La Monja,Almiréz 2017,2017,4.0,1493,20.09,España,Toro,Red
1146402,Hermanos Peciña,Señorío de P. Peciña Gran Reserva 2016,2016,4.2,1488,29.65,España,Rioja,Red
6522600,Legaris,Páramos 2023,2023,4.0,1487,19.0,España,Ribera del Duero,Red
1110325,El Vínculo,Paraje La Golosa Gran Reserva 2019,2019,4.1,1482,37.4,España,La Mancha,Red
49644,Cune (CVNE),Reserva 2018,2018,4.0,1482,11.95,España,Rioja,Red
8732956,De Nariz,De Nariz Monastrell 2023,2023,4.1,1463,17.4,España,Yecla,Red
1535476,Tridente,Prieto Picudo 2021,2021,4.2,1452,26.0,España,Castilla y León,Red
5689436,Torre de Oña,Finca Martelo 2016,2016,4.2,1430,24.9,España,Rioja,Red
1160080,Artadi,Santa Cruz de Artazu 2023,2023,4.0,1428,38.6,España,Navarra,Red
1226598,Bodega Otto Bestué,Finca Santa Sabina 2023,2023,4.0,1421,13.5,España,Somontano,Red
4875765,Bodegas Mauro,Garmón 2016,2016,4.3,1404,65.0,España,Ribera del Duero,Red
1489684,Descendientes de J. Palacios,Moncerbal Bierzo (Corullón) 2023,2023,4.3,1386,144.0,España,Bierzo,Red
77812,Izadi,Crianza 2020,2020,4.0,1384,11.3,España,Rioja,Red
1218067,Bodegas Valduero,Ribera del Duero Una Cepa I 2011,2011,4.2,1383,349.0,España,Ribera del Duero,Red
26424,Celler de Capçanes,Cabrida Old Vines Garnacha 2023,2023,4.1,1382,39.5,España,Montsant,Red
1158307,Bodegas Lleiroso,LL Reserva 2020,2020,4.0,1379,20.65,España,Ribera del Duero,Red
1195424,Volver,Single Vineyard Tempranillo 2019,2019,4.0,1373,14.8,España,La Mancha,Red
1983726,Artadi,La Poza de Ballesteros 2023,2023,4.4,1363,119.0,España,Vino de España,Red
8924042,Pago Los Balancines,Huno Reserva 2019,2019,4.1,1356,16.1,España,Ribera del Guadiana,Red
2634870,Dominio del Águila,Pícaro Viñas Viejas 2022,2022,4.1,1335,28.16,España,Ribera del Duero,Red
1713612,Juan Gil,Jumilla Blue Label 2021,2021,4.2,1305,26.6,España,Jumilla,Red
10715929,Bodega Cerrón,Stratum Wines Matas Altas 2024,2024,4.1,1294,18.23,España,Jumilla,Red
3933104,Familia Torres,Purgatori Costers del Segre 2020,2020,4.2,1290,31.95,España,Costers del Segre,Red
7162689,Herència Altés,La Pilosa Garnacha Peluda 2024,2024,4.0,1273,17.75,España,Terra Alta,Red
1945713,Territorio Luthier,Hispania Tinto 2022,2022,4.3,1255,33.0,España,Ribera del Duero,Red
1126966,Dominio Dostares,Cumal Prieto Picudo 2021,2021,4.0,1246,20.0,España,Bierzo,Red
99589,Pujanza,Rioja Norte 2021,2021,4.2,1244,57.16,España,Rioja,Red
1869193,Real de Asúa,Tinto 2022,2022,4.2,1240,95.5,España,Rioja,Red
1235439,Señorío de Sarria,Reserva Especial 2019,2019,4.1,1231,20.35,España,Navarra,Red
1138658,Viña Pedrosa,Crianza Ribera del Duero 2020,2020,4.2,1228,53.25,España,Ribera del Duero,Red
1645963,Bodega Bruno Ruiz - Esencia Rural,De Sol a Sol Tinto Velasco 2021,2021,4.0,1227,12.65,España,La Mancha,Red
1571021,Ramos-Paul,Tinto 2014,2014,4.3,1216,43.1,España,Málaga,Red
5406280,Carlos Moro,CM Prestigio 2015,2015,4.1,1214,25.2,España,Rioja,Red
1148996,Vinícola Real,200 Monges Rioja Gran Reserva 2010,2010,4.4,1214,70.7,España,Rioja,Red
1704044,Contino,Rioja Garnacha 2021,2021,4.0,1208,31.9,España,Rioja,Red
1739336,Telmo Rodriguez,As Caborcas Single Vineyard 2022,2022,4.1,1204,65.3,España,Valdeorras,Red
3309635,Castillo Perelada,Empordà Aires de Garbet 2021,2021,4.3,1203,50.52,España,Empordà,Red
4397263,Rejadorada,Antona Garcia 2020,2020,4.0,1202,12.86,España,Toro,Red
9637525,Señorio de Villarrica,Delicia de Baco Crianza 2022,2022,4.2,1165,40.22,España,Rioja,Red
1152838,Dehesa La Granja,Tinto 2019,2019,4.0,1163,9.9,España,Castilla y León,Red
2177372,Edetària,Selecció Tinto 2021,2021,4.1,1159,27.25,España,Terra Alta,Red
1269335,Vinyes dels Aspres,Negre dels Aspres Criança 2022,2022,4.0,1141,17.76,España,Empordà,Red
4120598,Baigorri,Rioja Belus 2020,2020,4.0,1140,24.6,España,Rioja,Red
3118465,Sei Solo,Preludio 2018,2018,4.2,1140,39.0,España,Ribera del Duero,Red
1393195,Alonso del Yerro,Paydos Toro 2019,2019,4.0,1139,36.75,España,Toro,Red
2508589,Hidalgo Albert,1270 A Vuit Red 2021,2021,4.0,1137,14.0,España,Priorato,Red
1274966,Lafou,De Batea 2021,2021,4.1,1136,43.5,España,Terra Alta,Red
1504403,Matsu,El Viejo 2019,2019,4.3,1133,40.5,España,Toro,Red
2652371,Volver,Triga 2017,2017,4.4,1118,34.75,España,Alicante,Red
77130,Allende,Rioja 2014,2014,4.0,1118,47.46,España,Rioja,Red
1408885,Pago Aylés,Tres de 3.000 2021,2021,4.0,1118,28.95,España,Cariñena,Red
10246805,Marqués de la Concordia,Rioja Santiago Reserva Cuarto Año 2018,2018,4.0,1115,9.7,España,Rioja,Red
1266054,Cune (CVNE),Reserva Especial 2020,2020,4.1,1110,27.1,España,Rioja,Red
1787040,Bodega Otazu,Señorío de Otazu 2022,2022,4.1,1104,22.0,España,Otazu,Red
1868658,Hacienda López de Haro,Reserva 2018,2018,4.0,1102,9.83,España,Rioja,Red
1861917,Abel Mendoza Monge,Grano a Grano Tempranillo 2022,2022,4.2,1100,49.25,España,Rioja,Red
1265499,Oller del Mas,Arnau Oller Selecció de la Familia 2021,2021,4.1,1098,40.27,España,Pla de Bages,Red
7388608,Marqués de Riscal,Reserva XR 2019,2019,4.2,1084,58.01,España,Rioja,Red
6247632,Viñedos Hermanos Hernáiz,Las Cenizas Tempranillo 2022,2022,4.2,1080,25.8,España,Rioja Alta,Red
1506970,Cepa 21,Malabrigo 2021,2021,4.2,1080,36.4,España,Ribera del Duero,Red
1138775,Beronia,Rioja Reserva Selección de 198 Barricas 2020,2020,4.2,1079,27.6,España,Rioja,Red
4399827,Borsao Bodegas,Zarihs Syrah 2019,2019,4.1,1077,27.5,España,Campo de Borja,Red
1179447,Bodegas Ramiros,Ramiro's 2023,2023,4.4,1074,33.5,España,Castilla y León,Red
1673618,Tianna Negre,Tinto 2023,2023,4.1,1069,36.45,España,Binissalem-Mallorca,Red
1135414,Protos,Gran Reserva 2014,2014,4.3,1067,33.3,España,Ribera del Duero,Red
63074,Telmo Rodriguez,Pago La Jara 2021,2021,4.1,1066,60.15,España,Toro,Red
1188776,Áster,Crianza 2020,2020,4.1,1059,19.1,España,Ribera del Duero,Red
1956955,Roig Parals,Camí de Cormes 2023,2023,4.2,1058,25.72,España,Empordà,Red
1896552,Clos d'Agon,Catalunya Valmaña 2020,2020,4.1,1054,40.1,España,Cataluña,Red
1565592,Baigorri,Crianza  Tempranillo 2020,2020,4.0,1053,27.0,España,Rioja,Red
1662058,R. López de Heredia,Viña Bosconia Reserva 2013,2013,4.1,1052,27.0,España,Rioja Alta,Red
98836,Bodega Contador (Benjamín Romeo),Predicador Rioja 2019,2019,4.2,1052,27.0,España,Rioja,Red
10846009,Balbas,Pagos de Balbás 9 Meses 2024,2024,4.1,1044,14.65,España,Ribera del Duero,Red
2550311,Alfredo Arribas,Trossos Vells 2021,2021,4.0,1039,18.38,España,Montsant,Red
1552273,Hacienda Grimon,Reserva 2021,2021,4.0,1039,15.95,España,Rioja,Red
1214002,Bodegas La Horra,Corimbo 2019,2019,4.1,1037,24.6,España,Ribera del Duero,Red
6481014,Yllera,Jesús Yllera Crianza 2016,2016,4.0,1034,36.88,España,Ribera del Duero,Red
1216811,La Rioja Alta,Viña Alberdi Crianza 2019,2019,4.1,1034,16.64,España,Rioja,Red
3652602,Atalaya,La Atalaya del Camino 2021,2021,4.1,1029,28.9,España,Almansa,Red
1180600,Dehesa del Carrizal,Colección Privada 2021,2021,4.3,1027,27.65,España,Dehesa del Carrizal,Red
1759011,Altos Ibéricos,Crianza 2021,2021,4.0,1027,7.34,España,Rioja,Red
2471786,Hugas de Batlle,Coma Fredosa 2018,2018,4.0,1024,19.3,España,Empordà,Red
1126221,La Vicalanda,Reserva 2010,2010,4.0,1023,23.6,España,Rioja,Red
8057356,La Quinta,Batiscafo Garnacha 2024,2024,4.0,1023,15.6,España,Aragón,Red
9091479,Ukan,Tinto 2022,2022,4.3,1018,40.2,España,Rioja Alavesa,Red
1137485,Ostatu,Gloria Rioja 2019,2019,4.3,1014,47.3,España,Rioja Alavesa,Red
1135982,Marqués de Riscal,Gran Reserva 2016,2016,4.3,1009,49.0,España,Rioja,Red
1101472,Bodegas San Román,Prima 2020,2020,4.0,999,12.58,España,Toro,Red
3427305,Los Aguilares,Tadeo Tinto 2020,2020,4.3,999,75.0,España,Sierras de Málaga,Red
16223,Pago de Los Capellanes,Reserva Tinto 2019,2019,4.4,993,42.45,España,Ribera del Duero,Red
1601449,Martinez Lacuesta,Hinia 2021,2021,4.1,992,52.85,España,Rioja,Red
2530402,Arínzano,La Casona de Arínzano 2020,2020,4.0,989,28.8,España,Arínzano,Red
9037527,Bodegas Valduero,Tierra Alta En 2 Maderas 2019,2019,4.2,989,27.9,España,Ribera del Duero,Red
1948650,Terra Remota,Clos Adrien 2022,2022,4.3,987,54.0,España,Empordà,Red
4967552,Josep Grau Viticultor,La Florens 2023,2023,4.1,987,27.85,España,Montsant,Red
3177849,Condado de Oriza,Gran Reserva Ribera del Duero 2014,2014,4.0,981,20.95,España,Ribera del Duero,Red
2299180,Castaño,Casa de la Cera 2017,2017,4.2,980,35.4,España,Yecla,Red
1173140,Señorío de San Vicente,San Vicente Rioja 2007,2007,4.3,979,65.0,España,Rioja,Red
6304588,José Gil,Viñedos en San Vicente de la Sonsierra 2024,2024,4.1,979,23.5,España,Rioja,Red
1487559,Comando G,La Mujer Cañón 2022,2022,4.0,971,90.3,España,Madrid,Red
2066279,Bodegas La Horra,Corimbo I 2015,2015,4.2,970,98.99,España,Ribera del Duero,Red
80371,Acustic Celler,Auditori 2020,2020,4.2,966,45.8,España,Montsant,Red
1282069,Algueira,Pizarra 2021,2021,4.0,965,40.8,España,Ribeira Sacra,Red
1593270,Más Que Vinos,El Señorito de Ercavio 2021,2021,4.0,956,18.35,España,Castilla,Red
2474718,Pago Aylés,3 de Tres Mil 2021,2021,4.1,953,28.95,España,Cariñena,Red
8081153,Bodegas Care,Cariñena Nativa Viñas Viejas 2023,2023,4.1,946,7.95,España,Cariñena,Red
1147887,Borsao Bodegas,Berola 2018,2018,4.0,943,15.1,España,Campo de Borja,Red
4175792,OM Oliver Moragues,El Galgo - The Greyhound 2024,2024,4.0,937,30.0,España,Mallorca,Red
1207136,Campillo,Crianza Rioja 2020,2020,4.0,934,10.6,España,Rioja,Red
1482018,Mas Blanch I Jove,Saó Expressiu 2021,2021,4.1,926,19.45,España,Costers del Segre,Red
1175825,Sierra Cantabria,Colección Privada 2018,2018,4.1,925,44.5,España,Rioja,Red
1915993,Arzuaga,Pago Florentino 2020,2020,4.0,920,26.75,España,Pago Florentino,Red
1210710,Tobia,Selección de Autor 2018,2018,4.0,911,23.61,España,Rioja,Red
3534109,Arizcuren,Solo Mazuelo 2024,2024,4.0,910,28.6,España,Rioja,Red
5296470,Proyecto Garnachas de España,La Garnacha Perdida 2017,2017,4.0,910,19.94,España,Aragón,Red
5901247,Finca Río Negro,5º Año 2020,2020,4.3,909,34.0,España,La Mancha,Red
8685673,Herència Altés,La Cirereta 2024,2024,4.0,899,10.5,España,Terra Alta,Red
2870792,Hacienda López de Haro,Gran Reserva 2012,2012,4.0,898,18.75,España,Rioja,Red
89877,Quinta de Quercus,Quercus Tinto 2019,2019,4.1,897,29.9,España,Uclés,Red
1220886,Bosque de Matasnos,Bosque de Matasnos Etiqueta Blanca 2021,2021,4.3,897,67.51,España,Ribera del Duero,Red
6970560,Les Vinyes del Convent,Mon Pare Tinto 2021,2021,4.2,896,18.95,España,Terra Alta,Red
5764609,Oriol Artigas,El Rumbero 2023,2023,4.0,893,18.75,España,Alella,Red
1896217,Tomàs Cusiné,Finca Comabarra 2021,2021,4.2,891,31.8,España,Costers del Segre,Red
1209027,Antídoto,Tinto 2023,2023,4.0,875,17.2,España,Ribera del Duero,Red
1135916,Imperial,Rioja Gran Reserva 2017,2017,4.3,871,68.0,España,Rioja,Red
1667471,Vinyes dels Aspres,S'Alou 2021,2021,4.2,871,34.03,España,Empordà,Red
1162573,Allende,Aurus 2015,2015,4.4,863,208.45,España,Rioja,Red
1181080,Sara Pérez y René Barbier,Gratallops Partida Bellvisos 2019,2019,4.3,863,63.95,España,Priorato,Red
1994535,Luis Cañas,Reserva Selección de la Familia 2019,2019,4.2,858,25.66,España,Rioja,Red
11078791,Vivaltus,La Fleur 2019,2019,4.2,857,49.8,España,Ribera del Duero,Red
1622324,Arínzano,Arínzano Gran Vino Tinto 2018,2018,4.3,856,80.0,España,Arínzano,Red
4647636,Casa Gran del Siurana,La Fredat Garnatxa Priorat 2021,2021,4.1,851,26.95,España,Priorato,Red
2606777,Juvé & Camps,Penedès Reserva Iohannes 2015,2015,4.2,846,35.9,España,Penedès,Red
81648,Vall Llach,Embruix 2022,2022,4.1,845,21.24,España,Priorato,Red
1141810,Finca Villacreces,Pruno Ribera del Duero 2022,2022,4.0,840,11.56,España,Ribera del Duero,Red
1404946,Vinessens - Casa Balaguer,El Telar 2021,2021,4.1,840,21.89,España,Alicante,Red
6421058,Goyo Garcia Viadero,Finca Los Quemados 2024,2024,4.1,835,31.25,España,Ribera del Duero,Red
1468317,Pradorey,Finca Valdelayegua Crianza 2021,2021,4.0,832,13.0,España,Ribera del Duero,Red
2727660,Bodega Ribas,Desconfío de la Gente Que no Bebe 2023,2023,4.3,831,52.5,España,Mallorca,Red
4901678,Bodegas Valdemar,Inspiración Balcón de Pilatos Maturana 2022,2022,4.2,827,31.3,España,Rioja,Red
3599149,Merum Priorati,Inici 2021,2021,4.2,814,26.5,España,Priorato,Red
1174990,Cruz de Alba,Ribera del Duero (Crianza) 2019,2019,4.1,811,33.9,España,Ribera del Duero,Red
1190058,Legón,Ribera del Duero Premium 2020,2020,4.0,808,15.9,España,Ribera del Duero,Red
1101258,Montecastro,Ribera del Duero Red 2021,2021,4.1,808,18.9,España,Ribera del Duero,Red
6471360,Bosque de Matasnos,Syrah de Matasnos 2021,2021,4.3,807,32.95,España,Vino de España,Red
7895399,Dominio Fournier,Crianza 2019,2019,4.1,805,21.8,España,Ribera del Duero,Red
1182681,Teso La Monja,Victorino 2018,2018,4.3,804,58.6,España,Toro,Red
1523602,Costers del Priorat,Clos Cypres Vinyes Velles (Old Vines) 2020,2020,4.2,804,63.89,España,Priorato,Red
96855,Venus la Universal,Dido Tinto 2022,2022,4.0,804,18.13,España,Montsant,Red
2656,Familia Torres,Salmos 2019,2019,4.1,803,29.7,España,Priorato,Red
1387012,Contino,Rioja Gran Reserva 2016,2016,4.3,802,71.0,España,Rioja,Red
9954550,Dominio de Calogía,Tinto 2019,2019,4.4,794,69.0,España,Ribera del Duero,Red
1142454,El Lagar de Isilla,Reserva 2021,2021,4.1,791,26.43,España,Ribera del Duero,Red
1286278,Can Ràfols dels Caus,Caus Lubis 1997,1997,4.2,790,54.43,España,Penedès,Red
99586,Remírez de Ganuza,Rioja Reserva Fincas de Ganuza 2016,2016,4.2,788,30.4,España,Rioja,Red
1156860,Resalte,Gran Ribera del Duero 2021,2021,4.3,788,55.55,España,Ribera del Duero,Red
5486963,Ébano,Salvaje 2020,2020,4.0,779,18.91,España,Ribera del Duero,Red
7567711,Dominio de Cair,Selección La Aguilera 2019,2019,4.1,774,22.0,España,Ribera del Duero,Red
2032843,Atlántida,Tintilla 2021,2021,4.1,772,27.8,España,Cádiz,Red
10327467,Envínate,La Santa De Úrsula 2024,2024,4.0,772,29.73,España,Vino de España,Red
10194735,Oxer Wines,Matalaz 2024,2024,4.1,771,23.9,España,Rioja,Red
1182947,Scala Dei,Cartoixa Priorat 2019,2019,4.1,770,36.52,España,Priorato,Red
4362433,Bodegas Valduero,Finca Azaya Premium 2020,2020,4.2,764,29.0,España,Castilla y León,Red
3798056,Olivier Rivière,Las Viñas de Eusebio Vendimia Seleccionada 2020,2020,4.2,763,50.75,España,Rioja,Red
1582322,Scala Dei,Sant Antoni 2021,2021,4.3,763,87.95,España,Priorato,Red
96049,Finca Villacreces,Nebro Ribera del Duero 2021,2021,4.4,762,184.0,España,Ribera del Duero,Red
6429958,Bodega y Viñedos Maires,Ademán Valdearanda 2022,2022,4.0,758,14.5,España,Toro,Red
13651,Dominio de Atauta,Dominio de Atauta 2020,2020,4.2,758,70.3,España,Ribera del Duero,Red
2160720,Enate,Cabernet 2021,2021,4.0,756,22.95,España,Somontano,Red
2684452,Dominio del Águila,Reserva 2019,2019,4.4,756,69.9,España,Ribera del Duero,Red
8437661,Villota,Selvanevada 2021,2021,4.0,751,24.95,España,Rioja Alavesa,Red
1178074,Valtravieso,Crianza 2019,2019,4.1,748,16.63,España,Ribera del Duero,Red
11845800,Atalaya,El Vigía de la Atalaya Organico 2023,2023,4.1,746,6.9,España,Almansa,Red
3468711,Castro Candaz,A Boca do Demo 2020,2020,4.0,746,25.75,España,Ribeira Sacra,Red
1571334,Abel Mendoza Monge,Grano a Grano Graciano 2022,2022,4.3,745,49.25,España,Rioja,Red
1308704,Marqués de Riscal,Finca Torrea 2017,2017,4.2,745,33.2,España,Rioja,Red
77026,Ramón Bilbao,Mirto 2016,2016,4.3,743,51.77,España,Rioja,Red
9187739,Villota,Viña Gena 2022,2022,4.2,742,39.95,España,Rioja,Red
8313573,Bodegas Garcia de Lara,La Cueva Colora Cencibel 2023,2023,4.0,738,16.4,España,Castilla,Red
9545264,César Márquez,Valtuille 2023,2023,4.0,736,19.9,España,Bierzo,Red
2493183,Ordóñez,Vatan Tinta de Toro 2020,2020,4.2,735,37.84,España,Toro,Red
6633884,Bodegas Vilano,Vilano 2022,2022,4.4,734,31.95,España,Ribera del Duero,Red
1832930,Izadi,Rioja Selección 2018,2018,4.0,732,18.3,España,Rioja,Red
6398358,Cosmic,Encarinyades 2024,2024,4.0,729,20.56,España,Cataluña,Red
2391715,Figuero,Tinus 2015,2015,4.2,725,210.0,España,Ribera del Duero,Red
4422419,Telmo Rodriguez,Ladeiras Do XIL Falcoeira A Capilla Single Vineyard 2022,2022,4.2,725,54.5,España,Valdeorras,Red
1683798,Daniel Landi Viticultor,El Reventón Cebreros 2022,2022,4.1,720,125.0,España,Castilla y León,Red
2791620,Comando G,Tumba del Rey Moro 2022,2022,4.3,719,390.0,España,Madrid,Red
1587368,Bodega Otazu,Palacio de Otazu Altar 2018,2018,4.2,717,42.65,España,Otazu,Red
2707214,Antídoto,La Hormiga de Antídoto 2022,2022,4.2,712,29.95,España,Ribera del Duero,Red
1207335,Comando G,Las Umbrías 2022,2022,4.1,712,240.0,España,Madrid,Red
1699433,Hacienda Grimon,Finca la Oracion 2021,2021,4.2,712,21.95,España,Rioja,Red
1140880,Vivanco,Parcelas de Garnacha Colección Rioja 2019,2019,4.1,709,35.0,España,Rioja,Red
1176488,Bodegas Roda,Sela Rioja 2022,2022,4.0,705,17.85,España,Rioja,Red
1501839,Paisajes,Cecias Rioja 2021,2021,4.1,705,29.5,España,Rioja,Red
1733516,Huerta de Albala,Taberner Tierra de Cádiz 2017,2017,4.1,704,26.0,España,Cádiz,Red
4527347,Macià Batle,Collecció Privada 2018,2018,4.1,700,30.25,España,Mallorca,Red
96100,Alemany i Corrió,Sot Lefriec 2020,2020,4.3,698,64.7,España,Penedès,Red
5378678,Daniel Landi Viticultor,Las Iruelas El Tiemblo 2023,2023,4.2,697,278.63,España,Castilla y León,Red
2185778,Vivanco,Parcelas de Maturana Tinta Colección Rioja 2021,2021,4.2,697,36.5,España,Rioja,Red
11038017,Bodega Doña Felisa,Doble 12 Ronda 2019,2019,4.1,689,24.26,España,Sierras de Málaga,Red
76786,Campo Viejo,Gran Reserva 2017,2017,4.0,688,18.85,España,Rioja,Red
1187293,Lan,A Mano Rioja 2019,2019,4.3,684,32.79,España,Rioja,Red
7320235,Can Axartell,Ventum 2021,2021,4.1,681,24.95,España,Mallorca,Red
16227,Pago de Los Capellanes,Joven Roble Tinto 2024,2024,4.1,681,14.65,España,Ribera del Duero,Red
1184099,Marqués de Griñon,Svmma Varietalis Red Blend (Summa) 2015,2015,4.0,680,16.99,España,Dominio de Valdepusa,Red
96045,Finca Villacreces,Ribera del Duero 2017,2017,4.1,679,70.5,España,Ribera del Duero,Red
10263229,Nin-Ortiz,Planetes Classic 2023,2023,4.2,678,40.85,España,Priorato,Red
6460498,Veronica Ortega,VO Cobrana 2023,2023,4.0,678,38.95,España,Bierzo,Red
1961881,Pagos de Mogar,Vendimia Seleccionada 2021,2021,4.0,677,21.5,España,Ribera del Duero,Red
98783,Alto Moncayo,Veraton Garnacha 2020,2020,4.2,676,23.9,España,Campo de Borja,Red
1210210,Comenge,Don Miguel 2019,2019,4.2,674,44.35,España,Ribera del Duero,Red
1163575,Monteabellon,Finca la Blanquera 2020,2020,4.1,671,57.0,España,Ribera del Duero,Red
8328781,Rupestre de Alpera,Gold Rupestre Garnacha Tintorera 2023,2023,4.2,671,15.65,España,La Mancha,Red
1701505,Cerro Bercial,Ladera Los Cantos 2023,2023,4.0,669,16.6,España,Utiel-Requena,Red
73590,Abadía Retuerta,Pago Negralada 2015,2015,4.3,666,145.0,España,Abadía Retuerta,Red
1508676,Cérvoles,Estrats 2004,2004,4.3,665,90.5,España,Costers del Segre,Red
5469026,D. Mateos,La Mateo Garnacha Cepas Viejas 2019,2019,4.2,665,32.95,España,Rioja,Red
1266898,Bàrbara Forés,Coma d'En Pou 2022,2022,4.0,663,28.4,España,Terra Alta,Red
1621238,Pepe Rodríguez de Vera,Dominio de Casalta - Sorrasca 2019,2019,4.0,663,28.89,España,Almansa,Red
2477058,Celler Aixalà Alcait,Les Clivelles de Torroja 2022,2022,4.0,663,14.28,España,Priorato,Red
1609390,Raúl Pérez,El Pecado 2022,2022,4.2,663,68.95,España,Ribeira Sacra,Red
1443518,Beronia,III a.C 2020,2020,4.3,651,54.0,España,Rioja,Red
2646393,Bodegas Escudero S.L.,Solar de Becquer Gran Reserva 2015,2015,4.2,646,18.5,España,Rioja,Red
2128268,Remelluri,Lindes de Remelluri Viñedos de Labastida 2020,2020,4.0,642,17.7,España,Rioja,Red
1201811,Perica,Olagosa Reserva 2013,2013,4.0,640,13.95,España,Rioja,Red
2517787,Ostatu,Laderas Rioja 2019,2019,4.2,638,30.9,España,Rioja Alavesa,Red
8899708,Cuentaviñas,Alomado 2022,2022,4.3,636,46.9,España,Rioja,Red
1612072,Remelluri,Granja Gran Reserva Rioja 2011,2011,4.4,631,146.35,España,Rioja,Red
2326053,Vetus,Celsus 2023,2023,4.0,630,37.5,España,Toro,Red
1719892,Los Aguilares,Pago El Espino 2020,2020,4.2,625,39.34,España,Sierras de Málaga,Red
1504379,Lecco,Reserva Ribera del Duero 2019,2019,4.0,624,18.25,España,Ribera del Duero,Red
2109725,Raíz de Guzmán,Profunda 2019,2019,4.3,624,48.95,España,Ribera del Duero,Red
2041645,Arché Pagès,Bonfill 2021,2021,4.1,621,22.91,España,Empordà,Red
1927958,Mas Estela,Vinya Selva de Mar Tinto 2018,2018,4.0,620,30.58,España,Empordà,Red
5095121,Quinta da Muradella,Alanda Tinto 2021,2021,4.0,620,33.08,España,Monterrei,Red
6401245,Venus la Universal,Venus de la Figuera 2022,2022,4.3,618,44.25,España,Montsant,Red
1510627,Solabal,Reserva 2020,2020,4.1,616,16.6,España,Rioja,Red
1167430,Fernández de Piérola,Crianza 2020,2020,4.0,615,11.1,España,Rioja,Red
3211626,Daniel Landi Viticultor,Cantos del Diablo 2023,2023,4.1,614,79.48,España,Méntrida,Red
11514137,Jesus Madrazo,Num. IV 2021,2021,4.2,614,14.99,España,Rioja,Red
1229812,Portal del Priorat,Clos del Portal Tros de Clos 2020,2020,4.3,608,58.13,España,Priorato,Red
6304259,Alonso & Pedrajo,Suañé Tinto Reserva 2020,2020,4.2,608,24.83,España,Rioja,Red
1204299,Ysios,Rioja 2012,2012,4.1,605,29.1,España,Rioja,Red
1172025,Martinet,Martinet Bru (Garnatxa - Syrah) 2022,2022,4.1,604,26.09,España,Priorato,Red
2055561,Tridente,Tempranillo 2018,2018,4.0,604,12.5,España,Castilla y León,Red
14874,Callejo,Gran Callejo 2018,2018,4.2,603,137.26,España,Ribera del Duero,Red
3772025,Atalaya,Alaya Tierra 2022,2022,4.3,603,28.4,España,Almansa,Red
6728694,Yaso,Flor de Matteria 2016,2016,4.1,602,12.25,España,Toro,Red
15488,Bodegas Valdemar,Conde de Valdemar Reserva 2017,2017,4.0,600,11.99,España,Rioja,Red
99328,Castillo Perelada,5 Finques (Fincas) Reserva 2019,2019,4.0,600,12.01,España,Empordà,Red
5007340,Tomàs Cusiné,Finca Barqueres Carignan 2019,2019,4.1,599,23.7,España,Costers del Segre,Red
4234703,Dominio de Anza,Rioja Edición Especial Limitada 2021,2021,4.0,599,19.95,España,Rioja,Red
15489,Bodegas Valdemar,Conde de Valdemar Gran Reserva 2015,2015,4.1,599,19.99,España,Rioja,Red
5028328,Pablo Vidal - Vinos Con Personalidad,Maldito 2021,2021,4.0,598,16.47,España,Valdeorras,Red
2510756,Comando G,Reina de los Deseos 2022,2022,4.0,598,95.73,España,Madrid,Red
5246537,Zifar,Caballero Zifar 2021,2021,4.2,597,26.23,España,Ribera del Duero,Red
3721052,Bodegas Vilano,Terra Incognita 2019,2019,4.2,597,32.75,España,Ribera del Duero,Red
6176024,Clos Lentiscus,Perill Noir Carinyena 2019,2019,4.1,596,18.2,España,Penedès,Red
12360391,Marqués de Riscal,Barón de Chirel 2020,2020,4.3,594,113.85,España,Rioja,Red
1730187,Bodegas Reyes,Teófilo Reyes Reserva 1994,1994,4.3,593,348.0,España,Ribera del Duero,Red
11843234,Castillo Perelada,Amfitrió de l'Empordà 2023,2023,4.0,593,14.95,España,Empordà,Red
7086868,Ausàs,Interpretación 2020,2020,4.3,590,45.9,España,Ribera del Duero,Red
1554114,Enate,Varietales Dos Mil 2016,2016,4.0,585,24.95,España,Somontano,Red
1442980,Comando G,Rumbo al Norte 2022,2022,4.4,578,906.86,España,Madrid,Red
79962,Astrales,Ribera del Duero 2018,2018,4.2,576,25.0,España,Ribera del Duero,Red
1582225,Sara Pérez y René Barbier,Partida Pedrer 2022,2022,4.1,576,32.75,España,Priorato,Red
1619038,Briego,Fiel Edición Limitada 2018,2018,4.2,574,30.8,España,Ribera del Duero,Red
1570737,Lopez Cristobal,Bagús Ribera del Duero 2012,2012,4.2,573,54.0,España,Ribera del Duero,Red
5823227,Bodega Lanzaga,Tabuerniga 2022,2022,4.3,573,89.9,España,Rioja,Red
10489363,Volver,Tarima Selección Monastrell - Syrah 2024,2024,4.0,573,6.57,España,Alicante,Red
5630437,Bodega Otazu,Altar 2018,2018,4.3,573,40.45,España,Navarra,Red
2735037,Alta Alella,Orbus 2020,2020,4.2,573,29.3,España,Alella,Red
6304704,Emilio Moro,Vendimia Seleccionada 2022,2022,4.2,572,29.29,España,Ribera del Duero,Red
8432124,Montecillo,Viña Monty Reserva Graciano 2019,2019,4.2,572,32.95,España,Rioja,Red
9970527,Finca Río Negro,Cerro del Lobo Syrah 2021,2021,4.2,570,29.75,España,Castilla,Red
1530785,Bodegas Exopto,Exopto Tinto 2024,2024,4.1,569,9.15,España,Rioja,Red
5921113,Can Axartell,The Artist 2022,2022,4.2,569,26.95,España,Mallorca,Red
97075,Baigorri,Reserva Rioja Tempranillo 2018,2018,4.1,567,21.08,España,Rioja,Red
1672879,Luis Cañas,Rioja Gran Reserva 2016,2016,4.2,565,37.65,España,Rioja,Red
736563,Viña Sastre,Ribera del Duero Crianza 2021,2021,4.1,563,20.9,España,Ribera del Duero,Red
1368702,De Muller,Les Pusses Merlot - Syrah 2020,2020,4.0,561,16.58,España,Priorato,Red
1498830,Viña Real,Rioja Gran Reserva 2014,2014,4.1,560,53.7,España,Rioja,Red
2424066,Corcovo - Megía e Hijos,24 Barricas Syrah Barrica 2024,2024,4.0,559,11.25,España,Valdepeñas,Red
83825,Bodegas Mas Alta,Els Pics 2021,2021,4.1,558,31.95,España,Priorato,Red
6986827,Bodegas Aradon,Calzadas de Aradon 2020,2020,4.0,556,9.44,España,Rioja,Red
1215843,Cillar de Silos,Flor de Silos Ribera del Duero 2021,2021,4.0,555,35.9,España,Ribera del Duero,Red
10929723,Oxer Wines,Ahari 2023,2023,4.2,552,37.7,España,Rioja,Red
10922215,La Vicalanda,Viñas Viejas 2020,2020,4.1,551,18.85,España,Rioja,Red
1278100,Castillo Perelada,Empordà Reserva Especial Don Miguel Mateu 2020,2020,4.1,549,18.98,España,Empordà,Red
6111381,Baigorri,Finca La Quintanilla 2021,2021,4.0,546,35.86,España,Rioja,Red
86344,Murua,Murua Reserva 2016,2016,4.1,544,17.6,España,Rioja,Red
5295932,Cillar de Silos,Dominio del Pidio 2021,2021,4.3,544,51.9,España,Ribera del Duero,Red
1509085,Paisajes,La Pasada Rioja 2021,2021,4.0,542,29.5,España,Rioja,Red
10366851,Lopez Cristobal,La Colorada 2021,2021,4.1,541,18.45,España,Ribera del Duero,Red
51634,Guelbenzu,Lautus 2016,2016,4.0,540,25.0,España,Ribera del Queiles,Red
1150730,Casa Gran del Siurana,Gran Cruor 2021,2021,4.2,538,52.0,España,Priorato,Red
21211,Bodega Elias Mora,Toro Crianza 2020,2020,4.0,535,12.65,España,Toro,Red
22141,Altanza,Rioja Reserva 2017,2017,4.0,535,17.69,España,Rioja,Red
1140759,Tilenus,Pieros Reserva 2016,2016,4.2,531,33.9,España,Bierzo,Red
1207094,Bodegas Corral - Don Jacobo,Altos de Corral Single Estate Reserva 2017,2017,4.1,530,39.4,España,Rioja,Red
2184260,Selección Lucendo,César Lucendo A. 2022,2022,4.3,530,21.9,España,Castilla,Red
7506859,Rupestre de Alpera,Roble Garnacha Tintorera 2024,2024,4.1,530,6.5,España,Almansa,Red
6910171,Tres Piedras,Unanimous 'Finca la Tejera' 2022,2022,4.4,529,44.95,España,Ribera del Duero,Red
6739432,Bodegas El Sequé,El Sequé 2020,2020,4.2,525,69.52,España,Alicante,Red
1142267,Descendientes de J. Palacios,Villa de Corullón Bierzo 2021,2021,4.1,524,42.89,España,Bierzo,Red
2063980,Bodegas Amaren,Ángeles de Amaren Tempranillo - Graciano 2019,2019,4.1,524,19.6,España,Rioja,Red
7177726,Resalte,Origen de Resalte 2018,2018,4.1,524,32.4,España,Ribera del Duero,Red
4539790,Barcolobo,El Jaral 2018,2018,4.1,521,43.2,España,Castilla y León,Red
1428595,Moral Diez,Antonio Moral 2022,2022,4.1,517,15.13,España,Ribera del Duero,Red
1182136,Baron de Ley,Finca Monasterio Rioja 2021,2021,4.1,516,21.8,España,Rioja,Red
2914174,Vizcarra,Selección Monovarietal Garnacha 2023,2023,4.0,515,24.9,España,Castilla y León,Red
9837294,Ukan,Senderos de UKAN 2019,2019,4.1,513,21.5,España,Rioja Alavesa,Red
5756995,Portia,Summa Edición Limitada 2024,2024,4.4,513,71.0,España,Ribera del Duero,Red
2067413,Macià Batle,Reserva Privada 2018,2018,4.1,512,24.02,España,Binissalem-Mallorca,Red
5509320,Valserrano,El Ribazo Rioja 2018,2018,4.1,511,23.95,España,Rioja,Red
8837362,Bodegas Ponce,Tinto 2023,2023,4.0,510,40.0,España,Manchuela,Red
1513332,Torre de Barreda,Pañofino 2022,2022,4.0,509,18.33,España,Castilla,Red
9573227,Familia Gil,Clar del Bosc 2022,2022,4.3,504,38.5,España,Priorato,Red
14895,Muruve,Reserva 2018,2018,4.0,503,11.75,España,Toro,Red
1244399,Leza García,Gran Reserva 2017,2017,4.1,502,22.5,España,Rioja,Red
1503752,Viña Pomal,Alto de la Caseta 2019,2019,4.3,502,84.9,España,Rioja,Red
9224629,Cuentaviñas,Ribera del Duero Tinto Fino 2023,2023,4.3,501,42.9,España,Ribera del Duero,Red
7224538,Can Axartell,Terrum 2022,2022,4.0,498,22.95,España,Mallorca,Red
7709859,Can Bas,D’Origen P9 Cabernet Sauvignon 2021,2021,4.0,498,17.7,España,Penedès,Red
1135848,Vinícola Real,200 Monges Rioja Reserva 2014,2014,4.3,497,44.9,España,Rioja,Red
3805827,Mikaela,Bobal 2020,2020,4.1,495,25.9,España,Castilla,Red
2268061,Bodegas Marqués de Cáceres,Excellens Cuvée Especial 2020,2020,4.0,495,10.9,España,Rioja,Red
2033277,Castro Ventosa,Valtuille La Cova de la Raposa 2022,2022,4.1,493,50.84,España,Bierzo,Red
6799259,Mas Llunes,Finca Butaros Vinya Centenària 2019,2019,4.4,493,37.11,España,Empordà,Red
5982772,La Niña de Cuenca,Rubatos 2021,2021,4.1,492,16.45,España,Manchuela,Red
12358479,Pago de Los Capellanes,Un Sueño En Las Alturas 2020,2020,4.4,491,53.84,España,Ribera del Duero,Red
8119399,Castillo de Aresan,Bourbon Barrel Aged Cabernet Sauvignon 2021,2021,4.0,491,11.89,España,Vino de España,Red
1126523,Mas Doix,Les Crestes 2023,2023,4.1,490,21.26,España,Priorato,Red
1836013,Cid Bermúdez,Altrejo Vendimia Seleccionada 2022,2022,4.0,489,13.8,España,Ribera del Duero,Red
8468942,Costers del Sió,Siós Nature Syrah 2024,2024,4.0,485,14.0,España,Costers del Segre,Red
9501881,Latarce,Selección Tinto 2021,2021,4.3,484,40.0,España,Toro,Red
76322,Ondarre,Mayor De Ondarre Rioja Reserva 2018,2018,4.0,484,25.0,España,Rioja,Red
10238917,Rodríguez Sanzo,La Viña de Amaya Viñas Viejas 2021,2021,4.0,481,13.43,España,Toro,Red
2918634,Cillar de Silos,Ribera del Duero Crianza 2021,2021,4.1,477,18.9,España,Ribera del Duero,Red
6207800,Xavi Pallejà,Buxus de les Aubagues 2023,2023,4.1,473,23.5,España,Priorato,Red
2931753,Abel Mendoza Monge,Guardaviñas 2021,2021,4.0,470,25.8,España,Rioja,Red
11621841,Áster,El Espino 2020,2020,4.2,464,33.9,España,Ribera del Duero,Red
1298070,Finca Río Negro,Red Blend 2018,2018,4.0,460,15.6,España,Castilla,Red
5796944,Cuevas de Arom,OS Cantals 2022,2022,4.1,459,42.5,España,Campo de Borja,Red
10637475,Raúl Pérez,Valtuille Vino de Villa 2023,2023,4.0,455,15.5,España,Bierzo,Red
6755946,Bodegas Quinta de Aves,Phoenix 2019,2019,4.1,454,18.8,España,Castilla,Red
2040817,Lafou,El Sender 2021,2021,4.0,451,12.5,España,Terra Alta,Red
2674577,Envínate,Albahra 2023,2023,4.0,450,15.0,España,Castilla,Red
11858976,El Pacto,El Pacto De Cárdenas Ojo Gallo 2023,2023,4.0,449,19.45,España,Rioja,Red
5006952,Bodega Gonzalo Beltrán,Perezoso Tinto 2021,2021,4.1,449,14.85,España,Málaga,Red
9442445,Baigorri,Finca La Canoca 2023,2023,4.0,449,21.15,España,Rioja,Red
11669274,Paxaro Tolo,Tinto 2023,2023,4.1,448,23.48,España,Ribeira Sacra,Red
1176493,Azul y Garanza,Desierto 2022,2022,4.0,448,33.75,España,Navarra,Red
6123141,Las Calzadas,Tinácula X 2024,2024,4.0,447,12.5,España,Ribera del Júcar,Red
6024196,Emilio Moro,La Felisa 2022,2022,4.1,446,29.65,España,Ribera del Duero,Red
2309741,Artadi,Artazu Pasos de San Martín Garnacha 2016,2016,4.1,445,38.2,España,Vino de España,Red
4081550,Bodegas Nexus,Nexus + (Plus) 2019,2019,4.2,444,36.9,España,Ribera del Duero,Red
8979449,L'Enclòs de Peralba,Vi Fi de Masia Tinto 2022,2022,4.0,443,17.2,España,Penedès,Red
7703059,Lagar de la Salud,Dulas Tinto Barrica 2024,2024,4.2,440,16.0,España,Montilla-Moriles,Red
1139122,Viña Pedrosa,Reserva 2015,2015,4.2,439,76.0,España,Ribera del Duero,Red
4569755,Prieto Pariente,el Origen 2023,2023,4.1,439,31.9,España,Castilla y León,Red
1142303,Conde de Los Andes,Tinto 2015,2015,4.0,439,120.0,España,Rioja,Red
7292123,Los Aguilares,Tadeo Tinaja 2020,2020,4.3,438,56.5,España,Sierras de Málaga,Red
6438949,Lan,Xtréme Ecológico Crianza 2018,2018,4.1,437,15.06,España,Rioja,Red
9894859,Vinos Divertidos,Camino A Pardos Garnacha Viñas Viejas 80 Old Vines 2023,2023,4.1,436,12.9,España,Calatayud,Red
49744,Artadi,Viñas de Gain 2021,2021,4.1,435,25.92,España,Vino de España,Red
3793508,Marques de Vargas,Gran Reserva Rioja 2016,2016,4.3,433,42.2,España,Rioja,Red
5475247,Barahonda,Lualma 2022,2022,4.2,429,23.25,España,Yecla,Red
1538304,Martín Faixó,Cadac 2012,2012,4.1,428,30.55,España,Empordà,Red
1585761,Solergibert,Solergibert de Matacans 2022,2022,4.1,427,25.7,España,Pla de Bages,Red
10397513,Matarromera,CM Crianza 2019,2019,4.2,426,42.0,España,Rioja,Red
1964583,Cims de Porrera,Garnatxa 2021,2021,4.1,426,59.82,España,Priorato,Red
9568319,Bodegas Piqueras,Los Losares Monastrell 2021,2021,4.0,423,14.75,España,Almansa,Red
13469,Parés Baltà,Absis 2021,2021,4.4,422,78.7,España,Penedès,Red
1585046,Vizcarra,Inés 2021,2021,4.3,421,61.95,España,Ribera del Duero,Red
6858808,Tinto Pesquera,MXI Selección de Barricas 2020,2020,4.1,421,23.9,España,Ribera del Duero,Red
1820071,Palacios Remondo,Viñas Viejas de La Propiedad 2021,2021,4.1,419,27.9,España,Rioja,Red
8803139,Volver,Alicante Bouschet by Tarima 2018,2018,4.1,414,17.15,España,Alicante,Red
4120596,Baigorri,Rioja B70 2021,2021,4.3,414,123.9,España,Rioja,Red
1138069,Scala Dei,Prior 2021,2021,4.1,413,23.0,España,Priorato,Red
3746666,Josep Grau Viticultor,Vespres 2022,2022,4.0,413,15.25,España,Montsant,Red
11003635,Kolor,Tinto 2019,2019,4.0,412,36.25,España,Bierzo,Red
23506,Mas Doix,Salanques 2021,2021,4.1,412,43.95,España,Priorato,Red
9216680,Bodegas Valduero,Tierra Alta de 2 Cotas Reserva 2017,2017,4.3,410,38.62,España,Ribera del Duero,Red
5972698,Cruz de Alba,Ribera del Duero Reserva 2016,2016,4.1,410,29.9,España,Ribera del Duero,Red
6893575,Bodegas Naluar & Acediano,Naluar Tinto 2021,2021,4.0,409,19.36,España,Ribera del Duero,Red
1713162,Finca Antigua,Clavis Viñedo Pico Garbanzo 2016,2016,4.0,409,38.9,España,La Mancha,Red
12496152,Dominio de Calogía,Doble M 2020,2020,4.2,408,36.9,España,Ribera del Duero,Red
1189733,Pardas,Aspriu Tinto 2015,2015,4.1,406,42.9,España,Penedès,Red
5272397,Dominio de Anza,Finca el Rapolao 2024,2024,4.1,406,49.25,España,Bierzo,Red
11081310,Murviedro,Finca el Serrano Monastrell 2023,2023,4.0,401,12.5,España,Valencia,Red
75016,Alonso del Yerro,Ribera del Duero 2019,2019,4.1,401,26.58,España,Ribera del Duero,Red
5985381,Bodega Lanzaga,La Estrada Tinto 2022,2022,4.3,401,92.15,España,Rioja,Red
5746037,Monóvar,Fondillón Estés Donde Estés 1996,1996,4.3,400,74.0,España,Alicante,Red
8550208,Ramón Bilbao,Lalomba Finca Valhonta 2019,2019,4.3,398,78.0,España,Rioja,Red
5172158,Estones,GS Terces 2021,2021,4.0,397,21.2,España,Montsant,Red
5574917,Abadia de Poblet,La Font Voltada 2019,2019,4.1,395,29.95,España,Conca de Barberà,Red
8144154,Clos Lentiscus,Kikiriki Black 2020,2020,4.0,395,17.95,España,Penedès,Red
2875076,Fil·loxera,El Cordero y las Vírgenes 2019,2019,4.1,395,29.0,España,Valencia,Red
9678414,Viña Meín,O Gran Val Do Avia Tinto 2019,2019,4.1,393,37.32,España,Ribeiro,Red
7693041,Bodegas Frontonio,Las Alas de Frontonio 2022,2022,4.2,393,73.45,España,Valdejalón,Red
1171210,VALENCISO,Rioja Reserva 2019,2019,4.0,393,25.9,España,Rioja,Red
74426,Finca Valpiedra,Rioja Reserva 2016,2016,4.1,391,24.9,España,Rioja,Red
9842552,Huerto de la Condesa,Los Cipreses Grenache - Syrah 2023,2023,4.2,388,20.05,España,Sierras de Málaga,Red
1300204,Pradorey,Adaro 2022,2022,4.1,388,20.83,España,Ribera del Duero,Red
6002085,Conreria d'Scala Dei,Les Brugueres 2022,2022,4.1,387,20.74,España,Priorato,Red
13040636,Carmelo Rodero,Raza 2021,2021,4.4,387,40.95,España,Ribera del Duero,Red
6401250,Bodegas Vilano,La Baraja 2019,2019,4.2,386,31.0,España,Ribera del Duero,Red
1607666,Bodegas Mas Alta,Artigas 2021,2021,4.2,385,54.95,España,Priorato,Red
1923921,Anayón,Garnacha 2021,2021,4.0,385,21.0,España,Aragón,Red
12166125,Comando G,Navatalgordo 2024,2024,4.1,385,45.9,España,Madrid,Red
1582890,Murua,M de Murua 2016,2016,4.0,384,32.15,España,Rioja,Red
1253646,Áster,Finca El Otero 2019,2019,4.3,384,52.9,España,Ribera del Duero,Red
8083908,Ramón Bilbao,Lalomba Finca Ladero 2018,2018,4.3,383,88.0,España,Rioja,Red
1505870,Encomienda de Cervera,Poker de Tempranillos 2019,2019,4.0,382,13.5,España,Castilla,Red
1146404,Hermanos Peciña,Chobeo de Peciña 2014,2014,4.2,377,32.15,España,Rioja,Red
6262044,Artuke,El Escolladero 2023,2023,4.3,375,67.48,España,Rioja,Red
8048744,Pago Los Balancines,Barbas de gata 2020,2020,4.2,374,36.0,España,Extremadura,Red
1261538,Bodegas Viyuela,Reserva 2020,2020,4.3,373,11.0,España,Ribera del Duero,Red
8425229,Vicente Gandía,Bobal Negro 2022,2022,4.0,372,15.3,España,Utiel-Requena,Red
1849054,Guimaro,Finca Pombeiras 2023,2023,4.2,372,48.78,España,Ribeira Sacra,Red
6153610,Bodega Tesalia,Arcos de la Frontera 2020,2020,4.2,371,28.35,España,Andalucía,Red
2306926,Pujanza,Finca Valdepoleo 2017,2017,4.0,371,44.95,España,Rioja,Red
1234497,Costers del Priorat,Pissarres 2022,2022,4.1,371,13.31,España,Priorato,Red
10517146,Bodegas Vilano,Full Flap Red Blend 2021,2021,4.0,371,8.5,España,Vino de España,Red
1375903,Jiménez-Landi,Ataulfos 2021,2021,4.0,370,57.88,España,Méntrida,Red
82958,Enrique Mendoza,Santa Rosa 2020,2020,4.1,370,22.15,España,Alicante,Red
3154893,Casa Castillo,El Molar 2021,2021,4.0,370,20.33,España,Jumilla,Red
9458946,Rafael Cambra,Casa Sosegada Casa de Viñas Autóctonas 2023,2023,4.0,368,24.25,España,Valencia,Red
99591,Pujanza,Rioja Cisma 2021,2021,4.3,367,157.88,España,Rioja,Red
1774491,Lopez Cristobal,Tinto Reserva 2004,2004,4.1,367,50.0,España,Ribera del Duero,Red
78472,Bodega Emina,Atio 2019,2019,4.2,364,43.0,España,Ribera del Duero,Red
2218,Marqués de Riscal,150 Aniversario 2017,2017,4.4,364,95.0,España,Rioja,Red
9484407,Bodega Cerrón,Stratum Wines Los Yesares Monastrell 2023,2023,4.3,364,73.69,España,Jumilla,Red
7640051,Bodegas Paco Mulero,Monastrell 2022,2022,4.0,363,11.0,España,Jumilla,Red
8859887,Clos de Lôm,Isidra 2021,2021,4.2,363,19.5,España,Valencia,Red
1596684,Ramón Bilbao,Rioja Viñedos de Altura 2019,2019,4.0,361,12.9,España,Rioja,Red
7012562,Rodríguez Sanzo,Whisba Tempranillo Aged 18 Months in Whisky Barrels 2021,2021,4.3,361,26.3,España,Toro,Red
1893458,Montebaco,Selección Especial 2019,2019,4.1,359,27.9,España,Ribera del Duero,Red
1238113,Diez Caballero,Victoria 2015,2015,4.1,359,16.95,España,Rioja,Red
9913602,Algueira,Patrimonio 2022,2022,4.0,358,17.5,España,Ribeira Sacra,Red
99336,Castillo Perelada,Finca Malaveïna 2021,2021,4.2,358,19.5,España,Empordà,Red
5870019,Vizcarra,15 Meses Ribera del Duero 2022,2022,4.0,358,16.5,España,Ribera del Duero,Red
12041434,Bodega La Carbonera,Malpastor Crianza 2021,2021,4.1,357,7.99,España,Rioja,Red
6590318,Murviedro,Sericis Cepas Viejas Monastrell 2020,2020,4.1,357,8.95,España,Valencia,Red
1117348,Martinez Lacuesta,Rioja Reserva 2011,2011,4.1,356,19.25,España,Rioja,Red
8356622,Obalo,Las Arenas Reserva 2018,2018,4.1,355,20.0,España,Rioja,Red
6126924,Telmo Rodriguez,Pegaso Zeta 2022,2022,4.0,355,17.8,España,Castilla y León,Red
7706865,Luis Cañas,Finca El Palacio 2020,2020,4.2,355,55.0,España,Rioja Alavesa,Red
1309119,Orto Vins,Les Tallades de Cal Nicolau 2022,2022,4.0,354,74.1,España,Montsant,Red
10428248,Gil Pejenaute,Tabuca 2023,2023,4.1,352,20.5,España,Campo de Borja,Red
7634316,Comenge,El Origen 2020,2020,4.1,352,19.85,España,Ribera del Duero,Red
9048281,Protos,9 Meses en Barrica Tempranillo Ecológico 2022,2022,4.0,351,13.4,España,Ribera del Duero,Red
1514598,Viña Pomal,Terruño Centenario Reserva 2018,2018,4.0,350,16.7,España,Rioja,Red
6527768,Bodega y Viñedos Maires,Ademán Valdecarretas Selección Especial 2022,2022,4.2,349,23.0,España,Toro,Red
5979983,Carlos Moro,Oinoz 2015,2015,4.1,348,22.6,España,Rioja,Red
4285224,Bodegas Gama,Octogenarius 2019,2019,4.4,347,44.25,España,Rioja,Red
7196016,Fariña,Crianza 2020,2020,4.0,346,13.0,España,Toro,Red
6885318,Conreria d'Scala Dei,Voltons 2020,2020,4.3,346,53.35,España,Priorato,Red
6494042,Pinea,17 2020,2020,4.3,346,52.0,España,Ribera del Duero,Red
6198826,Bodega Otazu,Pago de Otazu Tinto 2022,2022,4.3,345,20.99,España,Otazu,Red
5709576,César Márquez,Pico Ferreira 2023,2023,4.1,345,36.5,España,Bierzo,Red
4542311,Tresmano - Tr3smano,Vendimia 2021,2021,4.2,345,31.76,España,Ribera del Duero,Red
5805414,Artadi,Quintanilla 2023,2023,4.3,345,59.0,España,Vino de España,Red
1232623,A Coroa,Ladeira Vella 2017,2017,4.1,343,26.21,España,Valdeorras,Red
7462412,Nuntium,Martín & Pons 2022,2022,4.1,343,19.5,España,Ribera del Duero,Red
2117378,Olivardots,Vd’O 2 Samsó - Sorra 2017,2017,4.3,342,37.99,España,Empordà,Red
7088812,Losada,Altos de Losada El Cepón 2022,2022,4.2,341,36.45,España,Bierzo,Red
3133485,Castro Ventosa,Valtuille Villegas 2022,2022,4.1,340,58.65,España,Bierzo,Red
5853350,Hacienda Solano,Peña Lobera 2021,2021,4.4,340,65.9,España,Ribera del Duero,Red
1424455,Monte Real,Gran Reserva 2017,2017,4.0,340,12.1,España,Rioja,Red
11702096,Alto Moncayo,Locos Por El Vino Barambán Edición Limitada Garnacha - Tempranillo 2020,2020,4.1,340,22.95,España,Campo de Borja,Red
6153582,Atalaya,La Atalaya Almansa 2023,2023,4.1,339,15.0,España,Almansa,Red
4974970,Guimaro,Finca Capelinos 2023,2023,4.1,337,44.78,España,Ribeira Sacra,Red
2260236,Bodegas Cosme Palacio,Glorioso  Rioja Crianza 2020,2020,4.3,337,6.27,España,Rioja,Red
4636085,Olivardots,Vd’O 1 Samsó - Pissarra 2017,2017,4.3,337,37.99,España,Empordà,Red
9684287,Estones,Ferah Montsant 2021,2021,4.1,336,14.5,España,Montsant,Red
10754401,Viña Zaco,Viñedo Singular 2020,2020,4.2,335,44.55,España,Rioja,Red
7289886,Casa Rojo,Minami 2022,2022,4.4,335,55.9,España,Jumilla,Red
9224619,Cuentaviñas,CDVIN Garnacha 2022,2022,4.3,335,49.9,España,Rioja,Red
4080521,Edetària,Finca La Pedrissa 2018,2018,4.1,334,39.78,España,Terra Alta,Red
1971409,De Blas Serrano,Mathis Tinta de País 2006,2006,4.1,332,174.0,España,Ribera del Duero,Red
2710052,Comando G,La Bruja de Rozas 2023,2023,4.0,331,25.65,España,Madrid,Red
6433351,Habla,No. 19 2015,2015,4.2,331,33.11,España,Extremadura,Red
2888339,Vinyes Domenech,Vinyes Velles de Samsó 2019,2019,4.3,330,51.0,España,Montsant,Red
1955105,Vitícola Mentridana,Las Uvas de la Ira 2022,2022,4.1,329,20.9,España,Méntrida,Red
6353545,Bodegas Exopto,El Espinal Maturana Tinta 2023,2023,4.0,329,29.95,España,Rioja,Red
2513713,Rodrigo Mendez,As Covas Pinot Noir 2023,2023,4.1,328,47.3,España,Galicia,Red
1279280,Bodegas Corral - Don Jacobo,Altos de Corral Single Estate Crianza 2021,2021,4.1,328,19.95,España,Rioja,Red
1506900,Arrayán,Estela de Arrayán 2013,2013,4.1,326,30.0,España,Méntrida,Red
9293123,Territorio Luthier,Territorio Luthier Gran Reserva 2014,2014,4.4,326,190.05,España,Ribera del Duero,Red
9585830,Dominio de Anza,Diego Magaña 2021,2021,4.1,324,39.5,España,Rioja,Red
7674519,Bodega Sommos,Colección Cabernet 2020,2020,4.1,324,26.9,España,Somontano,Red
6085319,Montecillo,22 Barricas Gran Reserva 2017,2017,4.3,323,35.0,España,Rioja,Red
8342071,Pagos de Aráiz,Blaneo Syrah 2021,2021,4.0,323,15.94,España,Navarra,Red
5815469,Torre de Oña,Martelo Reserva 2019,2019,4.2,322,31.3,España,Rioja,Red
3894503,Marco Abella,Roca Roja 2022,2022,4.3,321,78.5,España,Priorato,Red
2600424,Losada,Bierzo Red 2021,2021,4.0,320,12.89,España,Bierzo,Red
6862256,Goyo Garcia Viadero,Finca Guijarrales Graciano 2021,2021,4.1,319,23.6,España,Castilla y León,Red
1126214,Viña Pomal,Reserva 2019,2019,4.0,318,13.75,España,Rioja,Red
1558758,Altún,Everest 2023,2023,4.4,318,58.5,España,Rioja,Red
3946256,Finca Nueva,Gran Reserva 2010,2010,4.2,318,23.2,España,Rioja,Red
4644436,Dehesa de Los Canónigos,Solideo 2020,2020,4.3,317,40.9,España,Ribera del Duero,Red
86874,Bodegas Amaren,60 Graciano 2019,2019,4.3,317,75.95,España,Rioja,Red
1166307,Conde de San Cristobal,Ribera del Duero 2021,2021,4.0,317,39.78,España,Ribera del Duero,Red
8183340,Familia Montaña,Finca La Claudia Garnacha 2019,2019,4.3,317,26.4,España,Rioja,Red
7238072,Tresmano - Tr3smano,Proventus 2020,2020,4.1,316,21.13,España,Ribera del Duero,Red
1283569,Arzuaga,Reserva Especial Ribera del Duero 2019,2019,4.4,315,55.95,España,Ribera del Duero,Red
1234198,Condado de Oriza,Reserva Ribera del Duero 2019,2019,4.0,314,12.5,España,Ribera del Duero,Red
9078244,Bodegas Frontonio,Parcela La Cerqueta Garnacha 2022,2022,4.2,312,54.2,España,Valdejalón,Red
8958353,Bodegas Luis Perez,Tintilla Carrascal 2023,2023,4.0,312,21.55,España,Cádiz,Red
1503529,Sota els Àngels,Tinto 2010,2010,4.1,309,41.62,España,Empordà,Red
7626630,Castillo de Aresan,Terruño 2019,2019,4.0,308,10.97,España,Castilla,Red
2251885,Alfredo Arribas,Trossos Tros Negre Notaria 2017,2017,4.1,308,41.14,España,Montsant,Red
5987334,Guimaro,A Ponte 2021,2021,4.0,307,29.95,España,Ribeira Sacra,Red
77873,Sierra Cantabria,Reserva 2016,2016,4.0,306,20.65,España,Rioja,Red
4152842,Tentenublo,Escondite del Ardacho Las Guillermas 2020,2020,4.1,304,40.44,España,Rioja,Red
7149930,Viña al Lado de la Casa,Altos de Las Gateras Monastrell 2022,2022,4.4,304,46.5,España,Vino de España,Red
50784,Tarsus,Ribera del Duero Reserva 2014,2014,4.0,304,45.0,España,Ribera del Duero,Red
6121551,Remelluri,Lindes de Remelluri Viñedos de San Vicente 2020,2020,4.0,304,39.9,España,Rioja,Red
2461429,Azpilicueta,Félix Azpilicueta Colección Privada 2019,2019,4.2,303,23.85,España,Rioja,Red
1235200,Dominio de Tares,Cepas Viejas Mencía Bierzo 2021,2021,4.1,301,16.4,España,Bierzo,Red
7664082,Callejo,Parajes de Callejo 2021,2021,4.0,301,46.41,España,Ribera del Duero,Red
9895044,Vinos Divertidos,Camino a Pardos Garnacha Viñas Viejas 40 Old Vines 2023,2023,4.0,300,8.95,España,Calatayud,Red
1199182,Bodegas Mano a Mano,Venta La Ossa Syrah 2019,2019,4.0,299,12.95,España,Castilla,Red
5408134,Pío del Ramo,Alont 2021,2021,4.1,299,23.1,España,Jumilla,Red
4152841,Tentenublo,Escondite del Ardacho El Abundillano 2023,2023,4.2,298,32.0,España,Rioja,Red
4437513,Costers del Priorat,Clos Alzina Vinyes Velles (Old Vines) 2022,2022,4.0,298,54.25,España,Priorato,Red
1225001,Contino,Reserva 2020,2020,4.1,297,28.36,España,Rioja,Red
1382857,Baigorri,Rioja Garnacha 2018,2018,4.0,297,22.7,España,Rioja,Red
5418047,Pago Los Balancines,Mastines Garnacha Tintorera 2017,2017,4.2,296,45.0,España,Ribera del Guadiana,Red
6415964,Casa La Rad,Tinto 2021,2021,4.0,295,17.5,España,Rioja,Red
1852273,Pagos del Moncayo,Prados 2021,2021,4.1,294,31.57,España,Campo de Borja,Red
3199636,Viña Pomal,Vinos Singulares Graciano 2019,2019,4.2,293,29.2,España,Rioja,Red
7518337,Bodegas Paco Mulero,Veinte Meses 2023,2023,4.3,293,24.95,España,Jumilla,Red
6002303,Nin-Ortiz,Nit de Nin Coma d'en Romeu Tinto 2021,2021,4.3,290,165.92,España,Priorato,Red
1607619,4 Kilos Vinícola,Grimalt Caballero 2022,2022,4.1,290,135.0,España,Mallorca,Red
10860300,Dominio Lubiano,6 Meses Tinto 2023,2023,4.0,290,20.78,España,Ribera del Duero,Red
6168244,Bodega Lanzaga,El Velado Tinto 2022,2022,4.3,290,78.9,España,Rioja,Red
11252273,José Gil,Viñedos de Labastida 2024,2024,4.1,289,23.5,España,Rioja,Red
1280374,Calandria,Tierga 2022,2022,4.1,289,29.35,España,Navarra,Red
1161487,Monteabellon,Ribera del Duero 14 Meses en Barrica 2022,2022,4.0,287,9.3,España,Ribera del Duero,Red
2203251,Covitoro,Arco del Reloj 2019,2019,4.2,285,15.98,España,Toro,Red
1223355,Convento San Francisco,Aldeasona 2016,2016,4.3,284,42.9,España,Tierra de León,Red
10722615,Baigorri,Finca Las Navas Tempranillo 2021,2021,4.1,284,30.45,España,Rioja Alavesa,Red
10590289,Juvé & Camps,Pagos de Anguix Prado Lobo Reserva 2019,2019,4.3,284,38.9,España,Ribera del Duero,Red
8752660,Tamaral,Finca Velia Ribera del Duero 2020,2020,4.3,282,29.95,España,Ribera del Duero,Red
77036,Campillo,Reserva Rioja 2018,2018,4.0,281,23.6,España,Rioja,Red
2491445,Pago de Cirsus,Vendimia Seleccionada 2022,2022,4.0,281,10.9,España,Navarra,Red
6910178,Alto Horizonte,Alto de la Cruz Garnacha 2021,2021,4.2,281,28.5,España,Madrid,Red
1150729,Casa Gran del Siurana,Priorat Cruor 2020,2020,4.1,281,20.9,España,Priorato,Red
6980840,Celler Sabaté,Plantadeta Selecció 2019,2019,4.1,280,16.95,España,Priorato,Red
3316230,Pío del Ramo,Crianza 2021,2021,4.0,278,9.71,España,Jumilla,Red
4869171,Celler Devinssi,Il.lia 2021,2021,4.2,277,45.0,España,Priorato,Red
1164218,Leda,Viñas Viejas Tempranillo 2017,2017,4.3,276,29.2,España,Castilla y León,Red
7499354,Bodegas Diaz Bayo,Díaz Bayo 20 Meses Reserva 2015,2015,4.1,275,25.45,España,Ribera del Duero,Red
6842070,Legaris,Moradillo de Roa 2020,2020,4.2,274,34.5,España,Ribera del Duero,Red
6370937,Berceo,Gonzalo de Berceo Crianza 2022,2022,4.0,274,11.55,España,Rioja,Red
1165527,Dominio del Bendito,El Primer Paso 2023,2023,4.1,273,12.95,España,Toro,Red
99554,Mustiguillo,Mestizaje Tinto 2021,2021,4.0,272,9.93,España,El Terrerazo,Red
8996354,Finca Villacreces,Specimen 2015,2015,4.4,271,69.9,España,Ribera del Duero,Red
11158975,Portia,10 Meses Selección de Barricas 2023,2023,4.0,269,10.49,España,Ribera del Duero,Red
1324170,Marqués de Murrieta,Dalmau Rioja 2019,2019,4.4,268,183.2,España,Rioja,Red
11151274,Casa Gran del Siurana,Ànima del Priorat 2022,2022,4.0,267,15.95,España,Priorato,Red
1162101,Baigorri,De Garage Rioja 2018,2018,4.1,266,41.7,España,Rioja,Red
6170276,Herència Altés,La Xalamera 2021,2021,4.0,264,32.95,España,Terra Alta,Red
11132633,Aldeya,Airaz Vino de Pago 2021,2021,4.1,264,12.9,España,Aylés,Red
4986304,Costers del Sió,Finca Siós 2017,2017,4.2,264,29.3,España,Costers del Segre,Red
11276207,Viña Zorzal,Golerga 2024,2024,4.0,263,15.95,España,Navarra,Red
1891824,Juan Manuel Burgos,Avan Cepas Centenarias 2011,2011,4.1,263,120.0,España,Ribera del Duero,Red
7632059,Bodega Juan Carlos Sancha,Cerro La Isa Garnacha 2022,2022,4.3,263,39.0,España,Rioja,Red
5343039,Raúl Pérez,Ultreia el Rapolao Mencía 2023,2023,4.1,262,48.2,España,Bierzo,Red
7041855,Abadia de Poblet,El Tossal de la Salut 2018,2018,4.1,262,29.95,España,Conca de Barberà,Red
2538963,Ondarre,Señorío de Ondarre Rioja Reserva 2019,2019,4.0,261,10.5,España,Rioja,Red
1206468,Venta Las Vacas,Ribera del Duero 2022,2022,4.0,261,17.78,España,Ribera del Duero,Red
9774585,Bodegas Piqueras,Gen One Red 2020,2020,4.2,261,39.0,España,Almansa,Red
5006230,Hornillos Ballesteros,Perfil de Mibal 2021,2021,4.3,260,33.0,España,Ribera del Duero,Red
9614677,Bodega Díez del Corral,La Piconada Crianza 2021,2021,4.0,260,13.5,España,Rioja,Red
10074396,Heraclio Alfaro,Finca Estarijo 2016,2016,4.0,259,14.5,España,Rioja,Red
1406998,Olivardots,Gresa Expressió 2009,2009,4.2,259,104.99,España,Empordà,Red
1760310,Raíz de Guzmán,Voy Olé 2023,2023,4.0,258,14.95,España,Ribera del Duero,Red
9045280,Ontañón,Tempranillo - Garnacha Crianza 2021,2021,4.0,257,7.5,España,Rioja,Red
1298038,Elvi,Clos Mesorah 2022,2022,4.3,257,68.75,España,Montsant,Red
9267636,Jesus Madrazo,Selección Ribera del Duero 2016,2016,4.3,257,66.0,España,Ribera del Duero,Red
4596746,Heras Cordon,Expresión Rioja 2016,2016,4.2,256,34.95,España,Rioja,Red
1746780,Pinna Fidelis,Ribera del Duero Gran Reserva 2019,2019,4.2,255,32.5,España,Ribera del Duero,Red
80085,Legaris,Ribera del Duero Reserva 2019,2019,4.1,255,25.95,España,Ribera del Duero,Red
6477749,El Escocés Volante,El Cismático 2020,2020,4.1,255,43.0,España,Aragón,Red
6664393,Algueira,Serradelo 2018,2018,4.0,255,39.75,España,Ribeira Sacra,Red
9528901,Carlos Moro,Garu Crianza 2022,2022,4.0,253,11.5,España,Rioja,Red
1583468,Orto Vins,Palell 2022,2022,4.0,252,57.0,España,Montsant,Red
9578660,Villota,Tinto 2021,2021,4.1,252,19.89,España,Rioja Alavesa,Red
1710574,Finca La Capilla,La Capilla Crianza 2021,2021,4.1,252,16.85,España,Ribera del Duero,Red
4968370,Bodegas Frontonio,Supersónico Garnacha 2020,2020,4.0,251,29.95,España,Valdejalón,Red
4120918,Ramos Ducher,Vendimia Seleccionada 2022,2022,4.1,250,14.25,España,Ribera del Duero,Red
1164605,Castell d'Encus,Thalarn 2018,2018,4.2,250,34.91,España,Costers del Segre,Red
12219745,Remelluri,Lindes de Remelluri Salinillas de Buradon 2021,2021,4.1,250,22.1,España,Rioja,Red
3239410,Allende,Mingortiz Rioja 2015,2015,4.1,248,48.42,España,Rioja,Red
3787127,Dominio de Tares,P3 Mencía 2016,2016,4.2,247,58.45,España,Bierzo,Red
85515,Dominio de Tares,Tares P.3 2018,2018,4.2,247,64.31,España,Bierzo,Red
9640956,Bodega Blanca Parejo,Hallado Coupage Syrah - Petit Verdot 2023,2023,4.0,247,11.75,España,Los Palacios,Red
7266039,Pepe Rodríguez de Vera,Atalaque - Garnacha del Horcajo 2021,2021,4.1,247,28.89,España,Méntrida,Red
8316702,Abadal,Matís 2021,2021,4.0,246,11.8,España,Pla de Bages,Red
6874458,MontRubí,Gaintus Vertical Sumoll 2018,2018,4.0,246,34.8,España,Penedès,Red
7945528,Forcada,La Forcada Garnacha 2021,2021,4.1,245,18.25,España,Rioja,Red
7405276,Vinyes Tortuga,Hurdy Gurdy 2019,2019,4.0,244,40.34,España,Cataluña,Red
1111660,Viña Salceda,Rioja Reserva 2020,2020,4.0,244,13.6,España,Rioja,Red
1174345,Condado de Oriza,Crianza Ribera del Duero 2021,2021,4.0,243,10.5,España,Ribera del Duero,Red
11135585,Dominio del Challao,Angelita del Challao 2020,2020,4.0,242,25.58,España,Rioja Alavesa,Red
78486,Cyan,Pago de la Calera 2016,2016,4.0,240,48.8,España,Toro,Red
12385490,Chivite,Colección 125 Vino de Guarda 2019,2019,4.2,240,70.8,España,Navarra,Red
10201738,Bodegas Septién,Boticario de Silos 2024,2024,4.2,240,13.95,España,Arlanza,Red
8958254,El Regajal,Le Petit Galia 2019,2019,4.0,240,23.85,España,Castilla y León,Red
7976069,Comando G,La Brena 1er Cru 2023,2023,4.2,239,106.0,España,Madrid,Red
62594,Telmo Rodriguez,Matallana 2020,2020,4.3,239,75.5,España,Ribera del Duero,Red
5409799,Pagos del Moncayo,Prados Colección Garnacha 2021,2021,4.1,238,14.9,España,Campo de Borja,Red
6858543,Legaris,Alcubilla de Avellaneda 2020,2020,4.1,237,36.9,España,Ribera del Duero,Red
4295688,Coca i Fitó,Samsara Priorat 2021,2021,4.1,237,18.9,España,Priorato,Red
11045602,Tihom,Tinto 2019,2019,4.0,237,31.4,España,Rioja,Red
8484522,Montecillo,Viña Monty Reserva Garnacha 2015,2015,4.2,237,36.9,España,Rioja,Red
1300790,Orto Vins,La Carrerada 2022,2022,4.0,237,42.9,España,Montsant,Red
1235710,Mas la Mola,Vi d'Altura Negre Priorat 2021,2021,4.3,236,25.85,España,Priorato,Red
7291723,Selección Lucendo,Corambres MC 2023,2023,4.1,236,9.5,España,Castilla,Red
1173927,Ferrer Bobet,Priorat Vinyes Velles 2020,2020,4.4,234,43.35,España,Priorato,Red
1467506,Mas Foraster,Josep Foraster Selecció Tinto 2022,2022,4.0,234,26.6,España,Conca de Barberà,Red
4906776,EGO,Infinito 2019,2019,4.0,233,19.5,España,Jumilla,Red
7226014,El Regajal,Galia Clos Santuy 2020,2020,4.3,232,74.5,España,Castilla y León,Red
5912258,Terra Linda,Syrah 2024,2024,4.1,232,8.6,España,La Mancha,Red
6170275,Guimaro,Camiño Real 2022,2022,4.0,231,14.35,España,Ribeira Sacra,Red
1620473,Valdubon,Ribera del Duero Reserva Tinto 2018,2018,4.1,230,26.75,España,Ribera del Duero,Red
1190555,Sierra Salinas,Mira 2017,2017,4.0,228,17.48,España,Alicante,Red
77817,Vetus,Toro 2019,2019,4.0,228,19.9,España,Toro,Red
11341348,Luzon,Origen de Luzón Garnacha Tintorera 2021,2021,4.0,227,11.0,España,Jumilla,Red
2438243,Descendientes de J. Palacios,Valdafoz Bierzo (Corullón) 2019,2019,4.3,227,130.0,España,Bierzo,Red
11201669,Bodegas Mauro,Baynos 2020,2020,4.2,227,64.98,España,Rioja,Red
2457598,Partida Creus,GR (Garrut) 2021,2021,4.1,227,24.25,España,Penedès,Red
10537398,La Furtiva,Punt Verd 2024,2024,4.1,226,12.6,España,Cataluña,Red
2022621,Casa Rojo,MMM Macho Man 2021,2021,4.0,226,23.9,España,Jumilla,Red
3741348,Bodegas Asenjo & Manso,Silvanus Edicion Limitada Ribera del Duero 2020,2020,4.3,225,24.9,España,Ribera del Duero,Red
9555738,Bodegas San Román,San Román Garnacha 2020,2020,4.1,225,47.2,España,Toro,Red
99556,Mustiguillo,Quincha Corral 2016,2016,4.4,225,82.47,España,El Terrerazo,Red
1370085,Comando G,El Hombre Bala 2021,2021,4.0,224,26.21,España,Madrid,Red
10120795,Altanza,Colección de Artistas Españoles Velázquez 2011,2011,4.3,224,33.6,España,Rioja,Red
1679600,Barahonda,Summum Monastrell 2022,2022,4.2,223,18.5,España,Yecla,Red
2391563,Figuero,Viñas Viejas 2020,2020,4.1,223,29.0,España,Ribera del Duero,Red
1688314,Bodegas Viyuela,Selección Tempranillo 2022,2022,4.2,221,9.66,España,Ribera del Duero,Red
4151592,Malella,Tinto 2018,2018,4.1,221,16.95,España,Montsant,Red
7560080,Alto Moncayo,Locos Por El Vino Gruñón Garnacha - Shiraz 2018,2018,4.1,221,18.8,España,Campo de Borja,Red
5152620,Can Serra dels Exibis,La Baula 2022,2022,4.1,220,26.5,España,Pla de Bages,Red
7714894,Hacienda López de Haro,Gran Reserva Classica Tinto 2005,2005,4.3,219,47.75,España,Rioja,Red
8760918,Telmo Rodriguez,Pegaso Arrebatacapas 2022,2022,4.2,219,71.15,España,Madrid,Red
4298126,Vins del Tros,Señora Carmen 2022,2022,4.0,219,22.0,España,Terra Alta,Red
10891910,Detilio,Ribera del Duero Tinto 2023,2023,4.3,219,30.5,España,Ribera del Duero,Red
2678463,Viña Pedrosa,Pérez Pascuas Gran Reserva Gran Selección 2014,2014,4.4,218,245.53,España,Ribera del Duero,Red
1580824,Terra Remota,Usted 2019,2019,4.4,218,181.95,España,Empordà,Red
9524049,El Mas de l'A,Lo Noir 2022,2022,4.1,217,32.59,España,Priorato,Red
1931355,Bodega Juan Carlos Sancha,Peña el Gato Garnacha 2021,2021,4.1,217,14.16,España,Rioja,Red
7166417,Cellers Sant Rafel,Solpost Origen 2019,2019,4.1,217,15.95,España,Montsant,Red
5885906,Valdeorite,Lar de Barros Crianza 2021,2021,4.0,216,7.95,España,Ribera del Guadiana,Red
12257060,Familia Gil,Biloba de Vera Parcelas Seleccionadas 2021,2021,4.2,216,20.5,España,Rioja Alavesa,Red
2614898,Covila,II Gran Reserva 2017,2017,4.1,215,18.4,España,Rioja,Red
98813,Casa Castillo,Valtosca Syrah 2021,2021,4.0,215,17.54,España,Jumilla,Red
4580888,Dominio de Anza,Selección de Parcelas 2020,2020,4.0,214,53.28,España,Bierzo,Red
1452292,Sinforiano,Tinto Reserva 2017,2017,4.2,214,17.96,España,Cigales,Red
10076955,Vinicola de Castilla,Guadianeja Paraje Alto Hungrao Tempranillo 2023,2023,4.0,213,8.9,España,La Mancha,Red
9309559,Lagravera,Cíclic Negre 2019,2019,4.1,213,23.9,España,Costers del Segre,Red
12274482,Remelluri,Lindes de Remelluri Viñedos de Peciña 2020,2020,4.0,213,21.88,España,Rioja,Red
10646264,Oller del Mas,Parcel La Margenat Especial Picapoll Negre 2021,2021,4.2,212,64.0,España,Pla de Bages,Red
2882799,Hispano Suizas,Bassus Finca Casilla Herrera 2017,2017,4.1,212,31.36,España,Valencia,Red
1637907,Asensio Carcelén,Pura Sangre 2016,2016,4.1,212,15.3,España,Jumilla,Red
1196853,Honoro Vera,Garnacha 2024,2024,4.0,211,6.35,España,Calatayud,Red
6411358,Abel Mendoza Monge,Grano a Grano Graciano - Garnacha 2022,2022,4.4,211,51.0,España,Rioja,Red
10098126,Suertes del Marqués,Las Suertes 2022,2022,4.0,210,36.3,España,Valle de la Orotava,Red
7160130,Bodega Negón Gonzales,Kairyo 2020,2020,4.2,210,21.51,España,Ribera del Duero,Red
6445125,Bodega Ca'n Verdura,San Agulló Mantonegro Tomeu Llabres 2024,2024,4.3,210,37.6,España,Binissalem-Mallorca,Red
2383155,Cims de Porrera,Vi de Vila Porrera  Caranyana - Garnatxa 2020,2020,4.1,210,19.0,España,Priorato,Red
6751980,Cuevas de Arom,Tuca Negra 2022,2022,4.1,209,91.7,España,Campo de Borja,Red
3662162,Alfredo Arribas,Gotes del Priorat 2021,2021,4.1,209,33.24,España,Priorato,Red
11457516,Costers del Priorat,Rocafosca 2020,2020,4.1,208,37.88,España,Priorato,Red
1148433,Bodegas Mano a Mano,Venta La Ossa Tempranillo 2018,2018,4.1,208,12.93,España,Castilla,Red
2278842,Pago Aylés,é de Aylés 2019,2019,4.0,208,10.95,España,Aragón,Red
11871988,Bodegas Mauro,Mauro Valeyo 2021,2021,4.0,207,30.51,España,Bierzo,Red
10499585,Arrocal,Selección Especial 2022,2022,4.1,207,20.95,España,Ribera del Duero,Red
2172207,Arroyo,Gran Reserva Tinto 2012,2012,4.1,206,24.5,España,Ribera del Duero,Red
1939841,Finca Sandoval,La Rosa de Finca Sandoval 2022,2022,4.1,205,29.9,España,Manchuela,Red
2607289,Pagos de Mogar,Colección Privada 2019,2019,4.3,205,33.6,España,Ribera del Duero,Red
9523295,Bodega Bruno Ruiz - Esencia Rural,De Sol a Sol Tempranillo 2019,2019,4.0,204,32.16,España,La Mancha,Red
1151536,Dominio do Bibei,Lacima 2019,2019,4.2,204,38.6,España,Ribeira Sacra,Red
10090417,Bodegas Aragonesas,Terroir Nabulé Garnacha 2019,2019,4.2,204,25.95,España,Campo de Borja,Red
5307303,Marques de Vargas,Selección Privada 2015,2015,4.3,204,57.0,España,Rioja,Red
1133062,Dominio del Bendito,El Titán del Bendito 2021,2021,4.4,204,65.05,España,Toro,Red
11933168,Bodegas Cosme Palacio,Cosme Palacio Vino de Laguardia 2019,2019,4.1,204,17.1,España,Rioja,Red
3505802,Olivier Rivière,Rioja Gabaxo 2020,2020,4.0,203,18.92,España,Rioja,Red
7662666,Viñas del Cénit,Pago las Salinas 2021,2021,4.2,203,54.95,España,Tierra del Vino de Zamora,Red
1309336,Beronia,Rioja Reserva Mazuelo 2016,2016,4.0,202,25.9,España,Rioja,Red
8958138,Massaluca,Garnatxa Negra - Samsó 2023,2023,4.0,202,10.0,España,Terra Alta,Red
1408612,Licinia,Red 2018,2018,4.2,202,40.9,España,Madrid,Red
4563977,D. Mateos,La Mateo Colección de Familia Vendimia 2022,2022,4.1,202,21.6,España,Rioja,Red
23110,Bodegas Valduero,Ribera Del Duero Reserva 2017,2017,4.2,201,37.9,España,Ribera del Duero,Red
11002903,Bodegas Antonio Serrano,Etiqueta Negra 2020,2020,4.1,201,16.9,España,Castilla,Red
1814122,Murua,VS Murua 2021,2021,4.1,200,16.3,España,Rioja,Red
4829864,Pago Los Balancines,Haragán Reserva Especial 2018,2018,4.2,199,26.5,España,Ribera del Guadiana,Red
8476583,VALENCISO,Graciano 2020,2020,4.0,199,34.9,España,Rioja,Red
1274591,Albet i Noya,Belat Penedès 2013,2013,4.3,199,64.84,España,Penedès,Red
8757866,Gómez Cruzado,Reserva Cuveé Especial 2022,2022,4.0,199,8.32,España,Rioja,Red
4018329,Tajinaste,Vendimia Seleccionada 2023,2023,4.0,198,28.5,España,Valle de la Orotava,Red
1314723,Territorio Luthier,Lara O 2018,2018,4.2,198,28.0,España,Ribera del Duero,Red
8122074,Pujanza,La Paul 2022,2022,4.1,197,37.11,España,Rioja,Red
99978,Portal del Priorat,Clos del Portal Negre de Negres 2021,2021,4.2,197,53.02,España,Priorato,Red
6155669,Olivier Rivière,Pozo Alto 2018,2018,4.3,197,122.5,España,Rioja,Red
12194778,Remelluri,Lindes de Remelluri Vinedos de Abalos 2021,2021,4.1,197,23.75,España,Rioja,Red
6225310,4 Monos,La Danza del Viento La Isilla 2022,2022,4.1,197,38.9,España,Cariñena,Red
11316262,Valquejigoso,Carpetano Garnacha 2019,2019,4.1,196,15.3,España,Madrid,Red
1615,Castell del Remei,ODA Negre 2019,2019,4.0,196,14.5,España,Costers del Segre,Red
7622810,Loess,Essence 2022,2022,4.0,195,18.5,España,Ribera del Duero,Red
11702648,Azpilicueta,Instinto Tinto 2021,2021,4.0,195,17.4,España,Rioja,Red
8432145,Bodega Bideona,Las Parcelas Tinto 2019,2019,4.1,195,15.65,España,Rioja Alavesa,Red
1190083,Larchago,Crianza 2021,2021,4.1,194,9.5,España,Rioja,Red
1204482,Bodega Emina,Crianza 2019,2019,4.0,193,18.5,España,Ribera del Duero,Red
10105793,Finca Rodma,Avizor 2020,2020,4.3,193,31.8,España,Ribera del Duero,Red
78469,Valdelosfrailes,Pago de Las Costanas 2020,2020,4.1,192,42.9,España,Castilla y León,Red
26404,Celler de Capçanes,La Flor del Flor de Primavera Old Vines Garnatxa 2022,2022,4.2,192,40.95,España,Montsant,Red
5374488,Dehesa de Luna,Gran Luna 2017,2017,4.2,192,22.2,España,Castilla,Red
6202147,Raúl Pérez,Los Arrotos del Pendón Prieto Picudo 2019,2019,4.0,192,19.25,España,Tierra de León,Red
7041879,Montebaco,Parcela Cara Norte 2020,2020,4.0,192,19.95,España,Ribera del Duero,Red
5388532,Bodega Campo Eliseo,Campo Eliseo 2008,2008,4.1,192,48.0,España,Toro,Red
7120470,Viña Zorzal,Lecciones de Vuelo 2018,2018,4.1,191,53.65,España,Navarra,Red
1137635,Quinta Sardonia,QS2 2019,2019,4.1,191,31.65,España,Castilla y León,Red
6919221,Balbas,Crianza 2021,2021,4.2,191,24.8,España,Ribera del Duero,Red
18485,Condado de Haza,Ribera del Duero Reserva 2018,2018,4.1,189,30.67,España,Ribera del Duero,Red
10539990,El Pacto,Valdechuecas Viñedo Singular 2021,2021,4.3,189,50.0,España,Rioja,Red
1552223,Dehesa del Carrizal,MV 2020,2020,4.0,189,11.0,España,Dehesa del Carrizal,Red
4611102,Puente de Rus,Ponteus Aulus Vineyards XVII Parcel Red Blend 2020,2020,4.1,188,16.65,España,La Mancha,Red
13237482,Arrocal,Paraje de Los Colmenares 2023,2023,4.1,188,23.5,España,Ribera del Duero,Red
1139120,Viña Pedrosa,La Navilla 2018,2018,4.3,188,37.55,España,Ribera del Duero,Red
9048340,Juvé & Camps,Pagos de Anguix Barrueco 2019,2019,4.2,187,29.95,España,Ribera del Duero,Red
1595263,Artuke,Finca de los Locos Rioja 2020,2020,4.0,187,40.0,España,Rioja,Red
1361982,Castell d'Encus,Acusp 2020,2020,4.1,187,40.0,España,Costers del Segre,Red
10482150,Michelini i Mufatto,A Merced de Bierzo Mencía 2021,2021,4.0,186,19.0,España,Bierzo,Red
11162976,Raul Moreno,La Inflexion 2023,2023,4.1,186,29.45,España,Jerez-Xérès-Sherry,Red
1877847,Tianna Negre,Tianna Bocchoris Negre 2019,2019,4.0,186,16.48,España,Binissalem-Mallorca,Red
1189245,Clos Galena,Formíga de Vellut 2021,2021,4.0,185,18.5,España,Priorato,Red
4050152,Clos Pons,Pla del Tet 2021,2021,4.2,185,24.5,España,Costers del Segre,Red
4243773,Monteabellon,Finca Matambres 2020,2020,4.2,185,28.0,España,Ribera del Duero,Red
2426350,Divina Clementia,Mencia 2017,2017,4.2,185,41.27,España,Ribeira Sacra,Red
5887182,Partida Creus,TP (Trepat) 2022,2022,4.1,184,26.6,España,Cataluña,Red
1467541,Joan d'Anguera,Altaroses 2022,2022,4.0,184,17.5,España,Montsant,Red
9691787,Asúa,Reserva 2019,2019,4.0,184,35.4,España,Rioja,Red
5261745,Francisco Barona,Tinto 2023,2023,4.4,182,39.9,España,Ribera del Duero,Red
1909654,Baron de Ley,Siete (7) Viñas Reserva Rioja 2017,2017,4.1,182,23.25,España,Rioja,Red
5871657,Baigorri,Maturana 2021,2021,4.1,181,39.75,España,Rioja,Red
51644,Guelbenzu,Evo 2018,2018,4.0,181,13.2,España,Ribera del Queiles,Red
6733764,Bodegas Valdemar,Conde de Valdemar Edición Limitada 2020,2020,4.2,181,38.9,España,Rioja,Red
1438944,Ferré I Catasús,Gall Negre 2020,2020,4.0,181,20.0,España,Penedès,Red
1207249,Mas d'en Gil,Coma Vella Priorat 2005,2005,4.1,181,32.0,España,Priorato,Red
1322231,Covila,II Reserva 2018,2018,4.0,181,11.6,España,Rioja,Red
6773233,Bodega de Bardos,Reserva 2020,2020,4.1,181,19.75,España,Ribera del Duero,Red
15499,Bodegas Valdemar,Inspiración Sélección 2020,2020,4.0,180,11.5,España,Rioja,Red
2588919,Celler la Salada,Maçaners Sumoll 2021,2021,4.0,180,32.7,España,Penedès,Red
6006478,Pagos del Rey,Arnegui Gran Reserva 2018,2018,4.1,179,15.95,España,Rioja,Red
1765087,Lavia,Finca Paso Malo 2016,2016,4.1,179,29.85,España,Bullas,Red
6220617,Ramos Ducher,Crianza 2021,2021,4.0,179,23.2,España,Ribera del Duero,Red
7501874,Viñedos y Bodegas Muñoz,Finca Muñoz Colección de la Familia 2022,2022,4.0,179,7.65,España,Castilla,Red
7772880,Mill,Crianza 2020,2020,4.0,179,16.9,España,Ribera del Duero,Red
2291954,Clos de l'Ona,Tinto 2021,2021,4.1,179,34.6,España,Priorato,Red
5766586,Bodegas Faustino,Reserva Especial Icon Edition 2017,2017,4.1,178,31.99,España,Rioja Alavesa,Red
6457121,Corrales Espinosa,Néctar de Farruche 2023,2023,4.1,178,13.6,España,Valdepeñas,Red
8679276,Leda,Guarda de Leda Selección Tempranillo 2019,2019,4.1,177,43.9,España,Castilla y León,Red
7166149,Corrales Espinosa,José Manuel Corrales 2023,2023,4.4,177,29.05,España,Valdepeñas,Red
11915203,Ramón Bilbao,Edición Limitada Garnacha 2019,2019,4.0,177,13.15,España,Rioja,Red
10585816,Bodega Juan Carlos Sancha,Peña El Gato Granito Garnacha 2023,2023,4.1,177,19.5,España,Rioja,Red
11100367,Dominio de Cair,Las Matillas La Esencia 2022,2022,4.4,176,72.0,España,Ribera del Duero,Red
1619150,Sota els Àngels,Desea 2010,2010,4.1,176,24.32,España,Empordà,Red
1153640,Bodegas El Sequé,Laderas de El Sequé Alicante 2021,2021,4.0,176,21.25,España,Alicante,Red
4544612,Carlos Moro,Oinoz Tempranillo Crianza 2021,2021,4.0,176,9.5,España,Rioja,Red
4258901,Vinos Valtuille,Cabanelas Mencia 2019,2019,4.3,175,39.91,España,Bierzo,Red
12148142,El Reventón,La Reina 2023,2023,4.1,175,32.95,España,Madrid,Red
9332946,Artadi,De La Hoya Single Vineyard Tempranillo 2023,2023,4.2,175,54.0,España,Rioja,Red
1246425,Venta del Puerto,No. 18 Vendimia Selección 2018,2018,4.1,175,14.75,España,Valencia,Red
8077892,Domeco de Jarauta,El Cisne Negro 2023,2023,4.0,175,13.9,España,Rioja,Red
1548044,Gómez Cruzado,Honorable 2019,2019,4.1,174,25.3,España,Rioja,Red
6156875,Sierra de Toloño,Camino de Santa Cruz 2022,2022,4.1,174,35.55,España,Rioja,Red
2212750,Altovela,Campo Amable Crianza 2021,2021,4.0,174,8.3,España,La Mancha,Red
6735860,Bodega Doña Felisa,Mercure 2015,2015,4.4,174,81.0,España,Andalucía,Red
11119980,Oxer Wines,Kuusu 2021,2021,4.4,174,95.0,España,Vino de España,Red
9269324,Bodega Buen Camino,Noroeste 2023,2023,4.0,174,12.0,España,Ribera del Duero,Red
12178182,Comando G,Villanueva 2024,2024,4.1,174,60.97,España,Madrid,Red
9957553,Huerto de la Condesa,La Palmera 2022,2022,4.2,174,26.9,España,Sierras de Málaga,Red
21212,Bodega Elias Mora,Toro Gran Elías Mora 2015,2015,4.1,174,32.3,España,Toro,Red
10667095,Castellet,Reblum 2022,2022,4.0,174,18.25,España,Priorato,Red
8716900,Bodega Bideona,Laguardia (L4GD4) 2018,2018,4.1,173,27.3,España,Rioja Alavesa,Red
5901368,El Vinyer,Nummulit 2021,2021,4.0,172,17.0,España,Costers del Segre,Red
2306088,La Vinyeta,Puntiapart 2019,2019,4.0,172,12.42,España,Empordà,Red
8229817,Fazenda Prádio,Pacio 2021,2021,4.1,172,67.82,España,Galicia,Red
1228666,Altanza,Familia Rioja 2017,2017,4.1,172,19.9,España,Rioja,Red
9142017,Bodegas Sembro,Edición Limitada Tempranillo 2022,2022,4.0,171,15.0,España,Ribera del Duero,Red
7105940,Sínodo Vitivinícola,Sínodo Los Tollos 2020,2020,4.1,170,31.9,España,Rioja,Red
10079524,Telmo Rodriguez,YJAR 2017,2017,4.4,169,225.0,España,Rioja Alavesa,Red
6880759,4 Monos,Cien Lanzas Cenicientos 2020,2020,4.0,169,35.3,España,Madrid,Red
9850492,Oller del Mas,Ròmia 2018,2018,4.3,169,61.6,España,Pla de Bages,Red
88836,Lan,Culmen Reserva Rioja 2019,2019,4.4,169,46.8,España,Rioja,Red
9779456,Yllera,Meraldis Tempranillo 2015,2015,4.3,169,32.5,España,Ribera del Duero,Red
2140124,Guelbenzu,Lombana 2009,2009,4.2,169,12.75,España,Ribera del Queiles,Red
1958423,Celler del Roure,Maduresa 2021,2021,4.0,168,23.0,España,Valencia,Red
4928013,Montecastro,Reserva 2019,2019,4.2,168,32.3,España,Ribera del Duero,Red
7086991,Jean Leon,Reserva Cabernet Sauvignon 1999,1999,4.3,168,65.94,España,Cataluña,Red
4626238,Bodegas Valduero,Finca Azaya 2019,2019,4.1,168,23.9,España,Castilla y León,Red
7584610,Viña al Lado de la Casa,Altos de las Gateras Syrah 2021,2021,4.3,168,46.0,España,Yecla,Red
2320723,Lynus,Alma López 2023,2023,4.0,167,16.4,España,Ribera del Duero,Red
19486,Tinto Pesquera,Janus Crianza 2018,2018,4.3,167,318.2,España,Ribera del Duero,Red
6815463,Aseginolaza & Leunda,Cuvée 2022,2022,4.0,166,18.95,España,Navarra,Red
8432447,Dominio Fournier,Reserva 2019,2019,4.2,166,34.9,España,Ribera del Duero,Red
11217437,Pepe Mendoza Casa Agrícola,Fierroca 2024,2024,4.3,165,65.85,España,Alicante,Red
10786606,Colonias de Galeón,Colonia 40 2024,2024,4.0,165,13.0,España,Sierra Norte de Sevilla,Red
2100126,Museum,Reserva 2021,2021,4.0,165,12.95,España,Cigales,Red
1190294,Campillo,Finca Cuesta Clara Raro Reserva 2017,2017,4.2,165,42.0,España,Rioja,Red
8076081,Pago Aylés,Senda de Leñadores 2020,2020,4.0,165,12.83,España,Aragón,Red
3807612,Merum Priorati,Destí 2021,2021,4.2,165,42.0,España,Priorato,Red
9724121,Bodega Pirineos,Cuvée Marboré 2020,2020,4.1,164,22.2,España,Somontano,Red
1110327,El Vínculo,La Mancha Reserva 2018,2018,4.1,164,16.5,España,La Mancha,Red
13560042,Protos,3er Año Crianza 2021,2021,4.1,164,18.95,España,Ribera del Duero,Red
1202737,Clos d'Agon,Tinto 2020,2020,4.2,164,46.52,España,Cataluña,Red
9458429,Bell Cros,El Tracte 2021,2021,4.1,164,24.95,España,Montsant,Red
5972324,Allende,Gaminde 2016,2016,4.3,164,48.53,España,Rioja,Red
5370798,Bodega Contador (Benjamín Romeo),Coleccion No. 3 Cosecha El Bombón 2016,2016,4.4,163,181.27,España,Rioja,Red
11759190,Dominio Lubiano,Limited Edition 2020,2020,4.3,163,30.37,España,Ribera del Duero,Red
2340708,Jaro,Jaros 2020,2020,4.1,163,18.0,España,Ribera del Duero,Red
1605032,Habla,Syrah 2022,2022,4.2,163,24.01,España,Extremadura,Red
7953532,Comando G,El Tamboril Tinto 2023,2023,4.3,163,220.0,España,Castilla y León,Red
7037684,Avelino Vegas,Áureo 2018,2018,4.1,163,20.0,España,Ribera del Duero,Red
5919175,Pepe Rodríguez de Vera,Dominio de Casalta - Vallejo de Víctor Baja Extracción 2022,2022,4.3,163,29.25,España,Almansa,Red
7682065,Rupestre de Alpera,Reserve Garnacha Tintorera 2019,2019,4.0,162,12.75,España,Almansa,Red
2017099,Vins del Tros,Lo Morenillo 2021,2021,4.0,162,24.0,España,Terra Alta,Red
1155151,Valderiz,Tinto 2021,2021,4.2,162,18.9,España,Ribera del Duero,Red
2076597,Murua,Veguin de Murua Gran Reserva 2015,2015,4.4,161,42.9,España,Rioja,Red
8884483,Finca Fella,Altado Monastrell 2022,2022,4.0,161,10.95,España,Almansa,Red
1794507,Vall Llach,Porrera Vi de Vila 2021,2021,4.3,161,38.39,España,Priorato,Red
3036211,Vara Y Pulgar,Tintilla 2022,2022,4.0,161,16.5,España,Cádiz,Red
9497762,Clos Pachem,Camí de la Mina 2020,2020,4.1,161,31.9,España,Priorato,Red
13254826,Bodegas Javier San Pedro Ortega,Nunca Jamas 2023,2023,4.1,161,14.79,España,Rioja,Red
10074686,Viña Somoza,Alma Do Vello Tesouro Viñedos En Rubia Albarello 2021,2021,4.1,160,32.72,España,Valdeorras,Red
12872153,Bodegas Peñafiel,Miros de Ribera Vendimia Seleccionada 20 Meses 2021,2021,4.2,159,19.85,España,Ribera del Duero,Red
1216614,Bodegas Luis Perez,Garum 2023,2023,4.0,159,12.85,España,Cádiz,Red
1444939,Solorca,Gran Solorca Gran Reserva 2016,2016,4.0,158,18.0,España,Ribera del Duero,Red
6808490,Alvarez Duran,Porrera 2023,2023,4.3,158,49.91,España,Priorato,Red
6021362,Canals Canals,Sentiments Priorat 2021,2021,4.1,158,12.68,España,Priorato,Red
1638094,Viñas del Cénit,Vía Cenit 2018,2018,4.0,158,18.88,España,Tierra del Vino de Zamora,Red
5052432,Alta Alella,Merla 2021,2021,4.1,158,18.9,España,Alella,Red
12798216,Tarón,Territorio Tinto 2017,2017,4.0,157,14.2,España,Rioja Alta,Red
4989157,Proyecto Garnachas de España,El Garnacho Viejo de la Familia Acha 2017,2017,4.4,157,101.0,España,Rioja,Red
4184136,Dominio de Cair,Tierras de Cair Reserva 2019,2019,4.2,157,36.9,España,Ribera del Duero,Red
10220931,Finca Rodma,Gran Rodma 2022,2022,4.4,157,52.9,España,Ribera del Duero,Red
4415139,Raúl Pérez,La Penitencia 2023,2023,4.2,156,68.95,España,Ribeira Sacra,Red
5017004,Remelluri,Coleccion Jaime Rodriguez Granja Nuestra Senora de Remulleri 2005,2005,4.4,156,73.16,España,Rioja,Red
5744439,Losada,Altos de Losada La Senda del Diablo 2023,2023,4.2,156,36.51,España,Bierzo,Red
1222476,Terra Remota,Camino 2022,2022,4.2,156,20.5,España,Empordà,Red
8594630,Bodegas Exopto,La Mimbrera de Exopto Graciano Tinto 2022,2022,4.0,155,31.75,España,Rioja,Red
9247763,Altún,San Quiles Graciano 2023,2023,4.3,155,33.6,España,Rioja,Red
11631610,Bodega Contador (Benjamín Romeo),Alma 2022,2022,4.3,155,94.9,España,Rioja,Red
5239231,Heredad de Atencia,Atencia 2015,2015,4.3,155,16.0,España,Vino de España,Red
9164546,L'Enclòs de Peralba,Els Escorpins Garnatxa Negra 2022,2022,4.0,154,31.99,España,Cataluña,Red
1995367,Gutiérrez de la Vega,Imagine 2021,2021,4.0,154,30.4,España,Alicante,Red
8862782,Michelini i Mufatto,Post Crucifixión 2021,2021,4.3,153,296.8,España,Bierzo,Red
5624884,Celler de Capçanes,Mas Collet Selecció 2022,2022,4.0,153,9.14,España,Montsant,Red
1177010,Martí Fabra,Selecció Vinyes Velles Empordà 2023,2023,4.0,153,12.95,España,Empordà,Red
9883477,Tomás Postigo,Tinto 2022,2022,4.2,153,37.2,España,Ribera del Duero,Red
4763676,Edetària,Finca La Genuïna 2020,2020,4.2,152,39.3,España,Terra Alta,Red
1776797,Algueira,Carravel 2017,2017,4.1,152,23.5,España,Ribeira Sacra,Red
12431880,Aiurri,Landua 2022,2022,4.1,151,20.88,España,Rioja,Red
2570271,Mas de Subirà,Criança 2019,2019,4.0,151,25.2,España,Priorato,Red
10697173,José Gil,Parcela El Bardallo Tinto 2023,2023,4.1,150,37.9,España,Rioja,Red
1183710,Bodegas Ateca,Atteca Garnacha (Old Vines) 2022,2022,4.1,150,12.65,España,Calatayud,Red
8128340,Olivardots,Flor d'Empordà 2020,2020,4.3,149,36.99,España,Empordà,Red
7838383,Juvé & Camps,Iohannes Cabernet Sauvignon - Merlot 2015,2015,4.2,149,36.8,España,Penedès,Red
11543325,Bodega de Bardos,Viñedos de Altura 2022,2022,4.0,149,14.3,España,Ribera del Duero,Red
1317903,Lynus,Año de Gracia 2018,2018,4.4,149,34.98,España,Ribera del Duero,Red
2226154,Celler Mas Pòlit,Tinto 2021,2021,4.0,149,15.4,España,Empordà,Red
10364075,Jose Antonio García,Julia Mencia 2022,2022,4.0,149,24.45,España,Bierzo,Red
1665992,Abadía Retuerta,Cuvée Palomar 2020,2020,4.3,148,48.9,España,Abadía Retuerta,Red
7220925,Mas Vida,Vida Nua 2021,2021,4.1,148,18.5,España,Empordà,Red
1382518,Losada,El Pajaro Rojo Mencia 2023,2023,4.0,148,10.5,España,Bierzo,Red
1660623,Guimaro,Finca Meixeman Ribeira Sacra Mencia 2022,2022,4.0,148,25.57,España,Ribeira Sacra,Red
7256945,Carlos Ruben,Antonio Antonia 2018,2018,4.0,147,24.95,España,Aragón,Red
9285780,Oxer Wines,Tartalo 2023,2023,4.4,147,125.0,España,Rioja,Red
8550226,Can Sumoi,Sumoll - Garnatxa 2023,2023,4.0,146,15.45,España,Cataluña,Red
1385210,Familia Torres,Sangre de Toro 2023,2023,3.5,40645,4.85,España,Cataluña,Red
1125132,Volver,Tarima Monastrell 2024,2024,3.7,22841,6.2,España,Alicante,Red
15713,Barahonda,Barrica Tinto (Monastrell - Syrah) 2023,2023,3.7,22191,8.08,España,Yecla,Red
1145808,Casa Gran del Siurana,Priorat GR-174 2024,2024,3.9,21629,12.55,España,Priorato,Red
1230965,Evodia,Old Vines Garnacha 2023,2023,3.6,19368,8.25,España,Calatayud,Red
1154856,Enate,Cabernet Sauvignon - Merlot 2023,2023,3.6,16214,7.75,España,Somontano,Red
1138914,Palacios Remondo,Rioja La Vendimia 2023,2023,3.7,15113,9.75,España,Rioja,Red
9056,Enate,Tempranillo - Cabernet Sauvignon Crianza 2022,2022,3.7,13199,8.75,España,Somontano,Red
1139124,Viña Pedrosa,Cepa Gavilán Crianza Ribera del Duero 2023,2023,3.8,12916,12.5,España,Ribera del Duero,Red
1978855,Habla,La Tierra 2024,2024,3.7,12900,7.95,España,Extremadura,Red
1234768,Terra d'Uro,Finca La Rana 2022,2022,3.6,12574,10.25,España,Toro,Red
1211850,Vetus,Flor de Vetus 2022,2022,3.7,11924,10.25,España,Toro,Red
1490673,Alceño,Premium 50 Barricas Syrah 2024,2024,3.8,11322,10.6,España,Jumilla,Red
1822301,Azpilicueta,Crianza 2022,2022,3.6,10780,9.75,España,Rioja,Red
2328702,Bodegas Cosme Palacio,Glorioso Rioja Reserva 2021,2021,3.9,10694,9.0,España,Rioja,Red
1137120,Castaño,Solanera Viñas Viejas 2022,2022,3.7,10658,7.7,España,Yecla,Red
1203045,Les Cousins Marc & Adrià,L'Inconscient 2024,2024,3.8,10159,11.45,España,Priorato,Red
1631613,Pittacum,Mencía 2021,2021,3.8,10039,11.27,España,Bierzo,Red
7686972,EGO,Goru Gold 2022,2022,3.8,9971,11.95,España,Jumilla,Red
1633909,Vizcarra,Ribera del Duero Senda del Oro 2024,2024,3.7,9427,10.4,España,Ribera del Duero,Red
1239828,Teso La Monja,Románico 2023,2023,3.7,9129,9.5,España,Toro,Red
1100804,Can Blau,Can Blau 2022,2022,3.9,9029,12.95,España,Montsant,Red
3343395,Castillo Perelada,3 Finques (Fincas) 2022,2022,3.5,8981,7.55,España,Empordà,Red
1128204,Huerta de Albala,Barbazul Tinto 2023,2023,3.7,8929,9.5,España,Cádiz,Red
1939184,Dominio de Cair,Cair Cuvée 2023,2023,3.7,8877,11.5,España,Ribera del Duero,Red
6519,Finca Constancia,Parcela 23 Tempranillo 2023,2023,3.6,8747,7.8,España,Castilla,Red
1885785,EGO,Fuerza 2021,2021,3.8,8675,9.75,España,Jumilla,Red
1172227,Barahonda,Carro 2024,2024,3.7,8658,5.95,España,Yecla,Red
7618601,Bodegas Muga,El Andén de la Estación Crianza 2023,2023,3.9,8363,11.9,España,Rioja,Red
1428605,Lan,D-12 Rioja 2022,2022,3.9,7825,11.55,España,Rioja,Red
1205748,Herència Altés,Garnatxa Negra 2025,2025,3.6,7810,10.95,España,Terra Alta,Red
1135605,Tábula,Damana 5 Ribera del Duero 2023,2023,3.7,7796,9.58,España,Ribera del Duero,Red
1206528,El Vínculo,Tinto 2021,2021,3.7,7793,10.6,España,La Mancha,Red
2651,Familia Torres,Atrium Merlot 2024,2024,3.7,7719,10.95,España,Penedès,Red
1486336,Proyecto Garnachas de España,La Garnatxa Fosca del Priorat 2023,2023,3.8,7450,14.3,España,Priorato,Red
1165903,Bodegas Arraez,Mala Vida 2023,2023,3.7,7440,7.4,España,Valencia,Red
1915104,Artuke,Pies Negros Rioja 2024,2024,3.8,7438,13.6,España,Rioja,Red
1532992,Jean Leon,Merlot - Petit Verdot Penedès 3055 2024,2024,3.7,7383,12.85,España,Penedès,Red
1477639,Carlos Serres,Rioja Tempranillo 2024,2024,3.5,7324,6.45,España,Rioja,Red
1142921,El Grillo y La Luna,12 Lunas Tinto 2022,2022,3.8,7148,10.3,España,Somontano,Red
1204787,Finca Torremilanos,Los Cantos de Torremilanos 2022,2022,3.8,6911,13.85,España,Ribera del Duero,Red
2758426,Pittacum,Petit Pittacum 2024,2024,3.6,6866,6.9,España,Bierzo,Red
1613631,Volver,Tarima Organic 2025,2025,3.7,6865,6.9,España,Alicante,Red
1367703,The Wine Love,Gran Cerdo Tempranillo 2024,2024,3.7,6748,7.55,España,Rioja,Red
50774,Tarsus,Ribera del Duero Crianza 2022,2022,3.7,6644,13.9,España,Ribera del Duero,Red
7281325,Parajes del Valle,Monastrell 2020,2020,3.7,6628,11.25,España,Jumilla,Red
1821556,Bodega Otazu,Otazu Premium Cuvée 2024,2024,3.8,6598,13.0,España,Navarra,Red
2152418,Artuke,Artuke Rioja 2025,2025,3.7,6458,8.05,España,Rioja,Red
1192990,Bodegas Mano a Mano,Mano a Mano 2022,2022,3.6,6427,6.38,España,Castilla,Red
1135311,Cune (CVNE),Crianza 2020,2020,3.7,6386,6.5,España,Rioja,Red
2434457,Divina Proporción,Toro 24 Mozas 2023,2023,3.8,6267,8.9,España,Toro,Red
2492401,Cune (CVNE),Roble 2024,2024,3.6,6262,7.99,España,Ribera del Duero,Red
1163217,Campo Viejo,Reserva 2017,2017,3.8,6099,10.55,España,Rioja,Red
1246882,Bodegas Care,Tinto Roble Garnacha - Syrah 2024,2024,3.6,6078,7.35,España,Cariñena,Red
1428416,Viñas del Vero,Gran Vos Reserva Somontano 2018,2018,3.9,6059,18.5,España,Somontano,Red
3540352,Bodegas Frontonio,Botijo Rojo Garnacha Tinta 2024,2024,3.7,5976,10.25,España,Valdejalón,Red
8622,El Coto,Coto de Imaz Rioja Reserva 2019,2019,3.9,5880,22.4,España,Rioja Alavesa,Red
1241735,Altavins,Almodí Petit Tinto 2024,2024,3.6,5747,14.4,España,Terra Alta,Red
62474,Bodega Lanzaga,LZ Rioja 2023,2023,3.5,5734,12.97,España,Rioja,Red
1633542,Cillar de Silos,Tempranillo Ribera del Duero 2024,2024,3.7,5480,11.4,España,Ribera del Duero,Red
2300616,Dominio de Atauta,Torre de Golban Crianza 2020,2020,3.7,5396,13.5,España,Ribera del Duero,Red
1446214,Matarromera,Melior Ribera del Duero 2024,2024,3.5,5394,9.2,España,Ribera del Duero,Red
1516813,Bodegas Vilano,Crianza 2022,2022,3.8,5280,13.4,España,Ribera del Duero,Red
1156858,Resalte,Resalte Vendimia Seleccionada 2022,2022,3.9,5277,12.5,España,Ribera del Duero,Red
1167593,Balbas,Barrica 2024,2024,3.7,5236,10.9,España,Ribera del Duero,Red
1188572,Coca i Fitó,Jaspi Negre 2022,2022,3.8,5205,10.6,España,Montsant,Red
1154407,Bodegas Carramimbre,Carramimbre Crianza 2023,2023,3.9,5163,13.63,España,Ribera del Duero,Red
1609207,Condado de Oriza,Roble 2024,2024,3.6,5151,7.65,España,Ribera del Duero,Red
1205627,Bodegas Vallobera,Crianza Rioja 2022,2022,3.6,5107,9.25,España,Rioja,Red
1637474,Tamaral,Crianza 2022,2022,3.9,5103,15.95,España,Ribera del Duero,Red
1501633,Luberri,Biga de Luberri Crianza 2023,2023,3.8,5095,9.7,España,Rioja,Red
4215343,Bodegas Cosme Palacio,Cosme Palacio Crianza Viñedos en Altitud 2020,2020,3.9,5061,22.9,España,Rioja,Red
1282637,Tamaral,Tempranillo Roble 2024,2024,3.8,5037,9.15,España,Ribera del Duero,Red
13068,Pinord,Chateldon Reserva Cabernet Sauvignon 2021,2021,3.8,5024,12.1,España,Penedès,Red
1403702,Tridente,Entresuelos Tempranillo 2023,2023,3.7,4963,8.95,España,Castilla y León,Red
1900871,Alceño,TW 12 (Twelve) Monastrell 2022,2022,3.7,4957,11.85,España,Jumilla,Red
1423853,Marco Abella,Loidana 2023,2023,3.8,4921,15.9,España,Priorato,Red
99545,Vinícola del Priorat,Ònix Clàssic 2023,2023,3.7,4916,11.35,España,Priorato,Red
1125482,Meritxell Pallejà,Nita Priorat 2023,2023,3.8,4907,13.95,España,Priorato,Red
6349693,Casa Rojo,Enemigo Mío Garnacha 2025,2025,3.8,4852,14.5,España,Vino de España,Red
1150826,Marqués de la Concordia,Rioja Tempranillo 2022,2022,3.6,4828,9.7,España,Rioja,Red
4405660,Baltasar Gracián,El Héroe Garnacha Viñas Viejas 2024,2024,3.7,4812,9.75,España,Aragón,Red
1598831,Alvear,Palacio Quemado Crianza 2023,2023,3.7,4809,10.6,España,Ribera del Guadiana,Red
100015,Portal del Montsant,Brunus Blend 2024,2024,3.8,4807,12.9,España,Montsant,Red
2030950,Quinta Milú,Ribera del Duero 2024,2024,3.5,4801,11.5,España,Ribera del Duero,Red
1155267,Figuero,Ribera Del Duero 4 Meses en Barrica (Roble) 2024,2024,3.7,4790,11.2,España,Ribera del Duero,Red
1172697,Martúe,Campo de la Guardia 2023,2023,3.7,4787,10.2,España,Campo de la Guardia,Red
63084,Telmo Rodriguez,Gago G 2020,2020,3.8,4780,19.5,España,Toro,Red
8735292,Pagos del Rey,409 Tinto ,,3.9,4777,8.99,España,Ribera del Duero,Red
1999623,EGO,Marionette Monastrell - Syrah 2023,2023,3.6,4682,6.95,España,Jumilla,Red
1244210,Cellers Grifoll Declara,Predicat 2022,2022,3.8,4654,12.2,España,Priorato,Red
2568897,Telmo Rodriguez,Al-Muvedre Tinto Monastrell 2024,2024,3.6,4643,7.17,España,Alicante,Red
1896149,Dominio de Tares,Baltos Mencía 2022,2022,3.7,4602,9.7,España,Bierzo,Red
1176172,Viñedos Hermanos Hernáiz,Finca La Emperatriz Finca La Emperatriz Crianza 2020,2020,3.7,4566,11.83,España,Rioja Alta,Red
1433432,Viña Albina,Reserva Vendimia Seleccionada 2020,2020,3.7,4546,12.5,España,Rioja,Red
1706171,Finca Constancia,Altozano Tempranillo 2024,2024,3.5,4533,4.4,España,Castilla,Red
98958,Celler Masroig,Solà Fred 2024,2024,3.5,4522,5.99,España,Montsant,Red
2363186,Vinos del Paseante,El Pispa Garnatxa 2023,2023,3.7,4510,11.99,España,Montsant,Red
1244278,Tomàs Cusiné,Llebre 2023,2023,3.6,4499,10.7,España,Costers del Segre,Red
1369510,Bodegas Care,Crianza Tempranillo - Merlot 2022,2022,3.8,4409,7.95,España,Cariñena,Red
1214059,El Regajal,Selección Especial 2024,2024,3.9,4397,17.4,España,Madrid,Red
2683897,Raimat,Anima de Raimat Tinto 2023,2023,3.7,4348,8.95,España,Costers del Segre,Red
1401444,Borsao Bodegas,Bole 2021,2021,3.7,4274,6.25,España,Campo de Borja,Red
4314254,Abadal,Franc 2024,2024,3.6,4211,9.6,España,Pla de Bages,Red
6399011,Tridente,Gota de Arena 2023,2023,3.8,4197,6.75,España,Castilla y León,Red
4950148,Valtravieso,Finca Santa Maria Roble 2024,2024,3.7,4190,9.75,España,Ribera del Duero,Red
1921901,Hacienda López de Haro,Tempranillo 2023,2023,3.6,4107,6.69,España,Rioja,Red
10247,Bodegas Marqués de Cáceres,Crianza 2020,2020,3.8,4093,11.45,España,Rioja,Red
1206516,Bo,Bobal Único 2022,2022,3.6,4067,5.2,España,Utiel-Requena,Red
1681457,Celler de Capçanes,Mas Donís Barrica Old Vines Montsant 2024,2024,3.6,4011,6.95,España,Montsant,Red
2200226,Honoro Vera,Monastrell 2024,2024,3.8,3991,6.33,España,Jumilla,Red
1181010,Quinta de la Quietud,Corral de Campanas 2022,2022,3.8,3978,11.75,España,Toro,Red
1132737,Protos,Roble 2021,2021,3.9,3956,18.5,España,Ribera del Duero,Red
6543583,La Cepa Alta,Cinco Elementos 2024,2024,3.8,3952,11.75,España,Ribera del Duero,Red
1170197,Bodegas Asenjo & Manso,Ceres Crianza 2022,2022,3.9,3945,11.9,España,Ribera del Duero,Red
1210854,Bodega Lanzaga,Corriente 2023,2023,3.8,3932,12.1,España,Rioja,Red
15709,Barahonda,Monastrell 2024,2024,3.5,3875,6.43,España,Yecla,Red
3323540,Bodega Doña Felisa,Seis + Seis 2022,2022,3.8,3795,14.3,España,Málaga,Red
1258529,Cuatro Pasos,Pizarras de Otero Mencia 2024,2024,3.5,3795,6.95,España,Bierzo,Red
5722731,Honoro Vera,Rioja 2024,2024,3.6,3744,6.7,España,Rioja,Red
8619,El Coto,Crianza 2020,2020,3.7,3688,6.9,España,Rioja Alavesa,Red
3384125,Viña Zorzal,Malayeto 2024,2024,3.7,3684,14.4,España,Navarra,Red
1221284,Pinna Fidelis,Ribera del Duero Crianza 2021,2021,3.9,3628,13.5,España,Ribera del Duero,Red
1200035,Luis Alegre,Rioja Crianza 2022,2022,3.7,3609,10.95,España,Rioja,Red
8057782,Jorge Navascues,Cutio Vendimia Seleccionada Garnacha 2024,2024,3.8,3571,8.2,España,Cariñena,Red
2505024,Equilibrio,9 Monastrell 2023,2023,3.9,3559,10.95,España,Murcia,Red
1185801,Bodegas Frontaura,Dominio de Valdelacasa Cosecha 2022,2022,3.8,3534,10.6,España,Toro,Red
2034003,Orowines,Comoloco Monastrell 2024,2024,3.6,3510,6.58,España,Jumilla,Red
2039503,Joan d'Anguera,Planella 2023,2023,3.9,3501,17.6,España,Montsant,Red
2185839,Tridente,Triton Tinta de Toro 2022,2022,3.8,3465,18.35,España,Toro,Red
77835,Bodegas Reyes,Teófilo Reyes Crianza 2022,2022,3.9,3459,15.62,España,Ribera del Duero,Red
1668285,Vina Herminia,Rioja Crianza 2022,2022,3.6,3454,6.95,España,Rioja,Red
5314823,San Valero,Origium Roble 2024,2024,3.5,3437,4.3,España,Cariñena,Red
1181260,Yaso,Toro 2022,2022,3.5,3411,9.35,España,Toro,Red
1566718,Rafael Cambra,Soplo 2024,2024,3.5,3362,6.72,España,Valencia,Red
1136186,Terra d'Uro,Uro 2021,2021,3.9,3335,33.1,España,Toro,Red
20796,Beronia,Rioja Crianza 2019,2019,3.8,3333,8.75,España,Rioja,Red
6641488,EGO,Acuma 2024,2024,3.9,3324,8.7,España,Jumilla,Red
76651,Bodegas Tionio,Austum 2024,2024,3.6,3321,12.05,España,Ribera del Duero,Red
7137982,Sociedad Agraria de Viticultores,La Transición Garnacha 2023,2023,3.5,3308,6.6,España,Castilla y León,Red
1667265,Ramón Roqueta,Garnacha 2022,2022,3.5,3260,5.5,España,Cataluña,Red
1635436,Telmo Rodriguez,Gazur 2024,2024,3.6,3256,11.2,España,Ribera del Duero,Red
1386795,Bodegas Faustino,V Reserva 2018,2018,3.9,3230,9.74,España,Rioja Alavesa,Red
4051480,Bodegas Arraez,Bala Perdida Alicante Bouschet 2023,2023,3.7,3197,6.35,España,Alicante,Red
1225223,Vinos Valtuille,Pago de Valdoneje 2024,2024,3.7,3162,7.5,España,Bierzo,Red
80157,Barahonda,Heredad Candela Monastrell 2021,2021,3.9,3145,16.8,España,Yecla,Red
79853,Albet i Noya,Lignum Penedès 2023,2023,3.7,3094,11.25,España,Penedès,Red
2064350,Briego,Vendimia Seleccionada 2023,2023,3.7,3062,7.95,España,Ribera del Duero,Red
1656995,Edetària,Via Edetana Tinto 2023,2023,3.8,3034,14.45,España,Terra Alta,Red
1199451,Mas Foraster,Josep Foraster Trepat 2024,2024,3.7,3013,14.1,España,Conca de Barberà,Red
3316211,Beso de Vino,Syrah - Garnacha 2021,2021,3.5,2999,9.0,España,Cariñena,Red
1586637,Las Moradas de San Martín,Senda 2022,2022,3.7,2995,9.9,España,Madrid,Red
1136857,Finca Antigua,Tempranillo Crianza 2021,2021,3.6,2981,6.7,España,La Mancha,Red
1445814,Bodegas Abadía de San Quirce,6 Meses En Barrica 2023,2023,3.6,2951,9.58,España,Ribera del Duero,Red
88830,Lan,Crianza Rioja 2018,2018,3.8,2949,8.9,España,Rioja,Red
4462873,Els Vinyerons,Saltamarti 2024,2024,3.7,2932,11.3,España,Penedès,Red
1570474,Rolland & Galarreta 'R&G',Tempranillo - Merlot 2020,2020,3.8,2926,18.95,España,Ribera del Duero,Red
1852661,Marqués de Riscal,Arienzo Crianza 2018,2018,3.8,2920,6.25,España,Rioja,Red
1816176,Alfredo Maestro,El Marciano 2023,2023,3.7,2915,15.15,España,Castilla y León,Red
3129085,Familia Torres,Gran Coronas Reserva Cabernet Sauvignon 2016,2016,3.8,2877,31.58,España,Penedès,Red
1228665,Ca N'Estruc,L’Equilibrista Negre 2017,2017,3.8,2858,9.4,España,Cataluña,Red
4130793,EGO,Goru Verde 2024,2024,3.7,2854,7.6,España,Jumilla,Red
1295492,Bodegas Ponce,P.F Manchuela 2024,2024,3.7,2851,15.43,España,Manchuela,Red
2381588,Hacienda del Carche,Infiltrado Tinto 2022,2022,3.6,2813,11.83,España,Jumilla,Red
1567694,Aroa,Jauna Crianza 2022,2022,3.7,2809,8.0,España,Navarra,Red
1515739,Valderiz,Valdehermoso Crianza 2022,2022,3.7,2800,14.1,España,Ribera del Duero,Red
1127025,Cérvoles,Colors Tinto 2023,2023,3.6,2797,11.81,España,Costers del Segre,Red
1150140,Martin Berdugo,Crianza 2022,2022,3.8,2785,13.25,España,Ribera del Duero,Red
1171697,Dominio de Atauta,Atalayas de Golbán Ribera del Duero Crianza 2021,2021,3.7,2774,15.8,España,Ribera del Duero,Red
7569397,Familia Torres,22 Pies Rioja Crianza 2021,2021,3.7,2747,6.83,España,Rioja,Red
1937243,Cara Nord,Mineral del Montsant 2024,2024,3.8,2746,12.55,España,Montsant,Red
1158446,Martin Berdugo,Barrica 2023,2023,3.7,2728,8.95,España,Ribera del Duero,Red
1125826,Señorío de Sarria,Crianza 2021,2021,3.5,2727,5.3,España,Navarra,Red
1225314,Paco Garcia,Seis 2024,2024,3.5,2693,8.45,España,Rioja,Red
1565648,Vinessens - Casa Balaguer,Sein 2022,2022,3.7,2690,12.9,España,Alicante,Red
1970960,Divina Proporción,Abracadabra 2023,2023,3.9,2675,11.75,España,Toro,Red
1658806,Bodega Sommos,Glárima Varietales Tinto 2022,2022,3.7,2672,8.85,España,Somontano,Red
1170483,Valtravieso,Ribera del Duero Roble 2023,2023,3.5,2672,11.53,España,Ribera del Duero,Red
99007,Joan d'Anguera,Finca l'Argatà 2022,2022,3.9,2660,35.5,España,Montsant,Red
1656007,Ébano,6 Tinto 2024,2024,3.5,2659,9.75,España,Ribera del Duero,Red
1221602,Abel Mendoza Monge,Jarrarte 2024,2024,3.7,2654,8.9,España,Rioja,Red
1481883,I Tant,Garnatxa Negra 2024,2024,3.6,2651,8.3,España,Montsant,Red
2054820,Altavins,al Almodí Negre 2024,2024,3.7,2630,10.15,España,Terra Alta,Red
4194951,Siglo,Tinto 2024,2024,3.7,2616,4.55,España,Rioja,Red
1719686,Maguila,Angelitos Negros Toro 2022,2022,3.7,2607,10.6,España,Toro,Red
1162252,Zifar,Senda de los Olivos Crianza (Vendimia Seleccionada) 2021,2021,3.9,2606,10.99,España,Ribera del Duero,Red
1368709,Costers del Sió,Petit Siós Tinto 2024,2024,3.6,2606,7.95,España,Costers del Segre,Red
4615984,Envínate,Benje 2024,2024,3.8,2596,18.48,España,Islas Canarias,Red
6823100,Bodega La Carbonera,Las Pisadas 2021,2021,3.9,2583,12.22,España,Rioja,Red
7763502,Familia Montaña,Finca La Valentina Montaña Crianza 2021,2021,3.8,2577,6.85,España,Rioja,Red
5210948,La Bicicleta Voladora,Tinto 2024,2024,3.7,2573,11.5,España,Rioja,Red
4895708,Cebreros,El Galayo Tinto 2023,2023,3.5,2573,12.1,España,Castilla y León,Red
1177915,Mas Oller,Pur 2024,2024,3.7,2569,14.25,España,Cataluña,Red
3957265,Calabuig,Tinto 2024,2024,3.6,2564,3.85,España,Valencia,Red
2915910,Osborne,Solaz Tempranillo 2023,2023,3.5,2546,3.75,España,Castilla,Red
1823360,Félix Solís,Viña Albali Reserva 2019,2019,3.6,2524,4.18,España,Valdepeñas,Red
1989615,Parés Baltà,Cabernet Franc - Merlot Mas Irene 2020,2020,3.9,2522,21.2,España,Penedès,Red
1587421,Viña Bujanda,Rioja Reserva 2019,2019,3.8,2518,11.5,España,Rioja,Red
1301320,Paco & Lola,Paco Garnacha - Tempranillo 2022,2022,3.6,2517,7.7,España,Navarra,Red
5329161,Familia Bastida,Finca el Lince Monastrell 2021,2021,3.8,2493,12.2,España,Jumilla,Red
1775669,Pago Aylés,Serendipia Edición Limitada 2021,2021,3.9,2490,12.95,España,Cariñena,Red
1542218,Enrique Mendoza,Pinot Noir Alicante 2024,2024,3.7,2487,11.03,España,Alicante,Red
77037,Rotllan Torra,Reserva 2019,2019,3.7,2473,12.1,España,Priorato,Red
5475147,Falset Marçà,Ètim El Viatge 2024,2024,3.6,2472,8.2,España,Montsant,Red
1203986,Vizcarra,Tinto 2022,2022,3.8,2467,17.45,España,Ribera del Duero,Red
2675664,Casa de la Ermita,Lunático Monastrell 2022,2022,3.8,2454,10.7,España,Jumilla,Red
1165915,Jiménez-Landi,Sotorrondero 2022,2022,3.6,2441,24.26,España,Méntrida,Red
1379331,Las Rocas,Viñas Viejas Garnacha 2023,2023,3.8,2407,11.95,España,Calatayud,Red
1179795,Abadal,5 Merlot 2021,2021,3.9,2400,17.95,España,Pla de Bages,Red
1952862,La Melonera,La Encina del Inglés Ronda 2024,2024,3.7,2396,12.1,España,Sierras de Málaga,Red
1141591,Berceo,Crianza 2022,2022,3.5,2393,6.35,España,Rioja,Red
1169928,Celler de Capçanes,Lasendal Selecció 2023,2023,3.8,2391,10.55,España,Montsant,Red
1635707,Trus,Crianza 2021,2021,3.9,2379,14.4,España,Ribera del Duero,Red
19435,Fariña,Colegiata Tempranillo 2024,2024,3.6,2377,5.92,España,Toro,Red
1299497,Bodegas Ponce,La Casilla Bobal 2024,2024,3.7,2376,12.58,España,Manchuela,Red
3349567,Félix Solís,Casa Albali Tempranillo - Shiraz 2024,2024,3.5,2373,4.1,España,Valdepeñas,Red
1306938,Regina Viarum,Mencia 2024,2024,3.6,2363,10.8,España,Ribeira Sacra,Red
1169714,Valcarlos,Fortius Crianza 2021,2021,3.7,2359,5.51,España,Navarra,Red
5563599,El Miracle,Art 2021,2021,3.7,2357,3.99,España,Alicante,Red
1178776,Hermanos Lurton,Tempranillo 2022,2022,3.7,2351,16.2,España,Toro,Red
3096528,Finca Río Negro,992 2023,2023,3.7,2350,12.25,España,Castilla,Red
2755357,Bodegas Zinio,Lágrimas de María Crianza Tempranillo 2022,2022,3.7,2348,6.8,España,Rioja Alta,Red
1108698,Leda,Mas de Leda 2021,2021,3.8,2309,14.8,España,Castilla y León,Red
2335907,Particular,Garnacha Old Vine 2022,2022,3.7,2293,17.39,España,Cariñena,Red
7943595,Sindicat la Figuera,Vi Sec Garnatxa Negra 2024,2024,3.9,2242,10.99,España,Montsant,Red
2161628,Casa de la Ermita,Monastrell - Tempranillo - Cabernet Sauvignon Crianza 2022,2022,3.7,2228,10.8,España,Jumilla,Red
86346,Pagos de Aráiz,Navarra Tinto Roble 2023,2023,3.6,2223,4.6,España,Navarra,Red
1647057,Vina Herminia,Rioja Excelsus 2021,2021,3.7,2220,8.05,España,Rioja,Red
4310932,Tilenus,La Florida Bierzo 2020,2020,3.8,2218,11.83,España,Bierzo,Red
1122846,Finca La Estacada,Envejecido 6 Meses En Barrica 2023,2023,3.5,2204,4.93,España,Uclés,Red
1643710,Bodegas Ponce,Depaula Monastrell 2024,2024,3.6,2199,6.5,España,Manchuela,Red
76784,Campo Viejo,Crianza 2018,2018,3.7,2174,6.1,España,Rioja,Red
1316403,Castillo Perelada,Empordà Cigonyes Negre 2024,2024,3.6,2171,8.25,España,Empordà,Red
1177475,Celler de Capçanes,Mas Donis Negre 2024,2024,3.5,2170,6.63,España,Montsant,Red
3387575,Cal Grau,La Petite Agnès 2023,2023,3.8,2168,12.2,España,Priorato,Red
1128844,Eguren Ugarte,Reserva 2018,2018,3.8,2165,15.65,España,Rioja,Red
13943,Finca Antigua,Crianza 2022,2022,3.5,2163,8.9,España,La Mancha,Red
1230030,Rejadorada,Novellum 2021,2021,3.9,2158,11.68,España,Toro,Red
4311709,Particular,Garnacha 2024,2024,3.6,2155,5.3,España,Cariñena,Red
1700379,Bodegas Lleiroso,LL Crianza 2022,2022,3.9,2148,14.0,España,Ribera del Duero,Red
1192383,Abad,Abad Dom Bueno Mencia 2022,2022,3.6,2142,6.28,España,Bierzo,Red
7087103,Finca Bacara,Time Waits For No One (Double Skull) 2024,2024,3.9,2137,7.25,España,Jumilla,Red
4464694,Rafael Cambra,La Forcallà de Antonia Fontanars Dels Alforins 2024,2024,3.8,2132,14.5,España,Valencia,Red
2650018,Pago Aylés,a de Aylés 2023,2023,3.7,2112,8.7,España,Aragón,Red
1138131,Bodegas Ayuso,Estola Gran Reserva 2018,2018,3.7,2106,8.95,España,Castilla,Red
1129392,Bodegas Faustino,VII Tempranillo 2022,2022,3.6,2095,4.15,España,Rioja Alavesa,Red
1878302,Los Frailes,Bilogia 2023,2023,3.7,2087,11.05,España,Valencia,Red
4537662,Albet i Noya,Curiós Tempranillo Ull de Llebre Penedès 2023,2023,3.5,2084,9.0,España,Penedès,Red
1799957,Rafael Cambra,Dos 2018,2018,3.6,2077,10.58,España,Valencia,Red
5903001,Pepe Mendoza Casa Agrícola,Tinto 2024,2024,3.9,2070,11.15,España,Alicante,Red
11041875,Juvé & Camps,822 Ocho Dos Dos Tempranillo 2023,2023,3.8,2067,13.15,España,Ribera del Duero,Red
1927229,Lecco,Crianza Ribera del Duero 2021,2021,3.9,2060,11.6,España,Ribera del Duero,Red
3793237,Veronica Ortega,Quite Mencia 2023,2023,3.7,2053,14.45,España,Bierzo,Red
77035,Campillo,Reserva Selecta Rioja 2018,2018,3.9,2047,18.98,España,Rioja,Red
1909590,Celler Frisach,L'Abrunet Negre 2024,2024,3.6,2043,8.8,España,Terra Alta,Red
1423567,Alfredo Maestro,Almate 2023,2023,3.7,2039,11.3,España,Castilla y León,Red
7553610,Promesa,Monastrell - Syrah 2024,2024,3.5,2029,6.95,España,Vino de España,Red
5373253,Viñedos Hermanos Hernáiz,El Pedal Tempranillo 2023,2023,3.6,2024,8.0,España,Rioja Alta,Red
88730,Neo,Sentido 2021,2021,3.6,2011,10.5,España,Ribera del Duero,Red
3267201,Vinessens - Casa Balaguer,La Casica del Abuelo 2022,2022,3.7,2003,9.85,España,Alicante,Red
1194669,Solabal,Rioja Crianza 2022,2022,3.8,1995,10.45,España,Rioja,Red
1143927,El Lagar de Isilla,Crianza 2022,2022,3.8,1994,17.07,España,Ribera del Duero,Red
4442568,Bodega Sommos,Crianza 2022,2022,3.8,1991,8.75,España,Somontano,Red
4175593,Baltasar Gracián,El Politico Garnacha 2024,2024,3.6,1975,5.17,España,Calatayud,Red
6302004,Envínate,Migan Tinto 2024,2024,3.9,1964,28.5,España,Vino de España,Red
7803840,Casa Rojo,Las Viñas Bastardas 2023,2023,3.9,1953,14.7,España,Murcia,Red
1638158,Casar de Burbia,Hombros 2022,2022,3.9,1948,18.5,España,Bierzo,Red
5826771,La Candelaria,Senda Tempranillo 2018,2018,3.6,1946,7.51,España,Castilla,Red
1230948,Terra de Falanis,MUAC 2022,2022,3.7,1942,9.03,España,Mallorca,Red
5516299,Viña Pomal,Selección 500 Crianza 2022,2022,3.9,1942,12.0,España,Rioja,Red
1233061,Tarón,Crianza 2020,2020,3.7,1940,7.65,España,Rioja Alta,Red
4019016,Fariña,Gran Colegiata Lagrima 2023,2023,3.7,1939,9.97,España,Toro,Red
4421885,Sindicat la Figuera,Vi Sec Garnatxa Fina 2024,2024,3.7,1928,10.5,España,Montsant,Red
5647607,Dehesa de Luna,Orígenes 2023,2023,3.8,1923,9.95,España,La Mancha,Red
3611492,Fuentespina,Reserva 2021,2021,3.7,1916,15.95,España,Ribera del Duero,Red
4391591,Pardas,Sus Scrofa 2024,2024,3.6,1894,11.95,España,Penedès,Red
1212314,De Muller,Syrah 2022,2022,3.7,1891,8.46,España,Tarragona,Red
1126959,Finca Sandoval,Salia 2023,2023,3.8,1884,12.9,España,Manchuela,Red
2558831,Partida Creus,VN (Vinel-Lo) 2022,2022,3.9,1879,17.3,España,Penedès,Red
1182418,Bodegas Clunia,Syrah 2020,2020,3.9,1876,15.25,España,Castilla y León,Red
1301112,Cellers Unió,Perlat Tinto 2023,2023,3.5,1875,9.95,España,Montsant,Red
1219007,Medrano Irazu,Crianza 2023,2023,3.6,1867,7.3,España,Rioja,Red
1194068,MontRubí,Black 2023,2023,3.8,1862,10.5,España,Penedès,Red
1527564,Pinord,Terra Alta Garnatxa Diorama 2023,2023,3.6,1859,10.65,España,Terra Alta,Red
6348969,Península Vinicultores,Vino de Montaña 2021,2021,3.6,1858,7.5,España,Madrid,Red
1158443,Martin Berdugo,Joven 2024,2024,3.5,1840,6.93,España,Ribera del Duero,Red
1273843,Bodegas Exopto,Horizonte de Exopto Tinto 2023,2023,3.8,1833,14.95,España,Rioja,Red
7551225,Vinessens - Casa Balaguer,Tragolargo Monastrell 2024,2024,3.5,1833,7.95,España,Alicante,Red
3547558,Fuentespina,Crianza 2017,2017,3.6,1826,21.0,España,Ribera del Duero,Red
77019,Peique,Viñedos Viejos 2021,2021,3.7,1824,16.02,España,Bierzo,Red
1488203,Bodegas Piqueras,Castillo de Almansa Crianza 2022,2022,3.5,1809,4.99,España,Almansa,Red
77872,Sierra Cantabria,Crianza 2018,2018,3.9,1808,26.7,España,Rioja,Red
1458025,Bodega Juan Carlos Sancha,Ad Libitum Maturana Tinta 2023,2023,3.8,1806,9.75,España,Rioja,Red
2057518,Bodegas Virgen de Galir,Pagos del Galir Mencia 2022,2022,3.7,1805,10.5,España,Valdeorras,Red
76502,Conde de Siruela,Crianza 2022,2022,3.9,1805,11.22,España,Ribera del Duero,Red
1223389,Bodega Bruno Ruiz - Esencia Rural,Pampaneo Tempranillo 2023,2023,3.6,1799,21.3,España,La Mancha,Red
1229780,Conde de Siruela,Roble 2024,2024,3.6,1798,7.9,España,Ribera del Duero,Red
1923912,Anayón,Selección 2022,2022,3.9,1791,18.0,España,Cariñena,Red
1627120,Trossos del Priorat,Lo Petit de La Casa 2023,2023,3.8,1788,16.45,España,Priorato,Red
1273968,Calandria,Volandera 2024,2024,3.7,1784,9.5,España,Navarra,Red
51664,Guelbenzu,Azul 2022,2022,3.8,1779,7.15,España,Ribera del Queiles,Red
3326797,Mas Blanch I Jove,Petit Saó 2022,2022,3.7,1778,9.9,España,Costers del Segre,Red
10249,Bodegas Marqués de Cáceres,Reserva Vendimia Seleccionada 2018,2018,3.9,1777,12.1,España,Rioja,Red
77109,Portia,Prima 2021,2021,3.7,1772,16.49,España,Ribera del Duero,Red
1915135,Alvear,Palacio Quemado La Zarcita 2023,2023,3.7,1771,12.1,España,Extremadura,Red
1169235,Matsu,El Picaro 2023,2023,3.9,1769,8.17,España,Toro,Red
7414824,Familia Torres,Sangre de Toro Reserva 2020,2020,3.7,1765,15.15,España,Penedès,Red
2035736,Monteabellon,A Cappela Roble 2024,2024,3.5,1763,8.98,España,Ribera del Duero,Red
3788625,Mustiguillo,La Garnacha de Mustiguillo 2024,2024,3.8,1762,16.95,España,El Terrerazo,Red
5743891,Goyo Garcia Viadero,Joven de Viñas Viejas 2024,2024,3.8,1760,24.8,España,Ribera del Duero,Red
1595750,Bodegas Javier San Pedro Ortega,Cueva de Lobos Crianza 2023,2023,3.7,1758,7.5,España,Rioja,Red
13944,Finca Antigua,Reserva 2018,2018,3.9,1752,13.5,España,La Mancha,Red
1558739,El Grifo,Ariana 2024,2024,3.8,1752,23.7,España,Lanzarote,Red
1126216,Viña Pomal,Crianza 2020,2020,3.8,1749,18.0,España,Rioja,Red
1193066,Sonsierra,Crianza 2021,2021,3.5,1748,7.45,España,Rioja Alta,Red
1155142,Valderiz,Valdehermoso Joven 2024,2024,3.5,1748,6.07,España,Ribera del Duero,Red
1737208,Celler Masroig,Les Sorts Jove 2025,2025,3.5,1743,6.95,España,Montsant,Red
3528343,Alvar de Dios,Tio Uco 2025,2025,3.6,1737,11.6,España,Toro,Red
6506050,Monasterio de Las Vinas,Special Selection Old Vine Cariñena 2016,2016,3.5,1734,12.0,España,Cariñena,Red
6691245,Bela,Roble 2023,2023,3.7,1727,10.5,España,Ribera del Duero,Red
1161418,Canopy,Malpaso Syrah 2023,2023,3.6,1720,14.0,España,Méntrida,Red
2076614,Sierra de Toloño,Tempranillo 2023,2023,3.8,1718,12.5,España,Rioja,Red
7270566,Carlos Ruben,Doble Cuerpo Garnacha 2018,2018,3.9,1717,12.5,España,Calatayud,Red
2554070,Equilibrio,4 Monastrell 2023,2023,3.8,1717,7.95,España,Jumilla,Red
2766217,De Moya,Justina 2022,2022,3.8,1716,6.95,España,Valencia,Red
1889918,Jose Antonio García,Unculín Valtuille de Abajo Vino de Villa Tinto 2023,2023,3.6,1706,13.2,España,Bierzo,Red
2516179,Ostatu,Rioja Tinto 2025,2025,3.5,1693,8.2,España,Rioja Alavesa,Red
1146693,Enrique Mendoza,Petit Verdot Alicante 2023,2023,3.8,1691,14.67,España,Alicante,Red
15714,Barahonda,Crianza 2022,2022,3.9,1681,8.25,España,Yecla,Red
1668586,Lavia,Ecológico Monastrell - Syrah 2019,2019,3.6,1674,9.6,España,Bullas,Red
1500052,Bodegas Aradon,Tinto 2024,2024,3.5,1665,3.98,España,Rioja,Red
1776643,Castillo de Monjardin,Coupage Selección Crianza 2020,2020,3.5,1662,18.14,España,Navarra,Red
3075581,Silice Viticultores,Tinto 2021,2021,3.7,1659,21.5,España,Ribeira Sacra,Red
3802842,Hacienda el Ternero,Torno Crianza 2020,2020,3.8,1655,12.65,España,Rioja Alta,Red
1164191,Luberri,Seis de Luberri Rioja 2024,2024,3.8,1654,9.5,España,Rioja,Red
1148206,Tagonius,Tinto Roble 2020,2020,3.6,1633,8.88,España,Madrid,Red
1319843,Pago Aylés,y de Aylés 2021,2021,3.8,1633,11.1,España,Aragón,Red
1393973,8.0.1,Edición Limitada N.V.,N.V.,3.8,1628,9.2,España,Cariñena,Red
1949131,Bodegas Bhilar,Bhilar Plots Rioja Red 2023,2023,3.7,1627,13.75,España,Rioja,Red
1489330,Alemany i Corrió,Pas Curtei 2023,2023,3.8,1617,18.55,España,Penedès,Red
3816628,Fedellos do Couto,Lomba dos Ares 2023,2023,3.9,1605,20.3,España,Ribeira Sacra,Red
1167440,Viñas del Vero,La Miranda de Secastilla Somontano 2020,2020,3.6,1602,11.85,España,Somontano,Red
7936,Arzuaga,La Planta 2022,2022,3.9,1594,9.95,España,Ribera del Duero,Red
1208363,Orto Vins,Orto Tinto 2023,2023,3.6,1579,15.15,España,Montsant,Red
7419457,Bodegas Virgen de Galir,Maruxa Mencia 2023,2023,3.6,1578,7.0,España,Valdeorras,Red
1660419,Albamar,Fusco Mencía 2024,2024,3.7,1565,14.85,España,Ribeira Sacra,Red
1854855,Terra i Vins,Clos del Gos 2024,2024,3.6,1558,8.55,España,Montsant,Red
7352652,Gallina de Piel,Mimetic 2024,2024,3.8,1556,9.9,España,Calatayud,Red
2121989,Pascona,Lo Petitó de Pascona 2024,2024,3.6,1545,8.2,España,Montsant,Red
6587498,Jiménez-Landi,El Corralon 2023,2023,3.7,1540,13.0,España,Méntrida,Red
3409339,Viña Zorzal,Tempranillo 2024,2024,3.6,1540,6.75,España,Navarra,Red
1853501,Dominio Dostares,Estay Prieto Picudo 2020,2020,3.6,1538,8.8,España,Bierzo,Red
1152908,Altavins,T Tempus Crianza 2021,2021,3.9,1536,14.5,España,Terra Alta,Red
99055,Cellers Unió,Perlat Syrah 2023,2023,3.7,1531,10.4,España,Montsant,Red
1213260,Briego,Supernova Roble 2023,2023,3.5,1529,8.4,España,Ribera del Duero,Red
1165877,Raiza,Altos de Raiza 2022,2022,3.5,1522,4.49,España,Rioja,Red
1596882,Luis Cañas,Hiru 3 Rioja Racimos 2021,2021,3.9,1517,135.5,España,Rioja,Red
1378087,Luzon,Jumilla Monastrell Orgánico San Sulfitos 2024,2024,3.8,1512,7.05,España,Jumilla,Red
1152010,Baron de Ley,Club Privado Tinto 2020,2020,3.8,1510,16.27,España,Rioja,Red
2738318,Viña Real,Rioja Reserva 2014,2014,3.9,1496,10.95,España,Rioja,Red
3934439,Viña Real,Cuvée Especial Reserva 2021,2021,3.9,1495,8.5,España,Rioja,Red
2346768,Can Serra dels Exibis,Exibis 2024,2024,3.8,1491,10.95,España,Pla de Bages,Red
2216555,Los Hermanos Manzanos,Crianza 2022,2022,3.6,1485,6.5,España,Rioja,Red
1181892,Pago del Cielo,Celeste Roble 2023,2023,3.8,1485,18.21,España,Ribera del Duero,Red
5674255,Bodegas Luis Perez,El Triángulo 2024,2024,3.8,1482,14.9,España,Cádiz,Red
9531463,Casa Rojo,CL98 Tinto 2023,2023,3.8,1477,14.25,España,Ribera del Duero,Red
99546,Vinícola del Priorat,Ònix Fusió 2023,2023,3.8,1467,13.44,España,Priorato,Red
3209761,Finca de la Rica,El Nómada 2022,2022,3.9,1463,15.3,España,Rioja,Red
10448073,Lopez Cristobal,La Linde 2025,2025,3.9,1458,10.66,España,Ribera del Duero,Red
1936429,Bodegas Bernabé Navarro,Tragolargo 2022,2022,3.5,1458,7.7,España,Alicante,Red
1201169,Bodega Otto Bestué,Finca Rableros 2023,2023,3.7,1457,7.65,España,Somontano,Red
1176846,Casal de Armán,Tinto 2024,2024,3.9,1439,12.44,España,Ribeiro,Red
2054577,Armas de Guerra,Mencía 2021,2021,3.5,1436,5.78,España,Bierzo,Red
77044,Valcarlos,Fortius Reserva 2019,2019,3.8,1428,7.99,España,Navarra,Red
5653113,Wineissocial,Rebeldes 2024,2024,3.7,1426,9.95,España,Montsant,Red
2038428,Olivardots,Vermell 2021,2021,3.8,1415,14.05,España,Empordà,Red
3589724,Castro Candaz,Finca el Curvado 2022,2022,3.9,1413,16.6,España,Ribeira Sacra,Red
1134266,Legaris,Ribera del Duero Roble 2019,2019,3.6,1410,19.3,España,Ribera del Duero,Red
1392332,Castillo de Monjardin,Old Vines (La Cantera) Garnacha 2023,2023,3.5,1399,7.5,España,Navarra,Red
1446123,Nauta,Crianza 2019,2019,3.5,1398,7.7,España,Alicante,Red
5445061,Alfredo Maestro,El Rey del Glam 2022,2022,3.8,1397,13.12,España,Castilla y León,Red
1110222,Bodega Pirineos,Señorío De Lazán Reserva 2019,2019,3.7,1391,11.01,España,Somontano,Red
7165050,Luna Beberide,Finca Luna Beberide 2023,2023,3.6,1388,11.65,España,Bierzo,Red
1798788,Avancia,Cuvée de O Mencia 2021,2021,3.8,1387,16.88,España,Valdeorras,Red
1764244,Valdelacierva,Crianza 2019,2019,3.8,1385,11.6,España,Rioja,Red
80084,Legaris,Ribera del Duero Crianza 2019,2019,3.9,1384,20.3,España,Ribera del Duero,Red
2360909,Bodegas Companon Arrieta (El Mozo Wines),Herrigoia 2024,2024,3.6,1378,9.95,España,Rioja Alavesa,Red
3179546,Celler la Salada,Roig Boig 2024,2024,3.9,1376,13.15,España,Penedès,Red
1488465,Marques de Vitoria,Rioja Crianza 2021,2021,3.9,1375,16.0,España,Rioja,Red
6441085,Venta La Vega - Bodegas Almanseñas,Adaras Huella Garnacha Tintonera - Monastrell 2019,2019,3.7,1365,17.3,España,Almansa,Red
84156,Juan Gil,Albacea Monastrell Jumilla 2022,2022,3.8,1361,14.7,España,Jumilla,Red
1202130,Perica,Olagosa Crianza 2021,2021,3.6,1356,8.95,España,Rioja,Red
1222267,Mas Blanch I Jove,Saó Abrivat 2022,2022,3.9,1343,12.9,España,Costers del Segre,Red
5008943,Dosterras,Vermell 2022,2022,3.9,1339,15.0,España,Montsant,Red
1233162,Telmo Rodriguez,Pegaso Granito 2022,2022,3.9,1338,39.95,España,Castilla y León,Red
1218674,Arrayán,Selección 2020,2020,3.7,1323,8.0,España,Méntrida,Red
1183727,Jiménez-Landi,Piélago 2021,2021,3.6,1323,32.7,España,Méntrida,Red
7133011,Bela,Finca Vallejo Roble 2024,2024,3.6,1319,9.9,España,Ribera del Duero,Red
1588509,Sierra Cantabria,Garnacha 2020,2020,3.8,1314,17.99,España,Rioja,Red
1596712,Estancia Piedra,La Garona 2021,2021,3.8,1301,16.0,España,Toro,Red
2595942,Albamar,O Esteiro Tinto 2023,2023,3.8,1300,25.5,España,Rías Baixas,Red
5893001,Isidro Milagro,Cal Y Canto Tempranillo Roble 2023,2023,3.7,1299,6.35,España,La Mancha,Red
4191335,Artífice,Tinto 2022,2022,3.6,1294,24.5,España,Islas Canarias,Red
1290734,Lar de Paula,Crianza 2018,2018,3.7,1290,9.0,España,Rioja,Red
1569627,Forjas del Salnés,Goliardo Tinto (Bastión de la Luna) 2021,2021,3.6,1288,15.19,España,Rías Baixas,Red
2830262,Castillo de Monjardin,El Cerezo Pinot Noir (Old Vines) 2023,2023,3.6,1287,12.95,España,Navarra,Red
1576642,Monte Real,Reserva 2017,2017,3.8,1281,11.95,España,Rioja,Red
6316420,Gallina de Piel,Roca del Crit 2022,2022,3.9,1280,16.87,España,Empordà,Red
2629986,Sangenís I Vaqué,Dara 2023,2023,3.9,1275,13.0,España,Priorato,Red
2109238,Bermejo,Listán Negro 2025,2025,3.8,1272,21.9,España,Lanzarote,Red
6500189,Comunica,Vi Del Mas 2024,2024,3.7,1270,10.6,España,Montsant,Red
2004137,Celler Piñol,Sa Natura 2021,2021,3.8,1269,10.51,España,Terra Alta,Red
1224522,Hacienda López de Haro,Crianza 2020,2020,3.8,1262,6.97,España,Rioja,Red
1311342,De Blas Serrano,Phylos Tinta del País 2020,2020,3.8,1261,19.7,España,Ribera del Duero,Red
4481721,Pittacum,Val De La Osa 2019,2019,3.9,1260,14.4,España,Bierzo,Red
5339144,Grandes Pagos Gallegos,Fraga do Corvo Mencia 2023,2023,3.9,1260,13.95,España,Monterrei,Red
2482130,EGO,Don Baffo 2022,2022,3.7,1258,8.3,España,Jumilla,Red
9228900,Bodega Tesalia,Iceni 2024,2024,3.8,1243,10.78,España,Andalucía,Red
5582888,Bodegas Ponce,La Xara Garnacha 2024,2024,3.6,1243,9.75,España,Manchuela,Red
1176701,Falset Marçà,Ètim Old Vine Grenache 2021,2021,3.6,1241,12.1,España,Montsant,Red
5987439,Valderiz,De Chiripa 2023,2023,3.8,1234,12.75,España,Ribera del Duero,Red
1801956,Bodega Cerrón,El Sentido de la Vida 2024,2024,3.9,1231,18.0,España,Jumilla,Red
1545995,Viento Aliseo,Graciano - Cabernet Sauvignon 2023,2023,3.8,1230,9.95,España,La Mancha,Red
1285846,Altanza,Edulis de Altanza Rioja Reserva. 2018,2018,3.7,1228,14.0,España,Rioja,Red
7232115,Bela,Crianza 2023,2023,3.7,1225,12.75,España,Ribera del Duero,Red
3478145,Dominio de Bornos,Roble 2024,2024,3.5,1225,7.5,España,Ribera del Duero,Red
6003418,Familia Bastida,Cimal Garnacha 2022,2022,3.8,1214,11.2,España,La Mancha,Red
99547,Vinícola del Priorat,Ònix Evolució 2021,2021,3.9,1213,16.79,España,Priorato,Red
1374746,Maguila,Cachito Mío Toro 2017,2017,3.8,1212,19.2,España,Toro,Red
3794658,Bodegas Langa,Classic 2021,2021,3.8,1206,12.05,España,Calatayud,Red
1111659,Viña Salceda,Rioja Crianza 2020,2020,3.9,1205,9.85,España,Rioja,Red
1550252,Vinos Sanz,La Capital 2022,2022,3.5,1200,7.15,España,Madrid,Red
1396841,Real Divisa,Marqués de Legarda Crianza 2020,2020,3.7,1199,9.0,España,Rioja,Red
5445926,Altos Ibéricos,Reserva 2015,2015,3.8,1198,18.9,España,Rioja,Red
4829875,Bodegas Frontonio,Telescópico Garnacha 2022,2022,3.8,1196,19.9,España,Valdejalón,Red
1788240,Tianna Negre,Ses Nines Selecció 07/9 2021,2021,3.9,1192,17.42,España,Binissalem-Mallorca,Red
3782529,Celler de Capçanes,La Nit de Les Garnatxes Llicorella 2024,2024,3.9,1190,12.5,España,Montsant,Red
4309569,Bruma del Estrecho,Paraje Marín 2023,2023,3.5,1189,6.8,España,Jumilla,Red
8812892,Pagos del Rey,Pago de Fuentecojo Tempranillo 2024,2024,3.9,1184,21.0,España,Ribera del Duero,Red
1597594,Algueira,Mencia 2019,2019,3.6,1181,11.35,España,Ribeira Sacra,Red
1803914,Mesquida Mora,Trispol 2023,2023,3.9,1172,22.0,España,Plà i Llevant,Red
1296115,Palacio de Sada,Garnacha 80 Aniversario 2022,2022,3.8,1171,6.65,España,Navarra,Red
5074652,Alvar de Dios,Aciano (El Pego) 2021,2021,3.8,1165,20.6,España,Toro,Red
5426835,Bodegas Asenjo & Manso,AM3 Ribera del Duero 2024,2024,3.7,1164,7.1,España,Ribera del Duero,Red
2402040,Espelt,Sol i Vent 2023,2023,3.5,1163,8.95,España,Empordà,Red
6765730,Oliveda,La Bēstia Negra 2023,2023,3.8,1154,8.06,España,Empordà,Red
5237320,La Quinta,Milonga 2022,2022,3.9,1153,20.4,España,Jumilla,Red
1220063,Pinord,Vaquos Crianza 2022,2022,3.7,1149,15.3,España,Ribera del Duero,Red
1368240,Forjas del Salnés,Goliardo Tintos de Mar Caiño 2022,2022,3.7,1149,27.88,España,Rías Baixas,Red
1403094,Torre de Oña,Finca San Martín Crianza 2020,2020,3.9,1149,9.5,España,Rioja,Red
1242059,Ca Sa Padrina,Montnegre 2023,2023,3.6,1146,10.51,España,Binissalem-Mallorca,Red
14893,Muruve,Crianza 2021,2021,3.7,1143,9.05,España,Toro,Red
5843258,La Poda,Tempranillo 2024,2024,3.7,1143,11.9,España,Ribera del Duero,Red
2185794,Corona de Aragón,Special Selection 2019,2019,3.5,1141,10.0,España,Cariñena,Red
3326582,Bodegas Olarra,Clasico Rioja Reserva 2018,2018,3.9,1140,12.5,España,Rioja,Red
5731628,La Quinta,Mamba 2023,2023,3.9,1128,18.6,España,Ribera del Duero,Red
3753812,Clos Lentiscus,Perill Noir 2017,2017,3.9,1127,16.95,España,Penedès,Red
2448869,Casar de Burbia,Tebaida Nemesio Mencía 2019,2019,3.8,1124,26.8,España,Bierzo,Red
3879302,Callejo,Finca Valdelroble 2022,2022,3.9,1121,26.9,España,Ribera del Duero,Red
1245480,Pagos de Mogar,Roble 2022,2022,3.8,1110,8.25,España,Ribera del Duero,Red
1138373,Genium,Priorat 2016,2016,3.7,1110,11.87,España,Priorato,Red
1512791,Lecco,Roble Ribera del Duero 2023,2023,3.7,1107,8.95,España,Ribera del Duero,Red
2133148,Can Ràfols dels Caus,Terraprima Negre 2024,2024,3.8,1101,11.95,España,Penedès,Red
1134571,Juan Gil,Jumilla Yellow Label 2021,2021,3.8,1097,7.85,España,Jumilla,Red
1632555,Viladellops,Tinto 2022,2022,3.7,1091,13.99,España,Penedès,Red
2211667,Estancia Piedra,Roble 2023,2023,3.7,1088,10.3,España,Toro,Red
4604187,Pagos del Moncayo,Prados Colección Syrah 2023,2023,3.9,1082,16.48,España,Campo de Borja,Red
3842296,Celler Masroig,Pinyeres Vi Negre 2022,2022,3.8,1079,9.6,España,Montsant,Red
1376585,Campo Burgo,Reserva 2018,2018,3.7,1078,11.0,España,Rioja,Red
1478832,Burgo Viejo,Rioja Garnacha 2023,2023,3.6,1077,10.5,España,Rioja,Red
13941,Finca Antigua,Syrah 2020,2020,3.6,1074,6.4,España,La Mancha,Red
2226795,Barcolobo,La Rinconada 2021,2021,3.7,1060,11.6,España,Castilla y León,Red
6202302,Bodegas Ochoa,8A Crianza 2022,2022,3.7,1050,8.2,España,Navarra,Red
1261821,Viña Real,Rioja Crianza 2021,2021,3.8,1047,8.45,España,Rioja,Red
59624,Ca N'Estruc,Idoia Negre 2019,2019,3.7,1044,13.9,España,Cataluña,Red
1100348,Bodegas Franco-Españolas,Rioja Bordón Crianza 2019,2019,3.8,1042,6.64,España,Rioja,Red
3081131,Alvar de Dios,Camino de los Arrieros 2022,2022,3.6,1041,15.3,España,Arribes,Red
3897098,Terra i Vins,Brúixola Negre 2022,2022,3.9,1040,15.91,España,Priorato,Red
1369439,Itsasmendi,Eklipse 2020,2020,3.9,1039,23.3,España,Bizkaiko Txakolina,Red
96034,Espelt,Terres Negres 2021,2021,3.7,1038,15.49,España,Empordà,Red
1957794,Clos Berenguer,Min Red 2023,2023,3.9,1036,11.45,España,Priorato,Red
9902730,Bodega Sommos,Merlot - Cabernet Roble 2024,2024,3.7,1034,5.95,España,Somontano,Red
2254128,Clos d'Agon,Amic Red 2023,2023,3.7,1033,16.46,España,Cataluña,Red
1509310,Finca Constancia,Altos de la Finca 2019,2019,3.9,1025,19.9,España,Castilla,Red
1149000,Vinícola Real,Cueva del Monge Rioja 2019,2019,3.9,1025,22.4,España,Rioja,Red
8356701,Obalo,La Encina Crianza 2020,2020,3.9,1016,13.9,España,Rioja,Red
2775710,Finca La Estacada,Reserva Varietales 2021,2021,3.7,1006,9.15,España,Uclés,Red
1227522,Bodegas Zinio,Terroir de Zinio Garnacha 2021,2021,3.6,1005,6.7,España,Rioja Alta,Red
1603756,Gran Feudo,Reserva 2014,2014,3.6,1003,19.7,España,Navarra,Red
98918,Castillo de Monjardin,Deyo Merlot de Autor 2021,2021,3.7,998,12.1,España,Navarra,Red
1784002,Arché Pagès,Cartesius Negre 2022,2022,3.9,995,14.0,España,Empordà,Red
1187041,Amézola de la Mora,Señorío Amézola Reserva 2019,2019,3.7,993,8.65,España,Rioja,Red
1206763,Celler Piñol,Portal Roble (Nuestra Señora) 2021,2021,3.7,991,11.75,España,Tarragona,Red
5570405,Crapula,Soul 2022,2022,3.8,991,16.0,España,Jumilla,Red
1234393,Calandria,Cientruenos 2022,2022,3.7,991,16.2,España,Navarra,Red
6007846,La Poda,Tinta de Toro 2023,2023,3.7,983,12.0,España,Toro,Red
1505563,Finca La Estacada,Secua Cabernet - Syrah 2020,2020,3.9,981,16.64,España,Castilla,Red
9339266,Sumarroca,Nostrat Noir de Noirs 2025,2025,3.5,981,6.95,España,Penedès,Red
5805477,Vinos Valtuille,Pago de Valdoneje El Valao Mencia 2022,2022,3.8,980,12.48,España,Bierzo,Red
8842114,Linea Kármán,Tinto 2024,2024,3.8,977,6.5,España,Rioja,Red
5937767,Mas Foraster,Josep Foraster Julieta Trepat 2024,2024,3.9,977,20.9,España,Conca de Barberà,Red
1844179,Oriol Rossell,Rocaplana Syrah 2023,2023,3.6,975,12.3,España,Penedès,Red
4099809,Tras lá Yesca,Tinto 2023,2023,3.6,975,7.8,España,Toro,Red
1895952,Fil·loxera,Sentada Sobre la Bestia 2020,2020,3.6,974,12.9,España,Valencia,Red
6290696,Rioja Vega,Rioja Vega Edición Limitada 2022,2022,3.9,973,10.95,España,Rioja,Red
3534054,Lynus,Infante 2024,2024,3.9,971,10.25,España,Ribera del Duero,Red
8387487,Carlos Serres,5 Barricas Reserva 2020,2020,3.9,970,12.0,España,Rioja,Red
95508,Origami Wines,Mysti Syrah 2023,2023,3.6,967,12.4,España,Montsant,Red
1212042,Celler de Capçanes,Mas Collet Barrica 2023,2023,3.6,967,9.1,España,Montsant,Red
2267969,Terra Remota,Ales Negres (Negras) 2024,2024,3.7,966,10.35,España,Empordà,Red
4075513,Viña Zorzal,Corral de los Altos 2023,2023,3.7,963,12.95,España,Navarra,Red
4311415,Bodegas Peñafiel,Mironia Roble 2022,2022,3.8,958,10.6,España,Ribera del Duero,Red
1546637,Tilenus,Envejecido en Roble Bierzo Mencia 2023,2023,3.6,955,8.09,España,Bierzo,Red
1167738,Escoda-Sanahuja,La Llopetera 2023,2023,3.9,952,25.6,España,Conca de Barberà,Red
1369588,Marques de Mundaiz,Rioja Reserva 2018,2018,3.7,950,9.9,España,Rioja,Red
1521599,Bodegas Ponce,Buena Pinta Moravia Agria - Garnacha 2022,2022,3.5,950,14.5,España,Manchuela,Red
7619617,Valdelosfrailes,Crianza 2020,2020,3.8,945,7.5,España,Cigales,Red
12742008,Figuero,Asomo 2024,2024,3.8,945,11.2,España,Ribera del Duero,Red
7414508,Pago Los Balancines,Gold Crianza 2020,2020,3.7,945,9.62,España,Ribera del Guadiana,Red
1452915,Suertes del Marqués,El Esquilon 2021,2021,3.9,944,18.85,España,Valle de la Orotava,Red
3180715,El Ilusionista,Crianza 2021,2021,3.7,943,11.5,España,Ribera del Duero,Red
1142380,Mas Foraster,Josep Foraster Criança 2023,2023,3.6,943,10.8,España,Conca de Barberà,Red
1130859,Laus,Reserva 2019,2019,3.6,940,9.4,España,Somontano,Red
7306771,Viña Zorzal,Crianza 2023,2023,3.8,933,9.1,España,Navarra,Red
1726419,L'Olivera,Naltres 2023,2023,3.6,931,11.7,España,Costers del Segre,Red
9038538,Dominio de Tares,El Paisano de Tares 2023,2023,3.7,930,8.95,España,Bierzo,Red
3005379,Bicicletas & Demonios,Tinto 2023,2023,3.6,928,9.24,España,Ribera del Duero,Red
100384,Montebaco,Tinto 2021,2021,3.9,927,16.85,España,Ribera del Duero,Red
1219256,Abadia de Poblet,Tinto 2021,2021,3.9,909,18.55,España,Tarragona,Red
1250856,Bernabeleva,Arroyo del Tórtolas 2023,2023,3.9,900,65.76,España,Madrid,Red
3461772,Oliveda,Ulls Negres 2021,2021,3.6,893,8.49,España,Empordà,Red
5360156,Hacienda el Ternero,Selección 2018,2018,3.8,890,16.2,España,Rioja,Red
94709,Mas Estela,Quindals 2022,2022,3.7,889,15.86,España,Empordà,Red
4442349,Bodegas Ponce,Pino 2024,2024,3.8,889,21.56,España,Manchuela,Red
4967559,Partida Creus,SM (Sumoll) 2021,2021,3.9,887,23.55,España,Penedès,Red
5843162,Pinord,Red/Bat 2023,2023,3.8,886,15.95,España,Priorato,Red
1315997,Leyenda del Páramo,El Aprendiz Tinto 2021,2021,3.5,883,7.75,España,Tierra de León,Red
1887959,Azul y Garanza,Garciano 2022,2022,3.8,880,9.95,España,Navarra,Red
1659215,Carlania,El Petit Carlania Trepat Fosc 2021,2021,3.6,868,11.85,España,Conca de Barberà,Red
1159313,Finca Los Aljibes,Selectus 2016,2016,3.7,868,17.05,España,Castilla,Red
4986942,Enate,Reserva Privada 2020,2020,3.9,867,10.0,España,Somontano,Red
7667895,Finca Antigua,Syrah Crianza 2020,2020,3.8,866,6.95,España,La Mancha,Red
4406501,Portia,Roble 2023,2023,3.8,865,7.32,España,Ribera del Duero,Red
1154646,Furot,Furot Monestir 2021,2021,3.7,864,9.58,España,Empordà,Red
6656260,Bodegas Ponce,La Estrecha Bobal 2024,2024,3.8,857,21.58,España,Manchuela,Red
7182743,Ederra,Roble 2022,2022,3.6,855,8.5,España,Ribera del Duero,Red
3671464,Las Moradas de San Martín,La Sabina 2016,2016,3.9,854,16.1,España,Madrid,Red
3433575,Lacrimus,Apasionado 2023,2023,3.7,846,8.6,España,Rioja,Red
1846376,Orto Vins,Les Argiles d'Orto Negre 2024,2024,3.7,844,10.35,España,Montsant,Red
74756,Bodegas Príncipe de Viana,1423 Reserva Navarra 2019,2019,3.8,843,17.0,España,Navarra,Red
77042,Valcarlos,Fortius Gran Reserva 2018,2018,3.8,841,9.99,España,Navarra,Red
1910957,Martín Faixó,Perafita 2021,2021,3.9,840,15.45,España,Empordà,Red
5110258,Tilenus,Vendimia Bierzo 2024,2024,3.5,838,7.35,España,Bierzo,Red
13942,Finca Antigua,Tempranillo 2022,2022,3.6,835,6.75,España,La Mancha,Red
2626924,Celler Cairats,Selecció 2019,2019,3.8,833,15.25,España,Montsant,Red
1293547,Zuazo Gaston,Reserva 2020,2020,3.7,833,12.0,España,Rioja,Red
9446087,Cune (CVNE),Ecológico Organic 2022,2022,3.7,829,13.2,España,Rioja,Red
1147670,Cepa 21,Hito 2023,2023,3.9,829,11.2,España,Ribera del Duero,Red
1250843,Bodega Marañones,Peña Caballera Garnacha 2022,2022,3.8,827,37.5,España,Madrid,Red
1289821,Bodegas Olarra,Sagasta Reserva 2019,2019,3.6,825,12.75,España,Rioja,Red
1100227,Montecillo,Rioja Crianza 2020,2020,3.8,825,14.67,España,Rioja,Red
6247755,Bodegas Quinta de Aves,Syrah 2023,2023,3.8,824,9.35,España,La Mancha,Red
1764825,Domeco de Jarauta,Viña Marro Reserva 2020,2020,3.7,823,10.3,España,Rioja,Red
5912963,Cherubino Valsangiacomo,Bobal de Sanjuan 2024,2024,3.7,822,7.0,España,Valencia,Red
1982005,Portal del Priorat,Luno 2022,2022,3.7,821,9.84,España,Montsant,Red
1370945,Breca,Garnacha 2019,2019,3.9,819,17.0,España,Calatayud,Red
1193347,Atalaya,Laya 2023,2023,3.9,819,6.9,España,Almansa,Red
1827903,Enate,Tinto 2021,2021,3.5,818,22.95,España,Somontano,Red
2665856,Bodegas Companon Arrieta (El Mozo Wines),Malaspiedras 2022,2022,3.9,818,17.8,España,Rioja,Red
1193923,Berceo,Gonzalo de Berceo Reserva 2019,2019,3.8,815,12.75,España,Rioja,Red
1222374,Mas Vicenç,Nit de Lluna 2022,2022,3.7,815,9.2,España,Tarragona,Red
4792150,Barbadillo,Tintilla Nude 2025,2025,3.9,814,13.75,España,Cádiz,Red
4947927,Mas Candi,Cabòries 2022,2022,3.9,812,14.65,España,Penedès,Red
77027,Rotllan Torra,Crianza 2019,2019,3.8,808,9.95,España,Priorato,Red
6623899,El Lomo,Listán Negro 2023,2023,3.7,808,16.65,España,Islas Canarias,Red
2581921,Alceño,4 Meses Roble Monastrell 2022,2022,3.5,808,10.95,España,Jumilla,Red
1847,Casa de la Ermita,Petit Verdot 2022,2022,3.8,807,21.0,España,Jumilla,Red
1653817,Ederra,Rioja Crianza 2020,2020,3.7,803,6.61,España,Rioja,Red
4406507,Portia,Crianza Selección de Familia 2023,2023,3.8,802,15.5,España,Ribera del Duero,Red
1176487,Azul y Garanza,Abril 2022,2022,3.5,801,6.8,España,Navarra,Red
5420642,Cellers Underground,Pura Vida Negre 2022,2022,3.9,801,12.5,España,Costers del Segre,Red
13940,Finca Antigua,Petit Verdot 2020,2020,3.7,800,6.4,España,La Mancha,Red
3216606,Ulldemolins,Ssssssshhhhhh Vins del Silenci Garnatxa Negra 2022,2022,3.5,793,7.36,España,Montsant,Red
4418279,Quinta Sardonia,Sardón 2016,2016,3.7,793,13.28,España,Castilla y León,Red
1576623,Divina Proporción,Encomienda De La Vega 2023,2023,3.5,791,6.3,España,Toro,Red
1235240,Luberri,Monje Amestoy de Luberri Reserva 2018,2018,3.9,790,19.4,España,Rioja,Red
1158349,Domeco de Jarauta,Viña Marro 2024,2024,3.7,790,4.5,España,Rioja,Red
26394,Celler de Capçanes,Vall Del Calàs Montsant 2022,2022,3.8,790,14.15,España,Montsant,Red
5944627,Pagos del Rey,Sentero Expresion 2019,2019,3.8,789,16.35,España,Toro,Red
4346880,Vinsnus,SiurAlta Rouge 2023,2023,3.6,789,13.35,España,Montsant,Red
10361190,Bodegas Amaren,Selección de Viñedos 2019,2019,3.9,773,14.4,España,Rioja Alavesa,Red
1589546,Bernabeleva,Carril del Rey 2021,2021,3.8,773,30.9,España,Madrid,Red
5921222,Abadal,Mandó 2023,2023,3.7,768,16.9,España,Cataluña,Red
1382915,Perica,6cepas6 Tinto 2022,2022,3.7,767,8.95,España,Rioja,Red
5530530,LMT Wines,Kimera Garnatxa 2022,2022,3.8,762,13.2,España,Navarra,Red
1182626,Casa Mariol,Reserva Syrah 2020,2020,3.6,761,9.3,España,Terra Alta,Red
58664,Paisajes,Valsalado Rioja 2021,2021,3.9,759,29.5,España,Rioja,Red
6413361,Bodega y Viñedos Maires,Ademán Carabizal 2023,2023,3.8,757,10.5,España,Toro,Red
13190,Federico Paternina,Banda Azul Crianza 2021,2021,3.5,757,4.49,España,Rioja,Red
2327297,Vivanco,Crianza Rioja 2021,2021,3.8,754,8.8,España,Rioja,Red
7450121,4 Kilos Vinícola,Motor Callet 2024,2024,3.7,754,18.4,España,Mallorca,Red
2727716,Palomo Cazador,Roble 2022,2022,3.5,751,9.95,España,Ribera del Duero,Red
1420407,Vins de Pedra,La Musa Negre 2021,2021,3.8,751,15.35,España,Conca de Barberà,Red
7104581,Mikaela,El Reflejo di Mikaela 2021,2021,3.9,750,16.5,España,Ribera del Júcar,Red
1434974,Bodega Marañones,Treintamil (30.000) Maravedies 2019,2019,3.7,749,11.46,España,Madrid,Red
1379037,Mengoba,Mencia de Espanillo 2022,2022,3.8,749,28.05,España,Bierzo,Red
1302660,Vall de Baldomar,Baldomà Selecció 2023,2023,3.5,746,10.95,España,Costers del Segre,Red
1182290,Federico Paternina,Rioja Reserva 2018,2018,3.8,746,6.17,España,Rioja,Red
1233914,Corcovo - Megía e Hijos,Tempranillo 2023,2023,3.6,744,6.25,España,Valdepeñas,Red
6220373,Bodegas Quinta de Aves,Tempranillo 2021,2021,3.8,742,8.25,España,La Mancha,Red
2428995,Terra Remota,Tan Natural 2024,2024,3.8,741,15.35,España,Empordà,Red
1218255,De Muller,Cabernet Sauvignon 2023,2023,3.6,737,8.8,España,Tarragona,Red
1184425,Bodegas Piqueras,Valcanto Syrah 2023,2023,3.6,734,6.0,España,Almansa,Red
4569474,Murviedro,Colección Bobal Roble 2023,2023,3.7,731,4.9,España,Utiel-Requena,Red
62344,Bodega Lanzaga,Lanzaga Rioja 2018,2018,3.9,724,21.5,España,Rioja,Red
1900501,Launa,Selección Familiar Crianza 2020,2020,3.9,719,12.45,España,Rioja,Red
1542578,Rafael Cambra,Uno 2022,2022,3.8,719,16.89,España,Valencia,Red
5304645,Ailalá,Tinto 2022,2022,3.8,718,10.1,España,Ribeiro,Red
76947,Baltasar Gracián,Crianza 2022,2022,3.8,715,10.82,España,Aragón,Red
1992036,Jané Ventura,Negre Selecció 2018,2018,3.7,712,9.14,España,Penedès,Red
1481988,Launa,Crianza 2019,2019,3.7,710,10.95,España,Rioja,Red
2496108,Bodegas Binifadet,Negre 2024,2024,3.6,708,16.35,España,Isla de Menorca,Red
5796812,Cuevas de Arom,AS Ladieras 2022,2022,3.8,708,23.4,España,Campo de Borja,Red
2215570,El Escocés Volante,Es Lo Que Hay 2022,2022,3.7,706,17.55,España,Aragón,Red
1902933,Estones,Set Tota la Vida 2023,2023,3.9,705,13.7,España,Montsant,Red
5463135,Hacienda Albae,Malbec 2021,2021,3.6,704,7.5,España,La Mancha,Red
1251555,Ébano,Tinto 2020,2020,3.6,699,15.0,España,Ribera del Duero,Red
8516607,Volver,La Quinta de Rafa 2023,2023,3.8,699,7.86,España,Almansa,Red
2070044,Celler Sabaté,Plantadeta Negre Roure 2022,2022,3.7,698,11.9,España,Priorato,Red
2143026,Domeco de Jarauta,Viña Marro Crianza 2022,2022,3.6,697,6.95,España,Rioja,Red
4297638,Matarromera,Granza Tempranillo Roble 2023,2023,3.6,697,10.0,España,Ribera del Duero,Red
3347958,Vendrell Rived,Miloca Garnatxa 2024,2024,3.7,696,9.44,España,Montsant,Red
2389188,Terrer de Pallars,Conca de Tremp 2023,2023,3.8,696,14.45,España,Costers del Segre,Red
1233384,Pago de Larrea,Cæcus Crianza 2021,2021,3.7,691,9.6,España,Rioja Alavesa,Red
1437851,Hoya de Cadenas,Reserva Tempranillo 2020,2020,3.5,689,4.15,España,Utiel-Requena,Red
6320055,Pago Aylés,Immortalis Garnacha 2022,2022,3.8,687,8.45,España,Calatayud,Red
6447577,Estancia Piedra,Prohibida Únicamente Garnacha 2023,2023,3.8,684,14.5,España,Toro,Red
1486461,Masia Serra,IO 2019,2019,3.7,683,13.42,España,Empordà,Red
1605256,El Grillo y La Luna,12 Lunas Garnacha 2024,2024,3.9,678,9.9,España,Somontano,Red
9292749,Finca Torremilanos,El Porrón de Lara 2023,2023,3.9,676,15.35,España,Castilla y León,Red
1799380,Alvear,Palacio Quemado Reserva 2020,2020,3.9,675,13.4,España,Ribera del Guadiana,Red
1681959,Mas Oller,Plus 2023,2023,3.8,673,17.48,España,Cataluña,Red
6525780,Murviedro,Audentia Petit Verdot 2024,2024,3.7,663,5.7,España,Valencia,Red
1470083,Orto Vins,Les Comes d'Orto 2022,2022,3.8,659,22.5,España,Montsant,Red
7276689,Clos de Lôm,Garnacha 2023,2023,3.9,658,12.9,España,Valencia,Red
10072466,Viña Real,Bakeder 2022,2022,3.8,658,18.9,España,Rioja,Red
1154641,Rigau Ros,Gran Reserva 2018,2018,3.6,658,9.45,España,Empordà,Red
1159114,Costers del Siurana,Usatges Rouge 2024,2024,3.9,656,27.15,España,Priorato,Red
2342548,Marques del Atrio,Reserva 2020,2020,3.8,654,12.25,España,Rioja,Red
7084930,Los Frailes,Monastrell 2024,2024,3.7,652,8.25,España,Valencia,Red
6161614,Marco Abella,Olbieta Negre 2023,2023,3.5,651,8.6,España,Cataluña,Red
2158851,Asensio Carcelén,100x100 Syrah 2023,2023,3.9,650,8.25,España,Jumilla,Red
1598262,Cid Bermúdez,Altrejo 12 Meses Barrica 2021,2021,3.9,650,10.2,España,Ribera del Duero,Red
1868123,Los Frailes,1771 Monastrell 2022,2022,3.9,650,30.75,España,Valencia,Red
7180092,D. Mateos,Letargo Vendimia Seleccionada Tempranillo 2024,2024,3.7,647,5.8,España,Rioja,Red
3648081,Bodega Akutain,Cosecha Tinto 2023,2023,3.7,647,11.8,España,Rioja Alta,Red
7795237,Voelos,Crianza 2021,2021,3.7,646,10.9,España,Rioja,Red
3973869,Bodegas Javier San Pedro Ortega,Cueva de Lobos Joven 2024,2024,3.7,646,5.75,España,Rioja,Red
4381882,Finca La Solana,Organic Verdecillo 2023,2023,3.5,645,7.05,España,Murcia,Red
1616,Castell del Remei,Gotim Bru 2021,2021,3.9,640,9.23,España,Costers del Segre,Red
1595237,Pago de la Jaraba,Viña Jaraba Crianza 2020,2020,3.7,638,16.75,España,La Mancha,Red
1177315,Marqués de Terán,Reserva 2016,2016,3.7,638,13.5,España,Rioja,Red
3986477,Neo,Colección Privada 2021,2021,3.7,638,15.0,España,Ribera del Duero,Red
4442974,Fariña,Mascaradas 2022,2022,3.8,635,10.5,España,Castilla y León,Red
6276504,Bodega de Bardos,Roble 2024,2024,3.8,635,11.3,España,Ribera del Duero,Red
1912723,Zifar,Senda de Los Olivos Roble 2024,2024,3.9,635,11.05,España,Ribera del Duero,Red
1609477,Pardas,Collita Roja 2017,2017,3.8,633,31.0,España,Penedès,Red
5310958,El Escocés Volante,Manda Huevos Tinto 2021,2021,3.7,629,19.95,España,Aragón,Red
1189575,Conreria d'Scala Dei,Nona Petit 2022,2022,3.6,628,15.45,España,Priorato,Red
73859,Parató,Finca Renardes 2022,2022,3.6,628,7.19,España,Penedès,Red
7257365,Los Frailes,Garnacha - Monastrell 2023,2023,3.7,626,9.0,España,Valencia,Red
15487,Bodegas Valdemar,Conde de Valdemar Crianza 2019,2019,3.9,625,8.88,España,Rioja,Red
1751727,Finca Valpiedra,Rioja Cantos de Valpiedra Crianza 2019,2019,3.6,623,10.0,España,Rioja,Red
1798032,Leyenda del Páramo,El Médico Tinto 2016,2016,3.8,621,16.0,España,Castilla y León,Red
2375682,Pedralonga,DoUmia Tinto 2020,2020,3.6,617,17.8,España,Rías Baixas,Red
1199185,Bodegas Mano a Mano,Venta La Ossa TNT 2019,2019,3.9,611,16.3,España,Castilla,Red
2836526,Mas Vicenç,L'Arlequí 2020,2020,3.9,609,12.85,España,Tarragona,Red
1445056,Cosmic,Gratitud Cabernet Franc 2024,2024,3.7,606,17.35,España,Penedès,Red
2072794,Burgo Viejo,Rioja Graciano 2023,2023,3.6,605,10.5,España,Rioja,Red
3782524,Celler de Capçanes,La Nit de Les Garnatxes Calissa 2023,2023,3.8,605,12.9,España,Montsant,Red
2549351,Bermejo,Listán Negro Maceración Carbónica 2024,2024,3.8,604,24.25,España,Lanzarote,Red
1569983,Bernabeleva,Garnacha de Viña Bonita 2022,2022,3.8,604,50.2,España,Madrid,Red
2655286,Azul y Garanza,Seis 2021,2021,3.7,602,12.5,España,Navarra,Red
8719996,Reforjat,Garnatxa Negra 2023,2023,3.5,602,6.11,España,Terra Alta,Red
3542752,Bodegas Vallobera,Finca Vallobera Rioja 2018,2018,3.8,597,14.8,España,Rioja,Red
6326641,Sierra de Toloño,La Dula Garnachas de Altura 2023,2023,3.9,596,19.6,España,Rioja,Red
1771710,Mindiarte,Reserva 2019,2019,3.5,596,11.25,España,Rioja Alta,Red
6045356,Los Frailes,Naturel 2024,2024,3.7,595,10.75,España,Valencia,Red
2566160,Pagos de Matanegra,Reserva Tempranillo 2020,2020,3.8,592,24.0,España,Ribera del Duero,Red
1459107,Hacienda Albae,Syrah 2023,2023,3.6,591,7.5,España,La Mancha,Red
6981077,Luzon,Colección Roble 2024,2024,3.8,590,8.1,España,Jumilla,Red
3219896,Celler Cairats,Tinto 2021,2021,3.6,585,9.4,España,Montsant,Red
1260294,Bodegas Aragonesas,Coto de Hayas Reserva 2019,2019,3.5,585,11.5,España,Campo de Borja,Red
77245,Casa Castillo,Monastrell 2021,2021,3.9,582,9.5,España,Jumilla,Red
1480974,Aibar,Xyz Tridimensional 2022,2022,3.5,581,22.9,España,Montsant,Red
7199027,Murviedro,Galeam Crianza 2018,2018,3.8,580,7.45,España,Utiel-Requena,Red
1142455,Bodegas Faustino,Crianza 2021,2021,3.7,577,7.13,España,Rioja Alavesa,Red
5954378,Pastor Diaz,Castroviejo Viñedos Propios Garnacha 2022,2022,3.8,576,8.0,España,Rioja,Red
4789828,Quinta da Muradella,Candea Tinto 2022,2022,3.7,573,14.75,España,Monterrei,Red
1367561,Bodegas Olarra,Cerro Añon Crianza Rioja 2021,2021,3.9,571,8.8,España,Rioja,Red
1932072,Tarón,Cepas Centenarias 2020,2020,3.9,568,23.2,España,Rioja Alta,Red
9534126,Attis,Sangarida Mencía 2023,2023,3.8,567,9.81,España,Bierzo,Red
6215366,Paco & Lola,Mencia 2023,2023,3.6,566,9.46,España,Rías Baixas,Red
2723412,La Maldita,Garnacha 2023,2023,3.7,565,7.5,España,Rioja,Red
1859431,Cyan,Crianza 2020,2020,3.7,565,16.5,España,Toro,Red
5257243,Dominio de Atauta,La Celestina Crianza 2019,2019,3.9,565,12.81,España,Ribera del Duero,Red
1185932,Viña al Lado de la Casa,Viña al Lado de la Casa 2022,2022,3.8,564,14.95,España,Yecla,Red
1153105,Marqués de la Concordia,Crianza Rioja 2018,2018,3.8,562,5.75,España,Rioja,Red
5932425,Curii Uvas & Vinos,Una Noche y Un Dia 2023,2023,3.8,562,18.15,España,Alicante,Red
11257758,Carlos Serres,5 Barricas Gran Reserva 2016,2016,3.9,561,18.5,España,Rioja,Red
4377480,Pujol Cargol,El Missatger Tinto 2023,2023,3.8,560,11.65,España,Empordà,Red
5895119,Laventura,La Nave 2023,2023,3.7,560,9.35,España,Rioja,Red
2020297,DiT Celler,Selenita 2024,2024,3.6,559,10.45,España,Montsant,Red
7203772,Bodegas Valdelana,Vi-Ve La Llave de Los Sueños Rioja 2023,2023,3.7,557,10.85,España,Rioja Alavesa,Red
1525045,Carlos Serres,Rioja Crianza 2021,2021,3.8,554,7.85,España,Rioja,Red
98839,4 Kilos Vinícola,12 Volts 2019,2019,3.8,553,17.9,España,Mallorca,Red
7807253,Rico Nuevo,RN Garnacha 2022,2022,3.5,553,13.1,España,Castilla y León,Red
1555195,Corcovo - Megía e Hijos,Reserva 2021,2021,3.9,551,9.17,España,Valdepeñas,Red
2385114,Sota els Àngels,Flow Tinto 2023,2023,3.7,551,13.77,España,Empordà,Red
6270010,Viña Somoza,VIA XVIII S 2022,2022,3.8,550,17.75,España,Valdeorras,Red
2897915,La Zorra,Raro Rufete 2021,2021,3.6,549,14.2,España,Sierra de Salamanca,Red
1438965,Celler Devinssi,Mas de les Valls Tinto 2023,2023,3.9,548,25.0,España,Priorato,Red
2373181,Celler Xavier Clua,Mas d'en Pol Red 2024,2024,3.5,547,8.15,España,Terra Alta,Red
9643643,Michelini i Mufatto,En El Camino 2021,2021,3.8,546,13.98,España,Bierzo,Red
6373831,Los Frailes,Caliza Monastrell 2022,2022,3.8,546,17.3,España,Valencia,Red
2230182,Conde de San Cristobal,Reserva Especial Ribera del Duero 2020,2020,3.8,544,37.0,España,Ribera del Duero,Red
1135812,Vivanco,Selección de Familia Reserva 2019,2019,3.9,542,13.75,España,Rioja,Red
7310758,Coca i Fitó,Ruxe Mencía 2022,2022,3.7,540,12.5,España,Ribeira Sacra,Red
14892,Muruve,Roble 2021,2021,3.5,539,6.45,España,Toro,Red
7090350,Murviedro,Galeam Monastrell 2023,2023,3.7,538,6.63,España,Alicante,Red
2150614,Espelt,99 Punts 2023,2023,3.6,535,10.5,España,Empordà,Red
78772,Marques de Vargas,Reserva Privada Rioja 2017,2017,4.3,535,59.5,España,Rioja,Red
6217152,San Alejandro,Clos Baltasar 2022,2022,3.9,535,14.3,España,Calatayud,Red
1148925,Martúe,Syrah 2022,2022,3.8,534,18.25,España,Campo de la Guardia,Red
3046942,Lar de Maía,5º Tinto 2021,2021,3.8,534,13.8,España,Tierra de León,Red
1595260,Mesquida Mora,Sòtil 2022,2022,3.8,528,35.85,España,Plà i Llevant,Red
1206186,Castell del Remei,Sícoris Tinto 2022,2022,3.5,526,8.9,España,Costers del Segre,Red
63114,Telmo Rodriguez,Valdeorras Mencia Gaba do Xil 2020,2020,3.7,526,9.85,España,Valdeorras,Red
4445020,Encomienda de Cervera,Vulcanus Syrah 2023,2023,3.8,522,8.5,España,Castilla,Red
3868197,DiT Celler,Selenita  Nit 2022,2022,3.9,521,17.95,España,Montsant,Red
1711451,Sa Forana,Tinto 2024,2024,3.7,519,26.5,España,Isla de Menorca,Red
1164120,Bodegas Sembro,Vendimia Seleccionada Tempranillo 2021,2021,3.8,516,18.78,España,Ribera del Duero,Red
1100350,Bodegas Franco-Españolas,Rioja Bordón Reserva 2018,2018,3.9,515,10.75,España,Rioja,Red
1309271,Diez Caballero,Vendemia Seleccionada 2017,2017,3.9,514,18.25,España,Rioja,Red
5621373,Volver,4 Meses Red 2025,2025,3.7,512,7.5,España,La Mancha,Red
8452716,Gorka Izagirre,Ilun Tinto 2024,2024,3.7,512,13.6,España,Bizkaiko Txakolina,Red
1823331,Territorio Luthier,Potencial 2019,2019,3.9,511,14.0,España,Ribera del Duero,Red
2701689,Ignios Orígenes,Vendimia Seleccionada Listán Negro 2021,2021,3.8,510,50.5,España,Ycoden-Daute-Isora,Red
1705514,Puente de Rus,Tempranillo Crianza 2021,2021,3.6,508,7.5,España,La Mancha,Red
6336448,Juan Gil,Cuvée Especial 2023,2023,3.9,508,7.8,España,Jumilla,Red
4062468,Clos Montblanc,Únic Syrah 2021,2021,3.8,507,9.6,España,Conca de Barberà,Red
2026466,Can Serra dels Exibis,La Rasa 2020,2020,3.9,505,19.5,España,Pla de Bages,Red
4147772,Fazenda Prádio,Tinto 2020,2020,3.7,505,32.56,España,Galicia,Red
3297993,Garriguella,Puntils Criança 2022,2022,3.5,505,7.93,España,Empordà,Red
8966854,Bodega Bravo Escós,Pas dels Caus 2022,2022,3.9,504,13.5,España,Priorato,Red
7136331,Can'Leandro,La Lloma Bonicaire - Monastrell 2023,2023,3.8,501,16.45,España,Valencia,Red
1757771,Aroa,Mutiko 2023,2023,3.6,501,8.0,España,Navarra,Red
9213328,Bruno Murciano,Parajes del Cabriel 2024,2024,3.6,497,6.6,España,Utiel-Requena,Red
8516605,Volver,Paso a Paso Tempranillo - Graciano 2024,2024,3.8,496,7.5,España,Jumilla,Red
8630975,Vinos Valtuille,La Tellería 2024,2024,3.8,496,9.95,España,Bierzo,Red
49564,Viña Mayor,Ribera del Duero Crianza 2012,2012,3.5,496,24.6,España,Ribera del Duero,Red
1448359,Proyecto Garnachas de España,La Garnacha Olvidada de Aragón 2017,2017,3.8,495,13.95,España,Aragón,Red
3527652,Iron Seven,Crianza 2018,2018,3.5,494,6.75,España,Rioja,Red
5705918,Alceño,Rio Lilo Monastrell 2023,2023,3.7,494,10.2,España,Jumilla,Red
1997336,Briego,Supernova Crianza 2021,2021,3.7,493,12.95,España,Ribera del Duero,Red
7334500,4 Monos,Aguja Del Fraile 2022,2022,3.9,492,26.75,España,Madrid,Red
1136732,Finca Sobreno,Crianza 2020,2020,3.8,487,8.97,España,Toro,Red
2237000,Casa Rojo,The Invisible Man 2016,2016,3.8,486,18.9,España,Rioja Alta,Red
7136417,Cueva del Chamán,Garnacha Tintorera 2024,2024,3.8,485,6.9,España,Castilla,Red
5111546,Lo Cometa,Garnatxa Negra - Syrah 2023,2023,3.5,482,7.95,España,Terra Alta,Red
1941119,Domeco de Jarauta,Viña Marro Vendimia Seleccionada 2022,2022,3.6,481,6.2,España,Rioja,Red
1293505,Can Ràfols dels Caus,Sumoll 2024,2024,3.6,478,22.95,España,Penedès,Red
1131347,Pagos del Rey,Arnegui Crianza Rioja 2018,2018,3.7,477,7.25,España,Rioja,Red
2759829,Bodegas Diaz Bayo,4U Tinto 2023,2023,3.6,476,6.3,España,Ribera del Duero,Red
1157189,Ribas del Cúa,Privilegio Mencia 2022,2022,3.6,472,23.95,España,Bierzo,Red
1900254,Goyo Garcia Viadero,Finca Viñas de Arcilla 2019,2019,3.9,471,39.5,España,Ribera del Duero,Red
4429593,Terroir Al Límit Soc. Lda,Historic Tinto 2021,2021,3.9,469,23.75,España,Priorato,Red
1203193,Pagos del Rey,Arnegui Reserva 2016,2016,3.9,468,10.5,España,Rioja,Red
6373863,Los Frailes,Dolomitas Monastrell 2023,2023,3.8,467,17.3,España,Valencia,Red
2260109,Adega Ponte da Boga,Porto de Lobos 2019,2019,3.9,467,23.9,España,Ribeira Sacra,Red
5554792,Arloren,El Tio del Carro 2022,2022,3.5,466,11.95,España,Jumilla,Red
1129452,Bodegas Lagunilla,Casa del Comendador Gran Reserva 2015,2015,3.6,463,11.48,España,Rioja,Red
85758,Castaño,Hécula Monastrell 2023,2023,3.4,20784,7.47,España,Yecla,Red
23477,Viñas del Vero,Roble Cabernet Sauvignon - Merlot Somontano 2024,2024,3.4,12482,5.0,España,Somontano,Red
1145711,Raimat,Abadia Cabernet Sauvignon - Tempranillo 2023,2023,3.4,10370,8.9,España,Costers del Segre,Red
1509282,Rafael Palacios,Sorte O Soro Val do Bibei 2023,2023,4.6,1001,460.0,España,Valdeorras,White
9304579,Territorio Luthier,Territorio Luthier Blanco de Guarda 2022,2022,4.5,191,51.97,España,Ribera del Duero,White
1622554,Valdesil,Pedrouzos Godello 2022,2022,4.5,163,130.0,España,Valdeorras,White
7389094,Bodegas Frontonio,El Jardín de las Iguales Viñedo Historic Macabeo 2017,2017,4.5,143,264.7,España,Valdejalón,White
9830114,Bodegas Fulcro,Nas Dunas Albariño 2022,2022,4.5,135,79.0,España,Rías Baixas,White
1192652,Enate,Chardonnay Uno 2011,2011,4.5,104,348.01,España,Somontano,White
9975415,De Los Abuelos,Teiró 2022,2022,4.5,64,99.95,España,Bierzo,White
1127993,Viña Meín,Emilio Rojo Blanco 2019,2019,4.5,53,480.0,España,Ribeiro,White
11590493,Belondrade,Les Parcelles 2018,2018,4.5,47,270.0,España,Rueda,White
8905048,DaVide,Perfeccionista Finca Ofelia 2023,2023,4.5,46,66.91,España,Rías Baixas,White
9048261,Bodegas Luis Perez,Cortado La Barajuela 2018,2018,4.5,31,57.24,España,Jerez-Xérès-Sherry,White
12070337,Oxer Wines,Kalamity Blanco 2023,2023,4.5,27,109.99,España,Rioja,White
76476,Belondrade,Belondrade y Lurton 2020,2020,4.5,1391,75.0,España,Rueda,White
5177761,Marqués de Murrieta,Castillo Ygay Gran Reserva Especial Blanco 1986,1986,4.7,607,1500.0,España,Rioja,White
6104544,Dominio del Águila,Albillo Vinas Viejas 2018,2018,4.5,252,325.0,España,Castilla y León,White
3981519,Olivier Rivière,Mirando al Sur 2018,2018,4.5,142,71.65,España,Rioja,White
3363528,Enric Soler,Espenyalluchs 2017,2017,4.5,70,95.0,España,Penedès,White
12165961,Dominio del Águila,La Aguilera 2019,2019,4.5,65,230.0,España,Ribera del Duero,White
6056793,Micro Bio (MicroBio),Respublica Verdejo 2016,2016,4.5,44,75.95,España,Vino de España,White
2628,Familia Torres,Viña Esmeralda 2025,2025,4.0,57221,8.9,España,Penedès,White
1143504,Mar de Frades,Albariño Atlantico 2025,2025,4.1,46638,17.9,España,Rías Baixas,White
3704,Terras Gauda,Terras Gauda O'Rosal 2025,2025,4.1,44286,13.6,España,Rías Baixas,White
5722875,Félix Solís,Mucho Más Blanco N.V.,N.V.,4.0,32100,5.35,España,Castilla,White
1781951,Gramona,Gessamí 2025,2025,4.1,15320,12.9,España,Penedès,White
23476,Viñas del Vero,Gewürztraminer Somontano 2025,2025,4.0,13006,11.25,España,Somontano,White
6142915,Ossian,Viñas Viejas Verdejo 2023,2023,4.2,12372,32.85,España,Castilla y León,White
6560205,Bodega de Bardos,Rueda Verdejo 2025,2025,4.0,6017,7.69,España,Rueda,White
1240271,Botani,Moscatel Old Vines 2024,2024,4.0,5481,13.35,España,Sierras de Málaga,White
2495226,Ameztoi,Blanco 2025,2025,4.0,5388,11.5,España,Getariako Txakolina,White
1789020,Forjas del Salnés,Leirana Finca Genoveva Albariño 2024,2024,4.1,5247,33.95,España,Rías Baixas,White
6349614,Rezabal,Rezabal Txakoli 2025,2025,4.0,5063,11.45,España,Getariako Txakolina,White
1147593,Dominio do Bibei,Lapola 2023,2023,4.2,5023,25.5,España,Ribeira Sacra,White
1552884,Abadía Retuerta,LeDomaine Blanco de Guarda 2024,2024,4.3,4763,37.95,España,Abadía Retuerta,White
1313684,Quinta de Couselo,Quinta de Couselo 2024,2024,4.0,4442,15.5,España,Rías Baixas,White
2623,Familia Torres,Milmanda 2022,2022,4.1,4366,69.0,España,Conca de Barberà,White
1219806,Circe,Blanco 2025,2025,4.0,4104,10.1,España,Rueda,White
1210648,Avancia,Godello 2024,2024,4.2,4086,28.9,España,Valdeorras,White
77131,Allende,Rioja Blanco 2021,2021,4.0,3854,24.8,España,Rioja,White
2468513,Caraballas,Verdejo Organic 2024,2024,4.0,3769,13.25,España,Castilla y León,White
1647969,VALENCISO,Rioja Blanco 2024,2024,4.1,3724,19.9,España,Rioja,White
78778,Chivite,Navarra Coleccion 125 Blanco 2023,2023,4.2,3668,57.9,España,Navarra,White
4710458,Paco & Lola,No. 12 Albariño 2025,2025,4.0,3591,11.25,España,Rías Baixas,White
1187117,Fefiñanes,1583 Albariño de Fefiñanes 2024,2024,4.0,3316,26.9,España,Rías Baixas,White
1739977,Cal Pla,Mas d'en Compte Priorat White 2021,2021,4.1,3305,14.7,España,Priorato,White
4628712,Casa Rojo,The Orange Republic 2025,2025,4.0,3262,13.25,España,Valdeorras,White
6494453,Oxer Wines,Marko Gure Arbasoak 2024,2024,4.0,3207,22.12,España,Bizkaiko Txakolina,White
1360389,Godeval,Cepas Vellas Godello 2024,2024,4.1,3186,20.9,España,Valdeorras,White
1286379,José Pariente,Verdejo 2022,2022,4.1,3173,23.9,España,Rueda,White
5479887,Volver,Tarima Mediterráneo 2025,2025,4.0,3120,7.9,España,Alicante,White
1491206,José Pariente,Verdejo Fermentado en Barrica 2024,2024,4.1,3024,19.2,España,Rueda,White
2306989,Pazo Casanova,Finca Viñoa Blanco 2024,2024,4.0,2860,15.75,España,Ribeiro,White
1185085,Pazo Baión,Albariño 2024,2024,4.0,2805,18.5,España,Rías Baixas,White
7439115,Artomaña Txakolina,Xarmant Txakoli 2024,2024,4.0,2795,9.1,España,Arabako Txakolina,White
1518244,Menade,Sauvignon Blanc 2024,2024,4.0,2766,13.01,España,Castilla y León,White
1265045,Bodega Contador (Benjamín Romeo),Predicador Blanco 2024,2024,4.0,2708,27.38,España,Rioja,White
4977519,D. Mateos,La Mateo Tempranillo Blanco 2023,2023,4.0,2576,19.95,España,Rioja,White
1226981,Bodega Contador (Benjamín Romeo),Qué Bonito Cacareaba Blanco 2024,2024,4.3,2561,50.92,España,Rioja,White
1191728,Bodegas Gerardo Mendez,Albariño Do Ferreiro Cepas Vellas 2024,2024,4.3,2550,35.88,España,Rías Baixas,White
17417,Loxarel,Cora de Loxarel 2025,2025,4.0,2414,10.7,España,Penedès,White
3901837,Grandes Pagos Gallegos,Fraga do Corvo Godello 2024,2024,4.0,2412,14.75,España,Monterrei,White
1207409,Hispano Suizas,Impromptu Sauvignon Blanc 2024,2024,4.0,2394,25.5,España,Utiel-Requena,White
3758825,Bodegas Amaren,Barrel Fermented White 2023,2023,4.0,2369,19.8,España,Rioja,White
4628602,Cunqueiro,III Tercermilenium Blanco 2024,2024,4.1,2367,13.8,España,Ribeiro,White
1927931,Valdesil,Pezas da Portela Godello 2024,2024,4.2,2349,38.65,España,Valdeorras,White
87931,Naia,Naiades 2022,2022,4.0,2320,21.75,España,Rueda,White
3973507,Javier Sanz Viticultor,Singular V Malcorta Verdejo 2024,2024,4.1,2275,19.55,España,Rueda,White
1884649,Telmo Rodriguez,MR (Mountain Wine) 2024,2024,4.1,2267,17.04,España,Málaga,White
1160154,Viña Nora,Nora da Neve 2023,2023,4.1,2249,22.16,España,Rías Baixas,White
1213919,Compañía de Vinos Tricó,Albariño 2022,2022,4.0,2173,26.5,España,Rías Baixas,White
1378925,Pazo Barrantes,La Comtesse de Pazo Barrantes Albariño 2020,2020,4.2,2040,120.0,España,Rías Baixas,White
8254797,Félix Solís,The Guv'nor Blanco N.V.,N.V.,4.0,1983,8.95,España,Castilla,White
6148206,Raúl Pérez,Atalier 2024,2024,4.1,1912,15.75,España,Rías Baixas,White
10072848,Pazo Barrantes,Gran Vino Albariño 2019,2019,4.4,1872,73.6,España,Rías Baixas,White
1146614,Mar de Frades,Finca Valiñas 2020,2020,4.1,1857,26.35,España,Rías Baixas,White
2288501,Pedralonga,Albariño Pedralonga 2024,2024,4.0,1794,20.85,España,Rías Baixas,White
1848747,Luis A. Rodriguez Vazquez,Viña de Martin Escolma Ribeiro 2021,2021,4.3,1760,42.73,España,Ribeiro,White
7264553,Mas Doix,Murmuri 2024,2024,4.0,1699,23.7,España,Priorato,White
1404969,Raúl Pérez,Sketch 2024,2024,4.3,1631,58.95,España,Rías Baixas,White
6611009,Habla,Habla del Mar 2025,2025,4.0,1625,21.0,España,Extremadura,White
99553,Ossian,Capitel 2022,2022,4.4,1577,125.0,España,Castilla y León,White
16125,Clos Montblanc,Únic Chardonnay 2024,2024,4.1,1552,13.2,España,Cataluña,White
1772476,Antonio Montero,Autor 2024,2024,4.0,1549,8.95,España,Ribeiro,White
7597704,El Vínculo,Alejairén Crianza 2023,2023,4.0,1508,15.11,España,Castilla,White
1278827,Luis A. Rodriguez Vazquez,Viña de Martin Os Pasás Ribeiro 2023,2023,4.0,1504,26.5,España,Ribeiro,White
7888953,Bodegas Luis Perez,La Escribana Macharnudo 2024,2024,4.2,1501,24.5,España,Cádiz,White
4883655,Arínzano,Hacienda de Arínzano Chardonnay 2023,2023,4.0,1490,16.55,España,Arínzano,White
4846683,Ordóñez,Nisia Las Suertes Verdejo Old Vines 2024,2024,4.2,1471,21.5,España,Rueda,White
1815023,Zárate,Balado Albariño 2024,2024,4.0,1461,37.4,España,Rías Baixas,White
4498477,Micro Bio (MicroBio),Correcaminos Blanco 2024,2024,4.0,1417,15.5,España,Castilla y León,White
5463531,Menade,La Misión 2023,2023,4.1,1402,25.38,España,Rueda,White
3776659,Clos Lentiscus,Perill Blanc 2023,2023,4.0,1400,18.4,España,Penedès,White
8030915,Familia Torres,Pazo Torre Penelas Blanco Granito Albariño 2022,2022,4.1,1390,39.8,España,Rías Baixas,White
2490865,La Caña,Navia Albarino 2024,2024,4.2,1378,21.9,España,Rías Baixas,White
2155298,R. López de Heredia,Viña Tondonia Reserva Blanco 2004,2004,4.2,1311,250.0,España,Rioja Alta,White
2432292,Edetària,Selecció Blanca 2023,2023,4.1,1304,27.4,España,Terra Alta,White
8354382,Vicente Gandía,Bobal Blanco 2025,2025,4.0,1253,15.3,España,Utiel-Requena,White
1757921,Eido Da Fonte,Albariño 2024,2024,4.1,1247,13.9,España,Rías Baixas,White
1454565,Lagar do Merens,Blanco 2023,2023,4.1,1247,22.0,España,Ribeiro,White
1209669,El Perro Verde,Rueda 2021,2021,4.0,1243,23.8,España,Rueda,White
4746869,Albamar,PAI Albariño 2024,2024,4.0,1200,38.4,España,Rías Baixas,White
2563202,Ameztoi,Primus Circumdedisti Me 2024,2024,4.1,1190,15.5,España,Getariako Txakolina,White
1125013,Zárate,El Palomar Albariño 2023,2023,4.1,1184,39.91,España,Rías Baixas,White
1184631,Can Ràfols dels Caus,El Rocallís 2022,2022,4.2,1180,45.36,España,Cataluña,White
1243393,L'Olivera,Missenyora 2024,2024,4.1,1162,13.98,España,Costers del Segre,White
5893098,Bodega Ca'n Verdura,Supernova Moll 2024,2024,4.0,1162,13.95,España,Binissalem-Mallorca,White
6035229,Ramón do Casar,Nobre 2024,2024,4.1,1157,25.9,España,Ribeiro,White
10523151,Rippa Dorii,Verdejo 2025,2025,4.0,1142,6.95,España,Rueda,White
1843702,Tajinaste,Blanco Afrutado 2023,2023,4.0,1134,17.65,España,Valle de la Orotava,White
5069592,Micro Bio (MicroBio),Sin Nombre 2022,2022,4.1,1110,31.75,España,Castilla y León,White
1586229,José Pariente,Cuvée Especial Verdejo 2023,2023,4.1,1104,29.5,España,Rueda,White
1912350,Albamar,Sesenta e Nove Arrobas Albariño 2023,2023,4.2,1095,39.75,España,Rías Baixas,White
1169393,Ossian,Quintaluna 2019,2019,4.0,1093,14.9,España,Castilla y León,White
9412660,Aalto,Blanco de Parcela 2024,2024,4.2,1080,38.5,España,Castilla y León,White
2692574,Bodegas Javier San Pedro Ortega,Anahí 2024,2024,4.0,1080,7.3,España,Rioja,White
1994136,Celler Frisach,Vernatxa Blanca 2023,2023,4.0,1064,16.95,España,Terra Alta,White
5766980,Pago de Los Capellanes,O Luar do Sil Valdeorras Godello 2024,2024,4.2,1059,13.7,España,Valdeorras,White
1173806,Marqués de Murrieta,Capellanía Reserva 2016,2016,4.3,1053,79.0,España,Rioja,White
2078469,Martí Fabra,Masia Carreras Empordà Blanco 2023,2023,4.2,1037,22.95,España,Empordà,White
1304004,DaVide,Albariño 2024,2024,4.0,1033,20.84,España,Rías Baixas,White
2756688,Luis A. Rodriguez Vazquez,A Teixa Ribeiro 2022,2022,4.2,1014,31.45,España,Ribeiro,White
4151972,Pazo Señorans,Colección Albariño Rías Baixas 2021,2021,4.1,1010,24.1,España,Rías Baixas,White
1233138,Mas Candi,QX Quatre Xarel·los 2024,2024,4.1,1006,18.3,España,Penedès,White
7287751,Bodegas Marqués de Cáceres,Excellens Verdejo 2025,2025,4.0,1002,7.45,España,Rueda,White
1543909,Mas d'en Gil,Coma Blanca Priorat 2022,2022,4.2,995,32.0,España,Priorato,White
2681086,Attis,Mar Albariño 2024,2024,4.4,991,77.75,España,Rías Baixas,White
63224,Telmo Rodriguez,Molino Real 2021,2021,4.3,985,42.5,España,Málaga,White
6835104,Celler la Salada,El Pagès Content Blanc 2024,2024,4.0,983,12.4,España,Penedès,White
1775097,El Grifo,Malvasía Coleccion Semidulce 2025,2025,4.0,977,20.9,España,Lanzarote,White
9063,Enate,Chardonnay Fermentado en Barrica 2022,2022,4.2,973,18.2,España,Somontano,White
1127205,Gran Clos,Blanc 2023,2023,4.1,967,19.9,España,Priorato,White
7106372,Pepe Mendoza Casa Agrícola,Pureza 2024,2024,4.0,963,16.1,España,Alicante,White
2030936,Bodegas Fulcro,O Equilibrio 2024,2024,4.1,956,23.5,España,Rías Baixas,White
5618426,Bodega Otto Bestué,Marina Gewürztraminer 2025,2025,4.0,952,8.95,España,Somontano,White
1208693,Can Ràfols dels Caus,Pairal Xarel-lo 2021,2021,4.1,947,45.36,España,Cataluña,White
1425985,Nanclares y Prieto,Nanclares Albariño 2022,2022,4.0,942,24.6,España,Rías Baixas,White
1595798,Vega de Ribes,Sasserra Malvasía de Sitges 2021,2021,4.0,932,17.0,España,Penedès,White
10162691,Can Matons,Pansa Blanca 2024,2024,4.0,930,11.95,España,Alella,White
1213907,Can Ràfols dels Caus,La Calma 2022,2022,4.1,929,50.8,España,Penedès,White
1683772,Abel Mendoza Monge,Viura 2024,2024,4.0,928,30.5,España,Rioja,White
4626475,Marqués de Riscal,Barón de Chirel Viñas Centenarias 2023,2023,4.2,921,59.2,España,Castilla y León,White
11448022,Can Sumoi,Garnatxa Blanca 2025,2025,4.0,900,11.95,España,Penedès,White
1652146,Txomin Etxaniz,Txakoli 2024,2024,4.1,884,12.1,España,Getariako Txakolina,White
1675710,Casal de Armán,Finca Misenhora Edición Limitada 2022,2022,4.3,877,32.2,España,Ribeiro,White
5475411,Scala Dei,Massipa de Scala Dei Garnatxa Blanca - Xenin 2023,2023,4.3,873,40.33,España,Priorato,White
4919107,AT Roca,Cantallops Xarel-lo 2023,2023,4.1,869,21.0,España,Penedès,White
9618104,Anima Mundi,Gres 2024,2024,4.0,852,12.3,España,Penedès,White
1149001,Vinícola Real,Cueva del Monge Blanco 2021,2021,4.0,851,21.88,España,Rioja,White
8685926,Herència Altés,La Imprudent Garnatxa Blanca 2024,2024,4.0,848,10.5,España,Terra Alta,White
78776,Arínzano,Arínzano Gran Vino Blanco 2019,2019,4.3,844,71.0,España,Arínzano,White
9542815,Veronica Ortega,La Llorona Godello 2024,2024,4.1,830,28.5,España,Bierzo,White
1949504,Albamar,Alma de Mar Albariño 2024,2024,4.1,826,34.4,España,Rías Baixas,White
5142763,Santiago Ruiz,Rosa Ruiz Albariño 2024,2024,4.0,821,19.24,España,Rías Baixas,White
2028373,Albamar,Pepe Luis 2023,2023,4.2,820,39.9,España,Galicia,White
2823810,Oxer Wines,Iraun Rioja 2024,2024,4.2,789,30.6,España,Rioja,White
8595108,Cosmic,Destí 2025,2025,4.1,788,17.4,España,Empordà,White
1399369,R. López de Heredia,Viña Gravonia 2016,2016,4.2,784,47.43,España,Rioja Alta,White
2679970,A Coroa,Lias Godello 2023,2023,4.1,782,28.5,España,Valdeorras,White
1661456,Montant i Sell,Carisma 2024,2024,4.0,769,16.5,España,Cataluña,White
9095659,Rodríguez Sanzo,Bajo Velo Verdejo 2023,2023,4.1,763,18.1,España,Rueda,White
1375273,Huguet de Can Feixes,Chardonnay 2022,2022,4.1,756,28.75,España,Penedès,White
10453603,Bodegas Javier San Pedro Ortega,Viuda Negra Las Levantadas 2024,2024,4.0,755,11.5,España,Rioja,White
2570750,Quinta de Couselo,Turonia Albariño 2021,2021,4.0,750,25.24,España,Rías Baixas,White
4875451,Raúl Pérez,Ultreia La Claudina 2023,2023,4.2,740,40.2,España,Bierzo,White
7289725,Muchada-Léclapart,Lumière 2023,2023,4.1,733,55.8,España,Cádiz,White
1874874,Bodegas Martín Códax,Gallaecia Rias Baixes Albarino 2020,2020,4.2,731,85.75,España,Rías Baixas,White
2145699,Forjas del Salnés,Goliardo a Telleira Albariño 2023,2023,4.1,729,31.9,España,Rías Baixas,White
5182252,Eulogio Pomares,Carralcoba Blanco 2024,2024,4.1,726,32.5,España,Rías Baixas,White
7585034,Adega Familiar Eladio Piñeiro,La Ola Albariño 2022,2022,4.2,712,22.7,España,Rías Baixas,White
8425496,Celler Massis de l'Albera,Les Tortugues Garnatxa Roja 2025,2025,4.2,712,16.49,España,Empordà,White
4321994,Eulogio Pomares,Maceración Con Pieles 2023,2023,4.2,712,44.98,España,Rías Baixas,White
1640127,Olivardots,Blanc de Gresa 2023,2023,4.0,710,24.15,España,Empordà,White
7618848,Matarromera,Verdejo Fermentado en Barrica 2022,2022,4.1,708,27.75,España,Rueda,White
2320808,Partida Creus,SP (Subirat Parent) 2021,2021,4.0,699,21.5,España,Penedès,White
7273201,Clos de Lôm,Malvasía 2024,2024,4.0,695,12.9,España,Valencia,White
1126962,Cérvoles,Blanc 2021,2021,4.0,694,26.07,España,Costers del Segre,White
7405451,Cota 45,UBE de Ubérrima Paganilla 2024,2024,4.0,686,19.85,España,Vino de España,White
10123408,Tilenus,Entrecuestas Godello Bierzo 2023,2023,4.1,684,17.0,España,Bierzo,White
1684367,El Grillo y La Luna,"Canto del Grillo Cri, Cri 2023",2023,4.2,680,30.0,España,Aragón,White
9947832,Entre os Ríos,Komokabras Lias 2024,2024,4.0,677,17.39,España,Barbanza e Iria,White
1844972,Rodrigo Mendez,Salvora 2024,2024,4.1,676,41.4,España,Rías Baixas,White
6334566,Pazo de Rubianes,1411 Albariño 2024,2024,4.3,676,29.95,España,Rías Baixas,White
5563270,Bodegas Mas Alta,La Solana Alta 2023,2023,4.3,674,51.0,España,Priorato,White
2378598,Nin-Ortiz,Selma de Nin Blanco 2021,2021,4.2,669,71.0,España,Cataluña,White
10337504,Iria Otero,Sal Albariño 2025,2025,4.1,663,15.95,España,Rías Baixas,White
1634161,Compañía de Vinos Tricó,Nicolás Albariño 2022,2022,4.2,656,33.5,España,Rías Baixas,White
2474969,Alta Alella,Lanius 2023,2023,4.1,651,22.83,España,Alella,White
1392781,Celler Piñol,L'Avi Arrufi Blanc 2023,2023,4.1,648,17.54,España,Terra Alta,White
5049941,Castell d'Encus,Ekam Essència 2023,2023,4.2,639,46.95,España,Costers del Segre,White
7875759,Ramón do Casar,Godello 2024,2024,4.2,635,18.6,España,Ribeiro,White
5527138,Bodegas Mas Alta,Artigas Blanco 2024,2024,4.0,633,25.85,España,Priorato,White
7213913,Micro Bio (MicroBio),Brutal 2022,2022,4.0,624,23.0,España,Castilla y León,White
1896321,Itsasmendi,Artizar 2020,2020,4.0,623,39.1,España,Bizkaiko Txakolina,White
1197163,Santiago Roma,Selección Albariño 2024,2024,4.0,612,17.6,España,Rías Baixas,White
5682524,Muscàndia,Deliri Floral 2024,2024,4.1,611,10.5,España,Penedès,White
1568221,Vinyes Domenech,Rita 2024,2024,4.0,610,26.83,España,Montsant,White
1208496,Allende,Martires Rioja 2023,2023,4.4,604,146.15,España,Rioja,White
1296985,Casal de Armán,Finca Os Loureiros Edición Limitada 2022,2022,4.3,598,26.0,España,Ribeiro,White
2930930,Bodegas Félix Lorenzo Cachazo,Carrasviñas Fermentado en Barrica 2024,2024,4.0,594,8.83,España,Rueda,White
6266356,Destinos Cruzados,Pousada 2022,2022,4.0,588,25.75,España,Rías Baixas,White
8651694,Bosque de Matasnos,Petit Blanco de Matasnos 2024,2024,4.1,585,44.75,España,Castilla y León,White
3442503,Habla,Habla de Ti Sauvignon Blanc 2020,2020,4.0,583,22.5,España,Extremadura,White
7145136,Vinessens - Casa Balaguer,Salicornio Moscatel 2024,2024,4.1,582,15.95,España,Alicante,White
1259463,Bodegas Gerardo Mendez,Rias Baixas Albariño 2023,2023,4.1,582,18.9,España,Rías Baixas,White
1641428,Marqués de Riscal,Finca Montico Gran Vino de Rueda 2021,2021,4.1,579,28.8,España,Rueda,White
5950255,Vins Pepe Raventós,Xarel-lo del Noguer 2023,2023,4.1,578,32.0,España,Penedès,White
5903080,Gramona,Savinat Sauvignon Blanc 2024,2024,4.1,578,19.69,España,Penedès,White
9868988,Bodega Tamerán,Malvasia Volcanica 2024,2024,4.2,576,35.71,España,Gran Canaria,White
1640103,Martí Fabra,Flor D' Albera Empordà 2023,2023,4.0,570,11.05,España,Empordà,White
9704244,El Mas de l'A,Quars 2023,2023,4.1,567,26.55,España,Priorato,White
3280592,Bodegas Martín Códax,Rias Baixas Albarino Vindel 2021,2021,4.1,567,80.0,España,Rías Baixas,White
7540321,De Los Abuelos,Viñedo Barreiros Godello 2024,2024,4.4,564,24.9,España,Bierzo,White
1432249,El Nispero,Albillo 2024,2024,4.0,557,24.2,España,La Palma,White
1637220,Albamar,Albariño 2023,2023,4.0,557,17.25,España,Rías Baixas,White
21218,José Pariente,Sauvignon Blanc 2023,2023,4.0,550,13.95,España,Rueda,White
6169145,Albamar,Ceibo Godello 2024,2024,4.0,549,24.0,España,Valdeorras,White
5013950,Estones,Únic PX 2022,2022,4.0,545,21.25,España,Terra Alta,White
9928513,Viña Meín,O Gran Meín Castes Brancas Blanco 2023,2023,4.1,543,23.2,España,Ribeiro,White
6896895,Albamar,O Sebal 2024,2024,4.0,532,16.9,España,Rías Baixas,White
2299308,Celler la Salada,L'Ermot 2024,2024,4.0,532,17.15,España,Penedès,White
5047087,Abel Mendoza Monge,Malvasía 2023,2023,4.1,531,29.98,España,Rioja,White
6735463,El Ilusionista,Verdejo 2024,2024,4.0,529,7.9,España,Rueda,White
1852649,Bodegas La Rodetta,AC 2024,2024,4.0,528,6.43,España,Rioja,White
6718166,Lagar de la Salud,Dulas Blanco Barrica 2022,2022,4.1,526,15.3,España,Montilla-Moriles,White
4919966,Bodegas Javier San Pedro Ortega,Viuda Negra Villahuercos 2022,2022,4.2,525,30.49,España,Rioja,White
2401281,Abad,San Salvador Godello 2021,2021,4.0,524,19.72,España,Bierzo,White
1889460,Rafael Palacios,As Sortes Val do Bibei Godello 2021,2021,4.4,522,138.75,España,Valdeorras,White
1990105,Manuel Formigo,Teira X 2024,2024,4.1,518,19.25,España,Ribeiro,White
7725333,Gorka Izagirre,42 Zura 2022,2022,4.1,517,21.6,España,Bizkaiko Txakolina,White
7087420,Raimat,El Niu de la Cigonya 2022,2022,4.0,513,11.65,España,Costers del Segre,White
5889597,Dominio do Bibei,Lalume 2020,2020,4.0,510,18.8,España,Ribeiro,White
2619,Familia Torres,San Valentín Parellada 2024,2024,4.1,510,5.9,España,Cataluña,White
2472031,Casa Rojo,La Marimorena Albariño 2022,2022,4.0,506,24.08,España,Rías Baixas,White
2284871,Can Bas,La Creu 2023,2023,4.1,500,29.9,España,Penedès,White
3874824,Godeval,Revival Godello 2023,2023,4.4,497,36.31,España,Valdeorras,White
7273309,José Pariente,Finca Las Comas Verdejo 2020,2020,4.2,491,46.9,España,Rueda,White
6844613,Muchada-Léclapart,Elixir 2023,2023,4.1,490,39.9,España,Cádiz,White
11867089,Bodegas Virgen de Galir,Val do Galir Godello 2024,2024,4.0,486,12.95,España,Valdeorras,White
10559956,Suertes del Marqués,Vidonia V.P. Listán Blanco 2024,2024,4.4,483,69.65,España,Valle de la Orotava,White
2065395,Casa Rojo,El Gordo del Circo Verdejo 2021,2021,4.0,482,34.97,España,Rueda,White
86349,Fillaboa,Fillaboa Albariño 2023,2023,4.0,480,15.5,España,Rías Baixas,White
1186282,Algueira,Escalada 2023,2023,4.1,470,41.9,España,Ribeira Sacra,White
1683812,Vall Llach,Aigua de Llum 2022,2022,4.1,468,50.75,España,Priorato,White
5074667,Alvar de Dios,Vagüera El Maderal 2022,2022,4.0,468,27.15,España,Toro,White
2300709,Bodega Marañones,Piesdescalzos Albillo 2022,2022,4.0,466,72.05,España,Madrid,White
9249041,Mas Doix,Salix 2024,2024,4.0,464,44.0,España,Priorato,White
1637821,Bodegas Cosme Palacio,Cosme Palacio 1894 Blanco 2018,2018,4.0,461,75.0,España,Rioja,White
5821631,Nin-Ortiz,Planetes de Nin Priorat Blanc 2024,2024,4.0,454,41.5,España,Priorato,White
2106180,Tayaimgut,Sauvignon Blanc 2018,2018,4.0,442,20.06,España,Penedès,White
9547192,Matsu,La Jefa 2020,2020,4.2,442,24.25,España,Toro,White
7763843,Bimbache,Blanco 2024,2024,4.0,438,32.88,España,El Hierro,White
2749848,Adega Pombal a Lanzada,As Bateas Blanco Atlántico 2017,2017,4.1,437,22.3,España,Rías Baixas,White
2722089,Micro Bio (MicroBio),Kilometro 0 El Origen 2023,2023,4.0,427,24.25,España,Castilla y León,White
5613150,Cunqueiro,Máis de Cunqueiro Godello 2023,2023,4.0,421,17.4,España,Ribeiro,White
4498618,Cultivare,Xarel-lo 2020,2020,4.0,421,21.0,España,Penedès,White
3106892,Lagar de Sabariz,A Pita Cega 2017,2017,4.3,420,52.6,España,Galicia,White
5378016,Pablo Vidal - Vinos Con Personalidad,Renacido 2023,2023,4.1,418,16.47,España,Ribeiro,White
50644,Pazo Señorans,Seleccion de Añada Albariño Rías Baixas 2013,2013,4.3,418,100.59,España,Rías Baixas,White
5360021,Fazenda Agricola Augalevada,Ollos de Roque 2022,2022,4.0,417,30.95,España,Ribeiro,White
1773335,Vins El Cep,Clot del Roure Xarel-lo 2023,2023,4.1,416,25.08,España,Penedès,White
5593046,Caraballas,Sauvignon Organic 2024,2024,4.0,414,13.9,España,Rueda,White
6433246,Coto de Gomariz (María Álvarez Serrano),Finca O Figueiral Colleita Seleccionada 2023,2023,4.1,413,25.15,España,Ribeiro,White
7365969,Eulogio Pomares,Castiñeiro Albariño 2024,2024,4.3,411,32.5,España,Rías Baixas,White
1525584,Bodegas Martín Códax,Rías Baixas Albariño Lias 2020,2020,4.0,410,22.0,España,Rías Baixas,White
11834704,Viña Caeira,Albariño 2022,2022,4.2,406,17.5,España,Rías Baixas,White
1254253,Bodega Doña Felisa,Cloe Chardonnay 2023,2023,4.0,394,13.6,España,Sierras de Málaga,White
1900045,Guimaro,Cepas Viejas 2024,2024,4.1,394,22.42,España,Ribeira Sacra,White
2380009,Veigamoura,Blanco 2023,2023,4.3,394,24.1,España,Rías Baixas,White
9450454,Vinessens - Casa Balaguer,Salicornio Malvasía 2023,2023,4.1,393,18.95,España,Alicante,White
5936550,Oriol Artigas,Vinya d'en Mundu La Béstia 2023,2023,4.1,392,32.1,España,Vino de España,White
9898318,Bodega Tamerán,Marmajuelo 2024,2024,4.2,392,36.8,España,Gran Canaria,White
7203667,Vinyes dels Aspres,Xot Dels Aspres Blanc 2024,2024,4.0,391,12.79,España,Empordà,White
4220654,Nin-Ortiz,Terra Vermella de Nin Blanco 2021,2021,4.1,388,54.75,España,Cataluña,White
8335066,Comando G,El Hombre Bala Blanco 2024,2024,4.0,388,26.9,España,Madrid,White
4349500,Gregorio Martínez,Blanco Selección 2019,2019,4.0,385,24.95,España,Rioja,White
7555677,Can Axartell,Corum 2024,2024,4.0,385,21.95,España,Mallorca,White
2953825,Bermejo,Malvasia Volcánica Seco 2023,2023,4.1,382,21.9,España,Lanzarote,White
1138165,Santiago Ruiz,Albariño (O Rosal) 2024,2024,4.1,382,14.6,España,Rías Baixas,White
8351678,El Borujo,Los Loros Listán Blanco de Canarias 2024,2024,4.0,381,18.5,España,Valle de Güímar,White
3436575,Pazo de Rubianes,García Caamaño Albariño 2022,2022,4.2,381,28.9,España,Rías Baixas,White
7951607,Constantina Sotelo,Rosalía 2023,2023,4.0,376,14.19,España,Rías Baixas,White
6278551,Emilio Moro,El Zarzal 2023,2023,4.1,376,14.2,España,Bierzo,White
1189188,Pazos de Lusco,Pazo Piñeiro Albariño 2022,2022,4.1,375,30.4,España,Rías Baixas,White
7129828,Bodegas Garcia de Lara,Finca Villalobillos Pie Franco Airén 2023,2023,4.0,373,8.5,España,Castilla,White
2207734,Bodegas Fulcro,Finca a Pedreira Albariño 2023,2023,4.1,371,34.25,España,Rías Baixas,White
9365567,Meridiano Perdido,Blanco 2023,2023,4.1,364,15.9,España,Cádiz,White
9655825,Hispano Suizas,Finca Casa Julia Albariño 2024,2024,4.1,360,30.9,España,Utiel-Requena,White
1143871,Javier Sanz Viticultor,Verdejo 2023,2023,4.0,359,19.5,España,Rueda,White
4319643,Vinícola Real,200 Monges Rioja Selección Especial Reserva Blanco 2013,2013,4.4,359,48.9,España,Rioja,White
2166939,Bodegas Nairoa,Val de Nairoa 2022,2022,4.2,358,24.0,España,Galicia,White
6673898,Oriol Artigas,La Bella 2022,2022,4.0,358,30.55,España,Alella,White
7046235,Familia Torres,Forcada 2023,2023,4.2,355,47.0,España,Penedès,White
11041634,Casal de Armán,Pepe Carrasca Edición Especial Limitada 2023,2023,4.3,354,17.25,España,Ribeiro,White
3056927,Valdesil,O Chao Godello 2023,2023,4.1,352,120.0,España,Valdeorras,White
1369770,Abel Mendoza Monge,Tempranillo Blanco 2023,2023,4.2,352,29.0,España,Rioja,White
1512245,Quinta da Muradella,Gorvia Blanco 2019,2019,4.0,352,54.8,España,Monterrei,White
5237348,Bodegas El Paraguas,La Sombrilla 2022,2022,4.2,351,42.95,España,Ribeiro,White
6514147,Gorka Izagirre,Ama 2023,2023,4.2,346,33.25,España,Bizkaiko Txakolina,White
3938565,Bodegas Gerardo Mendez,Adina Rías Baixas Albariño 2023,2023,4.1,345,29.9,España,Rías Baixas,White
7524454,Goyo Garcia Viadero,Garcia Georgieva Albillo - Malvasia 2022,2022,4.0,345,28.1,España,Ribera del Duero,White
4277988,Pago de Los Capellanes,O Luar do Sil Valdeorras Godello Sobre Lias 2023,2023,4.2,345,23.0,España,Valdeorras,White
7085018,Artífice,Paraje Llanito Perera Listan Blanco 2023,2023,4.0,343,28.75,España,Ycoden-Daute-Isora,White
50634,Pazo Señorans,Albariño 2023,2023,4.0,341,15.0,España,Rías Baixas,White
7748278,Pazo Señorans,Tras Los Muros Albariño 2021,2021,4.3,340,45.25,España,Rías Baixas,White
2581362,Loess,Collection Blanco 2023,2023,4.0,339,16.95,España,Rueda,White
9488479,Bodega Sommos,Colección Sauvignon Blanc 2024,2024,4.0,337,12.95,España,Somontano,White
10802124,La Vicalanda,Tempranillo Blanco 2023,2023,4.0,337,18.95,España,Rioja,White
8095698,Costers del Sió,Celistia Viognier - Macabeo 2024,2024,4.0,335,8.0,España,Costers del Segre,White
6439235,Sierra de Toloño,Nahikun Blanco 2024,2024,4.0,334,43.5,España,Rioja,White
5095147,Quinta da Muradella,Monterrei Blanco 2021,2021,4.0,333,52.9,España,Monterrei,White
1360869,Pago Los Balancines,Alunado Chardonnay 2022,2022,4.0,332,28.5,España,Ribera del Guadiana,White
1249045,Attis,Albariño Lías Finas 2024,2024,4.1,327,16.46,España,Rías Baixas,White
1232125,Castell d'Encus,Ekam 2022,2022,4.2,327,27.79,España,Costers del Segre,White
1156354,Remelluri,Rioja Blanco 2017,2017,4.4,326,158.85,España,Rioja,White
5873353,Fillaboa,La Fillaboa 1898 Albariño 2020,2020,4.4,325,80.0,España,Rías Baixas,White
6596619,Mas Geli,Sense Pressa Blanco 2022,2022,4.0,325,17.5,España,Empordà,White
6306232,Emilio Moro,La Revelía 2022,2022,4.2,319,27.9,España,Bierzo,White
10610296,Artuke,Trascuevas 2023,2023,4.0,318,32.4,España,Rioja,White
6362073,Abadia da Cova,Loia 2024,2024,4.3,316,19.3,España,Ribeira Sacra,White
5529093,Paco & Lola,Vintage Albariño 2015,2015,4.2,316,33.8,España,Rías Baixas,White
6246055,Barco del Corneta,La Sillería 2021,2021,4.2,314,33.9,España,Castilla y León,White
1375096,Puiggros,Sentits Blancs Vinyes Velles Garnatxa Blanca 2022,2022,4.2,312,22.35,España,Cataluña,White
1464339,Palacio de Bornos,La Caprichosa Verdejo 2023,2023,4.1,311,9.75,España,Rueda,White
8375831,Dominio do Bibei,Ribeira Sacra Refugallo Blanco 2022,2022,4.1,306,15.25,España,Ribeira Sacra,White
9928482,Clos Farena,Blanco 2024,2024,4.0,306,13.65,España,Priorato,White
1473982,Terras Gauda,La Mar 2021,2021,4.2,306,24.9,España,Rías Baixas,White
11971892,Terras Gauda,Blanco 2024,2024,4.1,304,13.35,España,Rías Baixas,White
4559447,Bosque de Matasnos,Blanco de Matasnos 2024,2024,4.1,303,42.5,España,Casa del Blanco,White
8689053,Aseginolaza & Leunda,Txuria 2024,2024,4.0,303,16.8,España,Navarra,White
6825915,Alegre Wines,Mirlo Blanco 2024,2024,4.0,303,16.38,España,Rueda,White
9073219,Bodegas Virgen de Galir,Regueirón 2023,2023,4.1,301,35.67,España,Valdeorras,White
3183419,Remírez de Ganuza,Rioja Blanco 2021,2021,4.3,301,38.75,España,Rioja,White
5993350,Fenomenal,Sauvignon Blanc 2024,2024,4.1,299,12.15,España,Rueda,White
1706062,Agro de Bazán,Granbazán Albariño Etiqueta Ámbar 2022,2022,4.0,299,23.7,España,Rías Baixas,White
3091201,Espelt,Lledoner Roig Blanc de Roig 2021,2021,4.1,298,24.74,España,Empordà,White
10589579,Albet i Noya,La Volada 2025,2025,4.1,297,11.99,España,Penedès,White
1165594,Agro de Bazán,Granbazán Etiqueta Verde Albariño 2022,2022,4.0,297,17.4,España,Rías Baixas,White
7435072,Clos Figueras,Serras del Priorat Blanco 2024,2024,4.0,296,26.15,España,Priorato,White
7753420,Bodegas Martín Códax,Arousa 2020,2020,4.1,291,23.68,España,Vino de España,White
1200765,Bodega la Tapada - Guitian,Sobre Lías Godello 2021,2021,4.0,290,19.72,España,Valdeorras,White
1203731,Castell d'Encus,Taleia 2018,2018,4.1,288,30.0,España,Costers del Segre,White
7513448,Bodega Monasterio de Corias,Escolinas Albarín Blanco 2024,2024,4.1,287,17.8,España,Cangas,White
7413206,DaVide,Observador 2024,2024,4.1,286,28.5,España,Rías Baixas,White
10019588,Pago de Los Capellanes,O Luar do Sil Vides de Córgomo 2024,2024,4.2,286,39.5,España,Valdeorras,White
11331438,Paco & Lola,Heritage Albariño 2020,2020,4.3,283,29.4,España,Rías Baixas,White
6779635,Coto de Gomariz (María Álvarez Serrano),Gomariz 12 2025,2025,4.2,281,13.95,España,Ribeiro,White
8211837,Jordi Llorens,Si Si Macabeu 2022,2022,4.1,280,33.08,España,Conca de Barberà,White
3290581,Telmo Rodriguez,Old Mountain Malaga 2023,2023,4.3,279,18.6,España,Málaga,White
6116788,Cota 45,UBE de Ubérrima Maina 2022,2022,4.1,279,45.38,España,Cádiz,White
7540746,Herència Altés,Trementinaire Garnatxa Blanca 2021,2021,4.0,278,25.5,España,Terra Alta,White
9632512,Pago Finca Élez,Chardonnay Lías 2024,2024,4.0,277,13.9,España,Finca Élez,White
3705,Terras Gauda,Terras Gauda O Rosal Etiqueta Negra (Black Label) 2021,2021,4.2,275,31.9,España,Rías Baixas,White
6383257,Rafael Palacios,Sorte Antiga 2021,2021,4.3,274,207.0,España,Valdeorras,White
8713321,Nanclares y Prieto,O Bocoi Vello de Silvia Albariño 2023,2023,4.1,274,29.1,España,Rías Baixas,White
1112354,Conreria d'Scala Dei,Les Brugueres Blanc 2021,2021,4.2,272,42.12,España,Priorato,White
1569801,Lagar de Cervera,Albariño 2024,2024,4.0,271,15.55,España,Rías Baixas,White
11452513,Murviedro,Sericis Cepas Viejas Viognier 2024,2024,4.0,269,8.9,España,Alicante,White
8519745,Bodegas Mas Alta,Els Pics Blanc 2023,2023,4.0,268,18.25,España,Priorato,White
4948133,Viña Pomal,Vinos Singulares Maturana Blanca 2019,2019,4.0,267,24.33,España,Rioja,White
2204824,Abel Mendoza Monge,Garnacha Blanca 2023,2023,4.2,266,29.38,España,Rioja,White
5528769,Viña Somoza,Ededia Godello 2021,2021,4.0,266,37.9,España,Valdeorras,White
2189531,Costers del Siurana,Usatges Blanc 2023,2023,4.0,262,28.0,España,Priorato,White
9267303,L'Enclòs de Peralba,Els Presseguers 2022,2022,4.1,262,19.99,España,Cataluña,White
1784490,Bodegas Félix Lorenzo Cachazo,Carrasviñas Rueda Verdejo 2023,2023,4.0,261,16.5,España,Rueda,White
1662644,Lafou,Els Amelers Garnatxa Blanca 2019,2019,4.0,260,30.2,España,Terra Alta,White
7015220,Dominio do Bibei,Refu 2022,2022,4.0,259,13.0,España,Ribeiro,White
1167457,Huguet de Can Feixes,Blanc Selecció 2021,2021,4.0,258,26.34,España,Penedès,White
7240412,Puro Rofe,Masdache 2019,2019,4.1,257,36.35,España,Lanzarote,White
5060046,Mengoba,Mengoba las Botas 2019,2019,4.0,256,42.15,España,Bierzo,White
7007707,Tayaimgut,Per Si Sol Sauvignon Blanc 2020,2020,4.0,256,18.14,España,Penedès,White
10780990,Cota 45,UBE de Ubérrima El Reventón 2024,2024,4.1,254,19.85,España,Cádiz,White
4956638,Autòcton Celler,Gran Autòcton Blanc 2021,2021,4.0,254,17.2,España,Penedès,White
9571062,Attis,Sangarida La Yegua Godello - Doña Blanca 2022,2022,4.2,251,24.7,España,Rías Baixas,White
7021365,Menade,Adorado de Menade 2016,2016,4.4,250,62.0,España,Rueda,White
3101740,Olivardots,Vd’O 6 Blanc - Sorra 2023,2023,4.1,249,42.12,España,Empordà,White
13907,Viñedos y Bodegas Muñoz,Blas Muñoz Chardonnay 2024,2024,4.1,249,12.5,España,Castilla,White
2003143,Mustiguillo,Finca Calvestra Merseguera 2019,2019,4.1,247,43.9,España,Vino de España,White
15491,Bodegas Valdemar,Conde de Valdemar Blanco 2023,2023,4.0,247,5.0,España,Rioja,White
6739081,Victoria E. Torres Pecis,Las Migas Blanco 2023,2023,4.1,247,33.3,España,La Palma,White
10758382,Jose Antonio García,Godello Vinas Viejas Valtuille 2024,2024,4.1,245,24.45,España,Bierzo,White
7505425,Pazo Baión,Vides de Fontán 2020,2020,4.2,245,24.9,España,Vino de España,White
1552117,Pujanza,Rioja Añadas Frías 2021,2021,4.3,241,105.8,España,Rioja,White
2929881,Belondrade,Quinta Apolonia 2022,2022,4.0,241,30.2,España,Castilla y León,White
11122352,Abadia da Cova,Volta 2024,2024,4.1,239,14.5,España,Ribeira Sacra,White
63124,Telmo Rodriguez,Gaba do Xil Blanco O Barreiro 2024,2024,4.1,239,14.32,España,Valdeorras,White
1178755,Clos Mogador,Nelin 2018,2018,4.2,238,52.0,España,Priorato,White
11021912,Oxer Wines,Marko Terlegiz 2021,2021,4.3,238,35.5,España,Bizkaiko Txakolina,White
1867444,Clos Pons,Roc de Foc 2014,2014,4.0,238,21.7,España,Costers del Segre,White
5344552,Sara Pérez y René Barbier,Gratallops Partida Bellvisos Blanco 2022,2022,4.2,237,52.8,España,Priorato,White
10407740,Forjas del Salnés,Leirana Areas de Arra Albariño 2017,2017,4.2,236,107.0,España,Rías Baixas,White
1188150,Forjas del Salnés,Leirana Albariño 2022,2022,4.0,236,16.45,España,Rías Baixas,White
3129436,Bodegas Mauro,Godello Blanco 2021,2021,4.3,234,48.0,España,Castilla y León,White
1915535,Alfredo Maestro,La Cosa The Thing 2024,2024,4.0,234,19.95,España,Castilla y León,White
4662604,Edetària,Finca La Terrenal 2021,2021,4.2,233,42.25,España,Terra Alta,White
5227862,Avgvstvs,Malvasia de Sitges 2024,2024,4.1,233,14.64,España,Penedès,White
2053349,Abadal,Picapoll 2023,2023,4.0,233,13.95,España,Pla de Bages,White
10958914,Alfredo Egia,Izaki 2024,2024,4.0,232,39.2,España,Bizkaiko Txakolina,White
9420436,El Mas de l'A,Les Margues 2023,2023,4.2,232,43.9,España,Priorato,White
7247480,Doniene Gorrondona,Ondarea 2019,2019,4.1,232,20.2,España,Bizkaiko Txakolina,White
2622,Familia Torres,Fransola 2022,2022,4.1,232,25.83,España,Penedès,White
1156209,Vinos Sanz,Finca La Colina Sauvignon Blanc 2023,2023,4.2,230,16.7,España,Rueda,White
1895060,Bodegas El Paraguas,Atlántico 2016,2016,4.1,230,52.5,España,Ribeiro,White
1420633,Barco del Corneta,Verdejo 2018,2018,4.0,227,18.5,España,Castilla y León,White
11426229,Remírez de Ganuza,Olagar Gran Reserva 2016,2016,4.4,226,69.9,España,Rioja,White
6844984,Altavins,Selecció Garnatxa Blanca 2020,2020,4.2,225,32.5,España,Terra Alta,White
5903596,Envínate,Benje Blanco 2023,2023,4.0,225,19.82,España,Ycoden-Daute-Isora,White
7285715,Habla,Duende 2023,2023,4.1,225,26.45,España,Vino de España,White
1187112,Fefiñanes,Albariño de Fefiñanes III Año 2016,2016,4.2,224,119.0,España,Rías Baixas,White
8603540,Clos Pachem,Licos 2023,2023,4.1,223,13.95,España,Terra Alta,White
9744857,Tampesta,Neko Godello 2024,2024,4.0,222,12.0,España,Tierra de León,White
5990636,Sedella,Vidueños De Sedella Blanco De Guarda 2021,2021,4.0,221,21.75,España,Sierras de Málaga,White
9327677,San Cobate,Branco 2021,2021,4.1,221,19.3,España,Rueda,White
1163144,La Caña,Albarino 2022,2022,4.0,220,21.31,España,Rías Baixas,White
10147026,Barbadillo,Patinegro 2022,2022,4.0,220,14.4,España,Cádiz,White
9676369,La Quinta,Marchamalo Godello 2024,2024,4.0,218,19.01,España,Monterrei,White
6401111,Vinos en Voz Baja,Costumbres Blanco 2023,2023,4.0,215,19.75,España,Rioja,White
2698353,Oriol Rossell,Les Cerveres 2023,2023,4.0,214,20.5,España,Penedès,White
1704723,Terroir Al Límit Soc. Lda,Terra de Cuques 2022,2022,4.1,213,36.75,España,Priorato,White
9048283,Protos,Verdejo Reserva 2019,2019,4.0,212,22.5,España,Rueda,White
4326642,Arché Pagès,Ull de Serp Finca La Closa - Macabeu 2022,2022,4.0,211,22.9,España,Empordà,White
12372006,Vicente Gandía,Ceramic Sauvignon Blanc 2023,2023,4.1,210,25.99,España,Valencia,White
11829484,Raul Moreno,Destellos 2024,2024,4.0,210,23.5,España,Andalucía,White
10051640,Beronia,Laslias de Beronia Verdejo Sobre Lias 2024,2024,4.1,209,17.55,España,Rueda,White
1898035,Marina Alta,Gran Selección Blanco 2024,2024,4.0,209,5.78,España,Alicante,White
5528998,Bodegas El Paraguas,Fai un Sol de Carallo 2021,2021,4.4,206,95.83,España,Ribeiro,White
7488323,Bodega Contador (Benjamín Romeo),Pirata 2016,2016,4.3,205,174.0,España,Rioja,White
10567855,Jade Gross,Chiguita 2024,2024,4.2,204,49.5,España,Rioja,White
10499767,Acios da Xesteirina,Albariño 2022,2022,4.2,203,49.8,España,Rías Baixas,White
9250697,Tres Piedras,Unanimous 'Santa Cruz' Albillo Mayor 2022,2022,4.3,203,28.95,España,Ribera del Duero,White
9217149,Bodegas Valdelana,Blanco Semidulce 2023,2023,4.0,202,11.05,España,Rioja,White
9170657,Medrano Irazu,Amador Medrano Finca Valdegamarra Tempranillo Blanco 2023,2023,4.2,200,19.7,España,Rioja,White
9950371,Bodegas Martín Códax,O Con da Moura Godello 2022,2022,4.2,200,44.5,España,Monterrei,White
7291589,Azabache,Perrito Faldero Blanco Semidulce 2024,2024,4.0,198,5.4,España,Rioja,White
7715312,Bodega Juan Carlos Sancha,Cerro La Isa Blanco 2022,2022,4.3,197,39.0,España,Rioja,White
2741,Marqués de Riscal,Limousin 2023,2023,4.0,196,18.5,España,Rueda,White
5758905,Attis,Atalante Caíño Blanco 2020,2020,4.1,195,34.4,España,Rías Baixas,White
1245800,Itsasmendi,7 2021,2021,4.0,194,15.2,España,Bizkaiko Txakolina,White
9396756,Attis,Sangarida La Guiana Godello 2022,2022,4.3,193,42.5,España,Bierzo,White
8497794,Vizcarra,Alejandra 2022,2022,4.1,193,26.05,España,Ribera del Duero,White
10884549,Bodega Frontio,Puesta en Chus 2024,2024,4.1,193,14.85,España,Arribes,White
3506402,Bermejo,Malvasía Seco Fermentado en Barricas 2023,2023,4.1,193,23.75,España,Lanzarote,White
3646290,Micro Bio (MicroBio),Fragil 2023,2023,4.1,190,38.0,España,Castilla y León,White
7334200,Celler Piñol,Ànima de L’Avi Arrufí 2023,2023,4.1,189,23.0,España,Terra Alta,White
6264046,Alonso & Pedrajo,La Pequeñita Blanco Macerado 2019,2019,4.0,186,33.9,España,Rioja,White
1691634,Suertes del Marqués,Trenzado 2022,2022,4.0,186,20.38,España,Valle de la Orotava,White
4626507,Antonio Montero,Alejandrvs Barrica Treixadura 2021,2021,4.1,185,17.93,España,Ribeiro,White
7416583,Cellers Grifoll Declara,Gran Predicat Blanc 2019,2019,4.2,185,30.5,España,Priorato,White
10773470,Maior de Mendoza,Oceánico Albariño Seleccion 2023,2023,4.0,183,16.0,España,Rías Baixas,White
6802279,Muchada-Léclapart,Ètoile 2023,2023,4.0,183,43.83,España,Cádiz,White
1661843,Javier Sanz Viticultor,Finca Saltamontes 2018,2018,4.1,183,41.0,España,Rueda,White
4906726,Ameztoi,Kirkilla 2020,2020,4.1,181,22.5,España,Getariako Txakolina,White
8516610,Martinet,Pesseroles Brisat 2021,2021,4.2,181,73.7,España,Priorato,White
5441320,Vinos Sanz,Finca La Colina El Loco Verdejo 2023,2023,4.0,181,10.7,España,Rueda,White
5758902,Attis,Coribante 2022,2022,4.2,181,34.4,España,Rías Baixas,White
5597107,Cota 45,UBE de Ubérrima  Miraflores 2023,2023,4.0,179,23.5,España,Vino de España,White
2463025,L'Olivera,V/89 Vallisbona 2019,2019,4.2,176,23.75,España,Costers del Segre,White
1220246,Palacios Remondo,Rioja Plácet Valtomelloso 2022,2022,4.1,176,65.5,España,Rioja,White
9001522,RAR Vins Singulars,Essència Blanco 2023,2023,4.0,176,16.89,España,Priorato,White
7540254,Lagar do Merens,El Escondite Caiño Blanco - Godello 2023,2023,4.2,176,40.05,España,Ribeiro,White
9335375,Atlantic Galician Wineries - AGW,Massimo Selección Godello 2024,2024,4.0,175,14.5,España,Ribeira Sacra,White
6521936,Muchada-Léclapart,Vibrations 2023,2023,4.1,175,48.8,España,Cádiz,White
1620143,Rafael Palacios,Louro Godello 2024,2024,4.1,175,20.11,España,Valdeorras,White
9304576,Territorio Luthier,Lara O Blanco Crianza 2021,2021,4.1,174,17.9,España,Ribera del Duero,White
4926488,Can Axartell,Blanco 2023,2023,4.0,173,15.7,España,Mallorca,White
8546925,Celler la Salada,El Pagès Content Orange 2025,2025,4.0,173,14.3,España,Penedès,White
4366813,Cabra Loca,Verdejo 2024,2024,4.0,172,8.6,España,Rueda,White
5794737,Fefiñanes,Armas de Lanzós Magnum 2018,2018,4.3,172,92.9,España,Rías Baixas,White
1656980,Raventos d'Alella,Pansa Blanca 2023,2023,4.0,172,12.6,España,Alella,White
7552047,Narupa Vinos,Narupa Salicornia Albariño de Costa 2023,2023,4.3,171,21.6,España,Rías Baixas,White
12666077,4 Kilos Vinícola,Llampuga Vinícola 2024,2024,4.0,171,16.25,España,Mallorca,White
6139549,Astobiza,Malkoa Single Vineyard Ondarrabi Zuri 2017,2017,4.0,169,28.45,España,Arabako Txakolina,White
5960040,Ladiferenta,Blanco 2024,2024,4.1,169,12.55,España,Pla de Bages,White
9050360,Flequi Berruti,Le Fleq 2021,2021,4.1,169,16.2,España,Cádiz,White
1163326,Bodegas Valdemar,Conde de Valdemar Finca Alto Cantabria 2021,2021,4.0,167,17.99,España,Rioja,White
9121,R. López de Heredia,Viña Tondonia Gran Reserva Blanco 2004,2004,4.4,167,762.95,España,Rioja Alta,White
1254309,Vetus,Flor de Vetus Verdejo 2024,2024,4.0,166,7.9,España,Rueda,White
4554617,Mas Llunes,Singulars Blanc de Vinyes Velles 2023,2023,4.1,165,21.63,España,Cataluña,White
10695116,Makatzak Wild Wines,Sorkin 2024,2024,4.1,163,36.85,España,Getariako Txakolina,White
8559413,Vins de la Memòria,El Badiu Pansa Blanca 2023,2023,4.1,162,20.9,España,Alella,White
7022503,Losada,Altos de Losada Godello 2023,2023,4.1,161,28.89,España,Bierzo,White
7942,Arzuaga,Fan D.Oro 2023,2023,4.1,160,14.9,España,Ribera del Duero,White
10786425,Mas Gomà,Cosi Joan 2023,2023,4.1,160,19.99,España,Penedès,White
9484696,Agro de Bazán,Granbazán Veigalobos Albarino 2021,2021,4.3,158,42.5,España,Rías Baixas,White
9567895,Bodegas Muga,Flor de Muga Blanco Reserva 2020,2020,4.1,158,32.3,España,Rioja,White
3295816,Terroir Al Límit Soc. Lda,Pedra de Guix 2021,2021,4.3,158,65.8,España,Priorato,White
11785721,Joan d'Anguera,Finca l'Argata Darmós Blanc 2022,2022,4.2,158,62.5,España,Montsant,White
6229938,Bodegas Abeica,Abaris 2023,2023,4.1,156,20.87,España,Rioja,White
79473,Valdesil,Godello Sobre Lias 2023,2023,4.0,156,19.2,España,Valdeorras,White
10557319,Can Matons,Sant Fost de Campsentelles 2022,2022,4.0,153,18.0,España,Alella,White
9736011,L'Enclòs de Peralba,Tres Feixes Garnatxa Blanca 2022,2022,4.1,152,23.95,España,Cataluña,White
1165031,Fefiñanes,Albariño de Fefiñanes 2024,2024,4.1,152,17.65,España,Rías Baixas,White
7953955,Thunder Wine Makers,La Sobrada Albariño 2023,2023,4.1,152,17.4,España,Rías Baixas,White
9950732,Bodega Tamerán,Vijariego Blanco 2024,2024,4.1,151,35.99,España,Gran Canaria,White
6407774,Bodega Ca'n Verdura,Ca'n Xicatlà Blanc de Mantonegro 2023,2023,4.2,151,36.95,España,Binissalem-Mallorca,White
9724352,Siah,Blanco 2022,2022,4.1,151,26.0,España,Ribeiro,White
11105123,Jose Antonio García,Valtuill de Abajo Godello - Doña Blanca 2024,2024,4.0,151,16.6,España,Bierzo,White
9692726,Quinta de Couselo,Tradición Rosal 2015,2015,4.2,149,28.15,España,Rías Baixas,White
8857161,Viña Zorzal,Jirafas 2023,2023,4.1,149,29.75,España,Navarra,White
7578405,O Morto Wines,A'Via Treixadura 2022,2022,4.2,149,29.3,España,Ribeiro,White
11051137,Pazo do Mar,Torre do Olivar Expresion 2023,2023,4.0,149,9.85,España,Ribeiro,White
9663088,Tresmano - Tr3smano,Albillo Mayor 2023,2023,4.3,148,39.26,España,Ribera del Duero,White
10904016,Bodega Sommos,Colección Garnacha Blanca 2023,2023,4.0,148,12.95,España,Somontano,White
6334643,Atlántida,Blanco 2022,2022,4.2,147,27.2,España,Cádiz,White
4386804,Cuatro Rayas,Cuarenta Vendimias Verdejo 2024,2024,4.0,147,6.86,España,Rueda,White
8688549,Espelt,Cap de Creus Pla de Tudela Blanc 2022,2022,4.1,147,42.0,España,Empordà,White
6913531,O Morto Wines,Godello 2021,2021,4.3,147,29.0,España,Ribeiro,White
1151474,La Val,Finca Arantei Single Vineyard Albariño 2021,2021,4.0,146,17.1,España,Rías Baixas,White
11137532,Bodegas Roda,Roda I Blanco 2021,2021,4.3,146,59.75,España,Rioja,White
12314757,Hacienda López de Haro,Reserva Blanco 2018,2018,4.1,143,13.9,España,Rioja,White
8757442,Bimbache,Grand Cruz del Calvario 2024,2024,4.1,142,36.88,España,El Hierro,White
8046811,Marenas,Senda Matapalos 2022,2022,4.1,142,18.05,España,Andalucía,White
9782072,L'Enclòs de Peralba,El Tòfol Macabeu 2020,2020,4.1,141,34.0,España,Cataluña,White
7420835,Vins de la Memòria,La Memòria Garnatxa Blanca 2022,2022,4.1,141,28.0,España,Terra Alta,White
11091843,Bodegas del Saz,Álvaro del Saz Selección Chardonnay 2022,2022,4.0,141,8.64,España,La Mancha,White
7317664,Menade,Sobrenatural de Menade Verdejo Natural 2016,2016,4.2,140,54.9,España,Castilla y León,White
8760731,Goyo Garcia Viadero,Garcia Georgieva Malvasia 2021,2021,4.1,140,21.78,España,Ribera del Duero,White
6835073,Raúl Pérez,Ultreia Godello 2023,2023,4.0,140,15.89,España,Bierzo,White
8012300,Valdesil,Asadoira Godello Sobre Lias 2023,2023,4.0,139,59.9,España,Valdeorras,White
10605457,Bodegas Torre del Veguer,Fonoll Xarel-Lo - Xarel-Lo Vermell 2024,2024,4.0,138,12.29,España,Penedès,White
10453608,Toro Albalá,Miut El Jabonero 2021,2021,4.0,137,24.9,España,Montilla-Moriles,White
6622455,Costers del Priorat,Blanc de Closos Vinyes Velles Old Vines 2024,2024,4.0,137,24.7,España,Priorato,White
10484389,El Pacto,El Pacto del Alto Najerilla Blanco 2022,2022,4.0,137,17.05,España,Rioja,White
12131452,Michelini i Mufatto,Godello 2023,2023,4.0,136,30.8,España,Bierzo,White
9235820,Viña Meín,O Pequeno Mein 2021,2021,4.0,136,33.0,España,Ribeiro,White
8658059,Bodega Gonzalo Beltrán,Resilencia Viognier 2022,2022,4.1,136,10.8,España,Sierras de Málaga,White
7682661,Marola & Mass,Blanco 2024,2024,4.0,135,12.0,España,Rías Baixas,White
7753706,Les Freses,L'Horabona Blanc Sec 2022,2022,4.1,135,22.7,España,Alicante,White
2338467,Bodega 1242 m.,Blanco Afrutado 2022,2022,4.0,135,11.66,España,Vino de España,White
12532489,Jaro,Valdejaros Verdejo Criado Sobre Lías 2023,2023,4.0,135,7.7,España,Rueda,White
7197507,Bodegas Gerardo Mendez,Albariño Do Ferreiro Lourido 2023,2023,4.1,134,29.88,España,Rías Baixas,White
1646826,La Vizcaína,La del Vivo (Lomas de Valtuille) 2022,2022,4.1,133,21.5,España,Bierzo,White
8595055,Juan Gil,Blanco 2024,2024,4.0,133,16.95,España,Jumilla,White
12370401,Bodega Cerrón,Stratum Wines Matas Altas Blanco 2024,2024,4.0,133,19.5,España,Jumilla,White
1457926,Familia Torres,Waltraud Riesling 2023,2023,4.0,132,22.92,España,Penedès,White
11956205,Bodegas Frontonio,La Tejera Garnacha - Macabeo 2022,2022,4.1,132,70.95,España,Valdejalón,White
11514285,Jesus Madrazo,Ermita de San Gregorio Blanco Reserva 2022,2022,4.2,132,24.5,España,Rioja,White
6492988,Remírez de Ganuza,Rioja Blanco Reserva 2012,2012,4.4,131,60.5,España,Rioja,White
1174762,Attis,Nana Albariño 2022,2022,4.2,129,35.5,España,Rías Baixas,White
6140912,Clos Ibai,Garnacha Blanca 2022,2022,4.0,129,13.2,España,Rioja Alavesa,White
7418900,Fil·loxera,La Mujer Caballo Naranja 2021,2021,4.0,129,25.0,España,Valencia,White
6538187,Mar de Frades,Godello 2023,2023,4.1,129,20.65,España,Rías Baixas,White
1954874,Pedralonga,Vendetta 2021,2021,4.4,129,57.0,España,Rías Baixas,White
10479520,Vins Extrems,Clos Es Vent Macabeu 2023,2023,4.1,129,16.98,España,Empordà,White
12077827,Canals Canals,Onna Malva Organic 2025,2025,4.1,129,10.4,España,Penedès,White
9378477,Thunder Wine Makers,NVDE MCB 2022,2022,4.1,128,22.9,España,Cataluña,White
5261828,Pardas,Aspriu Blanco 2019,2019,4.1,127,60.3,España,Penedès,White
11319692,Veronica Ortega,Tormenta 2022,2022,4.0,126,38.5,España,Bierzo,White
7386777,Artadi,Santa Cruz de Artazu Blanco 2018,2018,4.0,126,18.25,España,Navarra,White
10370613,Puro Rofe,Juan Bello 2022,2022,4.0,126,34.6,España,Lanzarote,White
13148109,José Pariente,A Vilerma 2024,2024,4.0,126,13.6,España,Ribeiro,White
11057736,Alonso & Pedrajo,Nauda Blanco 2023,2023,4.0,125,19.9,España,Rioja,White
12096248,Contino,San Gregorio Blanco 2022,2022,4.0,125,29.6,España,Rioja,White
7009250,Málaga Virgen,Barón de Rivero Semi Dulce 2024,2024,4.2,124,6.5,España,Málaga,White
7454849,Bodegas Marisol Rubio,CIPMA Blanco 2020,2020,4.0,124,23.95,España,La Mancha,White
10787246,Bodegas y Viñedos Casa de la Nava,Media Legua Viñas Viejas Airén 2024,2024,4.2,123,14.0,España,Valdepeñas,White
6717879,Thunder Wine Makers,NVDE SBL 2021,2021,4.0,123,23.8,España,Penedès,White
1186952,Pazos de Lusco,Lusco Albariño 2024,2024,4.0,123,12.7,España,Rías Baixas,White
11508176,Forjas del Salnés,Leirana o Pradiño Albariño 2022,2022,4.2,123,55.9,España,Rías Baixas,White
12102336,Fento,Areas de Pedraneira Albariño 2023,2023,4.0,121,15.12,España,Rías Baixas,White
10488113,Can Matons,Santa Maria de Martorelles 2021,2021,4.1,121,17.67,España,Alella,White
4522646,Conde de Los Andes,Blanco 2016,2016,4.1,121,79.0,España,Rioja,White
4402123,Albamar,Finca O Pereiro Albariño 2022,2022,4.2,121,36.9,España,Rías Baixas,White
6869134,Terra Remota,Chenin 2021,2021,4.1,121,50.75,España,Empordà,White
8441275,Barco del Corneta,El Judas Viñas Viejas 2021,2021,4.1,120,35.0,España,Rueda,White
9599562,Atlantic Galician Wineries - AGW,D'Mateo Colección Treixadura 2024,2024,4.0,120,11.5,España,Ribeiro,White
12697922,Michelini i Mufatto,Ma Doña Blanca 2023,2023,4.1,118,34.05,España,Bierzo,White
8667870,Ca N'Estella,No T'enamoris de Mi 2024,2024,4.1,118,9.8,España,Penedès,White
2580382,Contino,Rioja Blanco 2017,2017,4.0,118,79.0,España,Rioja,White
6127175,Manuel Formigo,Tino 2022,2022,4.1,118,21.65,España,Ribeiro,White
9973364,Bodegas Vilano,La Baraja Godello 2023,2023,4.2,118,23.25,España,Bierzo,White
77877,Sierra Cantabria,Organza 2022,2022,4.1,117,22.68,España,Rioja,White
10909174,Raul Moreno,El Día 2024,2024,4.2,116,43.22,España,Andalucía,White
12194792,Pedro Méndez,Branco do Val 2024,2024,4.1,116,18.1,España,Galicia,White
5837173,El Grifo,Malvasia Seco Colección 2024,2024,4.1,115,20.6,España,Lanzarote,White
8440647,Mengoba,La Grande Cuvée Godello 2019,2019,4.2,114,80.6,España,Bierzo,White
7139492,Badman Wines,Moscatel de Alejandría 2024,2024,4.2,114,18.07,España,Sierras de Málaga,White
1144208,Pago de Vallegarcía,Vallegarcia Viognier 2022,2022,4.2,114,25.4,España,Castilla,White
9948501,Finca les Roques,Carinyena Blanca 2022,2022,4.1,113,16.21,España,Empordà,White
1633591,Chozas Carrascal,Las Tres (3) Blanco 2020,2020,4.0,113,14.5,España,Valencia,White
1490238,El Jardín de Lucía,Albariño 2022,2022,4.1,113,18.9,España,Rías Baixas,White
7428687,Bodegas Mas Alta,La Galera 2021,2021,4.3,113,46.5,España,Priorato,White
9464149,Lagrima De Malvasia,Blanco Seco 2021,2021,4.0,112,38.5,España,Lanzarote,White
8704368,Dominio del Bendito,Mi Verdadejo 2021,2021,4.1,112,26.15,España,Castilla y León,White
11952786,Pittacum,La Maragata Godello Blanco de Guarda 2019,2019,4.4,111,45.0,España,Bierzo,White
6029505,Descregut,La Socarrada 2023,2023,4.0,111,15.8,España,Penedès,White
5656887,Heretat Mascorrubí,Extincta Vitis Sumoll Blanc 2020,2020,4.0,111,20.95,España,Tarragona,White
11305972,Bodegas Frontonio,Elástico 2022,2022,4.1,109,40.75,España,Valdejalón,White
9227545,Nivarius,Valdesabril Viura 2020,2020,4.2,108,43.3,España,Rioja,White
6737451,Terras Mancas,Blanco 2023,2023,4.1,108,10.74,España,Vino de España,White
1677249,Azpilicueta,Colección Privada Blanco 2022,2022,4.1,108,19.15,España,Rioja,White
2306980,Bodegas Torre del Veguer,Raims de La Immortalitat Xarel-lo 2022,2022,4.1,108,22.99,España,Penedès,White
12503647,Bodegas Vilano,Full Flap Albarín Blanco 2024,2024,4.2,108,8.75,España,Castilla y León,White
11931355,Forcada,La Forcada Sauvignon Blanc Vendimia Seleccionada 2023,2023,4.0,107,8.4,España,Rioja,White
2261407,De Blas Serrano,Albillo Mayor 2019,2019,4.0,107,35.0,España,Ribera del Duero,White
12147998,Pepe Rodríguez de Vera,Dominio de Casalta - Hoya Colorá Chardonnay 2022,2022,4.0,107,39.89,España,Almansa,White
5009695,Sota els Àngels,Blanco 2019,2019,4.2,107,35.2,España,Empordà,White
10678196,OM Oliver Moragues,Girò Ros 2024,2024,4.2,106,25.0,España,Mallorca,White
12552474,Herència Altés,La Musaranya Garnatxa Blanca 2024,2024,4.1,106,19.1,España,Terra Alta,White
9389923,Attis,Sitta Maceración 2022,2022,4.0,106,20.4,España,Rías Baixas,White
6141274,Can Sumoi,Xarel-Lo 2024,2024,4.1,105,14.18,España,Penedès,White
5648122,Bodegas Luis Perez,El Muelle de Olaso 2024,2024,4.0,105,11.35,España,Cádiz,White
11081003,Santa Catarina,'Nguany Blanco 2023,2023,4.0,105,12.6,España,Mallorca,White
6626083,Señorío de Rubiós,Robaliño Albariño 2024,2024,4.0,105,9.95,España,Rías Baixas,White
11726382,Costers del Priorat,Rocafosca Blanc 2024,2024,4.0,104,19.8,España,Priorato,White
1737396,Hnos. del Villar,Oro de Castilla Verdejo 2024,2024,4.0,104,7.7,España,Rueda,White
5499005,César Márquez,La Salvación Godello 2023,2023,4.1,104,25.48,España,Bierzo,White
8710013,Victoria E. Torres Pecis,Piezas N4 Malvasia Seco 2023,2023,4.2,103,60.0,España,La Palma,White
2970021,Artadi,Viñas de Gain Blanco 2019,2019,4.0,103,19.95,España,Vino de España,White
12419449,Casar de Burbia,Valdepiñeiro Edición Limitada 2023,2023,4.2,102,21.95,España,Bierzo,White
11173130,Bodegas Cosme Palacio,Reserva Blanco 2021,2021,4.1,102,22.9,España,Rioja,White
8642808,Luis Cañas,Vinas Viejas Blanco 2023,2023,4.0,102,13.5,España,Rioja Alavesa,White
1125479,Zárate,Tras da Viña Albariño 2020,2020,4.1,101,40.35,España,Rías Baixas,White
11551926,Castell del Remei,Gran Reserva Comtat d'Urgell Blanc 2019,2019,4.3,101,69.0,España,Costers del Segre,White
10427916,Pilar García Duque,Verdejo 2024,2024,4.1,101,14.25,España,Rueda,White
3403497,Presas Ocampo,Afrutado Blanco 2024,2024,4.1,100,14.21,España,Tacoronte-Acentejo,White
7442374,Ysios,Blanco 2019,2019,4.0,99,42.2,España,Rioja,White
10388703,Caraballas,Sector 2.8 2021,2021,4.0,99,24.9,España,Castilla y León,White
12465205,Sandra Doix Celler,Popul Varietats Negres de Terrer 2022,2022,4.0,98,28.6,España,Priorato,White
5988959,Bodega Emina,Fermentado en Barrica Verdejo 2023,2023,4.1,98,20.75,España,Rueda,White
2644049,Raventos d'Alella,Blanc Allier 2019,2019,4.0,98,17.06,España,Alella,White
7662717,Pago Los Balancines,Roble Sobre Lías Fermentado en Barrica 2023,2023,4.1,97,12.35,España,Ribera del Guadiana,White
9530662,Lagar de Moha,Varron Cuvée Especial 2022,2022,4.0,97,16.5,España,Rueda,White
8923948,Ramón Bilbao,Límite Norte Reserva Tempranillo Blanco - Maturana Blanca 2021,2021,4.0,97,21.57,España,Rioja,White
10865584,Mar de Frades,Finca Monteveiga 2018,2018,4.0,96,37.5,España,Rías Baixas,White
2558262,Pazo de Rubianes,Albariño 2023,2023,4.2,96,37.2,España,Rías Baixas,White
9930105,Alvarez Duran,Terroir X de Llicorella Blanco Limitada 2022,2022,4.1,95,18.0,España,Priorato,White
9771203,Raimat,Turons de la Pleta 2022,2022,4.1,95,16.0,España,Costers del Segre,White
10915949,Mustiguillo,Margas Finca Calvestra Merseguera 2019,2019,4.3,95,47.5,España,Valencia,White
10290254,Valtravieso,Albillo Mayor La Rosa Mayor 2023,2023,4.1,95,19.9,España,Ribera del Duero,White
12382635,Viña Meín,Meín Castes Brancas 2023,2023,4.0,95,19.67,España,Ribeiro,White
6977295,Rupestre de Alpera,Sauvignon Blanc 2024,2024,4.1,94,6.1,España,Almansa,White
4923557,Castro Ventosa,El Castro de Valtuille Godello 2023,2023,4.0,94,17.3,España,Bierzo,White
8967104,Finca Montepedroso,Enoteca Verdejo 2022,2022,4.2,93,28.5,España,Rueda,White
8511395,Montecillo,Viña Monty Reserva Blanco 2018,2018,4.3,93,33.43,España,Rioja,White
3761393,Cunqueiro,Máis de Cunqueiro Torrontés 2021,2021,4.1,92,18.5,España,Ribeiro,White
11571755,Pazo da Sinsela,Blanco 2022,2022,4.3,92,55.9,España,Rías Baixas,White
12321791,Bodegas Ponce,Albilla Selección 2023,2023,4.1,92,41.93,España,Manchuela,White
2342567,Zárate,Albariño 2024,2024,4.0,92,26.42,España,Rías Baixas,White
11112289,La Fita,Vinya de la Creu 2024,2024,4.1,92,18.95,España,Penedès,White
8630431,Viñas del Cénit,Blanco 2021,2021,4.0,92,28.15,España,Tierra del Vino de Zamora,White
1222961,Godeval,Godello 2023,2023,4.0,92,35.0,España,Valdeorras,White
10005219,Valtravieso,Panzas Verdejo 2023,2023,4.1,92,9.95,España,Rueda,White
11157485,Acustic Celler,Auditori Blanc 2023,2023,4.1,91,24.75,España,Montsant,White
7528677,Hijos de Alberto Gutiérrez,Sobre Lías Verdejo 2023,2023,4.0,91,7.49,España,Rueda,White
6182360,La Casa de Las Locas,Albariño 2023,2023,4.0,91,13.85,España,Rías Baixas,White
5919773,Antigua Real Fábrica,Moscatel Morisco 2022,2022,4.1,91,25.41,España,Málaga,White
9684717,Partida Creus,MC 2022,2022,4.2,91,23.05,España,Penedès,White
1176629,Escoda-Sanahuja,Els Bassots 2022,2022,4.0,90,40.75,España,Conca de Barberà,White
1597345,Avgvstvs,Chardonnay 2023,2023,4.1,90,20.85,España,Penedès,White
7670528,Caraballas,El Sosiego de Finca Las Caraballas 2016,2016,4.4,89,33.0,España,Castilla y León,White
10906481,Legaris,Verdejo Sobre Lías 2024,2024,4.0,89,10.65,España,Rueda,White
5093051,Castro Brey,Sin Palabras Albariño 2018,2018,4.0,89,27.1,España,Rías Baixas,White
10022348,Juana la Loca,Verdejo 2024,2024,4.0,89,6.79,España,Rueda,White
2081101,Fillaboa,Fillaboa Selección Finca Monte Alto Albariño 2021,2021,4.1,89,32.4,España,Rías Baixas,White
12084790,Cota 45,UBE Caserío de Miraflores Alta 2024,2024,4.0,89,29.05,España,Cádiz,White
11806881,L'Enclòs de Peralba,Betzinera Xarel.lo 2021,2021,4.1,89,31.8,España,Penedès,White
8995627,Sant Miquel d'Oló,L'Arcàngel 2024,2024,4.1,88,17.0,España,Pla de Bages,White
4502730,Llopart,Most Flor 2024,2024,4.0,87,7.87,España,Penedès,White
4303484,Marqués de Griñon,Blanco (Verdejo) 2023,2023,4.0,86,8.5,España,Rueda,White
12144239,Diatomists,Sotovelo 2022,2022,4.0,86,22.0,España,Andalucía,White
1142419,Javier Sanz Viticultor,Sauvignon Blanc 2024,2024,4.1,86,10.5,España,Rueda,White
6170752,Couto Mixto,Blanco 2022,2022,4.0,86,26.0,España,Monterrei,White
7339658,Clos Ibai,Blanco 2022,2022,4.0,86,13.2,España,Rioja Alavesa,White
7349524,Fuentes del Silencio,Mataperezosa 2021,2021,4.1,85,26.0,España,Castilla y León,White
96031,Espelt,Quinze Roures 2023,2023,4.0,85,11.86,España,Empordà,White
5916679,Algueira,Anadelia 2020,2020,4.2,85,37.77,España,Ribeira Sacra,White
2600364,Acontia,Criado Sobre Lias Verdejo 2021,2021,4.1,85,8.95,España,Castilla y León,White
1197819,Shaya,Habis 2022,2022,4.2,85,24.9,España,Rueda,White
6860736,Bodegas Cosme Palacio,El Aeronauta Godello 2023,2023,4.1,84,18.3,España,Valdeorras,White
5530547,Reconquista,Bésame Blanco 2021,2021,4.1,84,7.51,España,La Mancha,White
10607478,Bodega Aitaren,Lurretik 2023,2023,4.1,84,13.99,España,Getariako Txakolina,White
8688733,Fento,Pedraneira Albariño 2024,2024,4.1,83,25.0,España,Rías Baixas,White
1829329,Viñas del Vero,Clarión Seleccion Somontano 2016,2016,4.2,83,15.96,España,Somontano,White
11137797,Tihom,Blanco 2020,2020,4.0,83,36.25,España,Rioja,White
8767313,Mas Geli,Solista No 9 2021,2021,4.0,83,25.49,España,Empordà,White
7795742,Espelt,Old Single Vineyard Pardells 2021,2021,4.1,82,33.25,España,Empordà,White
97076,Baigorri,Rioja Fermentado en Barrica Blanco 2020,2020,4.0,82,15.88,España,Rioja,White
11533695,Avancia,Nobleza Old Vines Godello 2022,2022,4.2,82,51.99,España,Valdeorras,White
1815065,A Coroa,200 Cestos Godello 2020,2020,4.3,81,38.55,España,Valdeorras,White
10661151,Vall Llach,Porrera Vi de Vila Blanc 2022,2022,4.0,81,25.75,España,Priorato,White
1307801,Quinta da Muradella,Alanda Blanco 2021,2021,4.0,81,34.85,España,Monterrei,White
11854234,Vall Llach,Porrera Horta- Colomer Vi de Paratge 2022,2022,4.0,80,42.0,España,Priorato,White
4488713,Pago Los Balancines,Blanco Sobre Lías 2022,2022,4.0,80,12.25,España,Ribera del Guadiana,White
7507303,Bodegas Val de Souto,Treixadura 2024,2024,4.0,80,8.5,España,Ribeiro,White
12188618,Presas Ocampo,Listán Blanco 2023,2023,4.0,79,30.25,España,Tacoronte-Acentejo,White
5739962,Hika,Blanco 2020,2020,4.0,79,20.4,España,Getariako Txakolina,White
9868994,Bodega Tamerán,Verdello 2020,2020,4.2,79,29.6,España,Gran Canaria,White
7748581,Bodega Sommos,Coleccion Chardonnay 2020,2020,4.3,78,30.5,España,Somontano,White
11115860,Bodega Otto Bestué,Chardonnay Fermentado En Barrica 2025,2025,4.1,78,17.03,España,Somontano,White
10100397,Varietal 500,Parellada Natural Brisada 2023,2023,4.0,78,16.5,España,Cataluña,White
6600348,Serra i Barceló,Aucalà Blanc 2023,2023,4.1,77,11.1,España,Terra Alta,White
4463071,Alonso & Pedrajo,Suañé Blanco Reserva 2020,2020,4.2,77,24.25,España,Rioja,White
6383509,Rodriguez y Sanzo,Clavius 2016,2016,4.0,77,33.5,España,Castilla y León,White
7203788,Bodegas San Román,San Román Malvasia 2018,2018,4.1,77,38.7,España,Toro,White
13481,Parés Baltà,Penedès Parellada Honeymoon 2024,2024,4.1,77,10.5,España,Penedès,White
7632504,El Borujo,Los Loros La Bota de Mateo 2021,2021,4.1,76,36.85,España,Valle de Güímar,White
7491968,Venta La Vega - Bodegas Almanseñas,La Entrada P7 Sauvignon Blanc 2020,2020,4.0,76,15.75,España,Vino de España,White
6088347,Luzon,Colección Blanco 2024,2024,4.0,76,6.95,España,Jumilla,White
11540177,Izadi,Selección Blanco 2023,2023,4.0,76,14.9,España,Rioja,White
2543474,Ramón do Casar,Treixadura 2024,2024,4.1,76,14.75,España,Ribeiro,White
11843737,Bodegas Mauro,Baynos Viura 2021,2021,4.1,75,68.5,España,Rioja,White
13083839,Ramón do Casar,Varietal 2024,2024,4.0,75,11.95,España,Ribeiro,White
12748825,Huerto de la Condesa,Blanco 2024,2024,4.1,75,13.9,España,Sierras de Málaga,White
11875070,Pinea,Korde Blanco 2024,2024,4.3,74,76.94,España,Ribera del Duero,White
7126673,Nivarius,Finca la Nevera 2019,2019,4.1,74,21.75,España,Rioja,White
11877958,Abadia da Cova,Pedras Líquidas Blanco 2023,2023,4.4,74,38.0,España,Ribeiro,White
12538681,Antonio Montero,Albariño 2025,2025,4.0,73,9.95,España,Monterrei,White
8251977,Set & Ros,Costenc Malvasia de Sitges 2020,2020,4.0,73,22.5,España,Penedès,White
7869697,Antonio Montero,De Finca Treixadura 2021,2021,4.0,73,15.98,España,Vino de España,White
96993,Pazo San Mauro,Sanamaro Sobre Lias 2021,2021,4.1,72,37.9,España,Rías Baixas,White
4317169,Castro Candaz,La Vertical 2021,2021,4.1,72,22.4,España,Ribeira Sacra,White
1878965,Albamar,Edición Especial Albariño 2022,2022,4.0,72,18.4,España,Rías Baixas,White
9269107,Colonias de Galeón,Soplagaitas 2024,2024,4.0,72,8.5,España,Sierra Norte de Sevilla,White
1221374,Agro de Bazán,Granbazán Limousin Albariño 2021,2021,4.2,72,29.5,España,Rías Baixas,White
1524041,Altanza,Sauvignon Blanc 2024,2024,4.1,72,7.9,España,Rioja,White
4361682,Bodegas Ximénez-Spínola,Varietal Fermentacion Lenta 2023,2023,4.3,71,32.5,España,Jerez-Xérès-Sherry,White
8124177,Batlliu de Sort,Finca Les Lleres 2017,2017,4.0,71,25.9,España,Costers del Segre,White
1468769,Veiga da Princesa,Albariño 2024,2024,4.1,71,12.9,España,Rías Baixas,White
10903953,Raul Moreno,La Pretensión 2023,2023,4.1,69,34.75,España,Andalucía,White
5057628,Cillar de Silos,Dominio del Pidio Albillo 2023,2023,4.3,69,45.0,España,Ribera del Duero,White
8947504,Narupa Vinos,Narupa Piorno 2023,2023,4.1,68,20.5,España,Rías Baixas,White
10113386,Vinicola de Castilla,Olimpo Chardonnay 2021,2021,4.0,68,11.5,España,Castilla,White
10836700,Carlos Sanchez,Buradón Las Plegarias Blanco 2021,2021,4.1,68,30.49,España,Rioja,White
7417219,Alfredo Arribas,Tros Blanc Saleres Grenache Blanca 2017,2017,4.2,68,54.0,España,Montsant,White
10820972,Rendé Masdéu,Genuïna Garnatxa Blanca - Trepat 2023,2023,4.1,67,17.0,España,Conca de Barberà,White
8115167,Volver,Blanco 2024,2024,4.0,67,17.5,España,La Mancha,White
6192634,Anima Mundi,Pells Skin Contact Macabeu 2022,2022,4.0,67,21.5,España,Penedès,White
12964340,Celler la Salada,El Raig Verd 2024,2024,4.2,67,19.4,España,Penedès,White
1175869,Alemany i Corrió,Principia Mathematica 2023,2023,4.0,67,19.5,España,Penedès,White
12895924,Mas Candi,Baudili Orange 2024,2024,4.0,67,12.8,España,Penedès,White
11474201,Can Lleó de Vilanoveta,Macabeu 2023,2023,4.0,66,21.9,España,Penedès,White
10367492,Pago Finca Élez,El Secreto de LZ 2021,2021,4.0,66,23.9,España,Finca Élez,White
11857524,Castillo Perelada,Obsequi de l'Empordà 2024,2024,4.0,66,13.8,España,Empordà,White
11378427,Cámbrico,Granito 2020,2020,4.0,66,25.83,España,Sierra de Salamanca,White
12639101,Cuentaviñas,Arriscado 2022,2022,4.2,65,50.0,España,Rioja,White
9001121,Viñedos Hermanos Hernáiz,Finca La Emperatriz Viñedo Singular Blanco 2018,2018,4.2,65,32.4,España,Rioja,White
8747502,Adegas Bordel,Xeixedo 2020,2020,4.0,65,19.1,España,Vino de España,White
7913258,Hika,B119 2019,2019,4.3,65,36.4,España,País Vasco,White
1651489,Murua,Murua Blanco Fermentado en Barrica 2022,2022,4.1,65,21.5,España,Rioja,White
1194066,MontRubí,White 2020,2020,4.0,65,10.25,España,Penedès,White
1282341,Viña Sastre,Flavus Lías Blanco 2018,2018,4.1,64,61.9,España,Ribera del Duero,White
11710019,Vega Real,Finca El Empecinado Verdejo 2024,2024,4.0,64,6.45,España,Rueda,White
12433646,Los Aguilares,Breñal 2023,2023,4.2,63,26.74,España,Sierras de Málaga,White
2830199,Escoda-Sanahuja,Mas del Gaio 2021,2021,4.1,63,46.76,España,Conca de Barberà,White
2588422,Ca N'Estella,Gran Clot dels Oms Chardonnay 2021,2021,4.0,62,14.46,España,Penedès,White
7271527,Vinos Sanz,Finca La Colina Dressage 2017,2017,4.0,62,20.81,España,Castilla y León,White
8094678,Laderas de Romeo,Sauvignon Blanc 2024,2024,4.0,61,7.0,España,Murcia,White
10710392,Thunder Wine Makers,Pell de Gerres Blanco 2022,2022,4.0,61,26.2,España,Montsant,White
9947940,L'Enclòs de Peralba,Vi Fi de Masia Blanco 2021,2021,4.0,61,16.99,España,Penedès,White
12666235,Cisteller,Verbena 2024,2024,4.0,61,22.95,España,Penedès,White
2690445,Oller del Mas,Bernat Oller Blanc de Picapolls 2023,2023,4.1,61,15.35,España,Pla de Bages,White
9132437,Jose Antonio García,La Fuga 2019,2019,4.1,61,42.5,España,Bierzo,White
13371389,Casa Rojo,Minami Natsu 2024,2024,4.0,61,13.95,España,Murcia,White
11235921,Bodegas Virgen de Galir,Sede e Fame Palomino 2020,2020,4.0,60,35.9,España,Valdeorras,White
10359305,Gallina de Piel,Mazapé Blanco 2021,2021,4.3,60,47.8,España,Islas Canarias,White
1837340,Attis,Xión Albariño 2024,2024,4.0,60,14.13,España,Rías Baixas,White
2465026,Altavins,Ic Ilercavonia Blanca 2024,2024,4.1,60,9.5,España,Terra Alta,White
2640243,Herència Altés,La Serra Blanc 2019,2019,4.2,59,30.86,España,Terra Alta,White
3030200,Huguet de Can Feixes,Blanc Tradició 2021,2021,4.2,58,14.85,España,Penedès,White
11691010,Comando G,Camino del Pilar Crianza Biológica 2021,2021,4.0,58,89.9,España,Castilla y León,White
18114,Bodegas Martín Códax,Rías Baixas Albariño Organistrum 2021,2021,4.1,58,24.0,España,Rías Baixas,White
5009290,Clos Figueras,Font de la Figuera Priorat Blanco 2023,2023,4.0,58,72.6,España,Priorato,White
1474665,Vilerma,Blanco 2024,2024,4.0,58,14.5,España,Ribeiro,White
5374450,Pepe Rodríguez de Vera,Atalaque - Moscatel del Horcajo N.V.,N.V.,4.2,57,26.5,España,Castilla,White
1549660,Casal de Armán,Ribeiro 7 Cupos Blanc 2024,2024,4.0,57,10.5,España,Ribeiro,White
8630544,Oriol Artigas,La Perla 2023,2023,4.3,57,32.55,España,Vino de España,White
10866010,Adega Entre Cantos,Martiñolo Branco 2021,2021,4.0,57,27.21,España,Ribeira Sacra,White
8597974,Bodega Ca'n Verdura,Ca Ses Rosetes Giró Ros 2023,2023,4.1,57,20.95,España,Mallorca,White
1739082,Bermejo,Diego Seco 2022,2022,4.1,56,27.0,España,Lanzarote,White
11128645,Bodega Fabio Coullet,Villazo 2022,2022,4.0,56,20.4,España,Sierras de Málaga,White
7446154,Pla de Morei,Riu de Gost Incrocio Manzoni 2022,2022,4.2,56,27.0,España,Cataluña,White
6658355,Lopez Cristobal,Albillo 2023,2023,4.0,56,17.1,España,Ribera del Duero,White
4406127,Gómez Cruzado,Montes Obarenes Selección Terroir 2022,2022,4.3,55,42.7,España,Rioja,White
1162729,Acustic Celler,Acústic Blanc 2023,2023,4.0,55,12.91,España,Montsant,White
11894393,Valdecuevas,724 Viognier - Verdejo 2022,2022,4.3,55,14.5,España,Rueda,White
10333208,Carlos Moro,Fermentado en Barrica Verdejo 2019,2019,4.0,55,20.97,España,Rueda,White
5857638,Olivier Rivière,La Bastid Rioja Blanco 2023,2023,4.0,55,24.5,España,Rioja,White
1499471,Francisco Garcia Perez,Adega do Moucho Treixadura 2018,2018,4.4,54,67.9,España,Ribeiro,White
12731814,Campillo,Blanco Reserva 2022,2022,4.0,54,19.0,España,Rioja,White
1981350,Ostatu,Lore Rioja 2022,2022,4.1,54,17.25,España,Rioja Alavesa,White
6445464,Bruno Murciano,Las Blancas 2024,2024,4.0,54,12.4,España,Utiel-Requena,White
4421881,Amós Bañeres,Missatge en Una Ampolla 2022,2022,4.1,54,20.25,España,Penedès,White
10962180,Pazos del Rey,Pazo de Monterrey Raúl Boo Godello 2022,2022,4.0,54,18.2,España,Monterrei,White
2471806,Bodegas Fontana,Oveja Blanca Dry Muscat 2024,2024,4.1,54,6.9,España,Uclés,White
2509745,Telmo Rodriguez,Branco de Santa Cruz 2021,2021,4.1,54,33.19,España,Valdeorras,White
7165088,Hacienda López de Haro,Gran Reserva Classica Blanco 2014,2014,4.4,54,51.95,España,Rioja,White
1245993,Dehesa del Carrizal,Chardonnay 2021,2021,4.1,54,24.3,España,Dehesa del Carrizal,White
11237945,Arrocal,Las Canteras 2023,2023,4.2,54,21.9,España,Ribera del Duero,White
1506037,Vegalfaro,Pago de los Balagueses Chardonnay 2022,2022,4.1,53,22.0,España,Utiel-Requena,White
2288227,Alfredo Maestro,Lovamor Albillo 2022,2022,4.0,53,12.75,España,Castilla y León,White
12501391,Fazenda Agricola Augalevada,Areas de Rei Blanco 2023,2023,4.1,53,22.0,España,Ribeiro,White
13023333,Cérvoles,Colors de Les Garrigues Blanc 2025,2025,4.0,53,10.3,España,Costers del Segre,White
9104945,Bodega Bravo Escós,La Font del Mosquit 2022,2022,4.0,52,19.3,España,Priorato,White
9459043,Gutiérrez de la Vega,Monte Diva Blanco 2022,2022,4.0,52,24.8,España,Vino de España,White
2526554,Jordi Llorens,Blan d’Anzera 2020,2020,4.0,52,33.43,España,Conca de Barberà,White
1902305,Finca Garabelos,Rías Baixas Albariño 2023,2023,4.1,52,20.8,España,Rías Baixas,White
6245509,Pepe Mendoza Casa Agrícola,Blanco 2024,2024,4.0,52,11.15,España,Alicante,White
8950983,Adega Ponte da Boga,Blanco Lexítimo 2022,2022,4.1,52,28.95,España,Ribeira Sacra,White
11066429,Vins El Cep,Pla del Bosc 2021,2021,4.0,52,17.33,España,Penedès,White
5876704,Freyé,Parellada - Muscat 2024,2024,4.1,52,7.5,España,Penedès,White
9662991,Finca Valpiedra,Rioja Blanco Reserva 2016,2016,4.2,51,55.08,España,Rioja,White
12315061,B.R.O.T.,Maurat 2022,2022,4.0,51,14.85,España,Penedès,White
7571047,VI Cool Be Cool,Petit Blanc 2023,2023,4.0,51,8.4,España,Cataluña,White
3903506,Joan de la Casa,Nimi Tossal Reserva 2017,2017,4.1,51,15.5,España,Alicante,White
6246423,Señorio de Villarrica,Gran Resrva Marvellous Number One 2014,2014,4.3,51,75.0,España,Rioja,White
4919424,Josep Grau Viticultor,Granit Garnatxa Blanca 2023,2023,4.2,51,24.6,España,Montsant,White
11969365,Pedro Méndez,Tresvellas 2023,2023,4.3,51,42.75,España,Rías Baixas,White
12314540,Veronica Ortega,Roto 2022,2022,4.1,51,45.0,España,Bierzo,White
12031815,Barahonda,Casa del Capitan Macabeo 2022,2022,4.0,51,32.9,España,Yecla,White
1178655,Casal de Armán,Blanco 2024,2024,4.1,51,13.5,España,Ribeiro,White
11513496,Joan Sardà,Ancorat Sumoll Negre Blanc De Noirs 2021,2021,4.0,50,13.29,España,Penedès,White
1253094,Domènech.Vidal,Masia Freyé Parellada - Muscat 2024,2024,4.2,50,8.5,España,Penedès,White
12314800,Bodega Fabio Coullet,Orange Peels 2023,2023,4.1,50,24.18,España,Sierras de Málaga,White
12419372,Vins Pepe Raventós,Vinya la Plana Malvasia de Sitges 2023,2023,4.1,50,28.5,España,Penedès,White
11154670,Juvé & Camps,Viver d'Espiells 2022,2022,4.0,50,18.5,España,Clàssic Penedès,White
11813526,La Fita,Els Arpiots 2023,2023,4.1,50,15.25,España,Penedès,White
13228199,Bodegas Exopto,Exopto Blanco Field Blend 2024,2024,4.0,50,15.8,España,Rioja,White
7957754,Vizar,Fermentado en Barrica Verdejo Ecologico 2019,2019,4.0,50,24.9,España,Castilla y León,White
1199172,Tomàs Cusiné,Macabeu De vinyes Velles Finca Racons 2018,2018,4.1,49,25.1,España,Costers del Segre,White
1142125,Bodega Ribas,Sió Blanc 2023,2023,4.0,49,25.0,España,Mallorca,White
4953160,Viña Pomal,Vinos Singulares Tempranillo Blanco Reserva 2017,2017,4.1,49,30.13,España,Rioja,White
9023007,Raúl Pérez,Valdecanada 2019,2019,4.2,49,59.95,España,Bierzo,White
7978423,Finca La Capilla,La Capilla Blanco 2023,2023,4.0,49,13.5,España,Rueda,White
1706137,Pedralonga,Terra de Godos Albariño 2024,2024,4.0,48,13.3,España,Rías Baixas,White
9073383,Primitivo Collantes,Socaire Oxidativo de Albariza 2019,2019,4.2,48,40.95,España,Cádiz,White
10249825,Dominio de Atauta,Albillo Mayor 2022,2022,4.0,48,28.93,España,Ribera del Duero,White
12822240,Arrayán,La Suerte Albillo Real 2023,2023,4.0,48,16.0,España,Méntrida,White
2383786,Mas d'en Gil,Coma Alta Priorat 2009,2009,4.2,48,42.15,España,Priorato,White
6136304,Carlos Moro,Finca San Cibrao 2018,2018,4.1,48,11.9,España,Ribeiro,White
3136986,Altos de Torona,Altos de Torona Rosal 2022,2022,4.0,48,13.55,España,Rías Baixas,White
11098640,Itsasmendi,Leioa Paradisuak 2021,2021,4.0,47,23.5,España,Bizkaiko Txakolina,White
6545489,Bodega Numanthia,Termes Blanco 2020,2020,4.1,47,24.5,España,Vino de España,White
7333236,La Val,Treixadura 2023,2023,4.0,47,15.45,España,Rías Baixas,White
10713997,Casa Lebai,La Nava Albillo Mayor 2019,2019,4.1,47,68.83,España,Ribera del Duero,White
4055425,Ca N'Estella,Gran Clot Dels Oms Xarel-lo 2021,2021,4.0,47,12.9,España,Penedès,White
12471295,Matarromera,Melior de Matarromera Albillo Mayor 2021,2021,4.0,46,18.95,España,Ribera del Duero,White
12065887,Dominio del Challao,Blanco 2021,2021,4.2,46,70.95,España,Rioja Alavesa,White
13143569,José Pariente,Finca La Medina 2024,2024,4.0,46,29.75,España,Rueda,White
5797172,Pujanza,S.J. Anteportalatina 2020,2020,4.2,46,47.9,España,Rioja,White
12133479,Castro Ventosa,Valtuille El Val 2022,2022,4.2,46,53.9,España,Bierzo,White
7193251,Viña Somoza,Neno Sobre Lias Godello 2024,2024,4.0,46,14.67,España,Valdeorras,White
11140093,Telmo Rodriguez,Falcoeira Branco 2022,2022,4.1,46,90.6,España,Valdeorras,White
11762832,Jaro,Jaros Albillo Mayor 2023,2023,4.0,45,25.25,España,Ribera del Duero,White
9589949,Bodegas Fulcro,A Cesteira Albariño 2023,2023,4.3,45,30.5,España,Rías Baixas,White
13488022,Valdesil,Godello 2024,2024,4.0,45,19.7,España,Valdeorras,White
2495399,Foresta,Xarel-lo 2021,2021,4.1,45,17.95,España,Cataluña,White
11303144,Josep Grau Viticultor,Carenes Gratallops 2021,2021,4.2,45,50.5,España,Priorato,White
1868072,Pinord,Penedès Gewürztraminer - Muscat Mireia 2024,2024,4.1,45,9.1,España,Penedès,White
5864576,Baluarte,Muscat 2023,2023,4.2,45,6.9,España,Navarra,White
1101775,Agro de Bazán,Granbazán Don Álvaro de Bazán Albariño 2021,2021,4.1,45,34.8,España,Rías Baixas,White
1441651,Telmo Rodriguez,El Transistor Verdejo 2023,2023,4.0,45,22.15,España,Rueda,White
12201880,Altavins,Vinerel-Les Garnatxa Blanca 2020,2020,4.0,44,24.95,España,Cataluña,White
11839653,Hermanos Lurton,Cíbola 2023,2023,4.0,44,13.85,España,Rueda,White
4852517,Viña Muriel,Blanco Reserva 2015,2015,4.0,44,15.95,España,Rioja,White
1209770,Bàrbara Forés,El Quintà 2022,2022,4.0,44,18.85,España,Terra Alta,White
13311525,Pradorey,Finca Los Quemados Single Vineyard Blanco 2024,2024,4.1,44,13.0,España,Ribera del Duero,White
4346004,Finca Garabelos,La Trucha Albariño 2024,2024,4.0,44,13.5,España,Rías Baixas,White
6316810,Gallina de Piel,Manar dos Seixaş 2023,2023,4.1,43,17.6,España,Ribeiro,White
5445242,Aroa,Berandu 2015,2015,4.0,43,19.95,España,Navarra,White
5292518,Viña Somoza,As 2 Ladeiras Seleccion Godello 2022,2022,4.0,43,22.9,España,Valdeorras,White
12545904,Bodegas Félix Lorenzo Cachazo,Carrasviñas Felix 2020,2020,4.2,43,27.9,España,Rueda,White
7518825,28 Metros Cuadrados,Blanco 2022,2022,4.1,43,16.33,España,Málaga,White
12485693,Arínzano,Arínzano Armonía 2022,2022,4.3,43,47.0,España,Arínzano,White
12162315,Las Moradas de San Martín,Ensayo Albillo Real 2019,2019,4.0,42,23.95,España,Madrid,White
12781867,Bodegas Faustino,Faustino I Gran Reserva 2020,2020,4.1,42,33.0,España,Rioja Alavesa,White
5752614,Boldú,Ventallola Garnatxa Blanc 2024,2024,4.0,41,9.85,España,Costers del Segre,White
12060034,Pablo Matallana,Taro Vinícola La Nave 2021,2021,4.0,41,75.0,España,Lanzarote,White
4120927,Forjas del Salnés,Leirana Ma Luisa Lázaro Albariño 2019,2019,4.2,41,45.5,España,Rías Baixas,White
12179880,Tobelos,Tahón de Tobelos Reserva Blanco 2019,2019,4.1,41,22.9,España,Rioja,White
12809095,Lagar de Fornelos,Lindeiros Albariño 2021,2021,4.3,41,61.5,España,Rías Baixas,White
8039585,Valtravieso,Valtravieso Nogara Verdejo 2023,2023,4.1,41,8.75,España,Rueda,White
1542141,Abadal,Nuat 2015,2015,4.0,41,36.7,España,Pla de Bages,White
1239187,Clos d'Agon,Blanco 2019,2019,4.0,41,37.32,España,Cataluña,White
7154685,Bernavi,Coster de la Devea 2018,2018,4.2,41,28.34,España,Terra Alta,White
3867213,Mengoba,Mengoba las Tinajas 2018,2018,4.0,41,42.9,España,Bierzo,White
2479666,Gómez Cruzado,Blanco 2024,2024,4.0,41,9.1,España,Rioja,White
1784010,OM Oliver Moragues,OM Blanc 2023,2023,4.1,40,18.5,España,Mallorca,White
6484678,Pazo Casanova,Finca Viñoa Paraje Penaboa 2020,2020,4.3,40,25.2,España,Ribeiro,White
9782040,Bimbache,Miguelito Jackson Blan de Nuar 2024,2024,4.1,40,42.15,España,El Hierro,White
11906490,Venta d'Aubert,Ventepico Blanco 2019,2019,4.1,40,23.3,España,Bajo Aragón,White
11501709,Victoria E. Torres Pecis,Jeronimo 2022,2022,4.3,39,52.0,España,La Palma,White
10386506,Barrialto,Santa Brigida 2022,2022,4.0,39,18.3,España,Andalucía,White
12872135,Dominio de Tares,Cepas Viejas Godello 2024,2024,4.1,39,19.0,España,Bierzo,White
7688914,Clos Pons,Cingles Garnatxa Blanca 2018,2018,4.0,39,25.5,España,Costers del Segre,White
4460268,Fedellos do Couto,Conasbrancas 2023,2023,4.1,39,20.25,España,Ribeira Sacra,White
12621604,Pago Finca Élez,Fermentado en Barrica Chardonnay 2022,2022,4.1,39,23.9,España,Finca Élez,White
1595719,Suertes del Marqués,Vidonia 2024,2024,4.2,39,38.0,España,Valle de la Orotava,White
12623728,Iturregi,Blanco 2023,2023,4.2,39,26.4,España,Getariako Txakolina,White
6184362,Cota 45,UBE de Ubérrima Carrascal 2020,2020,4.1,39,45.36,España,Cádiz,White
11024904,Territorio Luthier,Hispania Blanco 2021,2021,4.4,38,32.5,España,Ribera del Duero,White
5408107,Celler Credo,Mirabelles 2019,2019,4.0,38,31.8,España,Cataluña,White
1360880,Altún,Ana de Altún 2024,2024,4.1,38,12.95,España,Rioja,White
3176258,Bodega Otazu,Pago de Otazu Chardonnay Con Crianza 2023,2023,4.2,38,28.3,España,Otazu,White
7735840,Lagravera,Cíclic Blanc 2023,2023,4.2,38,26.1,España,Costers del Segre,White
1584715,Loxarel,Xarel-lo Fermentat Em Àmfores 2022,2022,4.0,38,15.0,España,Penedès,White
8028834,Tritium,Esencia Blanca 2019,2019,4.1,38,33.7,España,Rioja,White
12099785,Raul Moreno,La Retahíla 2023,2023,4.0,38,34.9,España,Andalucía,White
10120224,Conde de Los Andes,Capítulo l Malvasía 2016,2016,4.2,37,39.3,España,Rioja,White
7557433,Rodrigo Mendez,O Santo do Mar Blanco de Cela 2022,2022,4.3,37,54.44,España,Galicia,White
12681222,Vara Y Pulgar,Blanco 2023,2023,4.0,37,17.15,España,Cádiz,White
11573039,Mas d'en Gil,Coma Calcari Blanc 2021,2021,4.1,37,32.9,España,Priorato,White
11861175,Iria Otero,Ravia 2023,2023,4.0,36,21.25,España,Ribeiro,White
1553003,Tomás Postigo,Fermentado En Barrica Blanco 2023,2023,4.4,36,30.5,España,Castilla y León,White
8049624,Conreria d'Scala Dei,Primera Vinya Les Brugueres Blanco 2021,2021,4.2,36,32.27,España,Priorato,White
11843840,Latarce,Verdejo 2022,2022,4.2,36,27.9,España,Toro,White
11571756,Pazo da Sinsela,San Clemente 2022,2022,4.4,36,111.9,España,Rías Baixas,White
11197278,Albet i Noya,El Bosc Negre 2022,2022,4.0,36,26.0,España,Penedès,White
8280418,Cosmic,Connexió Còsmica 2022,2022,4.0,36,14.39,España,Cataluña,White
11161382,Lagravera,La Pell El Vinyet Blanco 2020,2020,4.0,36,44.0,España,Costers del Segre,White
2790958,Cantalapiedra Viticultores,Lirondo Blanco 2024,2024,4.0,36,13.8,España,Castilla y León,White
5322952,Barco del Corneta,Judas Viura 2021,2021,4.0,35,28.88,España,Castilla y León,White
13144730,Cantalapiedra Viticultores,Majuelo el Espejo La Seca Blanco 2023,2023,4.2,35,40.65,España,Castilla y León,White
1535901,Jean Leon,Chardonnay Penedès Vinya Gigi 2024,2024,4.0,35,24.55,España,Penedès,White
7373729,Hijos de Alberto Gutiérrez,Viña Lisonja Sauvignon Blanc 2024,2024,4.1,35,5.25,España,Rueda,White
2467645,Ramón do Casar,Blanco 2024,2024,4.1,35,11.95,España,Ribeiro,White
10097560,Jiménez-Landi,Vinos Singulares Blanco Malvar 2020,2020,4.0,35,20.35,España,Méntrida,White
11861015,Campillo,Albariño 2024,2024,4.1,35,15.0,España,Rías Baixas,White
9617829,Valdecuevas,Sauvignon Blanc 2024,2024,4.0,35,7.99,España,Rueda,White
12385894,Cia. Viticola Sileo,Costers de Cornudella Blanco 2023,2023,4.0,35,20.95,España,Montsant,White
10887896,Viña Nora,Nora da Neve Encarnación Rodríguez 2019,2019,4.1,34,29.5,España,Rías Baixas,White
2667162,Adega Familiar Eladio Piñeiro,Envidiacochina (Tête de Cuvée) 2023,2023,4.2,34,31.95,España,Rías Baixas,White
10453676,Toro Albalá,Miut Santa Magdalena 2021,2021,4.0,34,22.0,España,Montilla-Moriles,White
1987057,Alemany i Corrió,Cargol Ttreu Vi 2022,2022,4.0,34,19.01,España,Penedès,White
1176320,Tamaral,Verdejo Rueda 2024,2024,4.0,34,7.4,España,Rueda,White
12805199,Nacho Álvarez,Paluezas Godello 2025,2025,4.3,34,12.9,España,Bierzo,White
1207642,Loess,Blanco 2024,2024,4.0,34,9.5,España,Rueda,White
12623733,Larural,Moscatell d'Alexandria 2024,2024,4.1,34,15.75,España,Cataluña,White
4868315,Pradorey,El Cuentista 2022,2022,4.1,34,17.5,España,Ribera del Duero,White
10557304,Can Matons,La Vinya de Can Xec 2019,2019,4.1,34,41.49,España,Alella,White
2515421,Avancia,Cuvée de O Godello 2023,2023,4.0,34,22.68,España,Valdeorras,White
12485686,Arínzano,Arínzano Pureza 2021,2021,4.2,33,47.0,España,Arínzano,White
6245515,Joan de la Casa,Nimi Gerra 2020,2020,4.0,33,14.9,España,Alicante,White
1173057,Venus la Universal,Dido Macabeu - Garnatxa - Cartoixa 2023,2023,4.2,33,20.25,España,Montsant,White
13694,Hermanos Lurton,Cuesta de Oro Verdejo 2023,2023,4.0,33,19.18,España,Rueda,White
12314535,Larural,Malvasia de Sitges 2024,2024,4.0,33,16.75,España,Cataluña,White
1602058,Los Frailes,Blanc de Trilogia 2024,2024,4.0,33,12.05,España,Valencia,White
8809426,Bodegas Frontonio,La Loma & Los Santos Garnacha Blanca - Macabeo 2022,2022,4.3,32,59.35,España,Valdejalón,White
11173815,Tarsus,La Despistada 2020,2020,4.1,32,27.98,España,Ribera del Duero,White
4369228,Losada,Godello 2024,2024,4.1,32,15.5,España,Bierzo,White
11888865,Cune (CVNE),Corona Gran Reserva 2015,2015,4.3,32,187.0,España,Rioja,White
4570222,Nivarius,Edición Limitada 2020,2020,4.0,32,12.8,España,Rioja,White
5960491,Launa,Selección Familiar Blanco 2023,2023,4.1,31,21.05,España,Rioja Alavesa,White
11614365,El Grifo,Vendimia de Invierno Malvasía Volcánica 2023,2023,4.0,31,37.5,España,Lanzarote,White
11704869,César Márquez,El Val 2023,2023,4.4,31,172.0,España,Bierzo,White
12419144,Bodegas Illana,Los Bobalistas Blanc de Noir 2024,2024,4.1,31,17.9,España,Ribera del Júcar,White
9449733,Mas Oller,Mar En Calma 2024,2024,4.2,31,20.99,España,Empordà,White
12068054,Arzuaga,Aprisco Reserva 2019,2019,4.1,31,33.0,España,Ribera del Duero,White
11323247,Masos,Mas de La Mona Chardonnay 2024,2024,4.2,31,28.4,España,Alicante,White
10758173,Secret Cellar,Lote #1 2019,2019,4.0,31,18.15,España,Ribera del Duero,White
12317803,OM Oliver Moragues,Prensal Blanc 2024,2024,4.1,31,24.0,España,Mallorca,White
12131538,Michelini i Mufatto,Ma Blanco 2021,2021,4.1,31,32.9,España,Bierzo,White
12086397,Lafou,De Rams Blanco 2018,2018,4.2,31,49.26,España,Terra Alta,White
10904315,Celler Credo,Ambvivalent 2019,2019,4.1,31,32.0,España,Penedès,White
12152104,Presas Ocampo,Vidueño 2022,2022,4.0,31,30.25,España,Tacoronte-Acentejo,White
4995987,Attis,Embaixador Albariño 2022,2022,4.3,31,38.54,España,Rías Baixas,White
8316644,Bell Cros,La Figaflor White 2024,2024,4.0,31,11.9,España,Tarragona,White
1933947,Escoda-Sanahuja,Els Bassotets 2023,2023,4.0,31,19.0,España,Conca de Barberà,White
5746177,Olivier Rivière,Trotamundos Bianco 2019,2019,4.3,30,39.0,España,Rioja,White
13612467,Casa Rojo,La Malpagada Albillo Mayor 2022,2022,4.0,30,21.99,España,Ribera del Duero,White
9262003,L'Enclòs de Peralba,Les Camades Garnatxa Blanca 2020,2020,4.2,30,21.99,España,Cataluña,White
4520554,Valdecuevas,Cuvée Verdejo 2023,2023,4.1,30,15.5,España,Rueda,White
2184024,Rodrigo Mendez,Cies Blanco 2024,2024,4.1,30,17.6,España,Rías Baixas,White
1235689,Adega Familiar Eladio Piñeiro,Frore de Carme 2018,2018,4.2,30,49.8,España,Rías Baixas,White
6334317,Raventos d'Alella,Petit Manseng 2013,2013,4.1,30,21.86,España,Alella,White
11389488,Pepe Mendoza Casa Agrícola,Moscatel Rare 2019,2019,4.3,30,27.23,España,Alicante,White
1239974,Terra Remota,Caminante 2024,2024,4.0,30,20.75,España,Empordà,White
4447966,Paco & Lola,Prime Albariño Lias 2021,2021,4.0,30,17.95,España,Rías Baixas,White
12678964,El Pacto,Jesús Acha Blanco 2018,2018,4.3,30,119.0,España,Rioja,White
6332576,Vivanco,4 Varietales Colección Blanco de Guarda 2016,2016,4.1,30,24.5,España,Rioja,White
9721186,Yllera,Meraldis Vinificación Integral Verdejo 2021,2021,4.1,30,20.0,España,Rueda,White
6785466,Verum,Airén de Pie Franco 2021,2021,4.0,30,39.32,España,Castilla,White
9858049,Monopole,Gran Reserva Blanco Seco 2016,2016,4.4,30,110.0,España,Rioja,White
6750162,Muchada-Léclapart,Univers 2023,2023,4.0,30,26.9,España,Cádiz,White
3945846,Mas Llunes,Singulars Garnatxa Roja 2022,2022,4.1,29,20.29,España,Empordà,White
1981483,Sangenís I Vaqué,Lo Coster Blanc 2023,2023,4.1,29,20.9,España,Priorato,White
11906853,Senda de los Frailes,Verdejo 2024,2024,4.0,29,8.25,España,Rueda,White
12291621,Eulogio Pomares,Parcela en Aios 2023,2023,4.3,29,129.0,España,Rías Baixas,White
1571347,Abel Mendoza Monge,5V Blanco 2024,2024,4.1,29,35.65,España,Rioja,White
10954970,Quinta da Muradella,Verdello Antiguo 2021,2021,4.4,29,123.8,España,Monterrei,White
13216416,El Grifo,250 Aniversario Edición Única Lías Malvasia Volcanica 2018,2018,4.2,29,30.3,España,Lanzarote,White
12077870,Single Vineyards Collectors,La Tercera Viña 2024,2024,4.1,28,24.9,España,Penedès,White
11825533,Bodega Doña Felisa,Markiss Sauvignon Blanc 2021,2021,4.3,28,75.0,España,Sierras de Málaga,White
12343418,Reta,TA/MIRA Miraflores Alta 2022,2022,4.0,28,52.0,España,Andalucía,White
11215798,Bodegas Luis Perez,Villamarta 2014,2014,4.3,28,258.3,España,Cádiz,White
11676156,Pepe Mendoza Casa Agrícola,Velo Flor Tinajas de Padilla 2021,2021,4.0,28,21.8,España,Alicante,White
12942690,Volver,Rafa Cañizares Sauvignon Blanc 2024,2024,4.0,28,8.55,España,Alicante,White
4910136,Clos Galena,Formiga de Seda 2023,2023,4.1,28,19.9,España,Priorato,White
3888668,Artífice,Listán Blanco de Canarias 2022,2022,4.1,28,19.0,España,Ycoden-Daute-Isora,White
11024782,Volver,Triga Chardonnay Fermentado en Barrica 2023,2023,4.1,28,17.61,España,Alicante,White
11207164,Vinícola Real,200 Monges Gran Reserva Blanco 2010,2010,4.4,28,70.9,España,Rioja,White
7116832,Puro Rofe,Rofe Blanco 2023,2023,4.0,28,30.25,España,Lanzarote,White
8536207,Terra Remota,Clos Adèle Xarel-lo 2020,2020,4.1,28,54.5,España,Empordà,White
12412034,Botani,Nobleza Moscatel Old Vines 2024,2024,4.1,27,29.5,España,Sierras de Málaga,White
10557341,Viña Pomal,Vinos Singulares Garnacha Blanca 2020,2020,4.0,27,25.0,España,Rioja,White
12517721,Mas Geli,La Gran Nit Carinyena Blanca 2021,2021,4.1,27,34.0,España,Empordà,White
13143477,Viña Zorzal,Señora de las Alturas Blanco 2024,2024,4.0,27,23.75,España,Navarra,White
10404003,Bodegas Torre del Veguer,Maricel Malvasia de Sitges 2024,2024,4.0,27,13.92,España,Penedès,White
3267072,Castillo de Monjardin,Chardonnay Reserva 2020,2020,4.1,27,16.84,España,Navarra,White
7950788,Attis,Sitta Doliola 2018,2018,4.1,27,38.7,España,Rías Baixas,White
11024899,Territorio Luthier,Clarete de Guarda 2020,2020,4.4,27,52.64,España,Ribera del Duero,White
11871735,Raúl Pérez,Areas de Montalvo 2018,2018,4.3,27,216.0,España,Rías Baixas,White
12214996,Muscàndia,Viader Davant del Corral Xarel-lo 2022,2022,4.2,27,18.35,España,Penedès,White
12387208,Dominio de Arenas,Dominio de Torrox 2022,2022,4.1,27,13.09,España,Sierras de Málaga,White
9930976,Vinyes Tortuga,Libertango 2020,2020,4.2,26,60.87,España,Cataluña,White
3880545,Callejo,El Lebrero 2022,2022,4.0,26,48.66,España,Ribera del Duero,White
13155657,José Pariente,Las Fincas de José Pariente 2021,2021,4.0,26,21.9,España,Rueda,White
9889047,Equipo Navazos,La Bota 107 de Florpower 2020,2020,4.0,26,22.9,España,Andalucía,White
12096167,Ricard Rofes,Valldencomte 2020,2020,4.0,26,35.99,España,Montsant,White
8181183,Bodegas Martín Códax,Finca Xieles Albariño 2022,2022,4.1,26,40.0,España,Rías Baixas,White
9001490,Mas Geli,Solista No 7 Subirat Parent 2022,2022,4.1,26,19.0,España,Empordà,White
2629649,Lagar de Sabariz,A Pita Miuda 2017,2017,4.2,26,44.53,España,Galicia,White
10949607,Cabana das Bolboretas,Valouta Albariño 2020,2020,4.1,26,36.7,España,Rías Baixas,White
1677283,Arché Pagès,Cartesius Garnatxa Blanca 2024,2024,4.1,26,13.43,España,Empordà,White
3919916,Attis,Sitta Ancestros 2012,2012,4.4,26,124.8,España,Rías Baixas,White
13169644,José Gil,El Calado del Espino Viura 2023,2023,4.2,26,49.5,España,Rioja,White
6993325,Castrelo das Pedras,Raices del Miño Cepas Autóctonas 2019,2019,4.1,25,20.04,España,Ribeiro,White
11713764,Finca Sandoval,Aurora 2023,2023,4.0,25,16.9,España,Manchuela,White
3989194,Partida Creus,XL (Xarel·Lo) 2021,2021,4.0,25,23.25,España,Cataluña,White
9204339,Amós Bañeres,Hey! Macabeu - Xarel-lo 2023,2023,4.0,25,14.85,España,Penedès,White
13603622,Bodegas Luis Perez,Bina Vino de Pasto 2023,2023,4.2,25,53.4,España,Andalucía,White
9420090,Bodega Tamerán,Baboso Blanco 2023,2023,4.3,25,48.15,España,Gran Canaria,White
12268661,Bimbache,Pelibuey 2022,2022,4.0,25,34.5,España,Islas Canarias,White
11102898,Jorge Piernas,Soldados de Cuera Macabeo 2021,2021,4.1,25,26.51,España,Murcia,White
7123817,La Niña de Cuenca,Orovelo 2022,2022,4.0,25,14.9,España,Manchuela,White
12993364,Monopole,Reserva Blanco Seco (Clásico) 2021,2021,4.2,25,21.6,España,Rioja,White
4698888,Hugas de Batlle,30.70 2024,2024,4.1,25,18.43,España,Empordà,White
1728926,Terras Gauda,Abadia de San Campio 2019,2019,4.0,2539,10.95,España,Rías Baixas,White
2309627,Partida Creus,VN (Vinel-Lo Blanco) 2023,2023,4.1,2290,18.0,España,Penedès,White
5089788,Pago Casa Gran,Falcata Blanco 2024,2024,4.1,2047,7.59,España,Valencia,White
9062,Enate,Chardonnay 234 2021,2021,4.1,1802,10.16,España,Somontano,White
1278739,Pazo Pondal,Albariño 2021,2021,4.0,1690,13.49,España,Rías Baixas,White
4523122,El Angosto,Soldadito Marinero 2025,2025,4.1,1663,5.4,España,Valencia,White
10985753,Martín Códax,Albariño 2019,2019,4.0,1547,14.48,España,Rías Baixas,White
1801552,Celler Xavier Clua,Il·lusió 2025,2025,4.0,1212,11.6,España,Terra Alta,White
5630258,Viñedos y Bodegas Muñoz,Legado Muñoz Macabeo - Verdejo 2025,2025,4.0,1202,4.5,España,La Mancha,White
1757194,Bermejo,Malvasía Seco 2024,2024,4.1,1166,22.9,España,Lanzarote,White
6991751,Rioja Vega,Reserva Tempranillo Blanco 2017,2017,4.1,1128,44.21,España,Rioja,White
1614612,Eduardo Peña,Castrelo de Miño 2023,2023,4.1,1121,17.0,España,Ribeiro,White
96992,Pazo San Mauro,Albariño 2022,2022,4.0,1057,18.0,España,Rías Baixas,White
1223714,Enric Soler,Nun Vinya dels Taus 2009,2009,4.3,1005,240.0,España,Penedès,White
2116277,Trossos del Priorat,Abracadabra 2022,2022,4.0,855,32.5,España,Priorato,White
1180859,Bouza do Rei,Albariño Rías Baixas 2022,2022,4.0,826,9.78,España,Rías Baixas,White
1294831,Vins Miquel Gelabert,Sa Vall Fermentat en Bòte Selecció Privada 2020,2020,4.2,796,26.5,España,Plà i Llevant,White
2322312,Pago de Tharsys,Vendimia Nocturna Albariño 2024,2024,4.0,765,15.6,España,Cataluña,White
4214223,Llanos Negros,Los Tabaqueros 2006,2006,4.3,749,29.9,España,La Palma,White
1136242,Costers del Siurana,Kyrie 2024,2024,4.3,706,94.55,España,Priorato,White
2481279,Bodega los Palomares,Impresiones Verdejo 2024,2024,4.1,669,7.95,España,Castilla y León,White
6492987,Micro Bio (MicroBio),Microbio 2022,2022,4.0,661,25.6,España,Castilla y León,White
1155895,Marqués de Vizhoja,Torre la Moreira Albariño 2022,2022,4.0,658,10.5,España,Rías Baixas,White
3055690,Coca i Fitó,Jaspi d'Or 2023,2023,4.0,629,17.6,España,Terra Alta,White
3242083,Nanclares y Prieto,Soverribas Albariño 2024,2024,4.1,626,27.95,España,Rías Baixas,White
12179510,Luis Alegre,Finca la Reñana Blanco 2024,2024,4.1,615,7.5,España,Rioja,White
2218581,Hermanos Frias del Val,Viña El Flako 2023,2023,4.1,593,16.8,España,Rioja Alavesa,White
4662983,Bodegas Binifadet,Tanca No 12 Blanc Roure 2024,2024,4.1,582,28.95,España,Isla de Menorca,White
7513656,Península Vinicultores,Vino Atlántico 2022,2022,4.0,577,15.0,España,Bizkaiko Txakolina,White
2209918,Bodegas Chaves,Cinco Islas Albariño 2022,2022,4.0,559,29.09,España,Rías Baixas,White
87930,Naia,Naia 2021,2021,4.0,556,19.19,España,Rueda,White
2431356,El Angosto,Almendros Single Vineyard Blanco 2024,2024,4.0,552,8.6,España,Valencia,White
7148393,Adega do Demo,Bitoku Blanco 2022,2022,4.1,549,14.5,España,Ribeiro,White
1455119,Joaquín Rebolledo,Godello 2024,2024,4.1,549,11.5,España,Valdeorras,White
8366987,Bodegas Valdelana,Familia Valdelana Blanco 2024,2024,4.0,546,7.0,España,Rioja,White
5404293,Forlong,El Amigo Imaginario 2023,2023,4.0,530,24.5,España,Cádiz,White
10664200,Vinos del Paseante,L'Encís Garnatxa Blanca - Sauvignon Blanc 2025,2025,4.0,508,11.95,España,Empordà,White
1231120,Pardas,Xarel-lo 2019,2019,4.0,505,59.75,España,Penedès,White
2139083,Partida Creus,BS (Blanc de Sumoll) 2020,2020,4.1,495,33.65,España,Cataluña,White
2824737,Casa Do Sol,Albariño 2023,2023,4.0,495,13.64,España,Rías Baixas,White
8145514,Bodegas Pedro Escudero,Finca Valdelagunde Sauvignon Blanc 2024,2024,4.0,492,11.0,España,Rueda,White
2224714,Can Coleto,Blanc de Negres 2022,2022,4.2,479,13.62,España,Plà i Llevant,White
6696991,Bodegas Clunia,Albillo 2022,2022,4.0,472,17.65,España,Castilla y León,White
2706042,Valserrano,Rioja Gran Reserva White Premium 2019,2019,4.2,470,34.0,España,Rioja,White
1201340,Sameirás,1040 2023,2023,4.0,459,20.25,España,Ribeiro,White
6202354,Mengoba,Godello Viejo 2024,2024,4.0,457,19.15,España,Bierzo,White
2425702,Mas Comtal,Petrea Chardonnay 2003,2003,4.2,455,195.0,España,Cataluña,White
1925448,Monopole,Blanco Seco (Clasico) 2018,2018,4.0,441,23.9,España,Rioja,White
9290382,Pradorey,Blanco 2021,2021,4.1,439,9.4,España,Castilla y León,White
4860068,Bodegas Frontonio,Telescópico Macabeo - Garnacha Blanca 2022,2022,4.0,434,19.65,España,Valdejalón,White
6226583,Llanos Negros,La Batista 2022,2022,4.1,424,26.95,España,La Palma,White
1660440,Lagar de Costa,Maio 5 Albariño 2020,2020,4.1,415,20.23,España,Rías Baixas,White
6232227,Partida Creus,VY (Vinyater) 2021,2021,4.1,399,23.05,España,Penedès,White
1160155,Naia,K-Naia 2023,2023,4.0,386,6.5,España,Rueda,White
1723853,Bohedal,Gran Bohedal Blanco 2023,2023,4.0,384,13.0,España,Rioja,White
2311570,Vins Miquel Gelabert,Chardonnay Roure Selecció Especial 2023,2023,4.3,376,35.0,España,Plà i Llevant,White
2370960,Sebio,Mais Ala 2022,2022,4.0,362,29.9,España,Valdeorras,White
7428175,Venus la Universal,Venus de Cartoixà 2021,2021,4.2,359,37.95,España,Montsant,White
10093171,Pedras Loiras,Albariño 2024,2024,4.1,357,13.5,España,Rías Baixas,White
8436121,Oxer Wines,Marko Loretxoa 2022,2022,4.0,356,25.95,España,Bizkaiko Txakolina,White
59614,Ca N'Estruc,Idoia Blanc 2020,2020,4.0,342,13.6,España,Cataluña,White
5564918,Can Pico,Malvasia 2021,2021,4.0,337,19.74,España,Serra de Tramuntana-Costa Nord,White
5608881,Es Fangar,Lo Cortinelo.Lo Blanc 2020,2020,4.3,331,31.79,España,Plà i Llevant,White
1564318,Gorka Izagirre,G22 Blanc 2020,2020,4.0,331,13.94,España,Bizkaiko Txakolina,White
4233883,Vitalis,Lágrima Albarin 2025,2025,4.1,327,8.5,España,Castilla y León,White
4611389,Gancedo,Herencia del Capricho Godello 2015,2015,4.2,321,24.45,España,Bierzo,White
11447646,Bodegas Villanueva,Carlos Villanueva Godello 2025,2025,4.0,320,8.25,España,Ribeiro,White
2552969,Altos de Torona,Albariño (Sobre Lias) 2019,2019,4.0,303,9.2,España,Rías Baixas,White
3496106,Sebio,O Con Albariño 2022,2022,4.1,302,29.9,España,Rías Baixas,White
1587501,Quinta de Couselo,Selección Albariño 2015,2015,4.0,299,22.5,España,Rías Baixas,White
2539743,En Números Vermells,Garnatxa Blanca del Carlos 2023,2023,4.0,299,22.6,España,Priorato,White
11473589,Anayón,Garnacha Blanca 2021,2021,4.2,297,14.8,España,Cariñena,White
2694548,Bodegas Martín Códax,Rías Baixas Albariño Marieta 2023,2023,4.0,297,10.75,España,Rías Baixas,White
1463944,Baron de Ley,Tres Viñas Blanco Reserva 2019,2019,4.0,292,15.28,España,Rioja,White
1376082,Mengoba,Godello Sobre Lias 2020,2020,4.0,290,16.78,España,Bierzo,White
1458227,Lagar de Besada,Añada de Baladiña Albariño 2012,2012,4.1,284,40.0,España,Rías Baixas,White
5823792,Alfredo Maestro,Consuelo Albillo Mayor 2021,2021,4.1,278,22.0,España,Castilla y León,White
4990872,Bodegas Frontonio,Microcósmico Macabeo 2022,2022,4.0,277,13.5,España,Valdejalón,White
7303759,Puro Rofe,Tilama 2023,2023,4.1,275,34.95,España,Lanzarote,White
1213351,Campillo,Fermentado en Barrica Blanco 2020,2020,4.0,274,8.53,España,Rioja,White
5069912,Llanos Negros,La Tablada 2021,2021,4.1,272,26.95,España,La Palma,White
6689925,Pagos de Nona,Michika 2023,2023,4.1,267,39.7,España,Castilla y León,White
6172078,Nanclares y Prieto,A Graña 2022,2022,4.1,264,33.95,España,Rías Baixas,White
5982492,Botani,Muscat 2024,2024,4.0,256,15.5,España,Málaga,White
6399137,Pazo Casanova,Finca Viñoa Embotellado Tardío 2022,2022,4.1,254,18.5,España,Ribeiro,White
4547813,Llanos Negros,La Time 2000,2000,4.3,253,29.9,España,La Palma,White
6342248,Miquel Oliver,QBQ Blanc 2021,2021,4.1,250,22.07,España,Plà i Llevant,White
9250263,Fedellos do Couto,Testoiro 2024,2024,4.0,250,28.65,España,Ribeira Sacra,White
7631924,Bodegas Pedro Escudero,Bestia Parda 2020,2020,4.1,250,23.5,España,Castilla y León,White
1522673,L'Olivera,Eixaders 2019,2019,4.0,249,16.0,España,Costers del Segre,White
1968657,Cesca Vicent,Cabaler 2023,2023,4.0,240,21.25,España,Priorato,White
6917911,Ondarre,Valdebarón Blanco 2022,2022,4.2,240,19.0,España,Rioja,White
8097913,Parés Baltà,Amphora Brisat 2022,2022,4.1,234,25.85,España,Penedès,White
2414335,Bodegas Celler Francisco Castillo - Clos Dominic,Priorat Blanc 2024,2024,4.1,230,22.8,España,Priorato,White
11608569,Siluvio,Albarín Blanco 2023,2023,4.1,220,26.95,España,Asturias,White
1618684,Pagos de Híbera,Gamberro Garnacha Blanca 2020,2020,4.0,217,31.95,España,Terra Alta,White
4572952,Clos Lentiscus,Xarel-lo Domaine 2018,2018,4.1,213,18.45,España,Penedès,White
6232459,Bielsa Ruano,Lo Noi del Saxo Vi Blanc 2023,2023,4.0,208,9.25,España,Terra Alta,White
1627139,Casar de Burbia,Casar Godello 2023,2023,4.0,206,11.54,España,Bierzo,White
3779541,Barco del Corneta,Cucú Verdejo 2023,2023,4.0,205,20.0,España,Castilla y León,White
1749123,Can Majoral,Son Blanc 2021,2021,4.0,201,15.46,España,Plà i Llevant,White
9461232,Parés Baltà,Satèl·lit 2023,2023,4.1,200,23.5,España,Penedès,White
5501002,Bodegas Tierra,La Abuela Visi 2021,2021,4.3,198,31.53,España,Rioja,White
11132662,Meridiano Perdido,Sobremar 2023,2023,4.0,198,9.5,España,Cádiz,White
2463336,Almazcara Majara,Demasiado Corazón Godello 2018,2018,4.2,196,29.95,España,Bierzo,White
4514305,Troç d'En Ros,La Bèstia Blanca 2018,2018,4.2,184,24.05,España,Empordà,White
8329867,Giol Porrera,Les Sentius Garnatxa Blanca 2024,2024,4.0,175,17.9,España,Priorato,White
2381657,Es Verger,Neu 2021,2021,4.1,174,17.84,España,Islas Baleares,White
5005887,Diez Siglos,Fermentado en Barrica Verdejo 2023,2023,4.0,169,8.95,España,Rueda,White
1586618,Micro Bio (MicroBio),Isse 2 Vignerons 2017,2017,4.0,162,20.5,España,Vino de España,White
1216667,San Clodio,Ribeiro 2020,2020,4.1,162,14.25,España,Ribeiro,White
9258207,Joan Rubió,Deix 2023,2023,4.1,162,29.0,España,Penedès,White
1152165,Pago de Cirsus,Fermentado en Barrica Chardonnay (Oak Aged) 2022,2022,4.1,161,14.75,España,Navarra,White
6140984,Forlong,La Fleur 2019,2019,4.1,161,34.95,España,Cádiz,White
7515708,Bodegas Riko,Renaix la Passió 2023,2023,4.0,159,11.5,España,Alicante,White
4363461,Es Fangar,Twenty Twelve White 2023,2023,4.0,157,15.88,España,Plà i Llevant,White
9751314,MontRubí,Serres Velles Macabeu 2022,2022,4.0,156,22.0,España,Penedès,White
8612101,Son Prim,Maria Jose Chardonnay 2018,2018,4.3,155,18.72,España,Mallorca,White
11684753,Bodegas Eresma,Cuvée Especial Verdejo 2020,2020,4.0,154,17.5,España,Rueda,White
1619,Castell del Remei,ODA Blanc 2019,2019,4.1,146,11.83,España,Costers del Segre,White
5406717,Vins Miquel Gelabert,Son Moix Blanc 2020,2020,4.1,143,37.1,España,Plà i Llevant,White
7795630,Suertes del Marqués,Sortevera Blanco 2020,2020,4.1,141,34.4,España,Valle de la Orotava,White
4268453,Abel Mendoza Monge,Torrontes 2023,2023,4.2,140,77.6,España,Rioja,White
1880307,Vía Arxéntea,Treixadura - Godello 2024,2024,4.1,139,16.96,España,Monterrei,White
1312576,Adega Valdes,Gundian Albariño 2020,2020,4.1,139,11.5,España,Rías Baixas,White
1181612,Binigrau,Nounat 2024,2024,4.2,135,21.09,España,Mallorca,White
11687954,MontRubí,La Peona Orange 2022,2022,4.0,134,10.67,España,Penedès,White
5214078,Cerro San Cristobal,Mis 2 Estrellas 2023,2023,4.0,130,9.8,España,Condado de Huelva,White
1122450,Don Olegario,Albariño 2018,2018,4.0,129,13.31,España,Rías Baixas,White
3974972,Prieto Pariente,Viognier 2020,2020,4.0,129,14.94,España,Castilla y León,White
1392118,Mas Llunes,Nivia 2022,2022,4.0,128,11.6,España,Empordà,White
2952220,Familia Conesa,El Beso de las Uvas Chardonnay 2014,2014,4.0,126,11.8,España,Guijoso,White
6914521,Santiago Roma,Pedranai 2020,2020,4.4,125,55.0,España,Rías Baixas,White
6190623,Convento de las Claras,Verdejo 2022,2022,4.0,125,7.38,España,Rueda,White
6312454,Bodegas Tierra,Tierra Fidel Blanco 2018,2018,4.0,123,31.61,España,Rioja Alavesa,White
1716434,Marqués de Riscal,Verdejo 2025,2025,3.7,45913,10.87,España,Rueda,White
1135415,Protos,Verdejo 2025,2025,3.7,25829,7.9,España,Rueda,White
2620,Familia Torres,Viña Sol Blanco 2025,2025,3.5,16411,7.1,España,Cataluña,White
3085613,Ramón Bilbao,Verdejo Rueda 2025,2025,3.8,13835,7.9,España,Rueda,White
2224,Marqués de Riscal,Sauvignon Blanc 2025,2025,3.8,12121,12.36,España,Rueda,White
1160332,Menade,Verdejo 2025,2025,3.9,10801,10.0,España,Castilla y León,White
1100359,Bodegas Franco-Españolas,Diamante Semi-Dulce Blanco 2024,2024,3.7,10112,5.78,España,Rioja,White
1316578,Bodegas Martín Códax,Mara Martin Godello 2025,2025,3.8,8659,9.9,España,Monterrei,White
1275476,Raimat,Castell de Raimat Chardonnay 2025,2025,3.6,8166,9.15,España,Costers del Segre,White
1170602,Vionta,Albariño 2024,2024,3.7,7888,13.75,España,Rías Baixas,White
1183384,Pazo Barrantes,Albariño 2022,2022,3.8,7757,42.5,España,Rías Baixas,White
1101156,Palacio de Bornos,Verdejo 2025,2025,3.6,6558,6.75,España,Rueda,White
1136116,Condes de Albarei,Albariño 2024,2024,3.7,6542,9.95,España,Rías Baixas,White
1526005,Jean Leon,Chardonnay Penedès 3055 2025,2025,3.7,6524,12.55,España,Penedès,White
1250389,Vivanco,Rioja Blanco 2024,2024,3.7,6147,6.55,España,Rioja,White
1138161,Marqués de Vizhoja,Marqués de Vizhoja 2025,2025,3.6,5371,5.55,España,Vino de España,White
1248984,Bodegas Virgen de Galir,Pagos del Galir Godello 2025,2025,3.8,5092,14.5,España,Valdeorras,White
1219539,Monopole,Blanco 2024,2024,3.5,4883,6.51,España,Rioja,White
1244866,Enrique Mendoza,Chardonnay Alicante 2025,2025,3.7,4781,9.98,España,Alicante,White
1422412,Cuatro Rayas,Verdejo 2025,2025,3.6,4723,6.2,España,Rueda,White
1812105,Shaya,Blanco 2024,2024,3.7,4612,10.6,España,Rueda,White
1511771,Juan Gil,Moscatel Seco 2025,2025,3.8,4558,6.85,España,Jumilla,White
1098967,Bodegas Castelo de Medina,Castelo de Medina Verdejo 2025,2025,3.8,4486,7.4,España,Rueda,White
1708037,Mocen,Selección Especial Verdejo 2025,2025,3.9,4363,6.95,España,Rueda,White
1098966,Bodegas Castelo de Medina,Castelo de Medina Sauvignon Blanc 2025,2025,3.9,4343,8.4,España,Rueda,White
2523589,Menade,Nosso Verdejo 2024,2024,3.9,4292,12.48,España,Castilla y León,White
1604486,Celler del Roure,Cullerot 2024,2024,3.8,3898,11.25,España,Valencia,White
1524062,Finca Constancia,Parcela 52 Verdejo 2023,2023,3.7,3764,6.9,España,Castilla,White
1215270,Bodegas Valduero,Blanco de Albillo (Garcia) 2024,2024,3.9,3684,19.9,España,Ribera del Duero,White
1403761,Astobiza,Blanco 2024,2024,3.8,3654,9.9,España,Arabako Txakolina,White
1266187,Ostatu,Rioja Blanco 2025,2025,3.9,3631,8.2,España,Rioja Alavesa,White
1620735,Gorka Izagirre,Blanc 2025,2025,3.7,3576,10.2,España,Bizkaiko Txakolina,White
1612719,Terras do Cigarrón,Godello 2025,2025,3.8,3385,9.6,España,Monterrei,White
6551529,Azul y Garanza,Naturaleza Salvaje 2024,2024,3.9,3360,14.1,España,Navarra,White
3415961,Hacienda López de Haro,Blanco 2025,2025,3.6,3357,5.0,España,Rioja,White
76783,Campo Viejo,Viura 2024,2024,3.7,3257,4.69,España,Rioja,White
1191380,Singulares,Afortunado Verdejo Rueda 2025,2025,3.7,3136,7.6,España,Rueda,White
4898339,Félix Solís,Casa Albali Verdejo - Sauvignon Blanc 2024,2024,3.7,3134,4.1,España,Valdepeñas,White
2482875,Montespina,Verdejo 2025,2025,3.8,3122,7.75,España,Rueda,White
1152488,Paco & Lola,Albariño 2020,2020,3.9,3114,21.78,España,Rías Baixas,White
2595325,EGO,Goru el Blanco 2025,2025,3.8,3101,6.75,España,Jumilla,White
1723165,Valdesil,Montenovo Godello 2025,2025,3.7,3097,13.9,España,Valdeorras,White
1896184,Pazo Das Tapias,Alma de Blanco 2025,2025,3.6,3095,8.95,España,Monterrei,White
2166959,Bienbebido,Come Pulpo y Bebe Vino 2025,2025,3.6,3077,8.5,España,Vino de España,White
1195745,Herència Altés,Garnatxa Blanca 2025,2025,3.7,3068,10.95,España,Terra Alta,White
2263847,Izadi,Blanco 2023,2023,3.7,2986,14.5,España,Rioja,White
7126169,Bodegas Virgen de Galir,Maruxa Godello 2025,2025,3.8,2881,10.75,España,Valdeorras,White
5219152,Bodega Sommos,Glárima Blanco 2025,2025,3.6,2777,4.05,España,Somontano,White
3290649,Lagar Da Condesa,Kentia Albariño 2024,2024,3.7,2729,12.9,España,Rías Baixas,White
2287734,Martí Serdà,El Xitxarel-lo 2025,2025,3.7,2696,9.9,España,Penedès,White
13480,Parés Baltà,Penedès Parellada - Xarel-lo - Macabeo Blanc De Pacs 2024,2024,3.6,2690,9.7,España,Penedès,White
1277067,Angel Lorenzo Cachazo,Martivilli Verdejo 2025,2025,3.6,2672,8.5,España,Rueda,White
3556697,Castillo de Maetierra,Atlantis Albariño 2024,2024,3.7,2628,16.0,España,Rías Baixas,White
2049511,Viñas del Vero,Chardonnay Somontano 2025,2025,3.7,2621,7.83,España,Somontano,White
1249258,Doniene Gorrondona,Bizkaiko Txakolina Blanco 2024,2024,3.9,2583,13.4,España,Bizkaiko Txakolina,White
2526375,Mustiguillo,Mestizaje Blanco 2024,2024,3.8,2497,9.95,España,Vino de España,White
78478,Matarromera,Melior Verdejo 2025,2025,3.7,2491,6.9,España,Rueda,White
1273922,Con un Par,Albariño 2022,2022,3.6,2474,11.9,España,Rías Baixas,White
2428804,7 Magnífics,Rebels de Batea Blanc 2024,2024,3.7,2414,9.7,España,Terra Alta,White
2554853,Edetària,Via Terra Garnatxa Blanca 2024,2024,3.6,2407,10.8,España,Terra Alta,White
4237921,Cueva,Orange Tardana - Macabeo 2024,2024,3.9,2394,17.95,España,Utiel-Requena,White
1146369,La Val,Albariño 2024,2024,3.8,2391,13.5,España,Rías Baixas,White
1650004,Veiga da Princesa,Coral do Mar Albariño 2024,2024,3.9,2356,10.2,España,Rías Baixas,White
1373210,Bodegas Castelo de Medina,Castelo Noble Rueda Verdejo 2021,2021,3.8,2346,14.95,España,Rueda,White
2286576,Agusti Torello Mata,XIC Xarel-lo 2025,2025,3.5,2327,7.1,España,Penedès,White
2676082,Chan de Rosas,Cuvée Especial Albariño 2023,2023,3.9,2326,13.0,España,Rías Baixas,White
3622991,Bodega Sommos,Colección Gewürztraminer 2025,2025,3.9,2306,9.95,España,Somontano,White
2398153,Vinos del Paseante,La Charla Verdejo 2025,2025,3.7,2275,7.9,España,Rueda,White
3966986,Cuatro Rayas,Descomunal Verdejo 2025,2025,3.6,2262,4.6,España,Rueda,White
4204587,Séptimo Sentido,Verdejo 2025,2025,3.6,2261,6.4,España,Castilla,White
2326226,Itsasmendi,Blanco 2025,2025,3.7,2255,11.7,España,Bizkaiko Txakolina,White
8761218,Cuatro Rayas,Vendimia Nocturna Verdejo 2025,2025,3.7,2250,5.95,España,Rueda,White
7410490,Blanc Pescador,Blanco N.V.,N.V.,3.7,2228,4.45,España,Empordà,White
3199624,Viña Pomal,Viura - Malvasia 2025,2025,3.7,2216,8.33,España,Rioja,White
11401184,Barbadillo,Blanco de Albariza Palomino Fina 2025,2025,3.7,2192,4.75,España,Cádiz,White
1256086,Codorníu,Leiras Albariño Rias Baixas 2024,2024,3.7,2190,16.86,España,Rías Baixas,White
4469417,Celler Frisach,L'Abrunet Blanc 2024,2024,3.7,2177,8.8,España,Terra Alta,White
1156155,Edetària,Via Edetana Blanca 2024,2024,3.8,2155,14.65,España,Terra Alta,White
1784718,Paco & Lola,Follas Novas Albarino 2023,2023,3.7,2125,11.52,España,Rías Baixas,White
1360564,Cyatho,Rueda Verdejo 2024,2024,3.6,2114,7.21,España,Rueda,White
1510499,Albet i Noya,El Fanio Xarel-lo Penedès 2024,2024,3.9,2109,16.1,España,Penedès,White
1181268,Bodegas Care,Chardonnay 2024,2024,3.7,2081,8.78,España,Cariñena,White
1898282,Finca Río Negro,Gewürztraminer 2024,2024,3.9,2065,15.62,España,Castilla,White
1751391,Bicicletas y Peces,Verdejo 2024,2024,3.7,2056,9.24,España,Rueda,White
2580817,Adegas Galegas,D. Pedro de Soutomaior 2024,2024,3.8,2042,12.5,España,Rías Baixas,White
1923906,Anayón,Chardonnay 2024,2024,3.9,2023,13.0,España,Cariñena,White
1939609,Finca Venta de Don Quijote,Sauvignon Blanc - Macabeo 2024,2024,3.8,2014,2.96,España,La Mancha,White
2033889,Finca del Mar,Chardonnay 2023,2023,3.5,2012,9.95,España,Utiel-Requena,White
2246555,Mengoba,Brezo Blanco 2025,2025,3.6,1981,11.05,España,Bierzo,White
99082,Castillo de Maetierra,Libalis Blanco 2023,2023,3.7,1978,9.0,España,Valles de Sadacia,White
3335670,Familia Torres,San Valentín Semi-Dulce 2024,2024,3.9,1923,6.0,España,Penedès,White
2732237,Castillo de Monjardin,Barrica Selección Chardonnay 2024,2024,3.8,1919,9.5,España,Navarra,White
5014434,Hermanos Lurton,Verdejo 2024,2024,3.6,1918,8.88,España,Rueda,White
5513868,Chivite,Le Gardeta Single Vineyard Chardonnay 2024,2024,3.8,1916,15.8,España,Navarra,White
7526420,J. Fernando,Verdejo 2025,2025,3.7,1914,4.25,España,Rueda,White
2657687,Valdecuevas,Flor Innata Verdejo 2024,2024,3.7,1897,5.9,España,Rueda,White
4537624,Dominio de Tares,La Sonrisa de Tares Godello Bierzo 2025,2025,3.8,1884,11.6,España,Bierzo,White
1268277,Martí Fabra,Verd Albera Empordà 2024,2024,3.8,1878,7.99,España,Empordà,White
1602320,Cherubino Valsangiacomo,El Novio Perfecto 2025,2025,3.7,1855,7.3,España,Valencia,White
3612966,Bodegas Vallobera,El Marido de Mi Amiga Rioja 2025,2025,3.9,1841,7.3,España,Rioja,White
1282716,Castro Brey,Sin Palabras Castro Valdés Albariño 2024,2024,3.7,1811,14.5,España,Rías Baixas,White
1799802,Bodega Bruno Ruiz - Esencia Rural,De Sol a Sol Airén 2021,2021,3.9,1799,12.4,España,La Mancha,White
1997998,Abadal,Blanc 2025,2025,3.7,1798,9.6,España,Pla de Bages,White
2681082,Naia,S-Naia 2025,2025,3.7,1789,8.95,España,Rueda,White
2495968,Huerta de Albala,Barbazul Blanco 2024,2024,3.7,1722,9.9,España,Cádiz,White
11984,Gramona,Mas Escorpí Chardonnay Penedès 2024,2024,3.8,1708,14.25,España,Penedès,White
5217765,Partida Creus,BN (Blanco Natural) 2023,2023,3.9,1707,16.75,España,Cataluña,White
1226236,Clos Pons,Sisquella 2020,2020,3.9,1706,11.8,España,Costers del Segre,White
1185500,Luna Beberide,Godello Bierzo LB 2025,2025,3.6,1699,9.95,España,Bierzo,White
3072826,Viña Zorzal,Garnacha Blanca 2024,2024,3.7,1675,8.75,España,Navarra,White
2381944,Attis,Genio Y Figura Albariño 2024,2024,3.9,1674,14.24,España,Rías Baixas,White
2019815,Altavins,Almodí Petit Blanc 2024,2024,3.6,1668,14.4,España,Terra Alta,White
1174437,Monte Blanco,Monte Blanco Verdejo 2024,2024,3.5,1666,8.11,España,Rueda,White
87132,Blanco Nieva,Pie Franco Verdejo 2024,2024,3.9,1661,12.16,España,Rueda,White
2258546,Viña Zorzal,Chardonnay 2025,2025,3.6,1659,6.95,España,Navarra,White
13485,Parés Baltà,Xarel-lo Calcari 2024,2024,3.6,1653,12.95,España,Penedès,White
4429416,Oriol Artigas,La Rumbera 2022,2022,3.9,1648,18.15,España,Alella,White
1625653,Bicicletas y Peces,Sauvignon Blanc 2024,2024,3.8,1643,9.24,España,Rueda,White
1265605,Pardas,Rupestris 2024,2024,3.7,1630,10.95,España,Penedès,White
1360557,Valdubon,Rueda Verdejo Roble 2023,2023,3.7,1625,7.95,España,Rueda,White
6737608,Bodegas Godelia,Godelia Godello 2024,2024,3.7,1595,11.4,España,Bierzo,White
1294167,Agro de Bazán,Contrapunto Albariño 2023,2023,3.7,1575,13.95,España,Rías Baixas,White
3610608,Ederra,Verdejo Rueda 2025,2025,3.5,1569,6.13,España,Rueda,White
1478062,El Vínculo,Alejairén Airen 2019,2019,3.8,1568,15.19,España,La Mancha,White
1480998,Bernabeleva,Navaherreros Blanco 2024,2024,3.7,1566,13.14,España,Madrid,White
1197068,Can Ràfols dels Caus,Terraprima Blanc 2024,2024,3.6,1548,10.99,España,Penedès,White
3984338,Costers del Sió,Petit Siós Blanc 2024,2024,3.7,1545,8.2,España,Costers del Segre,White
4298742,De Moya,Tibó Blanco 2024,2024,3.8,1531,7.2,España,Valencia,White
3351355,Canals Canals,Violet Marta 2025,2025,3.8,1521,8.95,España,Penedès,White
1230307,Coca i Fitó,Jaspi Blanc 2024,2024,3.6,1506,10.8,España,Terra Alta,White
1848478,Adega Ponte da Boga,Godello 2024,2024,3.8,1505,12.9,España,Ribeira Sacra,White
1472222,Volver,Tarima Blanco 2023,2023,3.6,1499,7.25,España,Alicante,White
3234324,Anna de Codorniu,Viñas de Anna Chardonnay 2024,2024,3.5,1498,8.33,España,Cataluña,White
1623322,Herència Altés,Benufet 2024,2024,3.8,1492,15.5,España,Terra Alta,White
2395278,El Grillo y La Luna,12 Lunas White 2025,2025,3.9,1485,10.75,España,Somontano,White
1188745,Wine Side Story,Menganito Verdejo 2025,2025,3.6,1482,7.8,España,Rueda,White
5891552,Alvear,3 Miradas Vino de Pueblo 2023,2023,3.7,1482,13.75,España,Montilla-Moriles,White
1718779,Palacio de Bornos,Vaya Pasada Verdejo 2024,2024,3.6,1463,4.9,España,Rueda,White
7416386,Vinos del Paseante,La Duda Godello 2025,2025,3.9,1463,10.7,España,Monterrei,White
1932660,Ca N'Estruc,L'Equilibrista Blanc 2021,2021,3.8,1431,19.2,España,Cataluña,White
7520912,Familia Torres,Sangre de Toro Chardonnay Selection 2023,2023,3.6,1426,16.7,España,Penedès,White
8400500,Entre Vinyes,Oniric Brisat 2024,2024,3.8,1417,14.4,España,Penedès,White
5111264,Bodega la Tapada - Guitian,Godello 2025,2025,3.9,1409,15.73,España,Valdeorras,White
6402452,Clos Galena,Secrets de Mar Blanc 2024,2024,3.8,1406,7.2,España,Terra Alta,White
4623926,Barbadillo,Mirabrás 2024,2024,3.8,1402,17.7,España,Cádiz,White
2415277,Tianna Negre,Tianna Bocchoris Blanc 2024,2024,3.9,1399,16.75,España,Mallorca,White
1256164,Viña Sanzo,Viñas Viejas Verdejo 2024,2024,3.8,1398,6.9,España,Rueda,White
1185323,Enrique Mendoza,Moscatel de la Marina Alicante 2025,2025,3.8,1389,8.48,España,Alicante,White
4303617,Albet i Noya,Curiós Xarel-lo 2024,2024,3.5,1383,9.35,España,Penedès,White
2624834,Viña Meín,Blanco 2023,2023,3.8,1361,21.7,España,Ribeiro,White
1674377,Doniene Gorrondona,Txakoli Gorrondona Bizkaiko Txakolina White 2023,2023,3.8,1352,17.8,España,Bizkaiko Txakolina,White
1538653,Ailalá,Treixadura 2024,2024,3.8,1346,10.25,España,Ribeiro,White
2196902,Hoya de Cadenas,Chardonnay 2023,2023,3.5,1342,3.99,España,Utiel-Requena,White
1101153,Palacio de Bornos,Verdejo Fermentado en Barrica 2024,2024,3.9,1342,8.15,España,Rueda,White
2528870,Antonio Montero,Colleita 2025,2025,3.7,1319,6.35,España,Ribeiro,White
1139309,Montespina,Sauvignon 2025,2025,3.7,1318,6.6,España,Rueda,White
4588142,Las Moradas de San Martín,Albillo Real 2024,2024,3.8,1311,13.75,España,Madrid,White
4689636,Bodegas Frontonio,Garnacha Blanca 2024,2024,3.6,1305,11.8,España,Valdejalón,White
2833387,Valmiñor,Minius Godello 2024,2024,3.8,1302,10.92,España,Monterrei,White
7419834,Vinessens - Casa Balaguer,Tragolargo Moscatel - Malvasia 2024,2024,3.9,1298,13.75,España,Alicante,White
5201284,Bodegas Bhilar,Bhilar Plots Rioja Blanco 2023,2023,3.9,1297,12.8,España,Rioja,White
1186281,Algueira,Brandan 2025,2025,3.7,1284,13.7,España,Ribeira Sacra,White
1766028,Bodegas Villanueva,Albariño 2025,2025,3.8,1271,9.95,España,Rías Baixas,White
6684068,Mas Candi,Baudili Blanc 2023,2023,3.8,1262,10.73,España,Penedès,White
1360696,L'Olivera,Blanc de Serè 2024,2024,3.6,1262,8.3,España,Costers del Segre,White
1535560,Santiago Roma,Albariño 2024,2024,3.8,1247,14.95,España,Rías Baixas,White
3334132,Tilenus,Godello Bierzo 2024,2024,3.7,1241,10.31,España,Bierzo,White
1154406,Bodegas Carramimbre,Carramimbre Verdejo 2024,2024,3.7,1225,6.9,España,Rueda,White
4279601,Anna de Codorniu,Viñas de Anna Blanc de Blancs (Tranquillo) 2023,2023,3.6,1222,9.14,España,Cataluña,White
1370634,Viento Aliseo,Viognier 2024,2024,3.6,1205,8.5,España,La Mancha,White
1475218,L'Olivera,Agaliu 2024,2024,3.9,1203,11.5,España,Costers del Segre,White
1148924,Blanco Nieva,Verdejo 2024,2024,3.6,1202,7.5,España,Rueda,White
5907775,Bodega Sommos,Varietales Blanco 2025,2025,3.9,1191,8.85,España,Somontano,White
85753,Castaño,Macabeo - Chardonnay 2023,2023,3.5,1191,6.4,España,Yecla,White
1310374,Mas Candi,Desig Blanc 2024,2024,3.6,1190,14.75,España,Penedès,White
1156203,Vinos Sanz,Clásico 2024,2024,3.5,1184,5.34,España,Rueda,White
8115376,Jorge Navascues,Cutio Vendimia Seleccionada Macabeo 2024,2024,3.7,1183,9.15,España,Cariñena,White
1139001,Vinos Sanz,Finca la Colina Cien X Cien 2023,2023,3.8,1170,11.7,España,Rueda,White
1278342,Domènech.Vidal,Masia Freyé Xarel-lo - Chardonnay 2024,2024,3.6,1157,9.8,España,Cataluña,White
4647650,Fento,Bico da Ran 2024,2024,3.8,1149,9.66,España,Rías Baixas,White
4696049,Bodega K5,Pilota 2022,2022,3.5,1144,10.35,España,Getariako Txakolina,White
5296693,Laus,Blanco 2025,2025,3.6,1141,6.2,España,Somontano,White
1541100,Herrero Bodega,Erre de Herrero Verdejo 2025,2025,3.8,1121,8.3,España,Rueda,White
1668934,Més Que Paraules,White Blend 2024,2024,3.6,1120,10.4,España,Cataluña,White
1301914,Coto de Gomariz (María Álvarez Serrano),X Albarino 2024,2024,3.9,1117,14.65,España,Ribeiro,White
4365046,Toro Albalá,Dos Claveles Blanco 2024,2024,3.7,1107,8.5,España,Montilla-Moriles,White
1564535,Lagar Da Condesa,Albariño Rías Baixas 2023,2023,3.8,1106,17.2,España,Rías Baixas,White
3142202,Bodegas Páez Morilla,Tierra Blanca Blanco Semidulce 2025,2025,3.7,1104,4.97,España,Cádiz,White
1241106,Bodega la Tapada - Guitian,Fermentado en Barrica Godello 2023,2023,3.8,1100,27.07,España,Valdeorras,White
7179371,Murviedro,Sericis Cepas Viejas Merseguera 2024,2024,3.9,1097,10.5,España,Valencia,White
2218630,Martín Faixó,Perafita Picapoll 2024,2024,3.8,1085,13.55,España,Empordà,White
9023036,Bodegas Frontonio,Botijo Blanco Garnacha Blanca 2024,2024,3.8,1084,10.4,España,Valdejalón,White
6800767,Altos de Torona,Maremel Albariño 2024,2024,3.9,1083,11.2,España,Rías Baixas,White
4876649,Primitivo Collantes,Socaire Palomino 2023,2023,3.9,1078,20.1,España,Cádiz,White
3544042,Wineissocial,Vora La Mar 2024,2024,3.8,1074,12.55,España,Alella,White
5296325,Terroir Al Límit Soc. Lda,Historic Blanco 2023,2023,3.8,1074,24.2,España,Priorato,White
1287516,Bodegas Muga,Muga Blanco 2023,2023,3.9,1070,11.45,España,Rioja,White
7515142,Bodega Pirineos,3404 Blanco 2025,2025,3.7,1070,5.36,España,Somontano,White
1554972,Montecillo,Rioja Blanco 2024,2024,3.8,1070,9.75,España,Rioja,White
10876156,Parajes del Valle,Maceración Macabeo Ecológico Orange 2021,2021,3.7,1062,13.9,España,Jumilla,White
9787619,Shaya,Vidilla Verdejo Ecológico 2025,2025,3.9,1062,7.15,España,Rueda,White
7326138,Alceño,Ally Bay Sauvignon Blanc 2024,2024,3.7,1061,10.6,España,Jumilla,White
1577169,ViniGalicia,Terra Mundi Albariño 2024,2024,3.6,1059,10.9,España,Rías Baixas,White
8456772,Pago del Cielo,Celeste Verdejo 2023,2023,3.8,1050,9.55,España,Rueda,White
8617,El Coto,Blanco 2024,2024,3.7,1045,4.55,España,Rioja Alta,White
1369200,Sabaté i Coca,Sø Blanco 2024,2024,3.7,1038,11.8,España,Penedès,White
4458646,La Carmina,Blanco 2024,2024,3.9,1026,12.15,España,Rías Baixas,White
1203187,Viña Oropéndola,Verdejo 2022,2022,3.7,1021,16.59,España,Rueda,White
4901345,Alta Alella,Tallarol 2023,2023,3.8,1021,14.75,España,Alella,White
7335385,Aroa,Le Naturel Blanco 2024,2024,3.7,1014,8.8,España,Navarra,White
1526732,Clos d'Agon,Amic Blanc 2024,2024,3.7,1014,15.79,España,Cataluña,White
2015082,Empordàlia,Sinols Blanc 2024,2024,3.5,1011,5.5,España,Empordà,White
1577290,Costers del Sió,Siós Pla del Lladoner 2023,2023,3.8,1002,13.5,España,Costers del Segre,White
4154973,Entre os Ríos,Komokabras 2023,2023,3.9,995,19.9,España,Barbanza e Iria,White
1238101,La Vinyeta,Heus Blanc 2024,2024,3.5,992,8.18,España,Empordà,White
9812269,Freixenet,Selección Especial 2024,2024,3.6,991,7.25,España,Cataluña,White
2258399,Manuel Formigo,Formigo 2024,2024,3.8,980,8.83,España,Ribeiro,White
2007721,Diez Siglos,Nékora Verdejo 2025,2025,3.7,978,5.95,España,Rueda,White
1158272,Ferré I Catasús,Somiatruites 2023,2023,3.5,973,8.81,España,Penedès,White
1727279,Celler Piñol,Portal Blanc (Nuestra Señora) 2024,2024,3.7,971,7.67,España,Tarragona,White
2826970,Pazo Casanova,Casanova Blanco 2021,2021,3.8,961,14.4,España,Ribeiro,White
1680097,Mas Foraster,Josep Foraster Selecció Blanc 2024,2024,3.9,961,13.55,España,Conca de Barberà,White
2354391,Pagos del Rey,Arnegui Viura Blanco 2024,2024,3.6,959,6.39,España,Rioja,White
1229013,Bàrbara Forés,Blanc 2024,2024,3.7,956,9.5,España,Terra Alta,White
4338204,Pato Mareado,Albariño 2024,2024,3.9,950,12.0,España,Rías Baixas,White
5795183,La Camioneta,Verdejo 2025,2025,3.6,950,8.3,España,Rueda,White
1176842,Torelló,Blanc Tranquille 2024,2024,3.5,942,9.2,España,Penedès,White
2451140,Celler Credo,Aloers Xarel-lo 2021,2021,3.7,939,16.95,España,Penedès,White
1480667,Bodega Juan Carlos Sancha,Ad Libitum Tempranillo Blanco 2024,2024,3.7,933,9.75,España,Rioja,White
1182881,Abad,Abad Dom Bueno Joven Godello 2023,2023,3.6,932,9.26,España,Bierzo,White
9742497,Bodega Sommos,Chardonnay Roble 2025,2025,3.7,932,6.1,España,Somontano,White
2705801,Regina Viarum,Godello 2024,2024,3.8,925,10.82,España,Ribeira Sacra,White
1158336,Mocen,Sauvignon Blanc 2024,2024,3.8,918,8.47,España,Rueda,White
4210930,Castillo de Maetierra,Atlantis Hondarrabi Zuri 2024,2024,3.7,912,10.8,España,Arabako Txakolina,White
1553515,Finca Antigua,Viura 2024,2024,3.5,911,7.5,España,La Mancha,White
5317719,Viñedos Verticales,La Raspa 2024,2024,3.6,908,10.7,España,Sierras de Málaga,White
1868419,Blanco Nieva,Sauvignon Blanc 2023,2023,3.8,902,10.7,España,Rueda,White
8598090,Paco & Lola,Godello 2024,2024,3.8,901,12.0,España,Valdeorras,White
4881763,Altos de Torona,Godello 2024,2024,3.8,899,12.45,España,Rías Baixas,White
8377344,Barbadillo,Sábalo Ecológico Blanco 2023,2023,3.9,895,11.4,España,Cádiz,White
1838046,Valdecuevas,Verdejo 2024,2024,3.7,891,7.5,España,Rueda,White
3271468,Particular,Chardonnay - Moscatel de Alejandría 2024,2024,3.6,885,5.3,España,Cariñena,White
2557570,Yllera,Vendimia Nocturna Sauvignon Blanc 2024,2024,3.8,884,7.1,España,Rueda,White
1360753,Mas Vicenç,El Terrat 2023,2023,3.8,883,8.6,España,Tarragona,White
4447507,De Moya,Diego 2024,2024,3.9,880,10.95,España,Valencia,White
1471352,Can Ràfols dels Caus,Gran Caus Blanc 2023,2023,3.8,878,21.4,España,Penedès,White
4443283,Alter,Priorato de Razamonde Blanco 2024,2024,3.8,878,9.7,España,Ribeiro,White
1862105,Algueira,Cortezada 2024,2024,3.9,875,24.88,España,Ribeira Sacra,White
3744036,Adega Pombal a Lanzada,Mytilus Albariño 2024,2024,3.7,872,14.75,España,Rías Baixas,White
9366161,Sumarroca,Nostrat Blanc de Blancs 2025,2025,3.6,864,6.4,España,Penedès,White
79854,Albet i Noya,Lignum Penedès Blanc 2025,2025,3.7,860,11.2,España,Penedès,White
1440591,Valcarlos,Fortius Blanco 2023,2023,3.5,842,3.75,España,Navarra,White
6703944,Tantaka - Juanjo Tellaetxe,Blanco 2023,2023,3.9,841,16.8,España,Arabako Txakolina,White
1491080,Santiago Roma,Colleita de Martís Albariño 2024,2024,3.8,839,10.5,España,Rías Baixas,White
1850035,Ca N'Estruc,Xarel-lo 2024,2024,3.6,834,10.55,España,Cataluña,White
1555056,Yllera,Viña 65 Verdejo 2024,2024,3.5,833,4.7,España,Rueda,White
2969507,Bodegas Félix Lorenzo Cachazo,Caballero de Olmedo Blanco 2024,2024,3.8,830,6.95,España,Rueda,White
1475816,Bodegas Carsalo,Pazo Castrelo Albariño 2022,2022,3.9,827,10.0,España,Rías Baixas,White
8375602,Verderrubi,Pita Dominio de Verderrubi 2024,2024,3.9,826,7.95,España,Rueda,White
6145002,Mas Candi,Ovella Negra 2024,2024,3.9,821,13.3,España,Cataluña,White
5180935,Pagos del Rey,Analivia Sauvignon Blanc 2024,2024,3.8,813,7.95,España,Rueda,White
2412993,Aroa,Laia 2024,2024,3.7,813,10.4,España,Navarra,White
5933618,Lagravera,Ónra Blanco 2024,2024,3.8,810,11.2,España,Costers del Segre,White
1730323,Familia Torres,Pazo das Bruxas 2023,2023,3.9,809,11.5,España,Rías Baixas,White
1245634,Bodega Otto Bestué,Chardonnay 2025,2025,3.6,807,6.15,España,Somontano,White
7709178,The Freaky Wines,Verdejo 2024,2024,3.6,805,4.61,España,Castilla,White
1753593,Ca N'Estella,Clot Dels Oms Blanco 2023,2023,3.5,803,8.05,España,Penedès,White
1719012,Varias,Pere Punyetes Blanc 2024,2024,3.6,802,8.15,España,Penedès,White
1452768,Viña Somoza,Neno de Viña Somoza Godello 2024,2024,3.6,794,12.66,España,Valdeorras,White
3424635,Cellers Tarroné,Merian Garnatxa Blanca 2024,2024,3.7,792,6.4,España,Terra Alta,White
1177910,Viña Meín,Selección de Cosecha 2021,2021,3.7,787,29.75,España,Ribeiro,White
2498077,Vedra,Albariño 2024,2024,3.6,785,9.5,España,Rías Baixas,White
3338910,Volver,Paso a Paso Blanco 2025,2025,3.6,782,6.5,España,La Mancha,White
2327514,Azpilicueta,Blanco 2024,2024,3.6,781,8.49,España,Rioja,White
3626256,Bodegas Villanueva,Carlos Villanueva Ribeiro 2025,2025,3.9,780,9.3,España,Ribeiro,White
6525418,Bodegas Binifadet,Blanc 2024,2024,3.8,773,16.4,España,Isla de Menorca,White
2362032,Cellers Underground,Pura Vida Blanc 2023,2023,3.8,770,11.95,España,Costers del Segre,White
3293817,Pinord,Vaquos Verdejo 2023,2023,3.5,765,6.95,España,Rueda,White
7398374,Familia Torres,Viña Sol Original 2023,2023,3.5,764,5.79,España,Penedès,White
6774810,Condes de Albarei,La Huida Albariño 2024,2024,3.8,763,8.65,España,Rías Baixas,White
1315034,Acustic Celler,Ritme Blanc 2023,2023,3.9,763,16.5,España,Priorato,White
2586579,Celler Masroig,Les Sorts Blanc 2024,2024,3.8,761,14.1,España,Montsant,White
4559008,Micro Bio (MicroBio),La Banda del Argilico 2024,2024,3.9,760,20.0,España,Castilla y León,White
1795789,Cara Nord,Blanc 2024,2024,3.6,758,11.95,España,Conca de Barberà,White
2951308,Morlanda,Blanc 2024,2024,3.9,758,15.1,España,Priorato,White
3843192,Celler Frisach,La Foradada Vernatxa Blanca 2024,2024,3.8,756,14.1,España,Terra Alta,White
1205323,Celler Xavier Clua,Mas d'en Pol White 2024,2024,3.7,754,8.15,España,Terra Alta,White
5261872,Pardas,Pur Xarel-lo 2020,2020,3.9,754,22.0,España,Penedès,White
4422201,Lacrima Baccus,Mar & Cel Blanc de Blancs 2024,2024,3.7,753,6.95,España,Penedès,White
6284848,Torralbenc,Blanco 2023,2023,3.9,747,21.65,España,Isla de Menorca,White
2375264,Dehesa de Luna,Luna Lunera Sauvignon Blanc 2024,2024,3.6,745,4.65,España,Castilla,White
5080749,R. Raventós,L'Ànec Mut Blanc 2024,2024,3.7,744,7.07,España,Penedès,White
1627089,Adega Pombal a Lanzada,Arcan Albariño 2023,2023,3.7,743,15.45,España,Rías Baixas,White
2215687,Abad,Gotín del Risc Godello 2024,2024,3.5,736,9.4,España,Bierzo,White
1764659,Bodegas Nairoa,Alberte 2024,2024,3.9,733,14.0,España,Ribeiro,White
96028,Espelt,Mareny 2024,2024,3.6,731,9.1,España,Empordà,White
1183209,Son Prim,Blanc de Merlot 2024,2024,3.9,730,16.25,España,Mallorca,White
1191949,Sameirás,Bianco 2024,2024,3.8,725,13.95,España,Ribeiro,White
6190722,Bodega Juan Carlos Sancha,Ad Libitum Maturana Blanca 2024,2024,3.9,722,11.7,España,Rioja,White
7439347,Chivite,Las Fincas Blanco 2 Garnachas 2023,2023,3.8,720,26.95,España,Navarra,White
2414739,Cop de Vent,Blanc 2022,2022,3.5,719,8.29,España,Empordà,White
7203851,Vol I Dol,Blanc 2023,2023,3.5,718,5.95,España,Cataluña,White
5479543,Thunder Wine Makers,La Tortuga Veloz 2024,2024,3.8,718,10.2,España,Rueda,White
6860792,Familia Torres,San Valentín Blanco 2024,2024,3.9,716,5.95,España,Cataluña,White
7166495,Castillo Perelada,Inspirador Blanco 2024,2024,3.9,704,9.4,España,Empordà,White
1362221,Alfredo Arribas,Trossos Sants 2022,2022,3.7,697,17.7,España,Montsant,White
1542709,Dominio de Tares,Godello Fermentado en Barrica 2024,2024,3.8,692,19.6,España,Bierzo,White
3226947,Sierra de Toloño,Viura 2024,2024,3.7,686,22.5,España,Rioja,White
9741839,Quinta do Sil,Godello 2024,2024,3.8,684,12.9,España,Valdeorras,White
8435906,Más Que Vinos,Los Conejos Malditos Blanco Con Madre 2024,2024,3.7,682,11.55,España,La Mancha,White
8031275,Casar de Vide,Treixadura 2023,2023,3.9,681,13.95,España,Ribeiro,White
4572650,La Vinyeta,Llavors Blanc 2024,2024,3.9,680,10.77,España,Empordà,White
3607113,Artífice,Vidueños Blanco 2023,2023,3.9,671,24.55,España,Ycoden-Daute-Isora,White
4417535,Barbadillo,Blanco de Blancos 2024,2024,3.6,670,7.5,España,Andalucía,White
76608,Fusta Nova,Blanco 2024,2024,3.8,665,6.5,España,Valencia,White
2652616,Monteabellon,A Cappela Verdejo 2024,2024,3.6,660,6.43,España,Rueda,White
5529178,Cims de Porrera,Vi de Vila Blanco 2022,2022,3.9,657,18.35,España,Priorato,White
2025096,Traslagares,Verdejo 2024,2024,3.7,650,5.7,España,Rueda,White
6776859,Tuets,Tot Blanco 2022,2022,3.9,650,11.34,España,Cataluña,White
1893469,Triay,Godello 2025,2025,3.8,644,12.3,España,Monterrei,White
2023367,Pinna Fidelis,Rueda Verdejo 2024,2024,3.5,641,7.5,España,Rueda,White
6312523,Canals Canals,Onna Xarel-lo Ecològic 2025,2025,3.8,641,9.45,España,Penedès,White
2405791,Bodegas Marqués de Cáceres,Verdejo 2023,2023,3.7,640,14.5,España,Rueda,White
1772647,Bernabeleva,Cantocuerdas Albillo 2022,2022,3.7,638,20.85,España,Madrid,White
3314645,Pagos del Rey,Pulpo Albariño 2023,2023,3.8,635,13.5,España,Galicia,White
2951038,Laventura,Viura 2022,2022,3.9,633,18.5,España,Rioja,White
7339214,Ontañón,Dominio de la Abadesa Verdejo 2024,2024,3.7,629,8.0,España,Ribera del Duero,White
1624979,Batlliu de Sort,Biu Blanc 2021,2021,3.7,626,13.95,España,Cataluña,White
1155896,Marqués de Vizhoja,Señor da Folla Verde 2022,2022,3.9,625,15.25,España,Rías Baixas,White
2076435,Llopart,Clos Dels Fòssils 2024,2024,3.7,624,12.12,España,Penedès,White
5449951,Castillo de Maetierra,Libalis Frizz 5.5 N.V.,N.V.,3.8,621,6.6,España,Valles de Sadacia,White
6438006,Lagar de Moha,Sapientia Verdejo Ecológico 2024,2024,3.9,619,9.6,España,Rueda,White
1276354,Vall de Baldomar,Cristiari Blanco 2024,2024,3.8,619,9.5,España,Costers del Segre,White
6407958,Terroir Sense Fronteres,Brisat de Montsant 2023,2023,3.8,618,19.95,España,Montsant,White
9549895,Attis,Sangarida Godello 2024,2024,3.8,614,13.3,España,Bierzo,White
1211125,Hacienda Albae,Chardonnay 2023,2023,3.6,607,7.13,España,La Mancha,White
2355461,Masia Serra,Mosst 2024,2024,3.7,607,11.68,España,Empordà,White
10341,Viña Albina,Semidulce 2024,2024,3.6,604,4.9,España,Rioja,White
1100356,Bodegas Franco-Españolas,Rioja Bordón Blanco 2023,2023,3.6,601,6.61,España,Rioja,White
3746326,Coca i Fitó,Tocat de l'Ala Blanc 2024,2024,3.7,596,12.9,España,Empordà,White
5012424,Bàrbara Forés,Abrisa't Garnatxa Blanca 2023,2023,3.8,594,19.75,España,Terra Alta,White
1582614,César Muñoz,Cienfuegos 2022,2022,3.9,591,19.88,España,Castilla y León,White
8236999,Perez Barquero,Finca la Cañada Albarizas Verdejo 2024,2024,3.8,591,7.25,España,Montilla-Moriles,White
2906006,Terra i Vins,Flor de Nit Blanc 2019,2019,3.6,590,15.0,España,Terra Alta,White
1593429,Gracia Hnos,Viñaverde Blanco 2024,2024,3.5,586,5.85,España,Montilla-Moriles,White
1252931,Mas d'en Blei,Clos Martina 2018,2018,3.8,586,17.5,España,Priorato,White
6857170,Soto y Manrique,La Viña de Ayer Albillo Real 2023,2023,3.6,580,9.45,España,Castilla y León,White
1375410,Ordóñez,Nisia Verdejo Old Vines 2016,2016,3.8,577,20.98,España,Rueda,White
6345998,Santiago Jordi,Atuna Chardonnay 2024,2024,3.8,577,10.25,España,Somontano,White
1100830,Más Que Vinos,Ercavio Blanco 2024,2024,3.5,575,9.05,España,Castilla,White
15705,Barahonda,Blanco 2024,2024,3.5,573,6.43,España,Yecla,White
7536768,Izadi,Larrosa Blanc 2024,2024,3.8,573,8.5,España,Rioja,White
5358419,Viñedos Verticales,Filitas y Lutitas 2020,2020,3.9,572,33.68,España,Sierras de Málaga,White
5370127,Romate,Momo Verdejo 2025,2025,3.7,571,10.0,España,Rueda,White
5036743,Oller del Mas,Petit Bernat Blanc 2022,2022,3.6,569,11.0,España,Pla de Bages,White
5760336,Marco Abella,Olbieta Blanc 2022,2022,3.6,569,8.85,España,Priorato,White
3297372,Mas Llunes,Àuria 2024,2024,3.8,569,10.32,España,Empordà,White
5940044,Viñas Serranas,Ciclón 2023,2023,3.7,567,13.5,España,Sierra de Salamanca,White
1483349,Bodega K5,Argiñano 2022,2022,3.5,566,21.6,España,Getariako Txakolina,White
3646278,Cosmic,Gratitud Sauvignon Blanc 2024,2024,3.8,563,16.86,España,Penedès,White
1361822,Fernández de Piérola,Blanco 2023,2023,3.6,562,6.8,España,Rioja,White
3099855,Particular,Chardonnay 2021,2021,3.5,560,6.5,España,Cariñena,White
5711761,Puiggros,Exedra Amphora Blanc 2023,2023,3.7,558,12.3,España,Cataluña,White
4801305,Castillo de Enériz,Chardonnay 2024,2024,3.6,551,6.9,España,Navarra,White
2205367,Torelló,Malvarel·lo 2023,2023,3.7,551,11.15,España,Penedès,White
2234006,Bellori,Verdejo 2018,2018,3.9,549,17.9,España,Rueda,White
4533931,Celler Piñol,Raig de Raïm Blanc 2024,2024,3.5,548,6.88,España,Terra Alta,White
8956102,Freyé,Chardonnay - Xarel-lo Vinyes Velles 2025,2025,3.7,548,7.9,España,Penedès,White
2455769,Albet i Noya,3 Macabeus De Can Milà Penedès 2025,2025,3.6,548,11.95,España,Penedès,White
1633846,Akarregi Txiki,Blanco 2024,2024,3.8,547,9.24,España,Getariako Txakolina,White
2532275,Narupa Vinos,Álala Val do Salnés Albariño 2020,2020,3.8,547,14.7,España,Rías Baixas,White
8562349,Laberinto de Cidonia,Godello 2024,2024,3.9,547,12.0,España,Monterrei,White
5511308,Castillo de Mendoza,Noralba Blanco 2024,2024,3.8,547,15.99,España,Rioja,White
3867449,Bodegas Latúe,Clearly Organic Airén - Sauvignon Blanc 2024,2024,3.6,546,8.08,España,Castilla,White
3510893,Castillo de Maetierra,Atlantis Godello 2024,2024,3.6,542,15.15,España,Valdeorras,White
6410919,Bodegas Quinta de Aves,Sauvignon Blanc - Moscatel GM 2024,2024,3.8,539,8.9,España,Castilla,White
2237681,Torelló,Gran Crisalys 2023,2023,3.9,539,14.25,España,Penedès,White
1924746,Clos Montblanc,Xipella Blanc 2024,2024,3.6,539,8.95,España,Conca de Barberà,White
4736408,Antonio Montero,Godello 2024,2024,3.7,538,8.99,España,Monterrei,White
5418474,Wineissocial,Captura de Luz Albariño 2024,2024,3.8,536,11.95,España,Rías Baixas,White
2346849,Parató,Xarel-lo 2023,2023,3.5,535,9.3,España,Penedès,White
5823325,Bodegas Arraez,Mala Vida Blanc 2022,2022,3.6,535,7.0,España,Valencia,White
1584726,Les Cousins Marc & Adrià,L'Antagonique 2021,2021,3.7,534,13.05,España,Priorato,White
3957242,Celler 9+,Blau Cel 2024,2024,3.6,532,7.6,España,Tarragona,White
6374051,Castillo de Aresan,Verdejo 2024,2024,3.7,530,12.59,España,Castilla,White
2434335,Fil·loxera,Beberás de la Copa de tu Hermana 2023,2023,3.7,527,12.9,España,Valencia,White
1234658,De Muller,Solimar Blanco 2024,2024,3.5,526,4.95,España,Tarragona,White
6217042,Struggling,Phinca Hapa Blanco 2022,2022,3.9,524,26.15,España,Rioja Alavesa,White
1790586,Hermanos Lurton,Sauvignon Blanc 2022,2022,3.7,524,10.45,España,Rueda,White
1285375,Peique,Godello 2024,2024,3.5,521,12.14,España,Bierzo,White
6381353,Gonzalo Celayeta,Huracán Daniela Blanco 2024,2024,3.9,513,10.4,España,Navarra,White
4680504,Pardas,Blau Cru 2022,2022,3.9,509,17.28,España,Penedès,White
3200900,Beronia,Rueda Verdejo 2023,2023,3.8,507,8.5,España,Rueda,White
4007987,Vinos a Tresbolillo,Canicas Albariño 2024,2024,3.7,506,9.95,España,Rías Baixas,White
4876307,Miquel Pons,77 Veremes Xarel-lo Fermentat en Barrica 2024,2024,3.7,503,9.5,España,Penedès,White
5619252,La Quinta,Elementa 2023,2023,3.9,501,18.96,España,Rueda,White
5116745,Mocen,Verdejo 2024,2024,3.6,498,5.91,España,Rueda,White
9823623,Cinco Leguas,La Maldición Malvar 2024,2024,3.7,494,11.3,España,Madrid,White
1927171,Orto Vins,Blanc d'Orto Blanc 2024,2024,3.7,493,20.5,España,Montsant,White
1157858,Llopart,Vitis Penedès 2023,2023,3.6,491,10.65,España,Penedès,White
4152844,Tentenublo,Rioja Blanco 2022,2022,3.8,489,14.5,España,Rioja,White
1156207,Vinos Sanz,Sauvignon 2023,2023,3.7,488,8.45,España,Rueda,White
1503539,Oliveda,Blanc de Blancs 2024,2024,3.6,484,4.88,España,Empordà,White
5511817,Rigau Ros,Joana Fermentat en Bóta Chardonnay 2024,2024,3.9,483,11.5,España,Empordà,White
1974563,Naveran,Manuela de Naveran 2023,2023,3.6,481,14.94,España,Penedès,White
5297717,Mas Llunes,Maragda Blanc 2024,2024,3.6,476,7.5,España,Empordà,White
22352,Bodegas Faustino,Faustino VII Blanco 2023,2023,3.7,474,4.27,España,Rioja Alavesa,White
8399763,Celler Credo,And The Winner Is... 2021,2021,3.8,473,8.33,España,Cataluña,White
1122319,Hnos. del Villar,Oro de Castilla Sauvignon Blanc 2024,2024,3.8,473,8.0,España,Rueda,White
8505566,Viña Costeira,Via Barrosa Treixadura 2023,2023,3.9,470,12.93,España,Ribeiro,White
4540745,Sota els Àngels,Flow Blanc de Noirs 2023,2023,3.8,469,14.59,España,Empordà,White
10123380,Castillo de Monjardin,Chardonnay 2025,2025,3.8,469,7.5,España,Navarra,White
5481367,Cosmic,Valentia Carinyena Blanca 2024,2024,3.8,468,22.32,España,Valencia,White
5498357,Altanza,La Niña de Mis Ojos 2024,2024,3.7,468,6.95,España,Rioja,White
5867470,Montecillo,Singladuras Albariño 2024,2024,3.7,468,12.83,España,Rías Baixas,White
6596629,Mas Foraster,Josep Foraster Brisat del Coster Macabeu 2024,2024,3.8,467,16.5,España,Conca de Barberà,White
3353614,Murviedro,Colección Verdejo 2019,2019,3.9,466,5.1,España,Castilla,White
6222953,Cherubino Valsangiacomo,Malvasía de SanJaume Edición Limitada 2024,2024,3.8,465,7.0,España,Valencia,White
1214133,Finca Collado,Chardonnay - Moscatel 2024,2024,3.7,463,8.5,España,Alicante,White
2275483,Sinforiano,Raimun Verdejo 2024,2024,3.5,462,5.62,España,Castilla y León,White
4157084,Gramona,Font Jui Xarel-lo 2022,2022,3.8,462,15.08,España,Penedès,White
5362082,Joan Rubió,Essencial 2023,2023,3.9,462,21.45,España,Penedès,White
5445437,Monte Real,Blanco Fermentado en Barrica 2024,2024,3.6,461,8.95,España,Rioja,White
1246493,El Lagar de Isilla,Verdejo 2024,2024,3.8,460,9.51,España,Rueda,White
4919250,Cooperatiu Gandesa,Somdinou Blanc 2021,2021,3.5,460,7.15,España,Terra Alta,White
1687160,Corcovo - Megía e Hijos,Verdejo 2024,2024,3.8,459,7.08,España,Valdepeñas,White
1843267,Finca Nueva,Viura 2023,2023,3.5,459,7.95,España,Rioja,White
2593997,Jordi Miró,Grenache Blanc 2024,2024,3.6,458,9.95,España,Terra Alta,White
4369316,Oliver Viticultors,10.000 Hores Xarel-lo 2022,2022,3.7,456,6.85,España,Penedès,White
99359,Castillo Perelada,Finca La Garriga Blanca 2023,2023,3.9,456,21.45,España,Empordà,White
76478,Angel Lorenzo Cachazo,Martivilli Sauvignon Blanc Rueda 2024,2024,3.7,455,9.2,España,Rueda,White
1789777,Bodegas El Paraguas,Agás do Tempo 2024,2024,3.9,453,16.4,España,Ribeiro,White
7158788,Cueva del Chamán,Blanco Verdejo 2025,2025,3.9,452,6.25,España,Almansa,White
2281616,Marfil Alella,Vi Blanc Clàssic 2024,2024,3.6,452,9.79,España,Alella,White
1726318,Bouza do Rei,Camiño do Rei Albariño 2024,2024,3.7,449,8.35,España,Rías Baixas,White
1937789,Viña Mayor,Rueda Verdejo 2023,2023,3.8,447,14.95,España,Rueda,White
9003313,Emilio Moro,Polvorete 2024,2024,3.9,447,10.25,España,Bierzo,White
1867733,Descregut,Vinomi 2024,2024,3.7,446,9.95,España,Penedès,White
2886684,Tayaimgut,Frsssc Sauvignon Blanc 2024,2024,3.9,445,10.93,España,Cataluña,White
1478524,Angel Lorenzo Cachazo,Verdejo - Viura Rueda 2024,2024,3.5,445,7.45,España,Rueda,White
1145681,Legaris,Rueda Verdejo 2022,2022,3.7,444,10.55,España,Rueda,White
4661583,Oliveda,Mar Endins 2024,2024,3.6,440,8.98,España,Cataluña,White
7360281,Celler Credo,Volaina 2021,2021,3.5,436,10.65,España,Penedès,White
1147053,Duc de Foix,Xarel-lo 2024,2024,3.5,433,5.75,España,Penedès,White
3822084,Bodegas Castelo de Medina,Castelo de Rueda Blanco 2023,2023,3.7,433,12.75,España,Rueda,White
2604048,Bodega Ribas,Soma 2023,2023,3.9,430,18.85,España,Mallorca,White
12260894,Bodega Emina,Verdejo Sobre Lías 2025,2025,3.8,429,6.53,España,Rueda,White
1124875,Bodegas Martín Códax,Rías Baixas Albariño 2024,2024,3.9,429,13.5,España,Rías Baixas,White
6626521,Murviedro,Galeam Dry Muscat 2024,2024,3.9,428,6.35,España,Alicante,White
9844284,Cuatro Rayas,Viñedos Centenarios Edición Limitada Longverdejo 2023,2023,3.9,427,14.5,España,Rueda,White
8738167,Viña Costeira,Amor de Bares 2022,2022,3.9,426,12.86,España,Ribeiro,White
1636219,Enate,Gewürztraminer 2021,2021,3.8,425,11.65,España,Somontano,White
11947444,Familia Torres,Viña Sol Sauvignon Blanc 2025,2025,3.6,424,5.83,España,Penedès,White
3376624,Zifar,Senda de los Olivos Blanco 2023,2023,3.8,423,6.99,España,Rueda,White
8505256,Oliveda,La Bestia Garnaxta Blanca 2024,2024,3.7,420,7.83,España,Empordà,White
1639506,Arché Pagès,Sàtirs Macabeo Blanc 2024,2024,3.5,417,7.74,España,Empordà,White
1279567,Segura Viudas,Creu de Lavit 2022,2022,3.5,415,9.5,España,Penedès,White
63154,Telmo Rodriguez,Basa Blanco 2023,2023,3.8,414,8.7,España,Rueda,White
5542127,Muscàndia,Deliri Ancestral 2023,2023,3.9,414,11.95,España,Cataluña,White
2396443,Vinessens - Casa Balaguer,Benimaquia Tinajas 2021,2021,3.8,413,47.4,España,Alicante,White
2042007,Bodega Pirineos,Selección Gewürztraminer 2024,2024,3.5,413,10.43,España,Somontano,White
5487028,Peces de Ciudad,Verdejo 2023,2023,3.7,412,8.35,España,Rueda,White
3570574,Arrayán,Albillo Real 2022,2022,3.8,411,15.75,España,Méntrida,White
7356250,Can Bas,P3 Xarel-lo 2024,2024,3.9,411,17.7,España,Penedès,White
11452465,Abadal,Alba 2025,2025,3.8,408,9.95,España,Pla de Bages,White
4789786,Autòcton Celler,Autòcton Blanc 2022,2022,3.7,408,11.35,España,Penedès,White
2736259,Adega Ponte da Boga,Albariño 2024,2024,3.7,407,14.5,España,Ribeira Sacra,White
6350986,Abel Mendoza Monge,Jarrarte Blanco 2025,2025,3.9,405,11.8,España,Rioja,White
1799335,Vins del Tros,Cent X Cent Garnatxa Blanca 2023,2023,3.7,399,12.1,España,Terra Alta,White
9338467,Entre Vinyes,Oníric Sotaterra 2022,2022,3.9,399,17.6,España,Penedès,White
9484072,Cosmic,Constel Lació 2024,2024,3.9,397,15.68,España,Cataluña,White
7021309,Terras Gauda,"Abadía de San Campio Ed. Especial ""Marinero"" 2022",2022,3.9,397,13.6,España,Rías Baixas,White
2002502,Estancia Piedra,Verdejo 2024,2024,3.8,396,21.6,España,Rueda,White
6485081,Oliveda,La Fura Sauvignon Blanc 2024,2024,3.7,396,8.06,España,Empordà,White
1623884,Nuviana,Chardonnay 2020,2020,3.5,395,4.75,España,Valle del Cinca,White
6345638,Oliver Conti,Gewürztraminer 2023,2023,3.9,395,12.95,España,Empordà,White
1205989,Adega Pena das Donas,Almalarga Godello 2024,2024,3.8,394,20.6,España,Ribeira Sacra,White
5806207,Sierra Cantabria,Blanco 2024,2024,3.6,393,10.13,España,Rioja,White
4220633,Castillo de Maetierra,Atlantis Treixadura 2019,2019,3.5,392,7.7,España,Ribeiro,White
4417783,El Escocés Volante,Manda Huevos Blanco Single Vineyard 2024,2024,3.9,392,19.9,España,Aragón,White
6574929,El Coto,Coto Mayor Blanco 2024,2024,3.8,390,6.3,España,Rioja,White
8584742,Marco Real,Albariño Lías 2023,2023,3.9,388,11.5,España,Rías Baixas,White
3818936,Valdecuevas,Fermentado en Barrica Verdejo 2024,2024,3.9,387,15.9,España,Rueda,White
5727018,Lo Cometa,Garnatxa Blanca 2023,2023,3.5,385,8.38,España,Terra Alta,White
1495877,Viñas del Vero,El Ariño Gewürztraminer Somontano 2023,2023,3.8,385,11.0,España,Somontano,White
1885449,Joan Sardà,Cap de Creus Nacre 2024,2024,3.6,384,10.85,España,Empordà,White
6698718,Cellers Unió,Perlat Blanc 2024,2024,3.8,384,9.2,España,Montsant,White
2563142,Barcolobo,Verdejo 2021,2021,3.7,383,14.4,España,Castilla y León,White
9001184,Reforjat,Garnatxa Blanca - Macabeu 2024,2024,3.6,380,7.47,España,Terra Alta,White
1491539,Mas Blanch I Jove,Saó Blanc 2021,2021,3.8,379,12.93,España,Costers del Segre,White
3807190,Orto Vins,Les Argiles d'Orto Blanc 2024,2024,3.7,378,11.05,España,Montsant,White
1586923,Dehesa El Carrascal,Almarina Verdejo - Sauvignon Blanc 2025,2025,3.8,377,5.45,España,Castilla,White
7409287,Equilibrio,Sauvignon Blanc 2024,2024,3.8,375,5.1,España,Jumilla,White
4873348,Celler del Cesc,Tanca Els Ulls Cartoixà de Vinyes Velles 2024,2024,3.7,374,18.4,España,Tarragona,White
2419564,Celler Batea,Naturalis Mer 2024,2024,3.5,374,6.99,España,Terra Alta,White
2516035,Celler Credo,Ratpenat 2021,2021,3.7,374,22.95,España,Penedès,White
3815190,Enrique Mendoza,Chardonnay Fermentado en Barrica Alicante 2023,2023,3.9,373,12.08,España,Alicante,White
6345685,Bodegas Quinta de Aves,Chardonnay 2023,2023,3.8,373,6.5,España,La Mancha,White
1541765,Cunqueiro,Cuqueira Blanco 2022,2022,3.6,368,15.2,España,Ribeiro,White
1694620,Cuatro Rayas,Fermentado en Barrica Verdejo 2024,2024,3.5,368,7.95,España,Rueda,White
1899132,Martin Berdugo,Verdejo 2024,2024,3.7,367,7.63,España,Rueda,White
3753229,Alta Pavina,Verdejo 2024,2024,3.6,362,8.1,España,Rueda,White
1579104,Pío del Ramo,Chardonnay Barrica 2024,2024,3.9,361,7.35,España,Jumilla,White
2503394,Casa Mariol,Garnatxa Blanca 2024,2024,3.5,361,6.75,España,Terra Alta,White
5458698,Abadia de Poblet,Monestir de Poblet Intramurs Blanc 2021,2021,3.7,359,8.85,España,Conca de Barberà,White
4615255,Botón de Gallo - Dominio del Blanco,Rueda Blanc 2024,2024,3.8,358,10.0,España,Rueda,White
1911817,Tampesta,Maneki Albarín Blanco 2022,2022,3.8,353,12.5,España,Tierra de León,White
6264969,Ramón Bilbao,Edición Limitada Lías Verdejo 2021,2021,3.8,351,15.95,España,Rueda,White
7164174,Vinessens - Casa Balaguer,El Carro de La Mata Moscatel Colección Origen 2023,2023,3.9,351,38.9,España,Alicante,White
1486705,Cune (CVNE),Verdejo 2024,2024,3.6,351,6.08,España,Rueda,White
4810484,Son Prim,Esblanc Chardonnay 2023,2023,3.9,346,14.45,España,Mallorca,White
1270325,Oriol Rossell,Virolet Xarel-lo 2024,2024,3.5,345,8.9,España,Penedès,White
6018868,Silice Viticultores,Blanco 2024,2024,3.9,345,24.67,España,Ribeira Sacra,White
3556890,Eccoci,Montrodó Blanc 2024,2024,3.8,344,10.53,España,Cataluña,White
6573340,Celler del Cesc,Tanca Els Ulls Macabeu de Vinyes Velles 2023,2023,3.7,344,18.4,España,Tarragona,White
4362809,Mas Ramoneda,Blanc de Boira 2023,2023,3.7,343,10.49,España,Costers del Segre,White
2848405,Vinsnus,SiurAlta Gris 2021,2021,3.8,339,24.71,España,Montsant,White
3083357,Muriel,Rioja Blanco 2024,2024,3.7,339,7.5,España,Rioja,White
5653403,Yllera,Chardonnay Vendimia Nocturna 2024,2024,3.7,339,7.5,España,Castilla y León,White
6437337,Itsasmendi,Bat Berri 2022,2022,3.9,339,16.85,España,Bizkaiko Txakolina,White
1227001,Ànima Negra,Quíbia (Falanis) 2021,2021,3.9,338,16.1,España,Mallorca,White
1584877,Celler Credo,Miranius 2022,2022,3.8,337,11.68,España,Penedès,White
8737627,Can Bas,D'Origen P5 Muscat de Gra Petit 2023,2023,3.8,336,17.7,España,Penedès,White
6473667,Bodega y Viñedos Maires,Ademán Adalia Verdejo 2024,2024,3.7,336,9.5,España,Toro,White
5528943,Clos Pons,Jan Blanc 2024,2024,3.6,335,7.7,España,Costers del Segre,White
2470557,Arid,Eòlic Sauvignon Blanc 2023,2023,3.7,335,14.75,España,Penedès,White
1639372,Sa Forana,600 Metros Blanco 2024,2024,3.7,333,15.8,España,Isla de Menorca,White
1109742,Celler Credo,Can Credo Xarel-lo 2021,2021,3.9,331,28.9,España,Cataluña,White
1490880,Masia Serra,Ctònia 2023,2023,3.8,331,24.4,España,Empordà,White
8533016,Mas Geli,Notes De Blanc 2024,2024,3.9,331,11.5,España,Empordà,White
6641647,Pago Aylés,Immortalis Albariño 2024,2024,3.8,330,12.95,España,Aragón,White
1870763,Mas Vicenç,Dent de Lleó 2023,2023,3.9,329,12.85,España,Tarragona,White
5792659,Montecillo,Singladuras Verdejo 2024,2024,3.7,326,7.15,España,Rueda,White
1440887,Elvi,In.Vita Blanco 2024,2024,3.6,325,9.05,España,Alella,White
2595754,Canopy,Loco 2024,2024,3.8,325,26.25,España,Méntrida,White
1993229,Herrero Bodega,Robert Vedel Verdejo 2022,2022,3.9,323,12.01,España,Rueda,White
2430654,Vins de Pedra,L'Orni Blanc 2023,2023,3.6,323,14.95,España,Conca de Barberà,White
6593027,Altos de Torona,Caiño Blanco 2023,2023,3.9,323,15.95,España,Rías Baixas,White
4883761,Vall de Baldomar,Petit Baldomà Blanco 2024,2024,3.6,320,7.95,España,Costers del Segre,White
4539279,Manuel Formigo,Cholo 2023,2023,3.9,320,19.51,España,Ribeiro,White
1277550,Bodegas Félix Lorenzo Cachazo,Larrua 2024,2024,3.6,318,5.5,España,Rueda,White
7182993,Baldovar 923,Rascaña 2021,2021,3.9,318,20.4,España,Valencia,White
10815522,Joan Sardà,Sotavent Xarel-lo 2024,2024,3.8,317,10.04,España,Penedès,White
5120306,Terra Remota,Ales Blanques 2025,2025,3.5,315,10.4,España,Empordà,White
5686376,El Gato Azul,Verdejo 2024,2024,3.7,315,9.89,España,Rueda,White
3427899,Avgvstvs,Xarel-Lo Vermell 2021,2021,3.7,315,11.34,España,Penedès,White
2296627,Puente de Rus,Sauvignon Blanc 2025,2025,3.7,314,4.5,España,La Mancha,White
8610143,Conreria d'Scala Dei,Mar d'Estels 2024,2024,3.9,313,11.47,España,Montsant,White
1779678,Bodegas Aradon,Blanco 2024,2024,3.6,313,5.28,España,Rioja,White
8509692,Bodegas Villanueva,Lulo 1915 Treixadura 2024,2024,3.8,312,8.5,España,Ribeiro,White
1931169,Miquel Pons,Núria de Montargull 2024,2024,3.5,310,8.1,España,Penedès,White
4636171,Casa del Valle,Chardonnay 2023,2023,3.6,308,4.0,España,Castilla,White
11219861,Barón do Sil,Godello 2024,2024,3.8,308,8.51,España,Valdeorras,White
7169608,Viña Lobera,Verdejo Ecológico 2024,2024,3.5,308,5.25,España,Rueda,White
2607339,Rejadorada,Verdejo 2024,2024,3.8,307,7.9,España,Rueda,White
6508097,Rim,Sarau Blanc 2024,2024,3.9,307,18.05,España,Empordà,White
1392691,Palomo Cojo,Verdejo 2014,2014,3.6,307,10.25,España,Rueda,White
7458309,Murviedro,Audentia Chardonnay 2024,2024,3.7,305,5.35,España,Valencia,White
1319850,Caves Bolet,Vinya Sota Bosc 2024,2024,3.5,305,7.97,España,Cataluña,White
1181510,Familia Torres,Verdeo Verdejo 2023,2023,3.7,304,5.05,España,Rueda,White
1189246,Pagos del Rey,Analivia Verdejo Selección 2023,2023,3.8,303,5.53,España,Rueda,White
6443550,Estévez Bodegas y Viñedos,Versos de Valtuille Godello Sobre Lias 2023,2023,3.9,299,15.95,España,Bierzo,White
7445933,Cunqueiro,Camiño dos Faros Edición Especial Blanco 2024,2024,3.9,298,9.96,España,Ribeiro,White
6261753,Cueva del Chamán,Blanco Sauvignon Blanc 2024,2024,3.8,297,8.55,España,Almansa,White
2005987,Viña Mancera,Verdejo 2024,2024,3.7,296,5.25,España,Castilla,White
1726332,Herrero Bodega,Atino Verdejo 2023,2023,3.7,293,7.01,España,Rueda,White
1724307,Corcovo - Megía e Hijos,Blanco Airén 2024,2024,3.6,291,5.92,España,Valdepeñas,White
4210228,La Zorra,8 Vírgenes Blanco 2022,2022,3.7,291,11.75,España,Sierra de Salamanca,White
4503098,Matarromera,Granza Verdejo 2023,2023,3.5,289,7.0,España,Rueda,White
4547470,Verum,Malvasía 2020,2020,3.6,289,7.51,España,La Mancha,White
8897220,Celler del Cesc,Tanca Els Ulls Malvasia 2024,2024,3.8,288,11.85,España,Tarragona,White
1231369,Naranjuez,Baco Pérez 2019,2019,3.7,288,18.15,España,Andalucía,White
11607321,Blanc Pescador,Cala Blanco 2024,2024,3.6,285,4.95,España,Empordà,White
3441518,Estones,Vine Blanco 2021,2021,3.8,284,14.25,España,Terra Alta,White
6791772,Vinos Sanz,La Chalada Semidulce 2024,2024,3.9,280,7.55,España,Rueda,White
8390142,Finca del Mar,Verdejo 2023,2023,3.6,274,9.95,España,Utiel-Requena,White
99081,Castillo de Maetierra,Libalis Dry 2024,2024,3.6,274,6.2,España,Valles de Sadacia,White
1943174,Viña Cimbrón,Verdejo Selección 2021,2021,3.6,273,9.0,España,Rueda,White
21582,Baron de Ley,Blanco 2022,2022,3.7,273,6.1,España,Rioja,White
2452318,María de Molina,Verdejo 2024,2024,3.5,272,5.9,España,Rueda,White
2474349,Celler Gerisena,Blanc de Gerisena 2024,2024,3.7,269,9.78,España,Empordà,White
2629,Familia Torres,Gran Viña Sol Chardonnay 2023,2023,3.7,269,12.0,España,Penedès,White
7753072,Wineissocial,Rebeldes Blanco 2024,2024,3.7,268,11.25,España,Montsant,White
5727580,Les Vinyes del Convent,Los Ceps de la Via Verda Blanc 2024,2024,3.6,268,6.9,España,Terra Alta,White
7902357,Cunqueiro,Treixadura 2024,2024,3.9,267,13.05,España,Galicia,White
8095587,Murviedro,Audentia Sauvignon Blanc 2024,2024,3.7,264,5.2,España,Valencia,White
3556510,Vins El Cep,GR5 Senders Xarel-lo 2023,2023,3.7,264,9.56,España,Penedès,White
1501861,Vinyes Singulars,Xarel-lo 2023,2023,3.8,262,17.36,España,Cataluña,White
7662338,Murviedro,Vallejo Avenas Chardonnay 2023,2023,3.9,261,20.71,España,Utiel-Requena,White
16124,Clos Montblanc,Únic Sauvignon Blanc 2022,2022,3.6,260,16.6,España,Conca de Barberà,White
5287978,Corcovo - Megía e Hijos,Finca el Carrascal Muscat - Petit Grain 2023,2023,3.9,257,8.25,España,Castilla,White
8193891,Jean Leon,Xarel-lo 2022,2022,3.7,256,11.5,España,Penedès,White
11501795,Bodegas Godelia,Viernes Godello 2024,2024,3.7,255,9.2,España,Bierzo,White
8139020,Bodegas Delampa,MR. Jenares Verdejo 2025,2025,3.8,253,5.02,España,Jumilla,White
8075098,El Escocés Volante,Manga del Brujo Blanco 2024,2024,3.9,253,12.9,España,Calatayud,White
1662687,Fabregas,Mingua Chardonnay - Garnacha 2024,2024,3.6,252,8.0,España,Somontano,White
7106394,Bodega Bruno Ruiz - Esencia Rural,De Sol a Sol Airén Rancio 2019,2019,3.7,251,13.45,España,La Mancha,White
1122317,Hnos. del Villar,Azoe Verdejo 2024,2024,3.6,249,5.55,España,Rueda,White
9869587,Azabache,Tunante de Azabache Blanco 2024,2024,3.9,249,5.95,España,Rioja,White
4348314,Hacienda Albae,Viognier 2023,2023,3.6,248,7.51,España,La Mancha,White
5859811,Volver,Tarima Hill Blanco Fermentado en Barrica 2024,2024,3.9,248,12.9,España,Alicante,White
2191893,Ojos del Guadiana,Verdejo 2022,2022,3.6,247,4.66,España,La Mancha,White
1497495,Forjas del Salnés,Goliardo Tintos de Mar Loureiro 2019,2019,3.8,245,27.5,España,Rías Baixas,White
5859712,Tilenus,Godello Monteseiros 2025,2025,3.7,245,11.16,España,Bierzo,White
10811091,Celler de Capçanes,Cap Sentit Orange 2024,2024,3.8,244,11.45,España,Cataluña,White
3589064,Iturrialde,Garena Txakolina 2024,2024,3.7,243,12.9,España,Bizkaiko Txakolina,White
2574416,Bodegas Fulcro,Pescuda Blanco 2024,2024,3.8,243,13.4,España,Rías Baixas,White
2101032,Garriguella,Puntils Blanc 2024,2024,3.5,243,7.44,España,Empordà,White
4707395,Caserío de Dueñas,Verdejo Fermentado en Barrica 2020,2020,3.9,242,22.5,España,Rueda,White
7993459,Barbadillo,Ás Mirabrás 2024,2024,3.8,241,8.9,España,Cádiz,White
6245703,Coma d'En Bonet,Prohom Experientia Blanc 2024,2024,3.9,240,10.85,España,Terra Alta,White
4960687,Lagar de Cervera,Pazo de Seoane Rosal 2022,2022,3.9,239,12.9,España,Rías Baixas,White
7252500,Bernavi,Xalera Blanco 2023,2023,3.8,239,8.9,España,Terra Alta,White
4973101,Altos de Trevejos,Bambú Blanco 2023,2023,3.7,238,13.93,España,Abona,White
2310372,Perica,6cepas6 Blanco 2024,2024,3.7,238,8.85,España,Rioja,White
6825433,Cuatro Rayas,Cuarenta Vendimias Cuvée Verdejo 2023,2023,3.9,238,15.95,España,Rueda,White
4637898,Ca N'Estruc,Bi Xarel-lo 2019,2019,3.8,237,22.4,España,Cataluña,White
5656512,Bodegas Pedro Escudero,Valdelagunde Verdejo 2023,2023,3.9,235,7.5,España,Rueda,White
2628925,Leyenda del Páramo,El Aprendiz Blanco 2024,2024,3.5,234,7.2,España,Tierra de León,White
7474684,Osborne,Solaz Chardonnay 2024,2024,3.6,232,3.63,España,Castilla,White
4441415,Orto Vins,Blanc d'Orto Brisat 2022,2022,3.9,232,21.7,España,Montsant,White
5965146,Bodega Monastrell,Salto del Usero 2025,2025,3.7,231,11.5,España,Bullas,White
8919666,Rafael Cambra,Soplo Blanco 2024,2024,3.8,230,7.58,España,Valencia,White
7357775,Ca N'Estella,Les Nones Blanco 2023,2023,3.8,230,7.6,España,Penedès,White
4860408,Solabal,Muñarrate Blanco 2024,2024,3.5,230,6.6,España,Rioja,White
5964418,Celler Devinssi,Mas de les Valls Blanco 2023,2023,3.9,228,20.0,España,Priorato,White
6900700,Pujol Cargol,El Missatger Selecció Blanc 2022,2022,3.8,228,11.6,España,Empordà,White
2719708,Puente de Rus,Verdejo 2025,2025,3.6,228,4.5,España,La Mancha,White
9460539,Viñedos y Bodegas Muñoz,Finca Muñoz Colección de la Familia Blanco 2024,2024,3.9,228,7.5,España,Castilla,White
2850809,Mas Bertran,Nutt Xarel.lo Vinyes Velles 2022,2022,3.5,227,12.6,España,Penedès,White
1275539,Tianna Negre,Ses Nines Blanc 2024,2024,3.7,227,14.86,España,Mallorca,White
3813469,Viña Meín,Tega do Sal 2017,2017,3.9,226,29.4,España,Ribeiro,White
11558809,Protos,Cuveé Verdejo 2021,2021,3.8,225,11.95,España,Rueda,White
4827800,L'Olivera,Blanc de Marges 2023,2023,3.9,225,11.9,España,Costers del Segre,White
4245804,Aldeya,Serendipia Blanco 2023,2023,3.8,225,12.95,España,Cariñena,White
1478482,Señorio de Villarrica,Blanco 2024,2024,3.6,224,8.49,España,Rioja,White
6621444,Mas Blanch I Jove,Troballa Garnatxa Blanca 2024,2024,3.7,224,11.5,España,Costers del Segre,White
6497652,Foresta,Bosc del Calau 2023,2023,3.7,223,11.45,España,Cataluña,White
11455879,Azul y Garanza,Suelovivo White 2025,2025,3.8,222,12.5,España,Navarra,White
4424754,Celler Batea,Primicia 2022,2022,3.6,220,7.49,España,Terra Alta,White
6260131,Tres Pilares,Sauvignon 2023,2023,3.6,220,8.29,España,Rueda,White
2192950,Matallonga,Escorca Blanc 2024,2024,3.7,219,8.9,España,Costers del Segre,White
6855637,El Gato Gordo,Godello 2024,2024,3.8,219,15.75,España,Bierzo,White
10224587,Narupa Vinos,Caneco Albariño 2024,2024,3.9,218,12.25,España,Rías Baixas,White
7134702,Abadia de Poblet,Blanco 2021,2021,3.9,218,19.95,España,Conca de Barberà,White
9948521,Marques de Vitoria,Verdejo 2024,2024,3.5,218,4.25,España,Rioja,White
3634498,Bodegas Pazo Cilleiro,Albariño 2024,2024,3.8,216,9.5,España,Rías Baixas,White
1151473,La Val,Albariño Fermentado En Barrica 2017,2017,3.9,215,20.33,España,Rías Baixas,White
12489420,Viña Salceda,Blanco Sobre Lías 2024,2024,3.9,215,10.4,España,Rioja,White
6265961,Nube de Leza García,Tempranillo Blanco 2024,2024,3.6,214,11.9,España,Rioja,White
9585503,Volver,Madame Merseguera 2024,2024,3.8,213,6.3,España,Valencia,White
1517255,Beronia,Rioja Viura 2021,2021,3.6,213,10.5,España,Rioja,White
2947299,Corcovo - Megía e Hijos,24 Barricas Airén 2022,2022,3.9,211,9.63,España,Valdepeñas,White
8351554,Pepe Rodríguez de Vera,Sopla Levante - Pinomar 2023,2023,3.7,209,14.52,España,Alicante,White
5711251,Cosmic,Via X Fora Blanc 2021,2021,3.8,209,17.86,España,Empordà,White
1143872,Javier Sanz Viticultor,Fermentado En Barrica Verdejo 2019,2019,3.9,209,16.9,España,Rueda,White
11775576,Bodegas La Soterraña,Eresma Godello Sobre Lias 2024,2024,3.8,209,8.83,España,Castilla y León,White
9863759,Bernabeleva,Camino de Navaherreros Blanco 2024,2024,3.7,209,11.95,España,Madrid,White
5696514,Oriol Artigas,La Canya Mas Pellisser 2022,2022,3.8,209,16.25,España,Vino de España,White
1251608,La Botera,Vila-Closa Garnatxa Blanca 2024,2024,3.5,208,7.7,España,Terra Alta,White
5438712,Selección Lucendo,Marta Cibelina Blanco 2024,2024,3.8,207,7.6,España,La Mancha,White
4047237,Lagar d'Amprius,Gewürztraminer 2021,2021,3.7,207,8.1,España,Bajo Aragón,White
6029615,Daterra Viticultores,Camino de la Frontera Blanco 2020,2020,3.9,207,18.8,España,Ribeira Sacra,White
5300417,Pujol Cargol,El Missatger Blanco 2025,2025,3.8,206,10.36,España,Empordà,White
12341926,Bodega Sommos,Chardonnay 2025,2025,3.8,205,6.3,España,Somontano,White
7646436,Bodegas Paco Mulero,Albariño 2024,2024,3.8,204,10.35,España,Rías Baixas,White
11875974,Lan,Verdejo 2024,2024,3.8,204,6.8,España,Rueda,White
3737645,Bodegas Zinio,Lágrimas de María Blanco 2024,2024,3.5,203,4.7,España,Rioja Alta,White
1268795,Carles Andreu,Parellada 2024,2024,3.5,203,11.0,España,Conca de Barberà,White
7021361,Torre de Barreda,Amigos Airen 2023,2023,3.7,202,8.42,España,Castilla,White
78479,Matarromera,Melior Sauvignon Blanc 2024,2024,3.8,202,6.95,España,Rueda,White
1585737,Solergibert,Pic de Solergibert 2024,2024,3.6,202,10.5,España,Pla de Bages,White
3710071,La Melonera,La Encina del Inglés Blanco 2021,2021,3.8,201,11.3,España,Sierras de Málaga,White
4789027,Altiplà Wines,El Destraler Blanc 2024,2024,3.5,201,4.9,España,Terra Alta,White
8692261,Celler del Cesc,Tanca Els Ulls La Lleona 2024,2024,3.8,200,11.7,España,Tarragona,White
6960694,Casa La Rad,Solarce Blanco 2024,2024,3.7,200,9.0,España,Rioja,White
9531470,Casa Rojo,La Gabacha Sauvignon Blanc 2022,2022,3.9,199,9.1,España,Rueda,White
11569951,Raimat,Vol d'Ànima Blanc 2024,2024,3.8,198,8.75,España,Costers del Segre,White
4083252,Ossian,Verdling Dulce 2015,2015,3.7,197,9.3,España,Castilla y León,White
1365511,Bodega Marañones,Picarana Albillo 2020,2020,3.9,197,17.9,España,Madrid,White
8002528,Hasi Berriak,Nekazari 2023,2023,3.9,195,29.3,España,Bizkaiko Txakolina,White
7197382,Pla de Morei,Filigrana Blanco 2023,2023,3.8,195,9.25,España,Cataluña,White
4197538,4 Kilos Vinícola,Motor Blanco 2025,2025,3.8,195,18.6,España,Mallorca,White
7572970,Bodega Bideona,Cabezadas Viura 2018,2018,3.6,194,8.3,España,Rioja Alavesa,White
2700140,Viñas del Vero,La Miranda de Secastilla Garnacha Blanca Somontano 2019,2019,3.6,194,13.2,España,Somontano,White
7443867,Heretat Mas Tinell,Eliane Chardonnay Eco 2024,2024,3.9,194,13.95,España,Penedès,White
1652682,Viña Aliaga,Doscarlos Sauvignon Blanc 2024,2024,3.6,193,8.05,España,Navarra,White
5660141,Raimat,Saira Albariño 2024,2024,3.8,193,8.25,España,Costers del Segre,White
10423236,Pardas,Pell a Pell 2024,2024,3.9,192,15.25,España,Penedès,White
5916596,Les Vinyes del Convent,Els Costums Garnacha Blanca 2021,2021,3.9,192,11.95,España,Terra Alta,White
2123180,Castell del Remei,Gotim Blanc 2021,2021,3.6,191,7.45,España,Costers del Segre,White
7479159,El Grifo,Orange Natural 2024,2024,3.7,191,37.0,España,Lanzarote,White
7247017,Torelló,Mas de la Torrevella 2023,2023,3.9,190,13.25,España,Penedès,White
2028253,Finca Nueva,Fermentado en Barrica 2021,2021,3.5,189,10.99,España,Rioja,White
1866014,Lagar d'Amprius,Chardonnay 2021,2021,3.6,188,8.1,España,Bajo Aragón,White
4528579,Clea,Verdejo 2021,2021,3.8,188,6.8,España,Rueda,White
11840074,Familia Torres,Clos Ancestral Blanco 2024,2024,3.8,188,16.03,España,Penedès,White
2328476,Herrero Bodega,Janine Vedel Sauvignon Blanc 2022,2022,3.8,188,8.93,España,Rueda,White
2989285,Pago de Larrea,Cæcus Verderon 2024,2024,3.8,187,7.8,España,Rioja Alavesa,White
1182343,Juvé & Camps,Penedès Blanc Flor Ermita d'Espiells 2023,2023,3.7,187,10.0,España,Penedès,White
1578160,Celler Credo,Cap Ficat Xarel-lo 2019,2019,3.7,185,34.5,España,Penedès,White
5259974,Cercavins,Lo Virol Blanc 2023,2023,3.6,185,6.6,España,Costers del Segre,White
11739111,Nebla,Chardonnay Sobre Lías 2024,2024,3.7,184,3.99,España,Utiel-Requena,White
6241588,Fariña,Águedas 2021,2021,3.9,183,15.67,España,Toro,White
9759662,Bimbache,Chivo 2024,2024,3.9,182,23.1,España,El Hierro,White
7465095,Barrialto,Aranzá Blanco 2022,2022,3.7,182,14.05,España,Cádiz,White
11408216,La Unidad Viñas,Sking or Queen 2023,2023,3.8,181,11.9,España,Vino de España,White
11231728,Celler Bellaserra,Superbloom Orange 2021,2021,3.9,181,25.0,España,Cataluña,White
9466791,Torelló,50 Lliures Xarel·lo 2023,2023,3.9,181,13.5,España,Penedès,White
9508975,Qué No Falte!,Verdejo 2024,2024,3.8,178,6.96,España,Rueda,White
21108,Bodega Otazu,Otazu Chardonnay 2023,2023,3.8,178,10.06,España,Otazu,White
7340235,Familia Torres,Natureo Muscat 2023,2023,3.5,177,7.9,España,Cataluña,White
1703900,Joaquim Batlle,Foranell 2019,2019,3.8,176,16.88,España,Alella,White
9128315,Pepe Rodríguez de Vera,Sopla Levante - La Horca 2021,2021,3.7,176,14.52,España,Alicante,White
10721090,Castillo de Liria,Organic Viura - Chardonnay 2022,2022,3.5,175,3.3,España,Utiel-Requena,White
3102714,Entre os Ríos,Vulpes Vulpes 2023,2023,3.9,175,19.67,España,Barbanza e Iria,White
1641458,Juvé & Camps,Gregal d'Espiells 2023,2023,3.8,172,11.0,España,Penedès,White
6991208,Cuatro Rayas,Gala Mágica Verdejo 2025,2025,3.6,172,5.25,España,Rueda,White
3372942,Mas Blanch I Jove,Petit Blanc Saó 2024,2024,3.6,172,9.9,España,Costers del Segre,White
9456187,Juvé & Camps,Flor de Xarel.lo d’Espiells Selección Ecológica 2022,2022,3.8,171,11.5,España,Penedès,White
4956868,Terroir Al Límit Soc. Lda,Muscat 2017,2017,3.8,171,39.65,España,Priorato,White
4789706,Eccocivi,Can Noves Blanc 2024,2024,3.9,170,20.09,España,Cataluña,White
9669741,Terra.00,Orange 2022,2022,3.9,170,15.4,España,Cataluña,White
1220731,Finca Montepedroso,Rueda Verdejo 2023,2023,3.8,169,8.5,España,Rueda,White
7693003,Doniene Gorrondona,IRI 2022,2022,3.8,168,20.4,España,Bizkaiko Txakolina,White
7386758,Viñas del Vero,Sauvignon Blanc 2024,2024,3.7,168,8.65,España,Somontano,White
7239344,Bernavi,Garnacha Blanca 2023,2023,3.6,168,10.35,España,Terra Alta,White
4789196,Oliveda,Marrec Blanc 2025,2025,3.5,166,4.99,España,Empordà,White
6802225,Barco del Corneta,Las Envidias Viñas Viejas 2020,2020,3.8,166,28.9,España,Castilla y León,White
4692268,Les Freses,Àmfora Blanc Sec 2021,2021,3.9,165,29.7,España,Alicante,White
2535240,Terrer de Pallars,Conca de Tremp Macabeu 2024,2024,3.7,165,11.99,España,Costers del Segre,White
2324568,Yllera,Verdejo Vendimia Nocturna 2023,2023,3.7,165,6.43,España,Rueda,White
8516724,Cala Marquesa,Garnacha Blanca 2024,2024,3.9,164,12.03,España,Empordà,White
2354398,Viña Xétar,Mosto Parcialmente Fermentado Blanco 2022,2022,3.7,164,4.66,España,Castilla,White
2054386,Marqués de Villalúa,Aguadulce de Villalúa Semidulce 2024,2024,3.9,164,6.9,España,Condado de Huelva,White
6365177,Cellar Vins Algars,Blanc Ecológico 2023,2023,3.6,163,6.8,España,Terra Alta,White
8800350,Bodega Otazu,Ozu Blanco 2024,2024,3.5,163,10.9,España,Otazu,White
3753235,Carlos Valero,Matarile Chardonnay - Gewürztraminer 2024,2024,3.7,163,6.5,España,Somontano,White
3542736,Bodegas Vallobera,Caudalia Rioja 2021,2021,3.7,162,12.4,España,Rioja,White
7583922,Lagar de Moha,Sapientia Sauvignon Blanc Ecologico 2024,2024,3.8,162,9.6,España,Rueda,White
7389481,Viniric,Vella Lola Blanc 2025,2025,3.7,161,7.45,España,Empordà,White
7753377,Cume do Avia,Arraiano Branco 2023,2023,3.9,160,13.5,España,Ribeira Sacra,White
5602668,Bodegas Eresma,Eresma Verdejo Sobre Lias 2024,2024,3.8,160,8.64,España,Rueda,White
9920984,Bodega K5,Sobre Lías 2014,2014,3.9,159,24.4,España,Getariako Txakolina,White
4661577,El Borujo,Los Loros Albillo Criollo 2024,2024,3.8,159,21.87,España,Valle de Güímar,White
5674280,Caraballas,Chardonnay Organic 2022,2022,3.9,158,16.35,España,Rueda,White
10181964,Viore,Sobre Lías Verdejo 2021,2021,3.9,158,12.0,España,Rueda,White
2325855,Valmiñor,Davila M-100 2022,2022,3.8,157,20.69,España,Rías Baixas,White
1706134,El Circo,Malabarista Macabeo 2021,2021,3.6,157,4.0,España,Cariñena,White
1178615,Inurrieta,Orchidea Sauvignon Blanc 2024,2024,3.8,156,8.1,España,Navarra,White
7108581,Bodegas Paco Mulero,Prisma Verdejo 2024,2024,3.6,155,6.05,España,Rueda,White
9570880,O Morto Wines,Castes Blancas Tiro Al Blanco Ribeiro Puro 2024,2024,3.9,155,15.25,España,Ribeiro,White
8950872,La Poda,Verdejo 2023,2023,3.8,154,12.99,España,Rueda,White
1633819,Viña Nora,Albariño 2023,2023,3.8,153,13.18,España,Rías Baixas,White
8054943,Viñedos Hermanos Hernáiz,Finca La Emperatriz El Jardín de La Emperatriz Blanco 2019,2019,3.7,153,36.95,España,Rioja Alta,White
4282935,Hnos. del Villar,Oro de Castilla Finca Los Hornos Verdejo 2022,2022,3.9,153,15.6,España,Rueda,White
6527828,Las Calzadas,Tinácula Blanco 2025,2025,3.8,152,9.9,España,Ribera del Júcar,White
8743678,Marco Abella,Loidana Blanc 2024,2024,3.8,150,15.9,España,Priorato,White
9004612,Verderrubi,Pita Sauvignon Blanc 2024,2024,3.7,150,8.95,España,Rueda,White
10056192,La del Terreno,Ninja de las Uvas Blanco 2022,2022,3.9,150,17.79,España,Bullas,White
12112595,B.R.O.T.,Blanc Inicial 2022,2022,3.8,149,13.75,España,Penedès,White
2266213,Castillo Perelada,Només Garnatxa Blanca 2024,2024,3.9,149,8.37,España,Empordà,White
6719539,Pagos de Aráiz,Blaneo Chardonnay 2023,2023,3.9,147,15.32,España,Navarra,White
1374805,Pazo San Mauro,Sanamaro 2019,2019,3.8,147,44.5,España,Rías Baixas,White
9292360,Tantaka - Juanjo Tellaetxe,Diapiro 2023,2023,3.9,146,19.51,España,Arabako Txakolina,White
7638930,Arrayán,Albillo Real Granito 2021,2021,3.9,146,15.9,España,Castilla y León,White
7186927,Sociedad Agraria de Viticultores,La Transición Albillo Real 2023,2023,3.6,146,6.6,España,Castilla y León,White
1924329,Jordi Llorens,Parellada 2023,2023,3.8,145,36.92,España,Conca de Barberà,White
10799084,Lagar de Moha,Tiempos Modernos Godello 2023,2023,3.8,143,11.95,España,Rueda,White
9680528,Can Rich,D'Àmfora Blanc 2023,2023,3.9,143,17.95,España,Ibiza,White
1280932,Bodega Contador (Benjamín Romeo),Macizo Blanco 2016,2016,3.9,142,15.9,España,Cataluña,White
7363922,Colina Triste,Blanco 2021,2021,3.7,142,14.3,España,Arlanza,White
7212197,El Coto,Verdejo 2024,2024,3.9,142,6.15,España,Rioja,White
6494177,Paco Garcia,El Yergo Tempranillo Blanco 2023,2023,3.9,140,11.9,España,Rioja,White
9976027,Alvear,Tres Miradas Cerro Franco 2020,2020,3.9,140,21.3,España,Montilla-Moriles,White
7993,La Rioja Alta,Lagar de Cervera Blanco 2024,2024,3.7,140,16.75,España,Rías Baixas,White
11580564,Pago Aylés,Immortalis Garnacha Blanca 2024,2024,3.9,140,8.45,España,Terra Alta,White
1158337,Mocen,Fermentado en Barrica Verdejo 2023,2023,3.5,140,13.96,España,Rueda,White
6145379,Rodrigo Mendez,Tras da Canda Albariño 2023,2023,3.9,139,21.4,España,Galicia,White
9330131,Mas Geli,Solista No 3 2022,2022,3.9,138,21.01,España,Empordà,White
12051692,Vinos Valtuille,Pago de Valdoneje Godello La Cerrada 2024,2024,3.9,138,13.5,España,Bierzo,White
5250420,Dominio del Urogallo,Pésico Blanco 2018,2018,3.6,138,21.4,España,Asturias,White
1624447,Alta Alella,Parvus Chardonnay 2023,2023,3.9,137,12.02,España,Alella,White
8528087,Codorníu,Impulso Semidulce 2023,2023,3.8,137,5.2,España,Rioja,White
6334479,Alvear,3 Miradas Cerro Macho 2020,2020,3.9,136,26.4,España,Montilla-Moriles,White
5406407,Cillar de Silos,Blanco 2021,2021,3.8,136,19.0,España,Ribera del Duero,White
10571449,Vicente Gandía,Uva Pirata Garnacha Blanca 2023,2023,3.8,135,5.5,España,Valencia,White
9655705,Larural,Macabeu Brisat 2024,2024,3.9,135,13.75,España,Cataluña,White
22353,Bodegas Faustino,Faustino V Blanco 2023,2023,3.6,135,5.9,España,Rioja Alavesa,White
1247917,Cuatro Rayas,Bitácora Verdejo 2023,2023,3.6,135,3.98,España,Rueda,White
1563577,Bodegas Latúe,Pingorote Sauvignon Blanc 2022,2022,3.6,134,6.57,España,Castilla,White
5517712,Carlos Serres,Marysol Rioja Semidulce 2024,2024,3.6,134,7.55,España,Rioja,White
6329884,Viña Mancera,Sauvignon Blanc 2023,2023,3.7,132,5.25,España,Rueda,White
2104554,Raimat,Clamor Blanco 2024,2024,3.6,132,5.6,España,Costers del Segre,White
4750097,Señorío del Júcar,Cueva Llana Macabeo 2019,2019,3.6,132,8.5,España,Manchuela,White
8659895,Particular,Garnacha Blanca 2024,2024,3.6,132,17.34,España,Cariñena,White
1223704,Marqués de la Concordia,Vega de La Reina Verdejo 2023,2023,3.9,131,5.99,España,Rueda,White
7646171,Pablo Matallana,Vinícola Taro 2021,2021,3.8,131,85.0,España,Lanzarote,White
6816974,Hacienda López de Haro,Gran Reserva Blanco 2014,2014,3.9,131,52.0,España,Rioja,White
6074170,Josep Grau Viticultor,L'Efecte Volador Blanc 2025,2025,3.7,130,10.95,España,Montsant,White
3176945,Abad,Abad Dom Bueno Godello Barrica 2023,2023,3.6,130,12.85,España,Bierzo,White
8638872,Bodegas Peñafiel,Miros Alba de Miros Verdejo 2024,2024,3.9,129,11.75,España,Rueda,White
2391515,Vázquez Nieves,Marques de Fonséca Albariño 2019,2019,3.5,129,17.0,España,Rías Baixas,White
9686825,Descregut,Òrbites Improbables Blanco 2022,2022,3.9,129,19.3,España,Penedès,White
6370999,Berceo,Selección Verdejo 2024,2024,3.7,128,6.8,España,Rueda,White
12960593,Bodegas Javier San Pedro Ortega,Las Levantadas Blanco 2024,2024,3.8,128,10.5,España,Rioja,White
9181531,Mas Llunes,Esventat Blanc 2023,2023,3.8,127,11.72,España,Empordà,White
8510393,Bodegas Exopto,El Bernate Malvasia Riojana Blanco 2020,2020,3.9,127,23.9,España,Rioja,White
5315322,Bernabeleva,Manchomuelas Blanco 2021,2021,3.6,127,35.9,España,Madrid,White
8418194,Alceño,Fermentado En Barrica Sauvignon Blanc 2024,2024,3.9,126,8.4,España,Jumilla,White
4790187,Bodegas Torre del Veguer,Llum del Cadí Riesling 2023,2023,3.8,126,23.15,España,Cataluña,White
2004133,Fariña,Val De Reyes Blanco Semi Dulce 2022,2022,3.9,125,8.17,España,Castilla y León,White
6365163,Vinyes de La Dot,el Gratallunes Blanc 2024,2024,3.9,125,9.89,España,Empordà,White
12002679,Chivite,Las Fincas Blanco 2024,2024,3.7,125,12.5,España,Navarra,White
6494038,Atlantic Galician Wineries - AGW,Quintás Ribeiro 2022,2022,3.6,123,7.21,España,Ribeiro,White
7213916,Fabregas,Familia Gewürztraminer 2023,2023,3.6,123,12.0,España,Somontano,White
7442159,Celler Esclanyà,Blanc 2025,2025,3.9,123,11.01,España,Empordà,White
7488681,Celler Batea,Sense Blanco 2024,2024,3.7,122,8.49,España,Cataluña,White
2754087,Aura,Selección Parcela Avutarda 2015,2015,3.8,121,19.85,España,Rueda,White
7172137,Castell d'Encus,Taleia Brisat 2018,2018,3.7,121,22.17,España,Costers del Segre,White
12843520,Vinos del Paseante,Leiras Albariño 2023,2023,3.8,121,12.95,España,Rías Baixas,White
1151475,La Val,Orballo Rías Baixas Albariño 2024,2024,3.9,121,13.75,España,Rías Baixas,White
2031913,Condesa de Leganza,Verdejo 2023,2023,3.5,120,4.46,España,Castilla y León,White
7572974,Bodega Bideona,Las Parcelas Blanco 2018,2018,3.9,119,15.65,España,Rioja Alavesa,White
8383829,Arzuaga,Pago Mota Chardonnay 2023,2023,3.8,119,6.73,España,Vino de España,White
8734800,Vinos Taberner Amado,Entre Dos Aguas Blanco 2022,2022,3.8,118,10.9,España,Bajo Aragón,White
7756580,Batlliu de Sort,Pantigana 2022,2022,3.7,117,10.9,España,Cataluña,White
1667253,Familia Torres,Atrium Chardonnay 2023,2023,3.8,117,9.1,España,Penedès,White
8667675,Palacio de Villachica,Vendimia Seleccionada Blanco 2024,2024,3.9,117,10.75,España,Rioja,White
8522560,Gramona,Petit Costes Muscat 2022,2022,3.8,115,15.5,España,Penedès,White
3469970,Bodegas Gratias,Terra Blanco 2022,2022,3.8,115,24.15,España,Manchuela,White
10166472,Vins Identitaris,Mestratge Macabeu Massis del Garraf 2022,2022,3.8,115,13.87,España,Penedès,White
8904827,Massaluca,Garnatxa Blanca - Macabeu 2023,2023,3.9,115,10.0,España,Terra Alta,White
10533209,Murviedro,Cañada la Torre Malvasía 2023,2023,3.9,114,17.53,España,Valencia,White
2498201,Raimat,Anima de Raimat Blanco 2022,2022,3.9,114,9.45,España,Costers del Segre,White
5528722,Tianna Negre,Vélo Blanc 2023,2023,3.7,114,14.45,España,Binissalem-Mallorca,White
6842025,La Cepa de Pelayo,Ole de Passion Macabeo 2023,2023,3.8,113,6.25,España,Manchuela,White
9683828,Onerom,Verdejo 2023,2023,3.7,113,15.73,España,Murcia,White
12744114,Raimat,Godello 2024,2024,3.7,112,8.78,España,Costers del Segre,White
1763291,Equipo Navazos,Ovni Blanco Seco 2022,2022,3.5,112,14.95,España,Montilla-Moriles,White
5478149,Comunica,La Pua 2019,2019,3.6,112,12.95,España,Montsant,White
6492360,Altavins,Jorn Nou Petit Blanco 2025,2025,3.7,111,5.5,España,Terra Alta,White
6124925,Bodegas Martín Códax,Crianza Sobre Lías 2020,2020,3.8,111,27.15,España,Rías Baixas,White
6959196,Jiménez Vila Hnos,Tardor 2023,2023,3.8,111,8.9,España,Utiel-Requena,White
5136891,Roig Parals,Camí de Cormes Blanc 2023,2023,3.9,111,19.89,España,Empordà,White
11901004,Comalats,Marquesa 2024,2024,3.7,109,13.05,España,Costers del Segre,White
6302590,Luis A. Rodriguez Vazquez,Eidos Ermos Ribeiro 2023,2023,3.7,109,16.5,España,Ribeiro,White
1786259,Palacio de Bornos,Sauvignon Blanc 2022,2022,3.9,109,7.56,España,Rueda,White
10707266,Vinicola de Castilla,Guadianeja Airén Encascado 2025,2025,3.9,109,8.9,España,La Mancha,White
5460671,VIA - Celler del Xalet,Xarel-lo 2024,2024,3.8,108,10.35,España,Penedès,White
2073485,Bliss,Blanco 2024,2024,3.9,107,7.72,España,Bierzo,White
2106678,Coto de Gomariz (María Álvarez Serrano),Blanco 2023,2023,3.7,107,15.9,España,Ribeiro,White
9023887,Bodega Marañones,El Quiebro 2018,2018,3.9,107,20.0,España,Madrid,White
1200088,Paco & Lola,iWine Nieve Carbónica Albariño 2024,2024,3.6,107,18.1,España,Rías Baixas,White
9456507,Celler Cairats,Frescal 2022,2022,3.9,107,11.3,España,Montsant,White
1158428,Barbadillo,Castillo de San Diego 2024,2024,3.3,6006,4.67,España,Cádiz,White
23475,Viñas del Vero,Chardonnay - Macabeo Blanco Somontano 2024,2024,3.4,3118,9.7,España,Somontano,White
1268221,Bodega Iniesta,Corazón Loco Blanco 2024,2024,3.4,2782,6.73,España,Manchuela,White
6402196,Vins Pepe Raventós,Mas del Serral 2014,2014,4.5,395,164.0,España,Penedès,Sparkling
2261633,Gramona,Cava Enoteca Finca La Plana Brut Nature 2004,2004,4.5,188,179.6,España,Cava,Sparkling
10241656,Llopart,Llegat Familiar Xarel·lo 2011,2011,4.6,117,131.48,España,Penedès,Sparkling
5197447,Gramona,Cava Enoteca Finca de L'Origen Brut Nature 2012,2012,4.6,109,145.13,España,Cava,Sparkling
8879082,Alta Alella,10 Gran Reserva Brut Nature 2010,2010,4.5,31,118.0,España,Cava,Sparkling
1479756,Recaredo,Turó d’en Mota 2011,2011,4.5,30,165.0,España,Penedès,Sparkling
11035466,Parés Baltà,Bassegues 2010,2010,4.5,28,100.95,España,Penedès,Sparkling
9056231,Recaredo,Corpinnat Enoteca Reserva Particular de Recaredo 2017,2017,4.5,87,87.0,España,Cataluña,Sparkling
5908369,Clos Lentiscus,Sumoll Ferèstec 2010,2010,4.5,49,46.86,España,Cataluña,Sparkling
6214146,Codorníu,Ars Collecta Gran Reserva 457 Brut 2010,2010,4.5,37,111.2,España,Cava,Sparkling
1199954,Gramona,Imperial Brut 2022,2022,4.1,14812,12.9,España,Cava,Sparkling
3619912,Recaredo,Terrers Brut Nature Gran Reserva 2020,2020,4.0,4272,28.88,España,Penedès,Sparkling
7508035,Gramona,La Cuvée Corpinnat 2022,2022,4.0,2745,19.6,España,Cava,Sparkling
1271562,Freixenet,Cava Cuvée de Prestige Reserva Real Brut N.V.,N.V.,4.0,2700,15.88,España,Cava,Sparkling
1930395,Lolea,No. 1 Red Sangria Frizzante N.V.,N.V.,4.1,2528,8.85,España,Aragón,Sparkling
2181578,Mestres,Visol Gran Reserva Brut Nature 2006,2006,4.1,2085,82.8,España,Cava,Sparkling
6785603,Izar-Leku Mahastiak,Hondarrabi Zuri 2021,2021,4.0,2011,28.9,España,País Vasco,Sparkling
6278804,Llopart,Cava Rosé Brut Reserva 2022,2022,4.0,2011,16.95,España,Cava,Sparkling
1109741,Recaredo,Intens Rosat Brut Nature 2022,2022,4.0,1691,35.85,España,Penedès,Sparkling
3596062,Codorníu,Ars Collecta Jaume Codorníu Gran Reserva Cava 2019,2019,4.1,1662,24.95,España,Cava,Sparkling
1157800,Llopart,Cava Microcosmos Rosé Brut Nature 2022,2022,4.0,1346,22.2,España,Cava,Sparkling
8060806,Recaredo,Corpinnat Terrers Brut Nature 2019,2019,4.1,1313,26.98,España,Penedès,Sparkling
5743972,Pinord,Dibon Brut Rosé Cava N.V.,N.V.,4.0,1266,8.95,España,Cava,Sparkling
3568748,Llopart,Cava Imperial Panoramic Gran Reserva Brut 2019,2019,4.0,1239,19.0,España,Cava,Sparkling
1748985,Raventós i Blanc,Blanc de Blancs 2022,2022,4.0,1184,16.46,España,Penedès,Sparkling
1142932,Llopart,Cava Leopardi Gran Reserva Brut Nature 2018,2018,4.1,1169,27.4,España,Cava,Sparkling
1234106,Can Paixano,Rosat Semi Sec N.V.,N.V.,4.1,1133,5.7,España,Penedès,Sparkling
2696113,Bodegas Muga,Conde de Haro Brut Reserva 2021,2021,4.2,1063,16.95,España,Cava,Sparkling
5737339,Micro Bio (MicroBio),Nieva York Pet-Nat 2023,2023,4.0,1009,22.0,España,Castilla y León,Sparkling
2743295,Rimarts,Martinez Cava Brut Nature Rosé 2023,2023,4.0,1009,14.4,España,Cava,Sparkling
1636506,Recaredo,Reserva Particular de Recaredo Gran Reserva Brut Nature 2017,2017,4.4,996,87.0,España,Penedès,Sparkling
2906169,Rimarts,Cava Gran Reserva 40 Brut Nature 2019,2019,4.0,972,17.67,España,Cava,Sparkling
6383280,Alta Alella,Mirgin Opus Brut Nature 2021,2021,4.2,957,34.0,España,Cava,Sparkling
5126760,Mestres,Cava  Clos Nostre Senyor Gran Reserva Brut Nature 2018,2018,4.2,936,41.51,España,Cava,Sparkling
1784087,Clos Lentiscus,Rosé Brut Nature 2020,2020,4.0,928,15.55,España,Penedès,Sparkling
2021861,Rimarts,Reserva Especial Chardonnay 2019,2019,4.0,864,21.5,España,Cava,Sparkling
5402414,Cueva,Ancestral Moscatel Brutal 2023,2023,4.0,828,20.5,España,Valencia,Sparkling
1808738,Llopart,Cava Original 1887 Brut Nature (Espumos) 2013,2013,4.3,821,63.9,España,Cava,Sparkling
2643603,Clos Lentiscus,Greco di Subur Blanc de Blancs Brut Nature 2019,2019,4.0,805,15.98,España,Penedès,Sparkling
10190306,Gramona,Les Tres Serres Innoble Corpinnat 2018,2018,4.0,799,27.1,España,Penedès,Sparkling
1210850,Gramona,III Lustros Brut Nature 2012,2012,4.1,766,37.05,España,Cava,Sparkling
2659130,Raventós i Blanc,Manuel Raventós 2018,2018,4.2,751,75.1,España,Penedès,Sparkling
1157799,Llopart,Cava Ex-Vite Gran Reserva Brut 2015,2015,4.4,749,54.35,España,Cava,Sparkling
1498354,Recaredo,Subtil Brut Nature Gran Reserva 2019,2019,4.1,719,39.9,España,Penedès,Sparkling
50504,Bodegas Ochoa,8A Moscato de Ochoa de Aguja Frizzante 2023,2023,4.1,719,13.15,España,Navarra,Sparkling
1136856,Juvé & Camps,Cava Gran Reserva Brut Nature Reserva de la Familia 2020,2020,4.0,703,47.1,España,Cava,Sparkling
3031673,Bertha,Cava Cardús Gran Reserva Brut Nature 2020,2020,4.0,697,19.5,España,Cava,Sparkling
1546037,Gramona,Cava Argent Gran Reserva Brut 2020,2020,4.2,685,37.95,España,Cava,Sparkling
2291902,Gramona,Cava Argent Gran Reserva Brut Nature Rosé 2021,2021,4.1,638,39.25,España,Cataluña,Sparkling
1258364,Naveran,Cava Cuvée Antonia Perles Rosés 2022,2022,4.0,610,17.9,España,Cava,Sparkling
1215772,Alta Alella,Laietà Gran Reserva Brut Nature 2019,2019,4.1,579,24.95,España,Cava,Sparkling
1610937,Raventós i Blanc,De Nit 2022,2022,4.0,575,19.47,España,Cataluña,Sparkling
11381767,Llopart,Panoramic Imperial Brut 2015,2015,4.0,569,23.95,España,Cava,Sparkling
3292118,Mestres,Damiana  Gran Reserva Brut Nature 2013,2013,4.3,566,74.9,España,Cava,Sparkling
5308906,Sabaté i Coca,Cava Reserva Familiar 2015,2015,4.2,552,38.9,España,Cava,Sparkling
3584160,Mestres,Mas Via Gran Reserva Brut 2009,2009,4.4,489,81.8,España,Cava,Sparkling
7337729,Recaredo,Reserva Particular de Recaredo Brut Nature 2017,2017,4.4,471,95.0,España,Penedès,Sparkling
1467149,Parés Baltà,Cusiné Rosa 2021,2021,4.0,458,31.05,España,Cava,Sparkling
5054424,Pere Ventura Cavas,Cava Vintage Rosé Brut Gran Reserva 2021,2021,4.1,453,35.9,España,Cava,Sparkling
1788482,Juvé & Camps,Cava Brut Milesimé 2020,2020,4.1,446,27.45,España,Cava,Sparkling
5974642,Albet i Noya,Clàssic Penedès Brut 21 2021,2021,4.1,410,23.95,España,Penedès,Sparkling
12401390,Celler Kripta,Icònic Gran Reserva 2017,2017,4.0,407,19.8,España,Cava,Sparkling
1241225,Torelló,225 Brut Nature Gran Reserva 2018,2018,4.0,401,29.6,España,Cava,Sparkling
3102613,Castell d'Encus,Taïka 2020,2020,4.1,398,48.75,España,Costers del Segre,Sparkling
3155381,Freixenet,Mia Pink Moscato N.V.,N.V.,4.1,387,5.37,España,Cataluña,Sparkling
2002240,Ca N'Estella,Cava Rabetllat i Vidal Brut Nature N.V.,N.V.,4.0,357,8.95,España,Cataluña,Sparkling
7317473,Loxarel,A Pèl Ancestral Barba-Roja 2022,2022,4.0,348,18.65,España,Penedès,Sparkling
7304938,AT Roca,Pedregar 2018,2018,4.1,344,23.8,España,Penedès,Sparkling
1414646,Naveran,Cuvée Antonia Perles Blanques 2023,2023,4.0,334,22.8,España,Cava,Sparkling
12651432,Gramona,Aliances La Cuvée Extra Brut 2021,2021,4.0,330,16.59,España,Cataluña,Sparkling
1109743,Recaredo,Serral del Vell Brut Nature 2018,2018,4.2,316,41.58,España,Penedès,Sparkling
6551342,Bufadors,Vinya del Rascarà Brut Nature 2019,2019,4.2,313,79.0,España,Cava,Sparkling
5799239,Bodegas Faustino,Cava Extra Brut N.V.,N.V.,4.0,313,8.42,España,Rioja Alavesa,Sparkling
4967234,Alta Alella,Laietà Gran Reserva Brut Nature Rosé 2020,2020,4.0,288,22.9,España,Cava,Sparkling
5013886,Vardon Kennett,Cuvée Esplendor Vinyes Propies 2015,2015,4.0,288,35.45,España,Penedès,Sparkling
6454637,Sabaté i Coca,Josep Coca Gran Reserva Brut Nature 2018,2018,4.0,282,24.3,España,Cava,Sparkling
7254661,Codorníu,Ars Collecta Gran Reserva Blanc de Noirs 2017,2017,4.0,282,22.35,España,Cava,Sparkling
10626216,Pardas,Corpinnat Hermós Brut Nature 2021,2021,4.0,282,27.4,España,Penedès,Sparkling
8927043,L'Enclòs de Peralba,Pèt-Nat Malvasia de Sitges 2025,2025,4.0,271,17.8,España,Cataluña,Sparkling
2398150,Carles Andreu,Cava Reserva Barrica Brut Nature 2021,2021,4.1,267,18.6,España,Cava,Sparkling
6019697,Lacrima Baccus,Cava Summum Brut Nature N.V.,N.V.,4.0,266,10.5,España,Cava,Sparkling
2702142,Rovellats,Cava Masia Segle XV Gran Reserva Brut Nature 2016,2016,4.1,263,33.0,España,Cava,Sparkling
7520939,Bodega Doña Felisa,Cloe Brut Nature 2022,2022,4.0,261,23.38,España,Andalucía,Sparkling
1235879,Agusti Torello Mata,Cava Gran Reserva Barrica 2018,2018,4.0,257,24.02,España,Cava,Sparkling
11041854,Finca Nadal de la Boadella,Corpinnat Edició Especial Brut Nature 2017,2017,4.0,253,43.35,España,Cataluña,Sparkling
11194621,Codorníu,Ars Collecta Josep Raventós Gran Reserva Brut 2015,2015,4.1,250,32.4,España,Cava,Sparkling
10967734,Albamar,Ancestral 2022,2022,4.1,243,45.0,España,Rías Baixas,Sparkling
1443875,Canals & Munné,Cava Gran Duc Gran Reserva Brut Nature 2019,2019,4.2,240,35.5,España,Cava,Sparkling
2043864,Ca N'Estella,Cava Rabetllat I Vidal Gran Reserva Brut Nature 2021,2021,4.1,237,14.2,España,Cava,Sparkling
12234254,Bodegas Luis Perez,El Corregidor de Carrascal 2021,2021,4.2,227,34.2,España,Andalucía,Sparkling
9744468,Mustiguillo,Calvestra Brut Nature 2014,2014,4.2,219,34.9,España,El Terrerazo,Sparkling
11469980,Colet,Navazos Brut Nature 2022,2022,4.0,218,29.7,España,Clàssic Penedès,Sparkling
1996352,Bertha,Cava S.XXI Gran Reserva Brut Nature 2016,2016,4.1,212,27.9,España,Cava,Sparkling
1843862,Oriol Rossell,Cava Reserva de la Propietat Gran Reserva Brut Nature 2017,2017,4.0,209,36.06,España,Cava,Sparkling
7251770,Miquel Pons,Montargull Gran Reserva Xarel·lo Barrica Brut Nature 2022,2022,4.0,199,16.95,España,Cava,Sparkling
7193854,Codorníu,Ars Collecta Gran Reserva Blanc de Blancs 2021,2021,4.0,194,17.95,España,Cava,Sparkling
5233703,Maria Rigol Ordi,Cava Mil.Lenni Reserva Brut Nature 2019,2019,4.0,186,18.97,España,Cava,Sparkling
1247309,Agusti Torello Mata,Cava Kripta Gran Reserva Brut Nature 2016,2016,4.3,186,66.04,España,Cava,Sparkling
2955348,Partida Creus,XL Ancestral 2023,2023,4.0,185,26.6,España,Cataluña,Sparkling
3334133,Guilera,Musivari Gran Reserva Brut Nature 2007,2007,4.2,180,27.79,España,Cava,Sparkling
11252991,Juvé & Camps,Cava Milesimé Xarel-lo Olivera Brut Nature 2018,2018,4.0,179,29.3,España,Cava,Sparkling
4998630,Oliver Viticultors,Cava Gemma Gran Reserva Brut Nature 2020,2020,4.0,179,15.99,España,Cava,Sparkling
10831461,Canals & Munné,ADN Canals Gran Reserva Cava Brut Nature 2021,2021,4.0,178,14.95,España,Cava,Sparkling
2006180,Rimarts,Cava Rosae 2018,2018,4.0,178,26.95,España,Cava,Sparkling
7680186,Heretat Mas Tinell,Cava Carpe Diem Gran Reserva Brut Nature 2019,2019,4.0,176,24.5,España,Cava,Sparkling
6314888,Rimarts,Uvae Cava Gran Reserva 2016,2016,4.3,170,42.34,España,Cava,Sparkling
1476982,Gramona,Cava Celler Batlle 2011,2011,4.4,169,166.28,España,Cava,Sparkling
9125117,Juvé & Camps,Cava Gran Reserva Brut Nature Singular Xarel-lo 2016,2016,4.0,163,24.75,España,Cava,Sparkling
1396725,Pere Mata,Cava L'Ensamblatge N.V.,N.V.,4.0,163,15.0,España,Cava,Sparkling
2206326,Colet,Assemblage Extra Brut 2018,2018,4.1,161,29.95,España,Penedès,Sparkling
7839657,LMT Wines,Kimera Espumoso Ancestral Garnatxa 2022,2022,4.1,161,15.5,España,Navarra,Sparkling
1818542,Raventós i Blanc,De La Finca 2021,2021,4.1,160,24.03,España,Penedès,Sparkling
7681957,Oriol Rossell,Cava Ariadna Gran Reserva Brut Nature 2019,2019,4.2,159,23.5,España,Cava,Sparkling
12843530,Gramona,Corpinnat Roent Rosé 2020,2020,4.0,158,23.95,España,Penedès,Sparkling
6755523,Juvé & Camps,Milesimé Gran Reserva Rosé 2019,2019,4.1,157,34.5,España,Cava,Sparkling
1574315,Bertha,Cava S.XXI Gran Reserva Brut Rosé 2019,2019,4.0,154,24.49,España,Cava,Sparkling
7887525,Can Ràfols dels Caus,Clímax Brut Nature 2022,2022,4.1,149,23.5,España,Vino de España,Sparkling
6700181,Carles Andreu,L'Era del Celdoni Gran Reserva 2016,2016,4.3,147,30.7,España,Cava,Sparkling
9286232,La Mundial Barcelona,Rosalea Frizzante N.V.,N.V.,4.1,140,8.8,España,Cataluña,Sparkling
6560754,Juvé & Camps,Cava La Capella Brut Nature 2011,2011,4.4,140,94.8,España,Cava,Sparkling
12259883,Julia Bernet,Corpinnat Feixes de la Font Brut Nature 2022,2022,4.1,135,20.9,España,Cataluña,Sparkling
11725546,Gramona,Ca La Mar Mustillant Rosat 2023,2023,4.0,132,8.57,España,Penedès,Sparkling
9142459,Descregut,Memória Corpinnat Brut Nature 2018,2018,4.0,130,24.95,España,Penedès,Sparkling
1215960,Jaume Giro i Giro,Grandalla Gran Reserva Brut 2020,2020,4.2,129,32.07,España,Cava,Sparkling
1916734,Rimarts,Cava Uvae 2016,2016,4.4,126,38.5,España,Cava,Sparkling
9747917,Bufadors,Les Voranes Corpinnat Brut Nature 2019,2019,4.0,125,29.9,España,Cava,Sparkling
2404385,Bertha,Cava Max Gran Reserva 2008,2008,4.0,123,34.09,España,Cava,Sparkling
6689259,Julia Bernet,Maria Bernet Brut Nature 2014,2014,4.4,121,69.0,España,Cava,Sparkling
7640317,Anima Mundi,Noguer Baix 2022,2022,4.0,121,23.5,España,Cataluña,Sparkling
9073999,Recaredo,Corpinnat Subtil Brut Nature 2019,2019,4.1,121,41.9,España,Cava,Sparkling
2342717,Giró Ribot,Cava Unplugged Brut 2019,2019,4.0,120,23.03,España,Cava,Sparkling
10272799,Albet i Noya,Efecte Ancestral Clàssic Penedès Reserva Brut Natural 2021,2021,4.0,117,16.99,España,Clàssic Penedès,Sparkling
7249676,Codorníu,Ars Collecta Gran Reserva Grand Rosé 2021,2021,4.0,116,19.87,España,Cava,Sparkling
6465614,Codorníu,Cava La Pleta Chardonnay 2013,2013,4.2,116,60.0,España,Cava,Sparkling
10610432,Albet i Noya,El Corral Cremat Brut 2014,2014,4.4,115,66.5,España,Clàssic Penedès,Sparkling
4349771,Mestres,Elena de Mestres Gran Reserva Brut Nature Rosé 2020,2020,4.0,115,28.9,España,Cava,Sparkling
5096049,Raventós i Blanc,Textures de Pedra Blanc de Negres 2018,2018,4.1,111,31.88,España,Penedès,Sparkling
11777804,Can Matons,Titiana de Can Matons Pinot Noir Brut Rosé 2019,2019,4.0,111,17.95,España,Alella,Sparkling
7751338,Bertha,Cava Ivette Classic Cuvée Brut Reserva 2022,2022,4.0,108,11.5,España,Cava,Sparkling
6543237,Guillem Carol - Cellers Carol Vallès,Cava Ecològic Pit-Roig Reserva Brut Nature Rosat 2022,2022,4.0,107,20.5,España,Cava,Sparkling
11538322,Juvé & Camps,Cava Milesimé Blanc de Noirs Rieral Brut 2019,2019,4.2,104,35.0,España,Cava,Sparkling
7369744,Torelló,Gran Torello Brut Nature Corpinnat 2016,2016,4.0,102,34.95,España,Vino de España,Sparkling
12342006,Julia Bernet,Corpinnat Barraca dels Coscons Brut Nature 2019,2019,4.1,99,23.6,España,Cataluña,Sparkling
5037,Freixenet,Cava Reserva Malvasia 2014,2014,4.1,95,10.49,España,Cava,Sparkling
1669077,Pere Ventura Cavas,Cava Vintage Brut Gran Reserva 2017,2017,4.2,93,34.9,España,Cava,Sparkling
6435065,Jané Ventura,Cava Gran Reserva Brut Nature 2018,2018,4.0,90,15.49,España,Cava,Sparkling
9223954,Vendrell Olivella,El Mural 2023,2023,4.0,85,19.89,España,Cava,Sparkling
11755678,Castell d'Or,Cava Imperial Gran Reserva Brut Nature 2020,2020,4.1,84,13.58,España,Cava,Sparkling
8399445,Sabaté i Coca,Josep Coca Corpinnat Brut Nature 2019,2019,4.0,83,26.55,España,Cava,Sparkling
2969642,Mont-Ferrant,AgustÍ Vilaret 2008,2008,4.0,83,24.48,España,Cava,Sparkling
1193683,Parxet,Cava Brut Nature 2020,2020,4.0,82,19.05,España,Cava,Sparkling
7333840,Bodegas La Rodetta,AC Frizzante 2024,2024,4.0,82,6.55,España,Rioja,Sparkling
2376558,Mas Bertran,Argila Reserva Brut Nature Rosé 2018,2018,4.1,82,30.78,España,Penedès,Sparkling
1178951,Naveran,Cava Perles Rosés Pinot Noir Millesime 2022,2022,4.1,80,22.8,España,Cava,Sparkling
12089792,Julia Bernet,Corpinnat Camí dels Vidriers Brut Nature Rosat 2022,2022,4.1,77,24.03,España,Cataluña,Sparkling
8602032,Can Ràfols dels Caus,Clímax Rosé Brut Nature 2022,2022,4.1,73,25.5,España,Cataluña,Sparkling
5844807,Finca Nadal de la Boadella,Salvatge Reserva Rosé 2018,2018,4.0,71,22.69,España,Cava,Sparkling
1179511,Colet,Navazos Reserva Extra Brut 2011,2011,4.2,71,90.0,España,Penedès,Sparkling
4023543,Alta Alella,Bruant 2022,2022,4.1,69,18.9,España,Cava,Sparkling
1462106,Vins El Cep,Cava Claror Gran Reserva Brut Nature 2014,2014,4.1,63,44.25,España,Cava,Sparkling
5160180,Titiana,Montalegre 2011,2011,4.2,62,30.89,España,Cava,Sparkling
5691073,Marqués de la Concordia,Gran Reserva Brut Nature 2015,2015,4.0,61,11.99,España,Cava,Sparkling
12401392,Celler Kripta,Cava Franc Brut Reserva 2021,2021,4.0,60,12.64,España,Cava,Sparkling
1821336,Juvé & Camps,Cava Gran Reserva La Capella Brut 2010,2010,4.3,60,93.9,España,Cava,Sparkling
12978874,Recaredo,Corpinnat L'Infinit Rosat Brut Nature 2021,2021,4.1,58,41.07,España,Penedès,Sparkling
11781386,La Fita,Ancestral 2024,2024,4.0,57,16.75,España,Penedès,Sparkling
9388054,Eruendi,Cava Gran Reserva Brut Nature 2018,2018,4.1,57,19.9,España,Cava,Sparkling
1869021,Heretat Mas Tinell,Cava Reserva Brut Real 2016,2016,4.0,55,14.95,España,Cava,Sparkling
9764587,Les Cantarelles - Nuria Renom,Adda 2021,2021,4.0,54,15.0,España,Cataluña,Sparkling
9697315,Can Ràfols dels Caus,Cava Parisad Gran Reserva Brut Nature 2016,2016,4.0,54,27.0,España,Cava,Sparkling
9697316,Can Ràfols dels Caus,Blanc de Negres Brut Nature 2015,2015,4.1,54,22.99,España,Cataluña,Sparkling
7285629,Recaredo,Finca Serral del Vell Brut de Brut Nature Gran Reserva 2016,2016,4.1,53,90.76,España,Penedès,Sparkling
1915333,Parés Baltà,Cava Blanca Cusiné 2019,2019,4.1,53,25.9,España,Cava,Sparkling
6332557,Oriol Rossell,Cava Mitic 1908 Gran Reserva Brut Nature 2019,2019,4.0,52,15.91,España,Cava,Sparkling
1622570,Juvé & Camps,Cava Gran Reserva Brut 2018,2018,4.1,52,36.9,España,Cava,Sparkling
9492915,Vilarnau,Albert de Vilarnau Gran Reserva Fermentado en Castaño 2016,2016,4.0,52,38.45,España,Cava,Sparkling
1454604,Dominio de la Vega,Cava Reserva Especial Brut 2021,2021,4.1,51,19.95,España,Cava,Sparkling
7649007,Codorníu,Gran Plus Ultra Pinot Noir Brut 2016,2016,4.1,51,17.3,España,Cava,Sparkling
11759449,AA Privat,Atelier Gran Reserva 2021,2021,4.1,51,25.5,España,Cava,Sparkling
1295891,Pago de Tharsys,Millésime Brut Reserva 2022,2022,4.1,50,20.9,España,Cava,Sparkling
2708510,Mas Bertran,Argila Reserva 3 Anys Brut Nature 2013,2013,4.2,50,33.53,España,Penedès,Sparkling
10695222,Nin-Ortiz,Selmot Ancestral 2023,2023,4.0,49,25.41,España,Priorato,Sparkling
11381033,Mascaró,Cava Indòmit Gran Reserva Blanc de Noirs Brut Nature 2019,2019,4.0,49,19.75,España,Cava,Sparkling
1797114,Hispano Suizas,Cava Tantum Ergo Pinot Noir Brut Nature 2022,2022,4.0,49,27.9,España,Cava,Sparkling
11290429,Vinyes Singulars,Menaixatruà 2022,2022,4.0,49,17.06,España,Penedès,Sparkling
1157820,Llopart,Cava Integral Brut Nature 2021,2021,4.0,49,38.02,España,Cava,Sparkling
10209522,Sandara,Premium White Moscato N.V.,N.V.,4.0,48,4.9,España,Vino de España,Sparkling
8054115,Gramona,Argent Corpinnat Brut 2021,2021,4.3,48,37.9,España,Cava,Sparkling
13201706,Albet i Noya,Entorns Reserva Brut Nature Organic 2023,2023,4.0,47,10.99,España,Clàssic Penedès,Sparkling
2279649,Avinyó,Cava La Ticota Selecció Gran Reserva 2017,2017,4.2,46,21.6,España,Cava,Sparkling
7197353,Dominio de la Vega,Pinarejo Cuvée Prestige Reserva Brut Nature 2019,2019,4.2,45,27.6,España,Cava,Sparkling
8117659,Torelló,515 Collection Brut Nature 2014,2014,4.3,44,116.6,España,Cava,Sparkling
2195053,Duran,Cava Gran Reserva Brut Rosé 2020,2020,4.1,43,18.25,España,Cataluña,Sparkling
11289728,Juvé & Camps,Cava Milesimé Chardonnay Can Rius Brut 2020,2020,4.1,43,27.5,España,Cava,Sparkling
7759727,Aymar Wines,Reserva Clàssic Extra Brut Rosé 2017,2017,4.1,42,11.65,España,Penedès,Sparkling
10603682,Mas Llunes,Encis de Lluna Brut Nature 2021,2021,4.0,42,11.86,España,Empordà,Sparkling
6798372,Alsina & Sarda,Cava Mas Barrica Brut Nature Reserva 2018,2018,4.1,41,10.6,España,Cava,Sparkling
13527937,Can Sumoi,Muntanya 2024,2024,4.0,41,13.49,España,Penedès,Sparkling
11543580,Pandemonium,Blanco de Blancas 2021,2021,4.1,40,41.14,España,Rioja,Sparkling
10556626,Batlliu de Sort,Aulesa Mètode Ancestral 2024,2024,4.2,40,15.35,España,Cataluña,Sparkling
1233169,Analec,Sort Abril Reserva 2020,2020,4.0,39,10.75,España,Costers del Segre,Sparkling
12072456,Casa Rojo,Tokyo Gomez Rojo Brut Nature 2019,2019,4.1,38,95.85,España,Vino de España,Sparkling
12429890,Celler Kripta,Barrica Gran Reserva 2019,2019,4.1,37,25.0,España,Cava,Sparkling
12314892,Julia Bernet,Corpinnat Serres d'Ordal Ú Brut Nature 2023,2023,4.1,37,17.8,España,Cataluña,Sparkling
7325983,Torelló,Cava Gran Torelló Brut Nature 2016,2016,4.1,36,34.25,España,Cava,Sparkling
1646169,Freixenet,Cava Cuvee D.S. de Prestige Gran Reserva Brut 2019,2019,4.1,36,15.17,España,Cava,Sparkling
10608736,AT Roca,Finca Els Gorgs Vinyes Velles Clàssic Penedès Brut Nature 2014,2014,4.2,35,36.95,España,Clàssic Penedès,Sparkling
10990563,Casajou,Vinya La Caldereta Brut Nature 2021,2021,4.0,35,27.85,España,Cataluña,Sparkling
6298558,Codorníu,Cava El Tros Nou Pinot Noir 2010,2010,4.4,35,60.0,España,Cava,Sparkling
7730356,Marqués de Gelida,Clos Gelida 4 Heretats Cava Brut Nature Gran Reserva 2019,2019,4.1,35,16.49,España,Cava,Sparkling
7664535,Moli Parellada,Mercat Cava Reserva Brut Nature 2020,2020,4.0,35,11.5,España,Cava,Sparkling
12041422,Rovellats,Cava Comtats de Barcelona Original Gran Reserva Brut Nature 2019,2019,4.0,34,16.75,España,Cava,Sparkling
1984165,Freixenet,Cava Cuvée De Prestige Malvasia 2014,2014,4.0,34,13.2,España,Cava,Sparkling
10071838,Vilarnau,Albert de Vilarnau Gran Reserva Chardonnay - Pinot Noir 2017,2017,4.0,34,36.7,España,Cataluña,Sparkling
6328794,Torelló,Cava 225 Brut Nature 2018,2018,4.0,34,27.33,España,Cava,Sparkling
11378060,Mas Gomà,L'Arc 2013,2013,4.2,32,30.52,España,Cataluña,Sparkling
1264970,Bertha,Cava Reserva Brut Nature 2022,2022,4.0,32,12.95,España,Cava,Sparkling
10701738,Bodegas Valdemar,Conde de Valdemar Finca Alto Cantabria Brut Nature 2017,2017,4.1,31,64.0,España,Rioja,Sparkling
6398474,Can Sumoi,Ancestral Montonega 2024,2024,4.0,31,14.2,España,Cataluña,Sparkling
1238807,Duran,Cava Gran Reserva Brut 2021,2021,4.2,30,13.9,España,Cava,Sparkling
2104093,Titiana,Brut Nature 2014,2014,4.0,30,16.99,España,Cava,Sparkling
1654331,Clos Lentiscus,Sumoll Reserva Familia Blanc de Noirs 2018,2018,4.0,29,19.25,España,Penedès,Sparkling
6298600,Codorníu,Cava La Fideuera Xarel-lo 2014,2014,4.4,29,60.0,España,Cava,Sparkling
12081208,Colet,Navazos Reserva Brut Nature 2020,2020,4.1,28,35.55,España,Clàssic Penedès,Sparkling
11543565,Pandemonium,Blanco de Tintas 2021,2021,4.1,27,45.9,España,Rioja,Sparkling
2230912,Guillem Carol - Cellers Carol Vallès,Cava Gran Reserva Brut Nature 2019,2019,4.0,27,13.5,España,Cava,Sparkling
11921745,Campestral,Pet-Nat Ancestral Blanco 2021,2021,4.0,26,15.55,España,Cádiz,Sparkling
10539328,Mestres,Cava 1312 Rosat 2021,2021,4.1,25,21.0,España,Cava,Sparkling
12396440,Huguet de Can Feixes,Corpinnat Reserva 5 Anys Brut Nature 2018,2018,4.0,25,19.95,España,Cataluña,Sparkling
1289461,Juvé & Camps,Cava Reserva Brut Milesimé 2019,2019,4.0,1783,27.9,España,Cava,Sparkling
7314675,Huguet de Can Feixes,Corpinnat Brut Nature 2019,2019,4.1,948,17.9,España,Penedès,Sparkling
7902135,Llopart,Corpinnat Leopardi Brut Nature 2018,2018,4.1,751,24.6,España,Cataluña,Sparkling
1886252,Sumarroca,Cava Núria Claverol N.V.,N.V.,4.0,533,29.96,España,Cava,Sparkling
7303149,Torelló,Pal.Lid Corpinnat 2022,2022,4.0,411,16.95,España,Cava,Sparkling
2276628,Heretat Mas Tinell,Cristina Gran Reserva Extra Brut 2019,2019,4.1,317,21.5,España,Cava,Sparkling
1157823,Llopart,Cava Brut Nature Reserva 2016,2016,4.0,314,27.0,España,Cava,Sparkling
7504674,Mas Candi,Indomable Corpinnat Brut Nature 2018,2018,4.1,278,25.3,España,Cataluña,Sparkling
5141297,Canals Canals,Cava Reserva Rosé 2017,2017,4.1,256,10.58,España,Cava,Sparkling
4626355,Vallformosa,150 Cava Gran Reserva 2020,2020,4.3,171,34.95,España,Cava,Sparkling
6723832,Pago de Tharsys,Millésime Barrica Brut Nature Reserva 2022,2022,4.0,170,24.5,España,Cava,Sparkling
5244894,Partida Creus,BB (Brutal Bestial) 2018,2018,4.1,155,62.3,España,Cataluña,Sparkling
8329414,Heretat Mas Tinell,Cava Brut Real Gran Reserva 2015,2015,4.0,144,15.0,España,Cava,Sparkling
2250425,Clos Lentiscus,Xarel-lo Xpressió 2020,2020,4.0,143,18.75,España,Penedès,Sparkling
7464883,Sicus,Cru Blanc 2013,2013,4.2,142,35.5,España,Cataluña,Sparkling
1233173,Rimarts,Cava Reserva 24 Brut Nature 2019,2019,4.0,137,13.14,España,Cava,Sparkling
1301927,Juvé & Camps,Cava Reserva Blanc de Noirs Pinot Noir 2017,2017,4.1,134,31.27,España,Cava,Sparkling
17405,Loxarel,Reserva Familiar Brut Nature 2018,2018,4.0,131,23.0,España,Penedès,Sparkling
4585687,Heretat Mas Tinell,Cava Nature Gran Reserva 2014,2014,4.1,119,17.0,España,Cava,Sparkling
5953983,Partida Creus,GT Ancestral 2019,2019,4.1,118,69.9,España,Cataluña,Sparkling
2071377,Jaume Giro i Giro,Cava Bombonetta Gran Reserva Brut 2021,2021,4.2,114,26.8,España,Cava,Sparkling
2528083,Martín Faixó,Cava Sa Perafita Brut Nature 2020,2020,4.1,110,14.64,España,Cava,Sparkling
1680159,Jaume Giro i Giro,Cava Selecte Gran Reserva 2015,2015,4.1,109,29.8,España,Cataluña,Sparkling
1602284,Mestres,Clos Nostre Senyor Gran Reserva Premium Criança Barrica 2018,2018,4.1,106,33.01,España,Cava,Sparkling
6447942,Clos Lentiscus,Syrah Collecció CRV Rosé Brut Nature 2017,2017,4.2,97,16.3,España,Penedès,Sparkling
4380215,Oliveda,Cava Batec 2015,2015,4.1,89,17.95,España,Cava,Sparkling
9420787,Vegalfaro,Cava Gran Reserva Brut Nature 2019,2019,4.0,86,13.91,España,Cava,Sparkling
5511623,Pere Ventura Cavas,Gran Vintage Cava de Paraje Gran Reserva Brut 2015,2015,4.2,81,89.0,España,Cava,Sparkling
2447865,Vilarnau,Albert de Vilarnau Chardonnay - Pinot Noir 2016,2016,4.2,77,32.4,España,Cava,Sparkling
2748033,Vega de Ribes,Ancestral Malvasia de Sitges Brut 2019,2019,4.0,75,18.0,España,Penedès,Sparkling
4281774,Codorníu,Gran Codorníu Gran Reserva Finca la Pleta Chardonnay Brut Cava 2010,2010,4.2,68,55.4,España,Cava,Sparkling
3976742,Freixenet,Cava Cuvée D.S. Gran Reserva Brut 2019,2019,4.0,62,9.4,España,Cava,Sparkling
1750656,Finca Nadal de la Boadella,RNG Gran Reserva Brut 2016,2016,4.2,54,26.95,España,Cava,Sparkling
5932760,Juvé & Camps,Cava Reserva de La Familia Brut Nature 2018,2018,4.0,54,18.6,España,Cava,Sparkling
12471043,Cosmic,Les Fades del Calcari 2024,2024,4.0,49,16.2,España,Cataluña,Sparkling
1995743,Vega de Ribes,Ancestral Xarel-lo Brut 2009,2009,4.1,47,14.6,España,Penedès,Sparkling
8030958,Gatell,Heritage Gran Reserva Brut Nature 2017,2017,4.1,46,21.5,España,Cava,Sparkling
1692806,Parató,Cava Elias Terns Gran Reserva Brut Nature 2006,2006,4.0,45,33.4,España,Cava,Sparkling
11503097,Casajou,Vinya La Teixonera Brut Nature 2023,2023,4.0,44,26.35,España,Cataluña,Sparkling
7511497,Gatell,Ambrosía Reserva Brut Nature 2017,2017,4.0,44,15.85,España,Cava,Sparkling
8763558,Huguet de Can Feixes,Corpinnat Reserva Brut Nature 2021,2021,4.0,40,20.15,España,Cataluña,Sparkling
5199110,AT Roca,Vinya Esparter Reserva Barrica 2014,2014,4.0,31,20.57,España,Penedès,Sparkling
13082,Pinord,Cava Gran Reserva Brut Nature Millésime Marrugat 2018,2018,4.1,27,11.79,España,Cava,Sparkling
7632187,Finca Nadal de la Boadella,Salvatge Brut Nature 2015,2015,4.1,26,25.95,España,Cataluña,Sparkling
8876262,Pere Ventura Cavas,Cava Tresor Gran Reserva Brut Nature 2021,2021,4.0,26,24.9,España,Cava,Sparkling
1986001,Heretat Mas Tinell,Cava Reserva Brut Rosé 2020,2020,4.0,25,20.0,España,Cava,Sparkling
3337294,Monastell,Mas Xarot Gran Reserva Brut Nature 2017,2017,4.1,25,12.95,España,Cava,Sparkling
1135811,Freixenet,Cava Cordón Negro Brut N.V.,N.V.,3.6,20833,8.39,España,Cava,Sparkling
5063,Segura Viudas,Cava Reserva Heredad Brut ,,3.9,19724,20.7,España,Cava,Sparkling
1141122,Freixenet,Cava Carta Nevada Brut N.V.,N.V.,3.6,16281,6.79,España,Cava,Sparkling
2097413,Freixenet,Cava Carta Nevada Premium Semi Dry (Semi-Seco) N.V.,N.V.,3.8,15023,6.79,España,Cataluña,Sparkling
1285851,Villa Conchi,Cava Brut Selección N.V.,N.V.,3.7,11315,10.0,España,Cava,Sparkling
5055,Segura Viudas,Cava Brut Reserva N.V.,N.V.,3.6,9711,9.25,España,Cava,Sparkling
1172358,Juvé & Camps,Cava Reserva Brut Cinta Purpura 2021,2021,3.7,7081,13.9,España,Cava,Sparkling
1132938,Castillo Perelada,Cava Brut Reserva N.V.,N.V.,3.5,5511,7.95,España,Cava,Sparkling
4303295,Freixenet,Ice Cuvée Especial N.V.,N.V.,3.8,5314,8.8,España,Cava,Sparkling
1553618,Freixenet,Mia Moscato N.V.,N.V.,3.8,5287,5.37,España,Cataluña,Sparkling
1174061,Agusti Torello Mata,Cava Reserva Brut 2021,2021,3.8,4836,18.7,España,Cava,Sparkling
5985802,Freixenet,Elyssia Gran Cuvée De Prestige Brut N.V.,N.V.,3.8,4729,11.43,España,Cava,Sparkling
1202246,Pinord,Dibón Brut Reserve Cava N.V.,N.V.,3.7,4143,7.9,España,Cava,Sparkling
1148751,MVSA de Vallformosa,Cava Brut N.V.,N.V.,3.5,3588,6.65,España,Cava,Sparkling
1223535,Anna de Codorniu,Brut Rosé N.V.,N.V.,3.6,3572,8.63,España,Cava,Sparkling
2037918,Roger Goulart,Cava Reserva Brut 2022,2022,3.7,3466,9.95,España,Cava,Sparkling
5044,Freixenet,Cava Gran Carta Nevada N.V.,N.V.,3.6,3037,6.79,España,Cava,Sparkling
1199855,Freixenet,Elyssia Pinot Noir Brut N.V.,N.V.,3.7,2865,11.4,España,Cava,Sparkling
2368033,Mistinguett,Cava Brut N.V.,N.V.,3.5,2824,8.5,España,Cava,Sparkling
1149909,Yllera,5.5 Verdejo Frizzante N.V.,N.V.,3.8,2748,7.45,España,Castilla y León,Sparkling
5028941,Cune (CVNE),Cava Brut N.V.,N.V.,3.6,2267,13.5,España,Cava,Sparkling
5609225,Freixenet,Cuvée Especial Ice Rosé N.V.,N.V.,3.8,2251,8.8,España,Cava,Sparkling
5159591,Roger Goulart,Cava Coral Brut Rosé 2023,2023,3.7,2182,10.33,España,Cava,Sparkling
6923376,Els Vinyerons,Cava Pregadéu Xarel-Lo Brut Nature 2024,2024,3.9,2179,11.9,España,Cava,Sparkling
11160867,Félix Solís,Mucho Más Sparkling N.V.,N.V.,3.9,2155,3.0,España,Vino de España,Sparkling
5057,Segura Viudas,Cava Brut Rosado N.V.,N.V.,3.5,2058,9.4,España,Cava,Sparkling
2157364,Lolea,No. 2 White Sangria Frizzante N.V.,N.V.,3.9,1963,9.25,España,Aragón,Sparkling
4195421,Celler la Salada,Tinc Set 2024,2024,3.7,1938,13.2,España,Penedès,Sparkling
4667055,Sandara,Sparkling Passionate Bubbles Rosado N.V.,N.V.,3.8,1936,4.99,España,Valencia,Sparkling
2572685,Juvé & Camps,Reserva Essential Xarel-lo 2021,2021,3.8,1877,14.4,España,Cava,Sparkling
76638,Parxet,Cava Cuvée 21 Brut 2024,2024,3.7,1819,15.25,España,Cava,Sparkling
5039,Freixenet,Cava Reserva Barroco Brut N.V.,N.V.,3.6,1797,9.5,España,Cava,Sparkling
1620664,Mar de Frades,Brut Nature N.V.,N.V.,3.9,1786,20.5,España,Rías Baixas,Sparkling
1136819,Codorníu,Gran Plus Ultra Reserva Brut Nature Cava 2021,2021,3.6,1780,17.46,España,Cava,Sparkling
1245847,Naveran,Cava Vintage Brut 2023,2023,3.9,1728,12.8,España,Cava,Sparkling
1470178,Pago de Tharsys,Cerámica Brut Nature Gran Reserva N.V.,N.V.,3.7,1715,26.85,España,Cava,Sparkling
1225716,Raimat,Cava Chardonnay - Xarel-lo Brut Nature N.V.,N.V.,3.5,1705,9.15,España,Cava,Sparkling
1201272,Vilarnau,Brut Reserva 2022,2022,3.5,1684,12.25,España,Cava,Sparkling
2208810,Jané Ventura,Reserva de la Música Brut Nature 2020,2020,3.7,1665,25.15,España,Cava,Sparkling
2554483,Parxet,Cava Brut N.V.,N.V.,3.6,1651,11.75,España,Cava,Sparkling
1366324,Castillo Perelada,Cava Brut Nature Reserva Gran Claustro 2021,2021,3.8,1649,19.9,España,Cava,Sparkling
4006853,Dominio de la Vega,Cava Brut Expression Reserva 2022,2022,3.8,1615,8.73,España,Cava,Sparkling
2683336,Anna de Codorniu,Blanc de Noirs Brut N.V.,N.V.,3.6,1612,10.5,España,Cava,Sparkling
6521436,Bodegas Marqués de Cáceres,Cava Brut N.V.,N.V.,3.7,1585,7.82,España,Penedès,Sparkling
2300132,Castelo de Pedregosa,Cava Reserva Clos 2022,2022,3.6,1556,8.49,España,Cava,Sparkling
4734432,Bodegas Martín Códax,Alma Atlántica Atlantic Bubbles Albariño N.V.,N.V.,3.9,1528,8.9,España,Rías Baixas,Sparkling
1182204,Torelló,Brut Nature Gran Reserva 2019,2019,3.8,1491,19.7,España,Cava,Sparkling
2500600,Reymos,Amatista Moscato Blanco N.V.,N.V.,3.9,1473,5.25,España,Valencia,Sparkling
1272332,Pere Ventura Cavas,Cava Tresor Brut Rosé N.V.,N.V.,3.7,1432,18.0,España,Cava,Sparkling
8143270,Torelló,Finca Can Martí Brut Corpinnat 2019,2019,3.8,1415,23.0,España,Cava,Sparkling
1766902,Freixenet,Cava Cuvée De Prestige Trepat 2023,2023,3.9,1365,15.4,España,Cava,Sparkling
2356271,Roger Goulart,Cava Reserva Brut Nature 2022,2022,3.8,1325,12.6,España,Cava,Sparkling
2379878,Oriol Rossell,Cava Cuvée Especial Brut 2021,2021,3.5,1316,10.45,España,Cava,Sparkling
1381108,Bohigas,Reserva Cava Brut Nature N.V.,N.V.,3.7,1286,12.95,España,Cava,Sparkling
7319800,Sabaté i Coca,Mosset Corpinnat Brut Nature 2021,2021,3.9,1273,18.4,España,Cava,Sparkling
2470290,Naveran,Cava Brut Rosé 2022,2022,3.9,1230,12.65,España,Cava,Sparkling
6167338,Vilarnau,Cava Delicat Reserva Rosé 2022,2022,3.8,1213,16.12,España,Cava,Sparkling
6876870,Roger Goulart,Cava Gran Reserva Brut 2021,2021,3.9,1198,16.0,España,Cava,Sparkling
1253307,Castillo Perelada,Cava Brut Nature Cuvée Especial 2023,2023,3.6,1189,9.95,España,Cava,Sparkling
1199817,Bach,Gran Bach Brut N.V.,N.V.,3.5,1182,6.65,España,Cava,Sparkling
3141749,U MES U,Cava Brut N.V.,N.V.,3.6,1165,9.32,España,Cava,Sparkling
1167287,Castillo Perelada,Cava Semi Sec N.V.,N.V.,3.6,1160,6.4,España,Cava,Sparkling
1779933,Canals Canals,Cava Marta Brut 2022,2022,3.8,1131,11.42,España,Cava,Sparkling
3833665,Casa Rojo,Moltó Negre Cava Brut N.V.,N.V.,3.7,1067,19.0,España,Cava,Sparkling
1385658,Codorníu,Clasico Cava Brut Rosado N.V.,N.V.,3.6,1065,6.75,España,Cava,Sparkling
1266381,Gramona,Mustillant Blanc N.V.,N.V.,3.5,1058,7.95,España,Penedès,Sparkling
1423983,Hispano Suizas,Tantum Ergo Cava Brut Nature N.V.,N.V.,3.9,1049,47.9,España,Cava,Sparkling
5552550,Loxarel,Ancestral A Pèl 2022,2022,3.9,975,18.6,España,Penedès,Sparkling
2013261,Parxet,Cava Reserva Brut 2021,2021,3.7,965,12.95,España,Cava,Sparkling
4884253,Codorníu,Zero Alcohol Free Sparkling White N.V.,N.V.,3.5,964,6.96,España,Castilla,Sparkling
2470438,Codorníu,Clasico Cava Semi Seco N.V.,N.V.,3.5,956,6.65,España,Cava,Sparkling
5807759,Masia Salat,Cava Brut Nature N.V.,N.V.,3.6,953,6.95,España,Cava,Sparkling
1770730,Botani,Sparkling Muscat 2024,2024,3.9,948,17.65,España,Málaga,Sparkling
4311421,Mestres,Coquet Gran Reserva Brut Nature 2020,2020,3.9,934,31.01,España,Cava,Sparkling
2329608,Palacio de Bornos,"Verdejo 5,5° Frizzante N.V.",N.V.,3.8,928,5.9,España,Castilla y León,Sparkling
1136075,Segura Viudas,Cava Gran Reserva Brut Vintage 2018,2018,3.7,912,15.95,España,Cava,Sparkling
2572808,Segura Viudas,Lavit Brut Nature 2018,2018,3.6,894,9.75,España,Cava,Sparkling
2393529,Parés Baltà,Brut Nature Cava N.V.,N.V.,3.6,861,13.01,España,Cava,Sparkling
2423083,Rimarts,Cava Reserva 18 Brut 2023,2023,3.8,853,11.5,España,Cava,Sparkling
1757611,Vía de la Plata,Cava Brut Nature N.V.,N.V.,3.6,847,7.25,España,Cava,Sparkling
1261545,L'Origan,Aire de L'Origan Brut Nature Cava 2022,2022,3.6,813,16.5,España,Cava,Sparkling
7777845,Bodega Bruno Ruiz - Esencia Rural,Pampaneo Ancestral 2024,2024,3.7,804,11.25,España,Castilla,Sparkling
1314403,Marina Espumante,Espumoso N.V.,N.V.,3.7,794,6.22,España,Alicante,Sparkling
1171116,Agusti Torello Mata,Cava Rosat Trepat 2023,2023,3.7,760,15.9,España,Cava,Sparkling
1553639,Mestres,Coquet Brut Nature 2020,2020,3.9,754,20.86,España,Cava,Sparkling
2302999,AT Roca,Brut Reserva 2022,2022,3.8,749,14.49,España,Penedès,Sparkling
2696114,Bodegas Muga,Conde de Haro Brut Rosé 2022,2022,3.9,744,21.6,España,Cava,Sparkling
4580691,Gramona,Pinot Noir Cava Brut Rosé 2022,2022,3.9,728,21.93,España,Cava,Sparkling
2123928,Eudald Massana Noya,Cava Brut Nature 2023,2023,3.6,714,7.71,España,Cava,Sparkling
1653077,Mas Bertran,Balma Reserva Brut Nature 2022,2022,3.7,714,14.2,España,Penedès,Sparkling
7274719,Mas Candi,Segunyola Corpinnat Brut Nature 2021,2021,3.9,712,18.0,España,Cataluña,Sparkling
1787055,Codorníu,Cava Clasico Brut Nature N.V.,N.V.,3.5,708,7.4,España,Cava,Sparkling
2280863,Descregut,Corpinnat Brut Nature Reserva 2023,2023,3.8,700,12.8,España,Cava,Sparkling
1457931,Ca N'Estella,Cava Rabetllat i Vidal Brut N.V.,N.V.,3.7,695,5.75,España,Cava,Sparkling
1371320,Colet,A Priori Brut 2020,2020,3.8,689,13.55,España,Penedès,Sparkling
4667053,Sandara,Sparkling Blanco N.V.,N.V.,3.7,682,4.99,España,Valencia,Sparkling
11532792,Roger Goulart,Cava Millesime Brut 2022,2022,3.8,681,10.33,España,Cava,Sparkling
1228821,Torelló,Brut Reserva 2022,2022,3.6,679,14.5,España,Cava,Sparkling
1660236,Colet,Navazos Extra Brut 2020,2020,3.9,673,24.38,España,Penedès,Sparkling
7718084,Oriol Rossell,Brut Nature Reserva 2023,2023,3.7,659,28.0,España,Cava,Sparkling
7289416,Mas Gomà,L’Alba al Turó Blanc 2023,2023,3.9,658,13.49,España,Cava,Sparkling
5042,Freixenet,Cava Brut Rosé N.V.,N.V.,3.5,652,7.99,España,Penedès,Sparkling
1861737,Torelló,Special Edition Brut Reserva 2023,2023,3.8,650,20.77,España,Cava,Sparkling
1472382,Rovellats,Cava Gran Reserva Brut Nature 2018,2018,3.7,641,37.39,España,Cava,Sparkling
2523434,Vilarnau,Cava Brut Reserva Rosé N.V.,N.V.,3.5,640,13.95,España,Cava,Sparkling
3593166,Colet,Vatua! 2021,2021,3.9,634,13.9,España,Penedès,Sparkling
96988,Jané Ventura,Do Gran Reserva 2018,2018,3.9,623,16.75,España,Cava,Sparkling
2293476,Colet,Tradicional N.V.,N.V.,3.7,599,13.54,España,Penedès,Sparkling
2320427,MVSA de Vallformosa,Cava Brut Nature N.V.,N.V.,3.6,596,6.9,España,Cava,Sparkling
6889128,Mont-Ferrant,La Senyora Brut Nature N.V.,N.V.,3.7,559,10.66,España,Cava,Sparkling
2594509,Maria Rigol Ordi,Cava Brut Nature 2023,2023,3.7,559,13.5,España,Cava,Sparkling
9585187,Bodegas Martín Códax,Alma Atlántica Atlantic Bubbles Mencía Rosé N.V.,N.V.,3.9,533,8.9,España,Galicia,Sparkling
1178301,Mont-Ferrant,Cava Reserva Brut N.V.,N.V.,3.7,526,10.43,España,Cava,Sparkling
7815644,Raimat,El Cim del Turó Reserva Brut Nature N.V.,N.V.,3.8,521,12.85,España,Cava,Sparkling
1212995,Artomaña Txakolina,Eukeni Txakoli 2024,2024,3.5,521,12.0,España,Arabako Txakolina,Sparkling
5252265,Alta Alella,Mirgin Reserva Brut Nature Rosé 2019,2019,3.7,515,15.12,España,Cava,Sparkling
5905616,Viladellops,LD Ancestral Clàssic Penedès 2023,2023,3.9,507,16.86,España,Penedès,Sparkling
1571541,Canals & Munné,Cava Dionysus Reserva Brut Nature 2023,2023,3.6,506,9.1,España,Cava,Sparkling
1222856,Mas Codina,Cava Reserva Brut Nature 2022,2022,3.6,504,8.63,España,Cava,Sparkling
1370776,Codorníu,Non Plus Ultra Reserva Brut Cava 2022,2022,3.5,498,11.35,España,Cava,Sparkling
1756739,Huguet de Can Feixes,Cava Gran Reserva Brut Nature 2019,2019,3.9,497,18.37,España,Cava,Sparkling
5447754,Alta Alella,Mirgin Reserva Brut Nature 2020,2020,3.8,495,11.25,España,Cava,Sparkling
1477996,Blancher,Cava Capdevila Pujol Reserva Especial Brut Natural N.V.,N.V.,3.6,495,7.95,España,Cava,Sparkling
10622609,Dominio de la Vega,No. 1 Cava Brut Nature 2024,2024,3.8,488,8.65,España,Cava,Sparkling
1161196,Terrer de La Creu,Cava Brut Nature N.V.,N.V.,3.5,484,7.37,España,Cava,Sparkling
4486045,Barbadillo,Vi Cool Moscato Frizzante 2021,2021,3.9,477,8.2,España,Andalucía,Sparkling
1797301,Clos Montblanc,Castillo D Montblanc Cava Reserva Brut N.V.,N.V.,3.7,473,10.0,España,Cataluña,Sparkling
9681537,Promesa,Moscato 2024,2024,3.6,468,5.65,España,Jumilla,Sparkling
2404096,Castell d'Ordal,Sekt Rosado Semi Seco N.V.,N.V.,3.5,465,4.65,España,Vino de España,Sparkling
7363917,Cosmic,Vitalitat 2024,2024,3.9,463,15.8,España,Penedès,Sparkling
3339034,Volver,Tarima Moscatel Sparkling 2024,2024,3.8,462,7.95,España,Alicante,Sparkling
2050530,Recaredo,Intens Rosat Brut Nature Gran Reserva 2019,2019,3.8,461,37.3,España,Penedès,Sparkling
4753806,L'Origan,L'O de L’Origan Brut Nature Cava 2014,2014,3.9,459,25.5,España,Cava,Sparkling
1952801,El Miracle,Cava Organic Brut N.V.,N.V.,3.5,448,7.99,España,Cava,Sparkling
9655300,Pago de Tharsys,Cerámica Rosé Brut Nature Gran Reserva N.V.,N.V.,3.6,447,30.5,España,Cava,Sparkling
3317352,Castelo de Pedregosa,Cava Reserva Millésimé 2019,2019,3.7,446,21.38,España,Cava,Sparkling
2730973,Paco & Lola,Cava Brut N.V.,N.V.,3.8,440,9.99,España,Cava,Sparkling
1196918,Codorníu,Jaume Cava Brut N.V.,N.V.,3.9,428,27.41,España,Cava,Sparkling
1463685,Bertha,Lounge Rosé 2023,2023,3.7,427,12.9,España,Cava,Sparkling
5106837,Particular,Blanc de Noir Cava Brut Nature N.V.,N.V.,3.8,421,12.1,España,Cava,Sparkling
9767761,Nivarius,Lía Pét Nat Rosado 2024,2024,3.9,417,10.9,España,Rioja,Sparkling
7665654,Agusti Torello Mata,Cava Ubac Organic Gran Reserva 2016,2016,3.9,416,22.95,España,Cava,Sparkling
1864539,Suriol,Cava Brut Nature 2022,2022,3.5,411,24.8,España,Cava,Sparkling
8019310,Celler del Roure,Les Danses Les Filles d'Amàlia Blanc de Mandó 2021,2021,3.9,409,23.35,España,Vino de España,Sparkling
8081916,Alta Alella,Mirgin Gran Reserva Brut Nature 2020,2020,3.8,402,14.2,España,Cava,Sparkling
1157824,Llopart,Cava Rosé Brut 2022,2022,3.8,399,17.65,España,Cava,Sparkling
2112278,Blancher,Cava Reserva Nature Brut 2018,2018,3.7,399,14.92,España,Cava,Sparkling
2289931,Pago de Tharsys,Millésime Rosé Brut Reserva 2022,2022,3.9,398,19.71,España,Cava,Sparkling
3957935,Rovellats,Cava Imperial Reserva Brut 2021,2021,3.6,397,12.75,España,Cava,Sparkling
6910918,Manuel Manzaneque Suárez,Paloma Minguez Cava Brut Ecológico N.V.,N.V.,3.9,396,12.5,España,Cava,Sparkling
9669296,Aroa,Le Naturel Pet Nat 2023,2023,3.8,388,14.5,España,Navarra,Sparkling
1750566,Oriol Rossell,Cava Brut Nature 2023,2023,3.7,385,14.3,España,Cava,Sparkling
1565936,Mascaró,Cava Nigrum Reserva Brut 2022,2022,3.6,384,10.7,España,Cataluña,Sparkling
3142989,Sumarroca,Cava Pinot Noir Brut Rosé 2023,2023,3.5,380,12.95,España,Cava,Sparkling
2397838,AA Privat,Reserva Brut Nature 2022,2022,3.7,379,13.41,España,Cava,Sparkling
1534852,VallDolina,Cava Reserva Eco N.V.,N.V.,3.5,373,12.4,España,Cava,Sparkling
79873,Albet i Noya,Cava Petit Albet Brut 2023,2023,3.5,370,10.4,España,Cava,Sparkling
6262161,Sandara,Chardonnay & Sake N.V.,N.V.,3.6,365,5.99,España,Valencia,Sparkling
1244158,Marina Espumante,Selección Monastrell Rosado N.V.,N.V.,3.5,362,6.85,España,Alicante,Sparkling
1154691,Freixa Rigau,Familia Oliveda Cava Brut Rosado N.V.,N.V.,3.8,361,6.75,España,Cava,Sparkling
10545756,Carlos Serres,Brut 2020,2020,3.9,359,14.5,España,Rioja,Sparkling
1109740,Recaredo,Brut Nature 2019,2019,3.8,358,75.29,España,Penedès,Sparkling
8117168,Torelló,Tradicional Brut Nature 2019,2019,3.8,352,19.67,España,Cava,Sparkling
1272701,Finca Nadal de la Boadella,Salvatge Gran Reserva Brut 2016,2016,3.8,349,20.75,España,Cava,Sparkling
1734701,Mas Foraster,Josep Foraster Cava Trepat Rosat N.V.,N.V.,3.9,345,12.5,España,Cava,Sparkling
4067030,Maria Rigol Ordi,Cava Rosat Reserva 2023,2023,3.8,342,14.95,España,Cataluña,Sparkling
2664473,AA Privat,Reserva Brut Nature Rosé 2023,2023,3.6,342,14.1,España,Cava,Sparkling
6473044,Micro Bio (MicroBio),Afinador de Estrellas 2024,2024,3.8,339,21.85,España,Castilla y León,Sparkling
1394624,Miquel Pons,Cava Gran Reserva Vintage Brut Nature 2020,2020,3.8,329,11.5,España,Cava,Sparkling
7634159,Raimat,Lo Fred de Ponent Brut Reserva N.V.,N.V.,3.8,329,12.85,España,Cava,Sparkling
1851083,Guilera,Gran Reserva Brut Nature 2019,2019,3.9,328,14.46,España,Cava,Sparkling
1415043,Rexach Baqués,Gran Reserva Brut Nature 2021,2021,3.9,327,10.84,España,Cava,Sparkling
2047415,Oliver Viticultors,Cava Sadurní Oliver Reserva Brut Nature 2021,2021,3.8,322,10.51,España,Cataluña,Sparkling
1975996,Roger Goulart,Cava Reserva Demi Sec 2023,2023,3.5,319,11.33,España,Cava,Sparkling
6157162,Roger Goulart,Cava Gran Reserva Extra Brut 2021,2021,3.7,315,16.5,España,Cava,Sparkling
76612,El Miracle,Cava Brut Rosé N.V.,N.V.,3.5,314,6.99,España,Cava,Sparkling
5316882,Lacrima Baccus,Cava Heretat de Lacrima Baccus Reserva Brut Nature 2023,2023,3.5,308,8.15,España,Cava,Sparkling
1405764,Titiana,Pansa Blanca Brut 2017,2017,3.8,304,17.95,España,Cava,Sparkling
3867953,Canals & Munné,Cava Insignia Gran Reserva 2022,2022,3.9,301,11.5,España,Cava,Sparkling
9048100,Bodegas Martín Códax,Albariño Espumoso N.V.,N.V.,3.9,301,23.0,España,Rías Baixas,Sparkling
2161385,Joan Sardà,Cava Brut Reserva N.V.,N.V.,3.5,301,11.01,España,Cava,Sparkling
12401389,Celler Kripta,Cava Trepat Brut Reserva Rosat 2022,2022,3.9,300,15.5,España,Cava,Sparkling
76631,Parxet,Maria Cabané Gran Reserva Extra Brut 2018,2018,3.9,298,18.55,España,Cava,Sparkling
1377605,Miquel Pons,Cava Reserva Brut Nature 2022,2022,3.5,292,9.5,España,Cataluña,Sparkling
1571333,Lacrima Baccus,Cava Summum Brut 2021,2021,3.8,291,10.5,España,Cava,Sparkling
5568819,Torelló,Can Martí Brut Gran Reserva 2019,2019,3.8,288,23.0,España,Cava,Sparkling
1710681,Carles Andreu,Cava Reserva Rosat Trepat Brut 2022,2022,3.9,286,20.45,España,Cava,Sparkling
1602635,Casanovas,Cava Gran Reserva Brut Nature 2021,2021,3.9,282,20.3,España,Cava,Sparkling
1210331,Pere Mata,Cava Reserva Familia N.V.,N.V.,3.9,281,16.05,España,Cava,Sparkling
11295451,Juvé & Camps,Cava Essential Púrpura Reserva Brut 2018,2018,3.8,279,15.5,España,Cava,Sparkling
1399465,Huguet de Can Feixes,Cava Gran Reserva Brut Classic 2017,2017,3.9,267,18.61,España,Cava,Sparkling
12406620,Félix Solís,Mucho Más Sparkling Rosé N.V.,N.V.,3.9,267,3.6,España,Vino de España,Sparkling
1480632,Casanovas,Cava Brut Nature 2021,2021,3.8,266,19.66,España,Cava,Sparkling
1983275,Emendis,Cava Imum Brut Nature Reserva N.V.,N.V.,3.6,264,10.3,España,Cava,Sparkling
79867,Albet i Noya,Barrica 21 Penedès Brut Reserva 2018,2018,3.9,262,52.26,España,Cava,Sparkling
1684664,Alsina & Sarda,Cava Brut Nature Reserva 2024,2024,3.7,262,8.75,España,Cava,Sparkling
2281898,Maria Rigol Ordi,Cava Reserva 2021,2021,3.7,255,13.31,España,Cava,Sparkling
9415663,Sumarroca,Cava Reserva Brut Rosé 2023,2023,3.8,254,11.95,España,Cava,Sparkling
1228233,Cossetània,Cava Brut Reserva N.V.,N.V.,3.8,248,7.53,España,Cava,Sparkling
1442514,Guillem Carol - Cellers Carol Vallès,Cava Parellada i Faura Reserva Brut Nature 2022,2022,3.6,245,11.5,España,Cava,Sparkling
2299618,Cava Vives Ambròs,Cava Gran Reserva Brut Nature 2019,2019,3.9,245,14.91,España,Cava,Sparkling
1265450,Joan Raventos Rosell,Cava Brut Nature N.V.,N.V.,3.5,243,28.83,España,Cava,Sparkling
1742223,Crestissimo,Moscato de Aguja N.V.,N.V.,3.8,242,4.2,España,Empordà,Sparkling
1153821,Gran Ducay,Cava Brut Nature Rosado N.V.,N.V.,3.5,242,9.0,España,Cava,Sparkling
2400867,Miquel Pons,Cava Brut N.V.,N.V.,3.7,242,9.95,España,Cava,Sparkling
1620947,Torelló,Brut Reserva Rosé 2023,2023,3.7,241,20.4,España,Cava,Sparkling
1157828,Llopart,Cava Nèctar Terrenal Semi Dolç N.V.,N.V.,3.8,238,14.29,España,Cava,Sparkling
11570226,Gramona,Ca La Mar Mustillant Blanc 2024,2024,3.8,238,7.42,España,Penedès,Sparkling
5795247,AA Privat,Reserva Brut Nature Chardonnay 2022,2022,3.6,237,15.7,España,Cava,Sparkling
2041548,Mascaró,Cava Pure Rubor Brut Rosé N.V.,N.V.,3.7,237,13.45,España,Cava,Sparkling
2089098,Signat,Cava Brut Nature N.V.,N.V.,3.6,237,9.44,España,Cava,Sparkling
8456751,Entre Vinyes,Oníric Pet-Nat 2023,2023,3.8,236,12.95,España,Penedès,Sparkling
2174996,Joan Sardà,Cava Brut Nature Reserva N.V.,N.V.,3.7,234,11.62,España,Cava,Sparkling
7786920,Sabaté i Coca,Corpinnat Reserva Brut Rosat 2020,2020,3.9,229,14.95,España,Cava,Sparkling
1602858,Gramona,Brut Agulla Mustillant Rosat N.V.,N.V.,3.5,229,7.2,España,Penedès,Sparkling
8395499,MontRubí,L'Ancestral Rosé 2022,2022,3.9,229,14.1,España,Penedès,Sparkling
4739667,Canals Canals,Cava Marta Passió Reserva Brut Rosé 2022,2022,3.9,228,10.75,España,Cava,Sparkling
3031959,Oliver Viticultors,Cava Brut Nature N.V.,N.V.,3.7,227,8.54,España,Cava,Sparkling
2139066,Trias Batlle,Cava Blaué Gran Reserva Brut Nature 2020,2020,3.7,222,11.75,España,Cataluña,Sparkling
1957652,Rexach Baqués,Reserva Brut Imperial N.V.,N.V.,3.7,216,8.29,España,Cava,Sparkling
1556460,Mas Candi,Cava Brut Nature 2023,2023,3.6,214,12.21,España,Cava,Sparkling
6492566,Sabaté i Coca,Cava Brut Nature Reserva 2023,2023,3.8,212,14.8,España,Cataluña,Sparkling
5935757,Castillo Perelada,Cava Stars Reserva Brut Nature 2022,2022,3.8,205,11.5,España,Cava,Sparkling
1550413,Vilarnau,Gran Reserva Vintage 2018,2018,3.7,204,18.82,España,Cava,Sparkling
9907797,Suriol,Cava Azimut Brut Nature Rosé 2022,2022,3.8,204,20.5,España,Cava,Sparkling
7834638,Bodega Clandestina,Ancestral Confiscat 2021,2021,3.9,203,19.75,España,Cataluña,Sparkling
2508147,Mont Marçal,Cava Extremarium de Mont Marçal Brut Nature Reserva 2022,2022,3.7,203,10.39,España,Cava,Sparkling
3007062,Vins El Cep,L'Alzinar Reserva Brut Nature 2022,2022,3.7,202,10.99,España,Cava,Sparkling
1581206,Naveran,Cava Brutissime Brut 2022,2022,3.5,199,10.99,España,Cava,Sparkling
1572436,Rexach Baqués,Reserva Gran Carta Brut N.V.,N.V.,3.6,195,6.63,España,Cava,Sparkling
4219820,Torelló,Pal.Lid Brut Reserva Rosé 2023,2023,3.7,194,20.7,España,Cava,Sparkling
6148856,Selección Lucendo,Dedalo Ancestral Airén 2023,2023,3.7,193,10.75,España,Castilla,Sparkling
6489060,Albet i Noya,Efecte Reserva Brut Rosat 2022,2022,3.8,191,15.9,España,Cataluña,Sparkling
7224623,Torelló,Special Edition Costa Brava Brut Reserva 2023,2023,3.9,186,20.55,España,Cataluña,Sparkling
2241968,Bertha,Lounge Brut 2023,2023,3.7,183,12.7,España,Cava,Sparkling
6314339,La Mundial Barcelona,Clarea Frizzante N.V.,N.V.,3.9,180,8.8,España,Cataluña,Sparkling
4978583,Josep Masachs Tradicional,Cava Brut Rosé 2017,2017,3.6,179,10.95,España,Penedès,Sparkling
2105983,Sabaté i Coca,Cava Reserva 2014,2014,3.9,177,38.9,España,Cava,Sparkling
76538,Murviedro,Estrella de Murviedro Frizzante Rosé N.V.,N.V.,3.6,176,5.65,España,Valencia,Sparkling
2559473,Colomer,Cava 1907 Colomer Costa Reserva Brut 2022,2022,3.9,174,9.0,España,Cava,Sparkling
4243274,Palacio de Bornos,"Rosado 5,5° Frizzante N.V.",N.V.,3.9,173,5.8,España,Castilla y León,Sparkling
5825082,Vinyes Singulars,Minipuça Ancestral 2023,2023,3.9,172,16.84,España,Cataluña,Sparkling
3518950,Vallformosa,Gala Reserva Brut Nature 2022,2022,3.6,172,14.85,España,Cava,Sparkling
2069247,Codorníu,Non Plus Ultra Brut Cava 2020,2020,3.8,169,13.95,España,Cava,Sparkling
8474990,Mas Candi,Cap de Pardals 2022,2022,3.8,162,13.95,España,Penedès,Sparkling
6717830,Castillo Perelada,Cava Stars Organic 2022,2022,3.6,160,9.05,España,Cava,Sparkling
2893039,Francesc Ricart,Cava Brut Reserva N.V.,N.V.,3.8,160,11.05,España,Cava,Sparkling
2292476,Heretat Mas Tinell,Nature Real Gran Reserva Brut 2017,2017,3.8,158,16.95,España,Cava,Sparkling
4951510,Canals Canals,Cava Reserva Numerada 2021,2021,3.8,154,10.95,España,Cava,Sparkling
9159980,MontRubí,L'Ancestral Blanc 2022,2022,3.7,152,13.67,España,Penedès,Sparkling
7831022,Rovellats,Cava Cuvée Especial Reserva Brut Nature 2021,2021,3.9,149,12.95,España,Cava,Sparkling
1693483,Oriol Rossell,Cava Brut Rosé 2023,2023,3.7,144,13.73,España,Cava,Sparkling
2045069,Palacio de Bornos,Verdejo Brut Nature N.V.,N.V.,3.5,135,9.8,España,Rueda,Sparkling
1250617,Freixenet,Cava Meritum Gran Reserva 2017,2017,3.9,127,15.15,España,Cava,Sparkling
4020457,Castelo de Pedregosa,Cava Bebito Brut Nature N.V.,N.V.,3.6,127,16.49,España,Cataluña,Sparkling
1236714,Titiana,Brut Rosé 2017,2017,3.8,126,18.95,España,Cava,Sparkling
4990729,L'Origan,Aire de L'Origan Brut Nature Cava Rosé 2022,2022,3.6,126,16.5,España,Cava,Sparkling
1585113,Conde de Valicourt,Permont’s Brut Nature 2017,2017,3.8,121,11.75,España,Cava,Sparkling
2102498,Joan Colet Rius,Cava Reserva Brut Nature 2022,2022,3.7,120,10.99,España,Cava,Sparkling
3254122,Freixenet,Cava Brut Nature 2020,2020,3.6,119,7.99,España,Cava,Sparkling
6361748,AT Roca,Esparter Reserva Clàssic 2017,2017,3.9,116,24.4,España,Penedès,Sparkling
4344437,Cuscó Berga,Cava Premium Reserva Brut Nature 2022,2022,3.8,113,10.7,España,Cava,Sparkling
2227082,Blancher,Cava Gran Reserva Brut Nature 2018,2018,3.8,113,12.35,España,Cava,Sparkling
6297726,AA Privat,Reserva Brut 2022,2022,3.7,112,11.6,España,Cava,Sparkling
9823884,Campestral,White 2024,2024,3.8,112,11.01,España,Vino de España,Sparkling
1624342,Naveran,Cava Brut Nature Millesime 2019,2019,3.7,109,12.69,España,Cava,Sparkling
1319610,Agusti Torello Mata,Cava Gran Reserva Brut Nature 2017,2017,3.9,109,18.69,España,Cava,Sparkling
13232077,Cisteller,Lucidity Corpinnat 2022,2022,3.9,107,23.95,España,Cataluña,Sparkling
7107917,Celler Sanromà,Escumós Mètode Ancestral Rosé 2022,2022,3.8,106,16.2,España,Tarragona,Sparkling
4176153,Muscàndia,Cava Reserva Brut 2023,2023,3.7,105,14.8,España,Cava,Sparkling
1414557,Castillo Perelada,Cava Stars Brut Nature 2022,2022,3.7,104,9.63,España,Cava,Sparkling
2013711,Mascaró,Cava Cuvée Antonio Mascaró Gran Reserva Brut Nature 2018,2018,3.8,102,23.0,España,Cava,Sparkling
1179142,Sumarroca,Cava Brut Reserva 2023,2023,3.8,101,13.0,España,Cava,Sparkling
5528860,Gramona,La Cuvée Reserva Brut 2022,2022,3.8,101,17.2,España,Cava,Sparkling
4003782,Dominio de la Vega,Cava Authentique Reserva Brut Nature 2022,2022,3.8,100,11.2,España,Cava,Sparkling
1542005,Cava Vives Ambròs,Cava Reserva Brut 2021,2021,3.9,98,10.5,España,Cava,Sparkling
10764339,Alta Alella,Mirgin Gran Reserva Brut Nature Rosé 2021,2021,3.8,97,13.7,España,Cava,Sparkling
3113689,Castillo Perelada,Cava Brut Stars Touch Of Rosé 2022,2022,3.9,97,10.95,España,Cava,Sparkling
5886268,Clos Pons,Cava Flocs Brut Rosé N.V.,N.V.,3.8,96,8.85,España,Cava,Sparkling
10137640,Paco & Lola,Lola Albariño Brut 2020,2020,3.9,95,20.07,España,Rías Baixas,Sparkling
7463751,Vinyes Tortuga,Juicy Pet Nat 2021,2021,3.9,95,17.5,España,Cataluña,Sparkling
6826968,La Camioneta,Verdejo Frizzante Low Alcohol N.V.,N.V.,3.7,94,6.4,España,La Mancha,Sparkling
1564761,Bodegas Peñascal,Ponte Vecchio Moscato N.V.,N.V.,3.5,94,7.45,España,Castilla y León,Sparkling
8666859,Bodegas Gratias,ComBoi Ancestral Rosado 2020,2020,3.8,93,17.33,España,Vino de España,Sparkling
13454414,Recaredo,Corpinnat L'Infinit Brut Nature 2023,2023,3.9,93,21.75,España,Penedès,Sparkling
10450574,Thomson & Scott Skinny,Noughty Organic Alcohol Free Sparkling Rosé ,,3.8,93,11.9,España,La Mancha,Sparkling
12160164,Roger Goulart,Cava Millesimé Brut Rosé 2023,2023,3.7,93,11.0,España,Cava,Sparkling
2396903,Caves Bolet,Cava Reserva Brut 2021,2021,3.5,92,10.01,España,Cava,Sparkling
1706563,Conde de Valicourt,Cava Pas de Sucre Gran Reserva 4 Años Brut Nature N.V.,N.V.,3.8,92,13.95,España,Cava,Sparkling
10373781,Bodegas Bilbaínas,Lumen Reserva Brut 2020,2020,3.9,90,14.95,España,Rioja,Sparkling
4281807,Codorníu,Gran Crémant Cava Semi-Sec N.V.,N.V.,3.7,87,7.71,España,Cava,Sparkling
12334831,Bodegas Care,Garnacha Blanca Brut 2023,2023,3.7,86,7.9,España,Cariñena,Sparkling
11716712,Gallina de Piel,Keiva 2022,2022,3.8,86,14.5,España,Empordà,Sparkling
2669315,Conde de Valicourt,Coupage de Alicia Gran Reserva Brut Nature N.V.,N.V.,3.7,86,10.95,España,Cava,Sparkling
2322197,AT Roca,Rosat Reserva Brut 2021,2021,3.9,85,14.3,España,Penedès,Sparkling
5418293,Montesquius,Cava Gran Reserva Brut Nature 2016,2016,3.8,83,14.8,España,Cava,Sparkling
4062506,Castelo de Pedregosa,Cava Petit Cuvée Rosé 2023,2023,3.5,83,6.9,España,Cava,Sparkling
9082382,Celler Sanromà,Escumós Mètode Ancestral Blanc 2023,2023,3.9,81,16.2,España,Tarragona,Sparkling
2915307,Mont-Ferrant,Berta Bouzy 2012,2012,3.8,80,19.85,España,Cava,Sparkling
9549346,Bodegas Vilano,Think Pink Sparkling Tempranillo N.V.,N.V.,3.8,80,9.85,España,Vino de España,Sparkling
11022482,Galmés I Ribot,Bosquet Escursac - Fogoneu 2024,2024,3.9,78,18.85,España,Mallorca,Sparkling
1870765,Portell - Vinícola de Sarral,Cava Reserva Vintage Brut Nature 2020,2020,3.6,78,10.99,España,Cava,Sparkling
6974596,Miquel Pons,Núria de Montargull Rosé 2022,2022,3.7,77,9.6,España,Cava,Sparkling
6543617,Terra Terrae,Cava Reserva Brut 2019,2019,3.8,76,9.04,España,Cataluña,Sparkling
1381613,Castillo Perelada,Cava Stars Brut Reserva 2022,2022,3.8,74,10.6,España,Cava,Sparkling
1771741,Can Rich,Blanc de Blancs Brut Nature 2022,2022,3.5,74,24.4,España,Islas Baleares,Sparkling
8958016,Eudald Massana Noya,Cava Armilar Reserva Brut Nature 2021,2021,3.8,72,11.82,España,Cava,Sparkling
11392570,Juvé & Camps,Cava Edición Centenario Reserva de la Familia Rosé 2021,2021,3.9,70,23.9,España,Cava,Sparkling
1517766,Canals & Munné,Cava Reserva Pinot Noir Brut Rosé 2023,2023,3.9,70,14.95,España,Cava,Sparkling
5300289,Mas Bertran,Balma Reserva Brut 2022,2022,3.7,69,13.6,España,Penedès,Sparkling
2048164,Blancher,Cava Obrac Gran Reserva Brut 2019,2019,3.7,69,12.5,España,Cava,Sparkling
7361350,Oriol Rossell,Cava Gran Reserva de la Propietat Brut Rosé 2017,2017,3.9,69,36.84,España,Cava,Sparkling
9241219,Vilarnau,Cava Barcelona Orgánico Brut Nature Reserva 2022,2022,3.8,69,13.9,España,Cava,Sparkling
7247424,Moli Parellada,Clos la Soleya Trepat Cava Brut Rosé 2023,2023,3.7,68,7.5,España,Cava,Sparkling
2472462,Maria Rigol Ordi,Cava Gran Reserva 2016,2016,3.9,68,21.15,España,Cava,Sparkling
2345663,Parxet,Cava Brut Rosé N.V.,N.V.,3.6,67,13.9,España,Cava,Sparkling
8454320,Torelló,Corpinnat Brut Reserva 2022,2022,3.9,67,15.25,España,Cava,Sparkling
8257847,Freixenet,Legero Alcohol Free Sparkling Rosé ,,3.7,66,8.5,España,Cataluña,Sparkling
11322642,Oliveda,Nit de Lluna Plena Brut Nature 2022,2022,3.8,64,8.99,España,Cava,Sparkling
5047525,Oliver Viticultors,Cava Sadurní Oliver Barrica Reserve Brut Nature 2020,2020,3.9,61,13.46,España,Cava,Sparkling
4558869,Castelo de Pedregosa,Reserva de l'Hereu 2019,2019,3.9,60,18.55,España,Cava,Sparkling
9947390,Naveran,Cava Organic Vintage Brut Nature 2023,2023,3.8,60,14.1,España,Cava,Sparkling
6562649,Lacrima Baccus,Cava Summum Brut Rosé 2023,2023,3.8,58,10.95,España,Cava,Sparkling
10827226,Bodegas Frontonio,Luzbel Pet Nat Garnacha 2022,2022,3.9,56,25.9,España,Aragón,Sparkling
8095315,Murviedro,"Luna Sparkling White 0,0% N.V.",N.V.,3.7,56,11.36,España,Valencia,Sparkling
5599105,Suriol,Cava El Bosc Reserve Brut Nature 2019,2019,3.7,55,30.28,España,Cava,Sparkling
5471696,Joan Colet Rius,Cava L’Origen 2018,2018,3.9,55,15.2,España,Cava,Sparkling
9670268,Castelo de Pedregosa,MI Pet-Nat 2021,2021,3.8,55,11.01,España,Cataluña,Sparkling
11290306,Celler 9+,Escumosos 7è 2022,2022,3.9,53,12.5,España,Cataluña,Sparkling
12314507,AltoLandon,Con Altura Pet Nat 2023,2023,3.9,52,16.0,España,Manchuela,Sparkling
8095318,Murviedro,"Luna Sparkling Rosé 0,0% N.V.",N.V.,3.7,51,11.36,España,Valencia,Sparkling
7920247,Vegamar,Ancestral Blanco N.V.,N.V.,3.6,51,10.0,España,Valencia,Sparkling
6876743,Castelo de Pedregosa,Cava Petit Cuveé Brut Nature 2022,2022,3.8,50,7.42,España,Cava,Sparkling
1452521,Mascaró,Cava Brut Nature 2022,2022,3.7,50,13.72,España,Cava,Sparkling
9330137,Oliver Viticultors,Cava Nature Rosé N.V.,N.V.,3.8,48,9.85,España,Cava,Sparkling
12229768,Mas Foraster,Lilla Ancestral 2024,2024,3.9,47,15.0,España,Conca de Barberà,Sparkling
6463639,Celler Gerisena,G de Gerisena 2022,2022,3.8,47,15.72,España,Empordà,Sparkling
4326923,Delicia,Cava Brut N.V.,N.V.,3.5,46,6.3,España,Cava,Sparkling
7102684,Joan Colet Rius,Cava Candent Rosat 2022,2022,3.9,46,13.99,España,Cava,Sparkling
1804564,Freixa Rigau,Gran Rigau Chardonnay Brut Nature 2021,2021,3.7,46,10.51,España,Cava,Sparkling
1179143,Sumarroca,Cava Brut Nature Gran Reserva 2022,2022,3.8,45,18.5,España,Cava,Sparkling
8455965,Codorníu,Zero Alcohol Free Sparkling Rosé N.V.,N.V.,3.6,44,7.56,España,Cava,Sparkling
5550609,Mont-Ferrant,Gran Cuvée 2013,2013,3.7,43,20.25,España,Cava,Sparkling
1572924,Planas Albareda,Cava Reserva de I'Avi Planas Brut Nature 2020,2020,3.7,43,18.9,España,Cava,Sparkling
10664081,Naveran,Cava Organic Brut Vintage Rosé 2022,2022,3.9,42,14.1,España,Cava,Sparkling
5621293,Albet i Noya,Efecte Penedès Brut Nature Reserva 3 2021,2021,3.8,41,18.5,España,Penedès,Sparkling
12315071,B.R.O.T.,Pet-Nat 2023,2023,3.9,41,12.95,España,Penedès,Sparkling
11115878,Raul Moreno,Alba y Barro 2023,2023,3.8,41,30.04,España,Jerez-Xérès-Sherry,Sparkling
1217591,Roger Goulart,Cava Brut Rosé 2022,2022,3.7,40,10.75,España,Cava,Sparkling
1558285,Caves Bolet,Cava Brut Nature Reserva 2022,2022,3.8,40,9.96,España,Cava,Sparkling
5844519,Masia Serra,Kremant Brut Nature 2021,2021,3.9,38,20.11,España,Empordà,Sparkling
5097860,Naveran,Cava Perles d'Or 2021,2021,3.9,38,15.39,España,Cava,Sparkling
9221601,El Grifo,Malvasía Volcánica Brut Nature 2022,2022,3.9,37,30.05,España,Lanzarote,Sparkling
1203891,Mont-Ferrant,Cava AgustÍ-Vilaret Gran Reserva Extra Brut 2008,2008,3.6,36,29.25,España,Cava,Sparkling
7102672,Joan Colet Rius,Cava Gran Reserva Brut Nature 2020,2020,3.9,36,17.99,España,Cava,Sparkling
3962568,Roger Goulart,Cava Gran Réserva Gran Cuvée Josep Valls Extra Brut 2021,2021,3.8,36,19.25,España,Cava,Sparkling
2125572,Xènius,Cava Semi-Seco N.V.,N.V.,3.7,35,6.15,España,Cava,Sparkling
11100319,Colet,Vatua! Extra Brut Rosè 2021,2021,3.9,35,13.9,España,Penedès,Sparkling
5859188,Mas Candi,Cava Indomable Brut Nature N.V.,N.V.,3.8,35,23.04,España,Cava,Sparkling
12010526,Can Matons,Titiana de Can Matons Pansa Blanca Brut Nature 2017,2017,3.9,34,19.0,España,Alella,Sparkling
4559173,Vinos Sanz,Fri Sanz Te Semi Dulce 2013,2013,3.8,34,5.97,España,Rueda,Sparkling
6012961,Parxet,Gran Reserva M.C. 2019,2019,3.7,33,17.4,España,Cava,Sparkling
11108696,Celler del Cesc,Tanca Els Ulls Ancestral 2024,2024,3.8,32,12.55,España,Cataluña,Sparkling
11580265,Casa Rojo,Cava Moltó Negre Millésime Brut Nature 2021,2021,3.7,32,25.6,España,Cava,Sparkling
4606233,Varietal 500,Niu d’estel Reserva Brut Nature 2018,2018,3.5,30,12.95,España,Penedès,Sparkling
1154695,Freixa Rigau,Gran Rigau Nature Brut de Bruts 2015,2015,3.8,30,18.76,España,Cava,Sparkling
5614564,Albet i Noya,Efecte Classic Penedès Brut Reserva 2021,2021,3.9,30,17.16,España,Penedès,Sparkling
2017771,Joan Colet Rius,Cava Brut Reserva 2021,2021,3.6,29,11.6,España,Cava,Sparkling
12429922,Celler Kripta,Ubac Gran Reserva 2019,2019,3.9,29,17.3,España,Cava,Sparkling
1859589,Alsina & Sarda,Cava Gran Reserva Brut Nature 2020,2020,3.8,29,11.9,España,Cataluña,Sparkling
3957451,Mont-Ferrant,Cava Tradició Brut N.V.,N.V.,3.6,28,11.05,España,Cava,Sparkling
11377724,Marques de Monistrol,Cava Winemaker's Select Reserva Brut Nature 2021,2021,3.8,28,8.36,España,Cava,Sparkling
12504015,Celler Kripta,Bayanus Reserva 2023,2023,3.8,27,9.4,España,Cava,Sparkling
7240954,Barbadillo,Toto Barbadillo Espumoso de Albariza 2022,2022,3.9,26,11.35,España,Andalucía,Sparkling
13515922,Alta Alella,Puput Pét-Nat 2024,2024,3.9,25,12.8,España,Alella,Sparkling
13454015,Muscàndia,Tres Viles Brut Nature Reserva 2023,2023,3.9,25,15.9,España,Cava,Sparkling
10022139,Heretat Mascorrubí,Ancestral Sumoll Rosat 2023,2023,3.8,25,13.95,España,Cataluña,Sparkling
10327826,Codorníu,Ars Collecta Reserva Blanc de Blancs 2022,2022,3.9,25,18.95,España,Cava,Sparkling
1229249,Bohigas,Reserva Cava Brut N.V.,N.V.,3.8,5477,16.85,España,Cava,Sparkling
1166679,Juvé & Camps,Cava Pinot Noir Rosé Brut 2020,2020,3.7,4682,11.41,España,Cava,Sparkling
1137008,Parés Baltà,Brut Cava N.V.,N.V.,3.5,3863,12.3,España,Cava,Sparkling
1974415,Heretat El Padruell,Cava Brut N.V.,N.V.,3.5,3644,7.12,España,Cava,Sparkling
1973312,Clos Amador,Cava Reserva Brut Delicat N.V.,N.V.,3.7,3095,8.26,España,Cava,Sparkling
6713201,Bodegas Faustino,Cava Brut Reserva N.V.,N.V.,3.6,2165,9.0,España,Rioja Alavesa,Sparkling
22356,Bodegas Faustino,Cava Extra Seco N.V.,N.V.,3.6,2075,9.0,España,Rioja Alavesa,Sparkling
2453836,Castellblanc (Castellblanch),Cava Brut N.V.,N.V.,3.5,1845,6.0,España,Cava,Sparkling
1164714,Bodegas Faustino,Cava Semi Seco N.V.,N.V.,3.7,1527,9.0,España,Rioja Alavesa,Sparkling
1199785,Mas Fi,Cava Brut N.V.,N.V.,3.6,1498,11.0,España,Cava,Sparkling
1315078,Anna de Codorniu,Brut Nature 1984,1984,3.5,1443,12.74,España,Cava,Sparkling
3917311,Chic Barcelona,Brut N.V.,N.V.,3.5,1425,7.99,España,Cava,Sparkling
1900481,Finca Torremilanos,Cava Peñalba Lopez Brut Nature 2018,2018,3.6,1212,16.0,España,Cava,Sparkling
1699023,Loxarel,Vintage Reserva Brut Nature 2023,2023,3.6,1053,11.95,España,Penedès,Sparkling
6672276,U MES U,Cava Cygnus Sador Orgànic Brut Nature 2022,2022,3.7,887,10.6,España,Cava,Sparkling
1201100,Raimat,Cava Brut N.V.,N.V.,3.6,867,6.95,España,Cava,Sparkling
2445552,U MES U,Cava Cygnus Albireo Orgànic Brut N.V.,N.V.,3.7,772,10.65,España,Cava,Sparkling
4265645,Bodegas Arraez,Cava Sutra Brut N.V.,N.V.,3.7,762,9.47,España,Cava,Sparkling
1242110,VallDolina,Cava Tutusaus Gran Reserva Brut Nature 2021,2021,3.7,640,12.95,España,Cava,Sparkling
1708254,Portell - Vinícola de Sarral,Cava Brut N.V.,N.V.,3.5,613,6.59,España,Cava,Sparkling
1623348,Carles Andreu,Cava Reserva Brut Nature 2023,2023,3.8,540,9.85,España,Cava,Sparkling
7328601,Mas Candi,Corpinnat Brut Nature 2023,2023,3.8,540,11.95,España,Cataluña,Sparkling
1400656,Castillo Perelada,Cava Brut Nature Vintage 2019,2019,3.6,498,18.95,España,Cava,Sparkling
1486455,Mestres,1312 Cava Reserva Brut N.V.,N.V.,3.7,496,28.65,España,Cava,Sparkling
2679485,Clos Amador,Cava Rosé Tendre N.V.,N.V.,3.8,496,9.88,España,Cava,Sparkling
1388526,L'Origan,L'O de L’Origan Brut Cava Rosé 2008,2008,3.7,414,28.6,España,Cava,Sparkling
8962154,Recaredo,Corpinnat Relats de Viticultors Brut Nature 2020,2020,3.9,397,25.0,España,Cava,Sparkling
1890052,Raimat,Cava Brut Nature N.V.,N.V.,3.6,395,12.25,España,Cava,Sparkling
2356327,Delapierre,Cava Etiqueta Negra Semi-Seco N.V.,N.V.,3.6,394,3.94,España,Cava,Sparkling
6933671,Bodegas Langa,Reyes de Aragón El Monje Brut Nature N.V.,N.V.,3.7,383,8.95,España,Cava,Sparkling
1853202,Martí Serdà,Masia d'Or Brut Nature N.V.,N.V.,3.7,381,7.82,España,Cataluña,Sparkling
2225585,Jané Ventura,Reserva de la Música Rosé 2022,2022,3.7,366,11.0,España,Cava,Sparkling
2492473,Giró Ribot,Cava Brut N.V.,N.V.,3.5,362,14.9,España,Cava,Sparkling
6805196,Clos Lentiscus,Núria Muscat d'Alexandria 2019,2019,3.9,361,17.5,España,Penedès,Sparkling
6593034,Freixenet,Mia Sangria White Frizzante N.V.,N.V.,3.7,359,6.19,España,La Mancha,Sparkling
1542757,Palacio de Bornos,Verdejo Brut N.V.,N.V.,3.6,359,8.15,España,Rueda,Sparkling
1254160,Bonaval,Cava Extrem de Bonaval Brut N.V.,N.V.,3.6,357,8.23,España,Cava,Sparkling
6956992,Bodegas Langa,Reyes de Aragón El Casto Brut Reserva N.V.,N.V.,3.7,294,8.45,España,Cava,Sparkling
2686464,Bertha,Cava Ivette Classic Cuvée Brut 2023,2023,3.7,282,12.8,España,Cava,Sparkling
1514494,Mas Codina,Cava Reserva Brut 2022,2022,3.7,277,6.65,España,Cava,Sparkling
1381591,Planas Albareda,Cava Reserva Brut Nature 2019,2019,3.5,269,10.3,España,Cava,Sparkling
1748663,Jaume Giro i Giro,Cava Montaner Gran Reserva Brut 2017,2017,3.9,263,15.25,España,Cava,Sparkling
2407546,Sicus,Cru Mari 2015,2015,3.9,260,26.8,España,Penedès,Sparkling
1961019,Rovellats,Cava Imperial Brut Rosé 2022,2022,3.6,257,13.8,España,Cava,Sparkling
1984689,Torelló,Gran Torelló Brut Nature Gran Reserva 2018,2018,3.9,253,34.95,España,Cava,Sparkling
2713181,Balmoral,Edoné Gran Cuvée Extra Brut Rosé 2017,2017,3.7,248,13.91,España,Castilla,Sparkling
7274961,Joan Rubió,Ancestral Xarel·lo 2022,2022,3.8,240,24.95,España,Penedès,Sparkling
1888369,Naveran,Odisea 2019,2019,3.7,220,16.94,España,Cava,Sparkling
1183771,Gramona,Brut Agulla Mustillant Blanc 2024,2024,3.5,210,7.95,España,Penedès,Sparkling
2096456,De Muller,Pinot Noir Blanc de Noirs Brut Nature Reserva N.V.,N.V.,3.8,205,10.0,España,Tarragona,Sparkling
1743169,Bodegas Langa,Cava Reyes de Aragón Gran Reserva Brut Nature N.V.,N.V.,3.8,192,15.7,España,Cava,Sparkling
2419185,Joan Raventos Rosell,Cava Brut Reserva Heretat N.V.,N.V.,3.5,172,14.45,España,Cataluña,Sparkling
2419996,Rovellats,Cava Imperial Brut 2021,2021,3.5,170,12.64,España,Cava,Sparkling
99327,Castillo Perelada,Cava Brut Nature Gran Reserva Gran Claustro Cuvée Especial 2019,2019,3.7,168,18.86,España,Cava,Sparkling
5253900,Bodegas Mitos,Ecológica Cava Brut N.V.,N.V.,3.6,167,8.4,España,Cava,Sparkling
2057558,Planas Albareda,Cava Brut 2020,2020,3.5,166,7.48,España,Cava,Sparkling
2560748,Valdecuevas,Diwine  Frizzante 1961,1961,3.8,162,3.97,España,Rueda,Sparkling
1942436,Julia Bernet,Cava Exsum Brut Nature 2019,2019,3.7,161,21.15,España,Cava,Sparkling
1244290,Lacrima Baccus,Cava Brut Nature 2022,2022,3.6,161,7.27,España,Cava,Sparkling
8497575,Giró Ribot,UMa Gran Reserva Brut 2022,2022,3.9,150,11.7,España,Cava,Sparkling
10610487,Llopart,Néctar Terrenal Corpinnat 2023,2023,3.9,142,14.1,España,Penedès,Sparkling
1885059,Josep M Ferret,Reserva Brut Nature 2022,2022,3.7,141,13.5,España,Cava,Sparkling
2578199,Mas Candi,Cava Prohibit Brut Nature Rosado 2022,2022,3.9,141,14.06,España,Cava,Sparkling
2817092,Loxarel,Garnatxa Blanca Brut Nature Reserva 2019,2019,3.7,139,12.95,España,Penedès,Sparkling
1395849,Giró Ribot,Cava Avant Reserva Brut N.V.,N.V.,3.9,139,19.95,España,Cataluña,Sparkling
2760832,Parató,Cava Reserva Brut Nature 2023,2023,3.7,134,11.7,España,Cava,Sparkling
4353544,Bodegas Torre del Veguer,Marta Brut Nature 2020,2020,3.9,130,33.3,España,Penedès,Sparkling
7488381,Cueva,Vi-Viu Ancestral 2020,2020,3.8,127,19.85,España,Utiel-Requena,Sparkling
5474703,Bodegas Salado,Umbretum Brut Nature 2023,2023,3.7,124,18.3,España,Cataluña,Sparkling
2730622,Costers del Sió,Siós Blanc de Noirs Reserva Brut 2023,2023,3.7,119,26.0,España,Costers del Segre,Sparkling
5707661,L'Olivera,Reserva Superiore Brut Nature 2020,2020,3.8,111,16.7,España,Cataluña,Sparkling
11311939,L'Olivera,Reserva 2022,2022,3.7,107,13.6,España,Costers del Segre,Sparkling
2202030,VallDolina,Gran Reserva Brut 2019,2019,3.7,104,15.75,España,Cava,Sparkling
11471829,Parés Baltà,Cava Historic Brut Nature 2018,2018,3.9,103,16.9,España,Cava,Sparkling
1433897,Jané Ventura,Reserva Especial Vintage Brut Nature 2019,2019,3.5,101,17.95,España,Cava,Sparkling
7393728,Bàrbara Forés,En Moviment A Ancestral 2023,2023,3.7,99,14.25,España,Terra Alta,Sparkling
2179244,Mas Codina,Cava Reserva Brut Rosé 2022,2022,3.7,98,8.65,España,Cava,Sparkling
1369843,Casanovas,Cava Reserva Brut 2020,2020,3.5,94,17.95,España,Cava,Sparkling
2174303,Mas Candi,Cava Segunyola Brut Nature 2019,2019,3.9,94,16.73,España,Cataluña,Sparkling
5418712,Sumarroca,Nuria Claverol Blanc de Negres 2016,2016,3.8,88,35.5,España,Cava,Sparkling
4277964,Freixenet,Cordón Negro Gran N.V.,N.V.,3.5,81,8.49,España,Cava,Sparkling
1175859,Codorníu,Extra Cuvée Seleccionada Semi-Sec N.V.,N.V.,3.6,77,6.7,España,Cava,Sparkling
2303356,Can Roda,Brut Nature 2021,2021,3.8,75,8.08,España,Alella,Sparkling
2808885,AA Privat,CH Reserva Brut Nature 2021,2021,3.6,69,12.72,España,Cava,Sparkling
11181184,Casajou,Els Talls Brut Nature 2023,2023,3.9,62,24.5,España,Cataluña,Sparkling
1282700,Oriol Rossell,Cava Brut N.V.,N.V.,3.5,61,10.0,España,Cava,Sparkling
6773576,Bodegas Salado,Umbretum Reserva Familiar 2019,2019,3.9,60,35.0,España,Cataluña,Sparkling
3145734,Planas Albareda,Cava Brut Nature 2020,2020,3.6,57,7.48,España,Cava,Sparkling
10332001,Loxarel,Elisenda Loxarel Clàssic Reserva Brut Nature 2021,2021,3.9,53,19.65,España,Penedès,Sparkling
1793537,Mas Codina,Cava Gran Reserva Brut Nature 2021,2021,3.7,53,11.25,España,Cava,Sparkling
2618756,Parató,Cava Atica Gran Reserva Extra Brut 2019,2019,3.9,51,15.4,España,Cava,Sparkling
5595791,Castellroig,Reserva Brut 2015,2015,3.6,48,15.4,España,Cava,Sparkling
2013928,Mont-Ferrant,Cava Gran Cuvée Reserva Brut 2013,2013,3.6,47,15.13,España,Cava,Sparkling
7511490,Gatell,Initial Reserva Brut Nature 2016,2016,3.9,43,19.9,España,Cava,Sparkling
5340679,Heretat Mas Tinell,Cava Chapó! Reserva Chardonnay 2015,2015,3.9,40,16.0,España,Cava,Sparkling
1189340,Vallformosa,Gala Gran Reserva Brut 2019,2019,3.6,37,15.95,España,Cava,Sparkling
7157156,Garay,Ancestral 2022,2022,3.6,36,13.67,España,La Palma,Sparkling
10222921,Hugas de Batlle,Xalet d'en Molar 2022,2022,3.6,35,18.4,España,Cataluña,Sparkling
1179148,Sumarroca,Gran Brut 2021,2021,3.9,33,12.39,España,Cava,Sparkling
5426609,Sumarroca,Cava Núria Claverol Pinot Noir Rosé 2017,2017,3.9,26,33.5,España,Cava,Sparkling
1804248,Blanc Pescador,Sparkling N.V.,N.V.,3.4,8722,3.9,España,Empordà,Sparkling
1136343,Jaume Serra,Cava Brut Nature N.V.,N.V.,3.2,6881,3.95,España,Cava,Sparkling
1207036,El Miracle,Cava Brut N.V.,N.V.,3.4,3860,6.99,España,Cava,Sparkling
1204442,Bach,Cava Extrísimo Brut Nature N.V.,N.V.,3.3,2937,4.95,España,Cava,Sparkling
1262423,Codorníu,Cava Brut Nature Roger de Flor N.V.,N.V.,3.3,2057,5.58,España,Cava,Sparkling
1205806,Delapierre,Cava Etiqueta Negra Brut N.V.,N.V.,3.4,1804,4.49,España,Cava,Sparkling
1216994,Segura Viudas,Aria Cava Brut Nature N.V.,N.V.,3.4,1593,7.95,España,Cava,Sparkling
2318783,Castell d'Ordal,Sekt Brut N.V.,N.V.,3.1,1246,4.65,España,Vino de España,Sparkling
1913422,Mistinguett,Cava Brut Rosé N.V.,N.V.,3.4,1199,8.5,España,Cava,Sparkling
2350412,Cresta Rosa,Rosé N.V.,N.V.,3.3,1082,4.25,España,Penedès,Sparkling
1414724,Vilarnau,Brut Nature Vintage 2019,2019,3.4,786,20.69,España,Cava,Sparkling
1899163,Rigol,Cava Brut Nature N.V.,N.V.,3.4,736,5.75,España,Cava,Sparkling
1296202,Freixenet,Cava Blanc De Blancs Brut N.V.,N.V.,3.4,677,6.65,España,Cava,Sparkling
1279857,Bach,Cava Rosé Brut N.V.,N.V.,3.1,572,4.96,España,Cava,Sparkling
4066619,Vallformosa,Origen Brut Nature 2022,2022,3.4,556,10.41,España,Cava,Sparkling
1475920,Bocchoris,Cava Brut Nature N.V.,N.V.,3.4,546,7.55,España,Cava,Sparkling
1640624,Mistinguett,Cava Brut Nature N.V.,N.V.,3.3,463,8.5,España,Cava,Sparkling
1147067,Duc de Foix,Cava Brut Nature N.V.,N.V.,3.4,393,6.8,España,Cava,Sparkling
1488052,Codorníu,Extra Cuvée Seleccionada Reserva N.V.,N.V.,3.4,360,11.2,España,Cava,Sparkling
3962888,Moli Parellada,Clos la Soleya Cava Brut Nature 2024,2024,3.4,338,7.5,España,Cava,Sparkling
1981254,Castell d'Ordal,Sekt Extra Semi Seco N.V.,N.V.,3.2,298,4.65,España,Vino de España,Sparkling
1147165,Xènius,Cava Brut Nature N.V.,N.V.,3.3,207,6,España,Cava,Sparkling
13060,Pinord,Reynal Vinos de Aguja Rosado N.V.,N.V.,3.4,194,5.65,España,Penedès,Sparkling
1610998,Castell del Remei,Brut Nature N.V.,N.V.,3.4,186,9.92,España,Cava,Sparkling
1696347,Yllera,5.5 Rosé Frizzante N.V.,N.V.,3.3,170,8.5,España,Castilla y León,Sparkling
2343859,Espelt,Escuturit Cava Brut Nature N.V.,N.V.,3.4,169,10.5,España,Cava,Sparkling
4783807,Win,Sparkling White Verdejo De-alcoholised N.V.,N.V.,3.4,163,9.34,España,Ribera del Duero,Sparkling
1240413,Marina Espumante,Brut N.V.,N.V.,3.4,135,6.33,España,Alicante,Sparkling
2608679,Win,5.0 Verdejo Frizzante N.V.,N.V.,3.4,92,7.37,España,Castilla y León,Sparkling
12162041,Dominio del Águila,Peñas Aladas Clarete 2020,2020,4.6,28,260,España,Ribera del Duero,Rose
4626739,Can Axartell,Rosado 2025,2025,4.1,1634,15.95,España,Mallorca,Rose
5647108,Finca Parera,Fins Als Kullons 2024,2024,4.1,1189,18.05,España,Penedès,Rose
3228374,Hispano Suizas,Impromptu Rosé 2024,2024,4.0,944,25.5,España,Utiel-Requena,Rose
4447972,Marqués de Murrieta,Primer Rosé 2024,2024,4.0,940,35.75,España,Rioja,Rose
10039768,Azul y Garanza,Naturaleza Salvaje Clarete 2022,2022,4.0,724,13.75,España,Navarra,Rose
5959277,Cillar de Silos,Dominio del Pidio Rosado 2024,2024,4.1,678,24.7,España,Ribera del Duero,Rose
8464304,Ramón Bilbao,Lalomba Finca LaLinde 2024,2024,4.0,659,29.0,España,Rioja,Rose
1183390,Chivite,Navarra Coleccion 125 Rosado 2023,2023,4.1,651,27.0,España,Navarra,Rose
9719200,Galmés I Ribot,Cambuix Ve d’Avior.Cati Ribot 2024,2024,4.0,397,18.95,España,Islas Baleares,Rose
12020493,Bodegas Martín Códax,Marieta Mencía Rosé 2024,2024,4.0,381,8.49,España,Castilla y León,Rose
7249838,Clos de Lôm,Monastrell Rosé 2024,2024,4.0,350,12.9,España,Valencia,Rose
3597822,Antídoto,Le Rosé 2021,2021,4.3,320,60.0,España,Ribera del Duero,Rose
4995161,Sara Pérez y René Barbier,Priorat Partida Pedrer Rosat 2022,2022,4.1,292,30.46,España,Priorato,Rose
9687926,Llopart,Vi·brant Rosé 2024,2024,4.0,286,18.7,España,Penedès,Rose
5954105,Marqués de Riscal,Viñas Viejas Rosado 2021,2021,4.1,280,30.98,España,Castilla y León,Rose
10237194,Alonso & Pedrajo,Suañé Rosado Reserva 2021,2021,4.2,272,28.6,España,Rioja,Rose
6753595,Finca Torremilanos,Ojo Gallo Rosado 2023,2023,4.0,259,27.85,España,Ribera del Duero,Rose
5479963,Venus la Universal,Dido La Solució Rosa 2022,2022,4.1,233,22.2,España,Montsant,Rose
5645872,Gramona,Mart Xarel-lo Vermell 2023,2023,4.0,214,12.98,España,Penedès,Rose
11837851,Murviedro,Sericis Cepas Viejas Pinot Noir Rosé 2024,2024,4.1,208,8.9,España,Utiel-Requena,Rose
8328723,Arché Pagès,Cartesius Garnatxa Roja 2024,2024,4.1,199,13.65,España,Empordà,Rose
7343274,Mas Candi,Con Barbas Y A Lo Loco 2022,2022,4.1,199,17.55,España,Penedès,Rose
10619879,Las Pedreras,Arquitón Rosado 2024,2024,4.1,189,22.5,España,Castilla y León,Rose
9722012,Juvé & Camps,Pagos de Anguix El Rosado 2024,2024,4.0,188,14.9,España,Ribera del Duero,Rose
11841469,Marqués de Riscal,XR Rosé 2021,2021,4.0,180,26.0,España,Rioja,Rose
8499875,Viña Sastre,Marcelina Gómez Rosado 2024,2024,4.0,178,13.65,España,Ribera del Duero,Rose
1747032,Bodegas Valduero,Rosado Reserva 2016,2016,4.0,167,122.1,España,Ribera del Duero,Rose
8563924,Pinea,Korde 2023,2023,4.3,165,81.9,España,Ribera del Duero,Rose
12618192,Unzu,Garnacha Rosé Sobre Lías 2024,2024,4.1,157,14.75,España,Navarra,Rose
9880584,Rodríguez Sanzo,Gotas de Noche Rosé 2024,2024,4.1,150,13.4,España,Toro,Rose
3387477,Scala Dei,Pla dels Àngels Rosado 2022,2022,4.1,144,27.1,España,Priorato,Rose
9304582,Territorio Luthier,Lara O Clarete 2023,2023,4.1,141,20.0,España,Ribera del Duero,Rose
7701511,De Los Abuelos,Viñas Centenarias Rosado 2023,2023,4.2,137,19.95,España,Bierzo,Rose
10666669,Celler Massis de l'Albera,El Visionari 2024,2024,4.0,137,11.99,España,Cataluña,Rose
6887486,Alonso & Pedrajo,La Pequeñita Rosado Macerado 2021,2021,4.0,136,22.3,España,Rioja,Rose
8031034,Milsetentayseis,La Peña 2022,2022,4.3,132,50.9,España,Ribera del Duero,Rose
10968187,Hacienda López de Haro,Classica Gran Reserva Rosado 2013,2013,4.2,129,51.75,España,Rioja,Rose
8185913,Málaga Virgen,Marbella Blush Rosé 2024,2024,4.0,118,24.89,España,Sierras de Málaga,Rose
2300474,Arzuaga,Ribera del Duero Rosae 2024,2024,4.1,116,10.61,España,Ribera del Duero,Rose
9399348,Sierra Cantabria,XF Rosado 2023,2023,4.1,115,20.1,España,Rioja,Rose
7274981,Arínzano,A de Arínzano 2022,2022,4.0,106,27.0,España,Navarra,Rose
6570225,Castell d'Encus,Jhana 2018,2018,4.1,106,31.5,España,Costers del Segre,Rose
10030600,Señorío de Nava,Fuentenebro Tempranillo 2020,2020,4.0,98,11.55,España,Ribera del Duero,Rose
11504834,Lagrima De Malvasia,Volcánica Rosado 2022,2022,4.1,95,20.5,España,Lanzarote,Rose
7275005,Bodegas Vallobera,Yoana de Vallobera 2023,2023,4.0,94,7.95,España,Rioja,Rose
6141269,Can Sumoi,La Rosa 2024,2024,4.0,92,13.37,España,Penedès,Rose
9968425,Abel Mendoza Monge,Risueño 2024,2024,4.1,91,30.65,España,Rioja,Rose
5067357,Terroir Al Límit Soc. Lda,Roc d'Aubaga Rosé 2017,2017,4.0,90,39.65,España,Priorato,Rose
13169739,Abadal,Nurva 2024,2024,4.0,89,11.89,España,Pla de Bages,Rose
6429733,Bach,Extrísimo Semi Dulce Rosado 2022,2022,4.0,88,5.25,España,Cataluña,Rose
5664517,Bodegas Vilano,Think Pink Rosado 2023,2023,4.1,85,8.95,España,Ribera del Duero,Rose
1256018,Ameztoi,Rubentis 2024,2024,4.0,85,11.67,España,Getariako Txakolina,Rose
2211676,Izadi,Rioja Larrosa 2024,2024,4.0,85,6.85,España,Rioja,Rose
4851821,Bodega Otazu,Otazu Tempranillo Rosé 2021,2021,4.0,85,10.01,España,Navarra,Rose
9681337,Comando G,Cadausolo de los Vidrios 2022,2022,4.0,84,21.6,España,Madrid,Rose
9458966,Chivite,Las Fincas Rosado Fermentado en Barrica 2020,2020,4.1,82,28.25,España,Navarra,Rose
12288015,Clos Mogador,Gratallops Priorat Rosat 2022,2022,4.3,68,35.5,España,Priorato,Rose
1750122,Parés Baltà,Syrah Radix Rosé 2024,2024,4.2,67,22.9,España,Penedès,Rose
12041415,Oxer Wines,Otto Rosado 2024,2024,4.2,64,41.4,España,Rioja,Rose
5511184,Badman Wines,Merlot Rosado 2022,2022,4.0,57,17.15,España,Sierras de Málaga,Rose
9381909,Allende,Rioja Rosé 2018,2018,4.1,56,24.8,España,Rioja,Rose
5009547,Dominio del Águila,Pícaro del Águila Clarete 2022,2022,4.3,49,42.0,España,Ribera del Duero,Rose
11439321,Anayón,Garnacha Rosado 2023,2023,4.0,47,18.0,España,Cariñena,Rose
12385692,El Mas de l'A,Tot-Ú Rosado 2022,2022,4.1,44,15.95,España,Priorato,Rose
5513425,Bodegas Muga,Flor de Muga Rosado 2024,2024,4.1,44,20.6,España,Rioja,Rose
11264204,Vinícola Real,200 Monges Reserva Rosado 2017,2017,4.2,39,47.76,España,Rioja,Rose
7535345,Bodegas Martín Códax,Mara Moura Bastardo Rosé 2024,2024,4.0,34,22.0,España,Galicia,Rose
11694911,Can Axartell,Aurorum 2021,2021,4.2,34,35.3,España,Mallorca,Rose
10882760,Bodega Ribas,Sió Rosat 2023,2023,4.0,31,19.95,España,Mallorca,Rose
13317934,Casa Rojo,Minami Haru Rosado 2024,2024,4.0,29,16.15,España,Murcia,Rose
2298596,Gonzalo Celayeta,La Huella de Aitana Rosado 2024,2024,4.1,29,10.45,España,Navarra,Rose
8258024,Celler Ronadelles - Cap de Ruc,Les Joveres de Margalef Rosato 2022,2022,4.0,29,27.1,España,Cataluña,Rose
10941864,Bendito Destino,Clarete 2022,2022,4.2,27,35.0,España,Ribera del Duero,Rose
7149664,Murviedro,Audentia Cabernet Sauvignon Rosé 2024,2024,4.0,27,5.29,España,Utiel-Requena,Rose
11922825,De Nariz,Assemblage Clarete 2022,2022,4.2,26,14.5,España,Vino de España,Rose
1585181,Liquid Geography,Rosado 2024,2024,4.0,2009,11.95,España,Bierzo,Rose
9122,R. López de Heredia,Gran Reserva Rosado 2010,2010,4.4,959,199.0,España,Rioja Alta,Rose
1216801,Bodegas Gordonzello,Gurdos Prieto Picudo 2024,2024,4.0,662,9.48,España,Tierra de León,Rose
5968981,Torralbenc,Rosado 2024,2024,4.0,491,21.6,España,Isla de Menorca,Rose
1829739,Enate,Cabernet Sauvignon Rosado 2021,2021,4.0,392,9.16,España,Somontano,Rose
1757312,Mortitx,Flaires 2022,2022,4.0,368,15.4,España,Mallorca,Rose
2603702,Binigrau,E Rosat (Ecològic) 2023,2023,4.1,302,14.9,España,Mallorca,Rose
5323343,Zudugarai,Antxiola Rosé 2024,2024,4.0,283,16.85,España,Getariako Txakolina,Rose
2464558,Armero i Adrover,Rosat 2022,2022,4.1,268,10.97,España,Mallorca,Rose
10520945,Winery On Creations,Demuerte Rosé 2024,2024,4.0,264,13.6,España,Yecla,Rose
7426597,Abadia da Cova,Caíño Rosado 2021,2021,4.1,155,60.26,España,Ribeira Sacra,Rose
8448233,Pago de Larrainzar,Rosado de Larrainzar 2024,2024,4.3,129,11.0,España,Navarra,Rose
1173650,Bodega Otazu,Otazu Merlot Rosado 2018,2018,4.1,128,8.5,España,Navarra,Rose
7335604,Escoda-Sanahuja,Nas del Gegant Rosado 2023,2023,4.1,127,18.35,España,Conca de Barberà,Rose
9488199,Cosmic,Conciencia Cosmica 2024,2024,4.0,114,23.5,España,Cataluña,Rose
6347822,Casa Rojo,Haru 2022,2022,4.0,104,15.55,España,Murcia,Rose
1266489,Calandria,Sonrojo Rosado 2022,2022,4.0,75,6.32,España,Navarra,Rose
7631888,Clos Lentiscus,Croac Croac Pink 2021,2021,4.0,68,18.75,España,Cataluña,Rose
8359472,Tobelos,Rosado 2021,2021,4.0,67,10.13,España,Rioja,Rose
4763095,Xaloc,Rosado 2022,2022,4.0,64,29.4,España,Mallorca,Rose
8667798,Tianna Negre,Tianna Bocchoris Rosado 2022,2022,4.0,58,16.21,España,Binissalem-Mallorca,Rose
4733774,Xaloc,Verano 2022,2022,4.4,53,29.4,España,Mallorca,Rose
7199750,Born Rosé Barcelona,Born Rosé 2024,2024,4.1,50,14.95,España,Cataluña,Rose
7570010,Bodegas Faustino,Art Collection Garnacha Rosé 2022,2022,4.0,50,8.95,España,Rioja Alavesa,Rose
11158526,Oriol Artigas,A COCO 2023,2023,4.0,45,18.75,España,Cataluña,Rose
1779461,Ca'N Vidalet,Blanc de Negres 2021,2021,4.0,42,13.36,España,Mallorca,Rose
2385223,Terra Remota,Caminito 2023,2023,4.0,35,16.85,España,Empordà,Rose
5666512,Enrique Mendoza,Monastrell Rosado 2022,2022,4.0,34,9.0,España,Alicante,Rose
1913620,Acustic Celler,Acústic Rosat 2018,2018,4.0,34,11.86,España,Montsant,Rose
11122750,Tobia,Alma Tobía Único 2023,2023,4.1,33,45.0,España,Rioja,Rose
10912508,Pepe Rodríguez de Vera,Dominio de Casalta - Rosado 2022,2022,4.1,26,14.65,España,Almansa,Rose
2342434,Mesta,Organic Tempranillo Rosé 2025,2025,3.5,4620,4.2,España,Uclés,Rose
1656567,Nuviana,Cabernet Sauvignon - Tempranillo Rosado 2023,2023,3.6,3524,7.7,España,Valle del Cinca,Rose
1135273,Protos,Rosado (Clarete) 2025,2025,3.5,3477,7.5,España,Cigales,Rose
9683938,Félix Solís,Mucho Mas Rosado N.V.,N.V.,3.9,3175,5.55,España,Vino de España,Rose
2348849,Soto y Manrique,Naranjas Azules Garnacha Rosado 2024,2024,3.6,2393,8.95,España,Castilla y León,Rose
5610625,Sinforiano,Quelías Rosé 2024,2024,3.9,2367,10.68,España,Cigales,Rose
5803518,Protos,Aire de Protos 2025,2025,3.8,1947,9.25,España,Cigales,Rose
1124810,Cuatro Pasos,Rosado 2024,2024,3.5,1678,7.5,España,Bierzo,Rose
1253426,Can Ràfols dels Caus,Gran Caus Rosat 2024,2024,3.9,1620,18.25,España,Penedès,Rose
16924,Pago del Vicario,Petit Verdot Rosado 2023,2023,3.8,1595,9.4,España,Castilla,Rose
1637759,Txomin Etxaniz,Rosé 2025,2025,3.9,1585,12.4,España,Getariako Txakolina,Rose
1983693,Las Campanas,Garnacha Rosé 2024,2024,3.5,1571,3.97,España,Navarra,Rose
3508744,Antídoto,Roselito 2023,2023,3.8,1503,13.75,España,Ribera del Duero,Rose
1261831,Bodegas Care,Rosado 2024,2024,3.7,1473,5.95,España,Cariñena,Rose
50434,Bodegas Ochoa,Finca El Bosque Rosado de Lágrima 2024,2024,3.5,1388,7.48,España,Navarra,Rose
3293066,Sierra Cantabria,Rosado 2024,2024,3.7,1368,7.05,España,Rioja,Rose
1152412,Castillo de Monjardin,Rosado De Lágrima Vendimia Nocturna 2023,2023,3.5,1360,5.99,España,Navarra,Rose
2951145,Freixenet,Mia Rosado 2024,2024,3.6,1325,6.2,España,Castilla,Rose
1766451,Vivanco,Tempranillo - Garnacha Rioja Rosado 2024,2024,3.5,1309,7.3,España,Rioja,Rose
3409201,Viña Zorzal,Garnacha Rosé 2024,2024,3.6,1296,6.9,España,Navarra,Rose
3415933,Hacienda López de Haro,Rosado 2024,2024,3.5,1081,7.4,España,Rioja,Rose
2204541,Oliveda,Ullones 2024,2024,3.8,1036,8.06,España,Empordà,Rose
1658874,Celler de Capçanes,Mas Donis Rosat Montsant 2024,2024,3.5,1028,7.5,España,Montsant,Rose
2496602,Bodega Ribas,Ribas Rosat 2024,2024,3.9,1024,17.5,España,Mallorca,Rose
1563481,Sinforiano,Sinfo Rosado 2025,2025,3.7,911,5.58,España,Cigales,Rose
2039904,Alquézar,Rosado 2025,2025,3.7,896,4.95,España,Somontano,Rose
4660692,Beronia,Rioja Rosé 2024,2024,3.6,885,7.75,España,Rioja,Rose
1540586,Bodega Emina,Rosado 2024,2024,3.6,862,6.5,España,Cigales,Rose
4581119,Ramón Bilbao,LaLomba Rosado 2024,2024,3.9,791,24.85,España,Rioja,Rose
5463558,Bicicletas y Peces,Tempranillo Rosė 2024,2024,3.7,768,9.0,España,Somontano,Rose
49774,Artadi,Artazuri Garnacha Rosado (Artazu) 2024,2024,3.6,722,9.5,España,Navarra,Rose
1238913,Belondrade,Quinta Clarisa Belondrade 2024,2024,3.6,709,14.0,España,Castilla y León,Rose
3934440,Pago Aylés,l de Aylés 2022,2022,3.8,688,7.95,España,Cariñena,Rose
7421039,Celler Frisach,Les Alifares 2022,2022,3.9,675,20.5,España,Terra Alta,Rose
4695160,Viña Pomal,Garnacha - Viura Rosé 2023,2023,3.6,671,14.4,España,Rioja,Rose
1513175,Finca del Mar,Rosado 2023,2023,3.6,661,9.95,España,Valencia,Rose
1231561,Dominio Dostares,Tombú Prieto Picudo 2024,2024,3.6,655,8.88,España,Castilla y León,Rose
7566105,Señorío de Sarria,Garnacha - Graciano Rosé 2024,2024,3.6,652,6.1,España,Navarra,Rose
4191007,Bodega Sommos,Glárima Rosado 2024,2024,3.5,652,4.05,España,Somontano,Rose
4588370,Pagos de Aráiz,Navarra Rosado 2025,2025,3.7,630,7.2,España,Navarra,Rose
4417327,Astobiza,Rosé 2023,2023,3.8,629,13.5,España,Arabako Txakolina,Rose
3009674,El Grillo y La Luna,12 Lunas Rosé 2024,2024,3.8,627,10.8,España,Somontano,Rose
4418212,Albet i Noya,Curiosa Rosat 2025,2025,3.6,604,9.35,España,Penedès,Rose
7579377,Castillo de Aresan,El Rosé de Aresan Garnacha - Cabernet 2024,2024,3.9,552,6.9,España,Castilla,Rose
1509151,Finca Nueva,Rosado 2023,2023,3.7,544,6.87,España,Rioja,Rose
1251649,Ramón Bilbao,Rioja Rosado 2022,2022,3.8,544,16.2,España,Rioja,Rose
4563981,Obalo,Rioja Rosado 2023,2023,3.8,529,9.4,España,Rioja,Rose
4422694,Canals Canals,Fragància de Marta 2024,2024,3.9,526,10.9,España,Penedès,Rose
17110,Raventós i Blanc,La Rosa 2023,2023,3.8,522,12.9,España,Penedès,Rose
2618149,Laus,Rosado 2024,2024,3.6,507,5.65,España,Somontano,Rose
1661705,Tianna Negre,Vélo Rosé 2024,2024,3.8,503,14.65,España,Binissalem-Mallorca,Rose
1163699,Marqués de Riscal,Rosado 2019,2019,3.7,502,20.0,España,Rioja,Rose
4427733,Torelló,Rosa d'Abril 2024,2024,3.7,497,13.4,España,Penedès,Rose
2103010,Más Que Vinos,Ercavio Rosado 2024,2024,3.5,497,8.75,España,Castilla,Rose
1159310,Finca Los Aljibes,Viña Aljibes Syrah Rosado 2023,2023,3.7,488,7.2,España,Castilla,Rose
4096075,Familia Torres,Viña Esmeralda Rosado 2022,2022,3.8,485,10.4,España,Cataluña,Rose
8380276,Finca Venta de Don Quijote,Tempranillo - Syrah Rosé 2024,2024,3.6,472,2.96,España,Rueda,Rose
1978024,Huerta de Albala,Barbazul Rosado 2024,2024,3.7,469,9.55,España,Cádiz,Rose
2376960,Martí Serdà,Sorbet Garnatxa Rosé 2022,2022,3.7,462,6.11,España,Cataluña,Rose
4384363,Viñas del Vero,Pinot Noir Rosado 2023,2023,3.7,459,9.75,España,Somontano,Rose
2565089,Cosmic,Confiança 2024,2024,3.7,455,21.8,España,Empordà,Rose
9719527,Raúl Pérez,Los Arrotos del Pendón Rosado 2023,2023,3.8,449,9.3,España,Tierra de León,Rose
1223851,Pardas,Sumoll Rosado 2024,2024,3.5,445,14.95,España,Penedès,Rose
6563236,Bodega Doña Felisa,Cloe Rosé 2024,2024,3.8,445,12.95,España,Sierras de Málaga,Rose
4500123,Lar de Maía,8º Rosado 2024,2024,3.5,443,12.0,España,Castilla y León,Rose
7490,Bodegas Muga,Muga Rosado 2024,2024,3.9,440,8.5,España,Rioja,Rose
2529769,Volver,Tarima Rosado 2024,2024,3.5,437,6.72,España,Alicante,Rose
4382403,Anna de Codorniu,Viñas de Anna Pinot Noir 2025,2025,3.5,429,8.8,España,Cataluña,Rose
7257451,Pagos del Rey,Arnegui Tempranillo - Garnacha Rosado 2024,2024,3.6,417,6.35,España,Rioja,Rose
4887233,Dominio del Bendito,Perl Arena Rosado 2024,2024,3.9,407,12.95,España,Toro,Rose
1734770,Torelló,Petjades 2024,2024,3.5,402,10.75,España,Penedès,Rose
3413341,Isidro Milagro,Cal Y Canto Shiraz Rosé 2025,2025,3.5,395,5.3,España,Rioja,Rose
9611976,Linea Kármán,Clarete 2025,2025,3.9,393,7.0,España,Rioja,Rose
5632007,Conde de San Cristobal,Flamingo Rosé 2017,2017,3.7,392,24.95,España,Ribera del Duero,Rose
1764981,Castillo Perelada,Emporda Cigonyes Rosé 2023,2023,3.6,391,8.75,España,Empordà,Rose
1635226,Pradorey,Lia 2023,2023,3.6,389,8.95,España,Ribera del Duero,Rose
1772885,Valdelosfrailes,Rosado 2024,2024,3.5,379,7.65,España,Cigales,Rose
5800700,Castillo Perelada,Pescador Rosé N.V.,N.V.,3.5,378,5.3,España,Empordà,Rose
6137904,El Grifo,Rosado de Lágrima 2023,2023,3.8,370,21.6,España,Lanzarote,Rose
4351925,Palacio de Sada,Rosado 2024,2024,3.5,368,6.3,España,Navarra,Rose
5593354,Inurrieta,Coral Rosado 2024,2024,3.7,367,7.75,España,Navarra,Rose
2286010,Bàrbara Forés,Rosat 2024,2024,3.5,357,9.35,España,Terra Alta,Rose
22137,Altanza,Rosado 2023,2023,3.6,357,6.21,España,Rioja Alta,Rose
6218572,Nicte,Rosa Pálido 2024,2024,3.9,352,10.2,España,Castilla y León,Rose
5518155,César Principe,Charlatán Garnacha Negra 2024,2024,3.8,347,8.55,España,Cigales,Rose
2902890,Bodegas Luis Perez,Marismilla 2023,2023,3.8,334,15.3,España,Cádiz,Rose
5509556,Llopart,'La Vida Secreta de les Plantes' Carmi Rosat 2023,2023,3.8,312,10.95,España,Penedès,Rose
6312212,Baluarte,Rosado 2023,2023,3.6,304,5.73,España,Navarra,Rose
9288209,Bodega Sommos,Syrah - Garnacha Rosé 2024,2024,3.8,300,6.3,España,Somontano,Rose
1189910,Bodegas Marqués de Cáceres,Rosado 2023,2023,3.6,297,7.99,España,Rioja,Rose
2319227,Arrayán,Rosado 2022,2022,3.7,289,8.62,España,Méntrida,Rose
4618640,Tianna Negre,Ses Nines Rosat de Sang 2024,2024,3.7,289,11.56,España,Binissalem-Mallorca,Rose
9812809,Freixenet,Selección Especial Rosé 2023,2023,3.7,284,6.4,España,Cataluña,Rose
2439191,Ilurce,Garnacha Rosé 2023,2023,3.9,283,6.4,España,Rioja,Rose
5029747,Celler Frisach,L'Abrunet Rosado 2024,2024,3.6,277,10.3,España,Terra Alta,Rose
2365909,Alceño,Monastrell Rosé 2024,2024,3.7,275,4.95,España,Jumilla,Rose
6262054,Altanza,Alma Bohemia Rosé 2024,2024,3.9,274,8.9,España,Rioja,Rose
5544809,Juan Gil,Rosé 2024,2024,3.6,273,11.9,España,Jumilla,Rose
1795806,Espelt,Lledoner Rosat 2024,2024,3.5,268,7.38,España,Empordà,Rose
1835177,Vinyes dels Aspres,Oriol dels Aspres Rosat 2023,2023,3.6,266,8.47,España,Empordà,Rose
4733775,Lacrima Baccus,Rose & Clear Rosat de Rosats 2024,2024,3.7,264,7.9,España,Penedès,Rose
6457613,Oliver Conti,Indispensable Rosé 2023,2023,3.5,263,6.95,España,Empordà,Rose
4273081,Cherubino Valsangiacomo,La Novia Ideal 2024,2024,3.5,262,7.8,España,Valencia,Rose
5616507,Alta Pavina,Old Farm Vineyard Pinot Noir Rosé 2023,2023,3.7,262,10.8,España,Castilla y León,Rose
3565897,Agusti Torello Mata,Xic Rosat 2023,2023,3.5,261,6.95,España,Penedès,Rose
3317993,Can Majoral,Butibalausi Rosat 2023,2023,3.8,261,9.5,España,Plà i Llevant,Rose
2361964,Mas Llunes,Maragda Rosa 2024,2024,3.5,261,7.5,España,Empordà,Rose
6431528,Freyé,Syrah - Sumoll 2024,2024,3.7,259,7.5,España,Penedès,Rose
1373492,Alta Alella,Parvus Rosé 2021,2021,3.6,256,10.15,España,Alella,Rose
1315074,Tarón,Rosado 2023,2023,3.5,255,4.75,España,Rioja Alta,Rose
3527928,Chivite,Las Fincas Rosado 2023,2023,3.9,249,12.5,España,Navarra,Rose
3971271,Contino,Rioja Rosado 2019,2019,3.9,248,29.61,España,Rioja,Rose
2474095,Raimat,Clamor Rosado 2021,2021,3.7,247,6.5,España,Costers del Segre,Rose
1158442,Martin Berdugo,Rosado 2024,2024,3.6,246,6.94,España,Ribera del Duero,Rose
4277052,Mas Vicenç,Flors i Violes Rosat 2024,2024,3.8,244,8.25,España,Tarragona,Rose
6721714,Bodegas Aragonesas,Rozzulo Rosé 2023,2023,3.7,243,4.85,España,Campo de Borja,Rose
4626402,Martín Faixó,Perafita Rosat 2024,2024,3.8,243,12.56,España,Empordà,Rose
4901261,Sospechoso,Rosado 2024,2024,3.5,243,9.7,España,Castilla,Rose
2621008,Osborne,Solaz Rosado 2024,2024,3.5,241,3.75,España,Castilla,Rose
1833743,Parató,Pinot Noir Rosé 2024,2024,3.7,240,9.5,España,Penedès,Rose
1823262,Finca Torremilanos,Monte Castrillo Rosado 2022,2022,3.5,231,10.9,España,Ribera del Duero,Rose
2634,Familia Torres,De Casta Rosado 2023,2023,3.6,230,5.05,España,Cataluña,Rose
10634563,Señorío de Sarria,Viñedo Cinco Garnacha de Viñas Viejos 2024,2024,3.8,227,6.15,España,Navarra,Rose
5639934,Bodegas Aragonesas,Coto de Hayas Garnacha Rosado 2024,2024,3.5,225,4.4,España,Campo de Borja,Rose
9504133,Barbadillo,Rosado 2024,2024,3.8,223,6.1,España,Jerez-Xérès-Sherry,Rose
6345503,Luzon,Colección Rosado 2023,2023,3.8,223,7.59,España,Jumilla,Rose
4995813,Raimat,Anima de Raimat Rosé 2024,2024,3.6,220,8.0,España,Costers del Segre,Rose
1217321,Montecillo,Rioja Rosado 2023,2023,3.6,219,6.7,España,Rioja,Rose
19434,Fariña,Colegiata Rosado 2023,2023,3.5,216,5.7,España,Toro,Rose
1186751,César Principe,Clarete de Luna Rosado 2024,2024,3.5,211,5.04,España,Cigales,Rose
1274811,Cune (CVNE),Rosado 2022,2022,3.5,211,6.3,España,Rioja,Rose
8582132,EGO,El Goru Rosado 2023,2023,3.7,211,7.5,España,Murcia,Rose
10650283,Gallina de Piel,Pinkgall Rosado 2024,2024,3.7,207,9.9,España,Navarra,Rose
4368881,Hugas de Batlle,Cami d'en Poca Sang 2022,2022,3.8,201,15.95,España,Empordà,Rose
5300334,Mas Foraster,Josep Foraster els Nanos Trepat Rosat 2024,2024,3.6,200,7.5,España,Conca de Barberà,Rose
2429878,Descregut,Atrevit 2024,2024,3.6,200,9.2,España,Penedès,Rose
76943,Baltasar Gracián,El Criticon Garnacha Rosado 2024,2024,3.5,199,5.17,España,Calatayud,Rose
6834927,4 Kilos Vinícola,Moteur Pistache Rosé 2023,2023,3.9,194,20.95,España,Mallorca,Rose
1662936,Gran Feudo,Rosado 2022,2022,3.5,191,4.27,España,Navarra,Rose
2405064,Mas Blanch I Jove,Saó Rosat 2024,2024,3.7,186,10.4,España,Costers del Segre,Rose
2651989,Rovellats,Merlot Rosé 2024,2024,3.5,184,6.35,España,Penedès,Rose
2034549,El Coto,Rosado 2024,2024,3.8,184,4.54,España,Rioja,Rose
7264666,Bodega Otto Bestué,Garnacha Rosado 2025,2025,3.8,180,7.75,España,Somontano,Rose
7632137,Beronia,Alegra de Beronia 2023,2023,3.9,173,19.4,España,Rioja,Rose
7352274,Casa La Rad,Solarce Rosado 2024,2024,3.9,171,9.0,España,Rioja,Rose
6555017,El Coto,Coto Mayor Rosado 2024,2024,3.6,170,6.3,España,Rioja,Rose
6574876,Les Vinyes del Convent,Lola Bel Rosé 2025,2025,3.9,170,10.35,España,Cataluña,Rose
3614008,Viña Real,Rioja Rosado 2021,2021,3.9,167,7.99,España,Rioja,Rose
6721563,Nube de Leza García,Rosé 2024,2024,3.8,165,11.9,España,Rioja,Rose
2695609,Celler Piñol,Portal Rosat (Nuestra Señora) 2023,2023,3.9,160,7.95,España,Terra Alta,Rose
4739771,Josep Grau Viticultor,Regina 2023,2023,3.9,160,29.0,España,Montsant,Rose
1961276,Tampesta,Prieto Picudo Rosado 2023,2023,3.6,159,8.5,España,Tierra de León,Rose
1698444,Espelt,Trapella Syrah Rosat 2024,2024,3.7,159,9.99,España,Empordà,Rose
1870802,Bodegas Aradon,Rosado 2024,2024,3.6,159,5.28,España,Rioja,Rose
6332675,Terra Remota,Ales Roses 2023,2023,3.5,156,9.8,España,Cataluña,Rose
1747316,Rigau Ros,Rosat Flor 2024,2024,3.6,155,5.35,España,Empordà,Rose
5163951,Rendé Masdéu,El Follet Rosat de Syrah 2024,2024,3.6,153,7.95,España,Conca de Barberà,Rose
12501492,Habla,Habla de Ti Rosé 2024,2024,3.8,150,10.63,España,Extremadura,Rose
7603093,Regina Viarum,Rosae 2022,2022,3.7,149,16.3,España,Ribeira Sacra,Rose
2055214,Leyenda del Páramo,El Aprendiz Rosado 2024,2024,3.5,147,6.15,España,Tierra de León,Rose
6149016,Oliver Viticultors,10.000 Hores Rosé 2023,2023,3.8,142,6.85,España,Penedès,Rose
1832067,Cuatro Pasos,Pizarras de Otero Rosé 2024,2024,3.5,142,9.6,España,Bierzo,Rose
7308557,Bernavi,Morenillo 2023,2023,3.8,140,11.9,España,Terra Alta,Rose
5380936,Corcovo - Megía e Hijos,Tempranillo Rosado 2024,2024,3.7,138,4.66,España,Valdepeñas,Rose
2009251,Vall de Baldomar,Cristiari Rosat 2025,2025,3.7,137,11.9,España,Costers del Segre,Rose
4801785,Anna de Codorniu,Viñas de Anna Flor de Rosa 2024,2024,3.6,137,9.14,España,Cataluña,Rose
7341788,Vinyes Domenech,Rosat de Mitjanit 2023,2023,3.9,136,15.6,España,Montsant,Rose
8895382,Callejo,Vina Pilar Clarete 2022,2022,3.9,136,51.96,España,Ribera del Duero,Rose
7398242,Bodega Pirineos,3404 Rosado 2024,2024,3.8,135,4.8,España,Somontano,Rose
7104951,Bodega Emina,Prestigio Rosé 2024,2024,3.9,134,5.99,España,Cigales,Rose
4437145,Alfredo Maestro,Rosado Clasico de Valladolid 2020,2020,3.7,132,16.15,España,Castilla y León,Rose
1198567,Pere Guardiola,Floresta Rosado 2024,2024,3.6,132,5.75,España,Empordà,Rose
6266646,Valdecuevas,Rosado 2024,2024,3.9,132,8.55,España,Rueda,Rose
8714204,Mas Geli,Notes de Rosat 2024,2024,3.8,131,11.5,España,Cataluña,Rose
7259024,Abadia da Cova,Riola Rosé 2024,2024,3.9,130,13.25,España,Ribeira Sacra,Rose
2626263,Cepa 21,Hito Rosado 2023,2023,3.8,130,9.12,España,Ribera del Duero,Rose
9727603,Bodegas Arraez,Canallas Bobal Rosado 2023,2023,3.6,128,4.0,España,Valencia,Rose
11855497,Herència Altés,La Tarentina Rosé 2022,2022,3.8,127,17.5,España,Terra Alta,Rose
5609441,Torre de Barreda,Amigos Rosé 2024,2024,3.6,124,9.67,España,Castilla,Rose
1261619,Mesquida Mora,Acrollam Rosat 2019,2019,3.6,121,15.21,España,Plà i Llevant,Rose
4593672,Carlania,El Plantarga Vinyes Belles Rosé 2023,2023,3.8,120,13.75,España,Conca de Barberà,Rose
4609095,Viña Aliaga,Lágrima de Luna 2023,2023,3.9,119,7.57,España,Navarra,Rose
2568140,Martí Fabra,Lladoner Empordà 2023,2023,3.5,117,7.34,España,Empordà,Rose
6724028,Hika,Rosé 2022,2022,3.9,116,11.4,España,Getariako Txakolina,Rose
6230313,Particular,Garnacha Rosado 2022,2022,3.5,115,5.3,España,Cariñena,Rose
10833664,Valdelosfrailes,Clarete 2024,2024,3.6,115,7.1,España,Cigales,Rose
9474768,Puro Rofe,Mentidero 2020,2020,3.8,114,36.5,España,Lanzarote,Rose
2402354,Bodegas Care,Solidarity Rosé 2016,2016,3.7,114,6.7,España,Cariñena,Rose
1306702,Señorío de Sarria,Rosado 2023,2023,3.6,112,5.2,España,Navarra,Rose
8966697,Julieta's,Golden Rosé 2024,2024,3.8,111,15.88,España,Rioja,Rose
8685285,Tuets,Tot Rosé 2022,2022,3.8,110,11.34,España,Tarragona,Rose
1584501,Pincerna,Prieto Picudo Rosado 2024,2024,3.7,109,7.12,España,Tierra de León,Rose
12029318,Emilio Moro,Elalba de Emilio Moro 2024,2024,3.9,109,27.2,España,Ribera del Duero,Rose
6314136,Son Vich de Superna,Lágrima de Tramuntana 2022,2022,3.8,108,20.6,España,Serra de Tramuntana-Costa Nord,Rose
10829392,Mas Candi,Baudili Rosat 2024,2024,3.9,106,11.8,España,Penedès,Rose
7440169,Vizcarra,Rosado 2022,2022,3.9,105,14.8,España,Ribera del Duero,Rose
6482555,Zárate,Fontecón Rosé 2023,2023,3.8,104,20.23,España,Rías Baixas,Rose
1795614,Marfil Alella,Mayla Rosat 2022,2022,3.5,102,12.75,España,Alella,Rose
1719731,Can Rich,Bes Monastrell 2024,2024,3.6,97,16.95,España,Murcia,Rose
6460209,Celler Cooperatiu d'Espolla,Babalà - Vi Rosat Alegre 2025,2025,3.5,97,7.85,España,Empordà,Rose
10704049,José Pariente,Victoria Rosado 2022,2022,3.9,97,29.95,España,Rueda,Rose
11600447,Castillo de Monjardin,Rosado de Lágrima 2024,2024,3.7,96,6.61,España,Navarra,Rose
8654366,Attis,Sitta Rosado 2023,2023,3.8,95,15.3,España,Rías Baixas,Rose
5370900,Bodegas Exopto,Bozeto de Exopto Rosé 2024,2024,3.5,94,10.0,España,Rioja,Rose
1149020,Baron de Ley,Rioja Rosado 2023,2023,3.7,90,6.5,España,Rioja,Rose
1310185,Bodegas Faustino,V Rosado 2023,2023,3.5,89,5.9,España,Rioja Alavesa,Rose
10297858,Vinsnus,No.20 InSTabile Claret 2021,2021,3.9,87,19.99,España,Montsant,Rose
12066171,Raul Moreno,La Esencia 2023,2023,3.9,87,26.6,España,Andalucía,Rose
5296029,Oliveda,Marrec Rosado 2025,2025,3.5,86,4.99,España,Empordà,Rose
7448017,Bernavi,Xalera Rosat 2019,2019,3.6,86,8.9,España,Terra Alta,Rose
7498963,Josep Vicens,Vinyes del Grau Rosat 2024,2024,3.9,84,7.22,España,Terra Alta,Rose
11876307,Gran Feudo,Hoya de los Lobos Garnacha Rosado 2024,2024,3.6,83,6.36,España,Navarra,Rose
5029862,Cal Pla,Mas d'en Compte Priorat Rosat 2021,2021,3.7,81,11.3,España,Priorato,Rose
11750273,Mas Llunes,Cypsela Rosé 2025,2025,3.9,79,11.14,España,Empordà,Rose
12556909,Born Rosé Barcelona,Rambla 2024,2024,3.7,77,7.95,España,Cataluña,Rose
11623889,Viñas del Vero,Selección de Varietales Rosado 2025,2025,3.6,77,5.95,España,Somontano,Rose
5557968,Coll de Roses,Rosat 2024,2024,3.5,75,8.49,España,Empordà,Rose
7059474,Botón de Gallo - Dominio del Blanco,Rosado 2024,2024,3.6,75,10.0,España,Cigales,Rose
7416229,Traslanzas,Rosado 2024,2024,3.7,73,7.0,España,Cigales,Rose
2486090,Juvé & Camps,Aurora D'Espiells Rosé 2023,2023,3.7,72,10.5,España,Penedès,Rose
9800305,Azabache,Tunante de Azabache Rosado 2023,2023,3.5,72,6.1,España,Rioja,Rose
3117942,Sinforiano,50 Vendimias Rosado 2024,2024,3.6,71,5.86,España,Cigales,Rose
7432217,Vinyes Tortuga,Juicy 2020,2020,3.8,70,35.16,España,Empordà,Rose
9761499,Celler Credo,And The Winner Is Rosat 2024,2024,3.5,70,9.0,España,Cataluña,Rose
10821181,Cinco Leguas,La Maldición Clarete 2022,2022,3.5,68,19.92,España,Madrid,Rose
6993279,Sicus,Cartoixà Marí 2021,2021,3.7,66,21.4,España,Penedès,Rose
11984363,Torralba Agrícola,Alba Rosé 2024,2024,3.9,65,21.7,España,Isla de Menorca,Rose
4784368,Sota els Àngels,Flow Rosé 2022,2022,3.6,65,13.62,España,Empordà,Rose
12112511,Bodegas Olarra,Hacienda Casa del Valle Rosado 2023,2023,3.9,64,5.95,España,Castilla,Rose
6429825,Garriguella,Tramuntan Art Rosado 2024,2024,3.6,63,7.34,España,Empordà,Rose
3104610,Vinya Els Vilars,Nena Rosato 2024,2024,3.7,62,10.9,España,Costers del Segre,Rose
9075492,La Senda,Une Rose de Blancs 2022,2022,3.7,62,18.9,España,Bierzo,Rose
5527288,Terra i Vins,Flor de Nit Rosat 2021,2021,3.6,62,9.37,España,Terra Alta,Rose
28584,Familia Torres,Viña Sol Rosado 2024,2024,3.7,61,5.83,España,Cataluña,Rose
1588568,Sinforiano,Sinfo Fermentado en Barrica Rosado 2023,2023,3.6,61,10.15,España,Cigales,Rose
6061281,Duc de Foix,Cabernet Sauvignon Rosado 2024,2024,3.5,61,5.75,España,Penedès,Rose
12518086,Arrayán,Selección Rosado 2024,2024,3.6,61,8.9,España,Méntrida,Rose
12363642,Albamar,Mencía Clarete 2024,2024,3.8,60,19.9,España,Ribeira Sacra,Rose
4364258,Celler Xavier Clua,El Solà d'en Pol Rosé 2023,2023,3.8,59,9.0,España,Terra Alta,Rose
5529007,Gregorio Martínez,Finca Rosado 2017,2017,3.9,58,11.95,España,Rioja,Rose
1725666,Los Frailes,Rosado 2024,2024,3.5,53,8.25,España,Valencia,Rose
7569258,Celler Esclanyà,Rosat 2024,2024,3.5,53,11.01,España,Empordà,Rose
4608651,Dominio de Cair,Cair Rosé 2018,2018,3.7,53,9.75,España,Ribera del Duero,Rose
8729994,Baron de Ley,Rosado de Lágrima 2024,2024,3.8,53,7.8,España,Rioja,Rose
11878193,La Unidad Viñas,La Pantera Rosa 2023,2023,3.6,52,8.95,España,Castilla y León,Rose
12692222,Ànima Negra,Àn'R 2024,2024,3.8,50,19.8,España,Mallorca,Rose
1611141,Museum,Rosé 2024,2024,3.8,50,7.95,España,Cigales,Rose
1567205,Jean Leon,3055 Rosé 2023,2023,3.8,49,12.64,España,Penedès,Rose
1424841,Pradorey,Rosado 2022,2022,3.7,49,9.9,España,Ribera del Duero,Rose
7393716,Castillo de Mendoza,Rosado Ecológico 2024,2024,3.8,48,13.95,España,Rioja,Rose
8402792,Valbusenda,Abios Nude Rosé 2022,2022,3.6,47,8.7,España,Toro,Rose
10629278,Vicente Gandía,Bobal Rosa 2023,2023,3.9,47,16.99,España,Utiel-Requena,Rose
12683104,Òrbita Venus,Macabeu - Trepat Rosat 2023,2023,3.7,47,12.95,España,Conca de Barberà,Rose
4442174,Lan,Rioja Rosado 2024,2024,3.7,46,5.99,España,Rioja,Rose
1715335,Parés Baltà,Penedès Ros De Pacs 2023,2023,3.6,46,9.7,España,Penedès,Rose
5727138,Cellers Tarroné,Sisquera Rosado 2024,2024,3.5,45,4.5,España,Terra Alta,Rose
10103301,Cellar Vins Algars,Organic Rosado 2024,2024,3.5,45,5.05,España,Terra Alta,Rose
1606786,Ostatu,Rioja Rosé 2024,2024,3.9,45,9.15,España,Rioja Alavesa,Rose
1564164,Campillo,Rosado Rioja 2023,2023,3.7,44,7.99,España,Rioja,Rose
7513571,Pío del Ramo,Betola The Cat Rosè 2024,2024,3.7,44,5.5,España,Jumilla,Rose
11659217,Jade Gross,Jabalina Rosé 2023,2023,3.8,43,39.2,España,Rioja,Rose
97070,Baigorri,Rioja Rosado 2022,2022,3.7,42,9.3,España,Rioja,Rose
3233986,Castelo de Pedregosa,Cenisia Rosé 2024,2024,3.5,42,7.09,España,Penedès,Rose
3487,Marques de Vitoria,Rioja Rosé 2022,2022,3.7,41,4.01,España,Rioja,Rose
6545671,Celler del Roure,Les Prunes Les Filles d'Amàlia Blanc de Mandó 2023,2023,3.8,41,12.95,España,Valencia,Rose
6930865,Masia Serra,Mosst Rosé 2024,2024,3.7,41,10.3,España,Empordà,Rose
10725452,Conreria d'Scala Dei,Mar d'Estels Rosado 2024,2024,3.9,38,11.47,España,Montsant,Rose
9697278,Abad,Abad Dom Bueno Rosado 2024,2024,3.9,37,9.5,España,Bierzo,Rose
9531464,Bodegas Peñascal,Coral de Peñascal Ethical Rosé 2021,2021,3.5,36,8.31,España,Vino de España,Rose
1536463,Av Bodeguers,Suneus Merlot Rosado 2024,2024,3.6,35,9.95,España,Cataluña,Rose
8424983,El Miracle,No. 05 2023,2023,3.7,35,7.29,España,Valencia,Rose
8567963,Castello Murphy,Ixent 2022,2022,3.5,34,12.0,España,Empordà,Rose
1530659,Siglo,Rosado 2022,2022,3.5,34,4.5,España,Rioja,Rose
1815410,Bodegas Valdemar,Conde de Valdemar Rosado 2024,2024,3.8,33,5.2,España,Rioja,Rose
9925878,Huerto de la Condesa,Los Cipreses Rosado 2025,2025,3.9,32,18.0,España,Sierras de Málaga,Rose
12015854,Bodegas Torre del Veguer,La Rosada 2023,2023,3.8,32,10.02,España,Conca de Barberà,Rose
12866740,Jiménez-Landi,Vinos Singulares Clarete 2021,2021,3.9,32,18.8,España,Méntrida,Rose
9531476,Sierra Salinas,El Caire Rosado 2023,2023,3.7,31,5.9,España,Vino de España,Rose
12421244,Castillo Perelada,Mar de Rosa Rosé 2025,2025,3.8,31,11.82,España,Empordà,Rose
10582108,Oriol Artigas,# Cuvée Total 2020,2020,3.9,30,55.4,España,Alella,Rose
5443226,Celler Batea,Vall Major Rosé 2024,2024,3.5,30,4.99,España,Terra Alta,Rose
1595479,Campo Viejo,Rosado 2023,2023,3.5,30,4.66,España,Rioja,Rose
10949860,Legaris,Rosado 2024,2024,3.7,30,8.75,España,Ribera del Duero,Rose
13354603,Viña Pomal,Garnacha Rosado 2024,2024,3.9,29,7.9,España,Rioja,Rose
10868476,Abadia de Poblet,Rosado 2021,2021,3.7,29,17.9,España,Conca de Barberà,Rose
8950777,Vinessens - Casa Balaguer,El Rosado De Padilla 2023,2023,3.8,28,15.95,España,Alicante,Rose
12554988,Ramón Bilbao,Edición Limitada Early Harvest Rosado 2024,2024,3.9,28,13.5,España,Rioja,Rose
22350,Bodegas Faustino,Faustino VII Rosado 2024,2024,3.6,27,4.27,España,Rioja Alavesa,Rose
11813663,Portia,Rosado Cuvée 2022,2022,3.8,27,6.99,España,Ribera del Duero,Rose
11576975,Barco del Corneta,Tres Navios Rosado 2021,2021,3.9,26,18.1,España,Castilla y León,Rose
2584637,Pago de Cirsus,Rosé Gran Cuvée Especial 2024,2024,3.7,26,8.99,España,Navarra,Rose
2521491,Condesa de Leganza,Selección de Familia Rosado 2024,2024,3.6,26,4.73,España,Castilla,Rose
4486049,Félix Solís,Casa Albali Garnacha Rosé 2024,2024,3.9,26,4.1,España,Valdepeñas,Rose
9611508,Herència Altés,Celastrina 2023,2023,3.8,26,14.5,España,Terra Alta,Rose
5580713,Borsao Bodegas,Rosado (Selección Rosado / Rosé) 2024,2024,3.7,25,6.5,España,Campo de Borja,Rose
12436191,Rupestre de Alpera,Syrah - Merlot Rosé 2024,2024,3.9,25,5.95,España,Almansa,Rose
2443822,Inurrieta,Mediodía Rosado 2025,2025,3.6,1573,4.84,España,Navarra,Rose
2437710,Armas de Guerra,Rosado Mencía 2024,2024,3.8,1516,5.06,España,Bierzo,Rose
3303841,Viñas del Vero,Luces Tempranillo - Merlot - Syrah Rosado 2025,2025,3.5,1486,4.95,España,Somontano,Rose
6176162,Pasión,Bobal Rosé 2024,2024,3.7,1333,7.8,España,Utiel-Requena,Rose
3485735,Bodegas Príncipe de Viana,Edición Rosa 2022,2022,3.6,1302,8.19,España,Navarra,Rose
9398,Dominio de Eguren,Protocolo Rosado 2023,2023,3.5,1275,4.25,España,Castilla,Rose
1100361,Bodegas Franco-Españolas,Diamante Semi-Dulce Rosado 2024,2024,3.7,1086,6.95,España,Rioja,Rose
3951990,Bodegas Martín Códax,Alma Atlántica Mencía Rosé N.V.,N.V.,3.9,1046,8.9,España,Rías Baixas,Rose
1717332,Es Fangar,Twenty Twelve Pink 2023,2023,3.9,979,15.88,España,Plà i Llevant,Rose
4237176,Bodega Otto Bestué,Tempranillo - Cabernet Sauvignon 2025,2025,3.7,961,6.25,España,Somontano,Rose
5727548,La Maldita,Garnacha Rosé 2023,2023,3.7,916,8.5,España,Rioja,Rose
1100360,Bodegas Franco-Españolas,Rioja Bordón Rosado 2024,2024,3.7,914,5.26,España,Rioja,Rose
26034,Familia Torres,Mas Rabell Rosado 2024,2024,3.7,892,6.41,España,Cataluña,Rose
5610941,Cara Nord,Conca de Barberà Trepat Rosat 2024,2024,3.6,886,11.95,España,Conca de Barberà,Rose
1614263,Navajas,Rioja Crianza Rosado 2019,2019,3.8,737,6.0,España,Rioja,Rose
4789913,Succès,Patxanga 2024,2024,3.7,735,10.7,España,Conca de Barberà,Rose
5445096,Alfredo Maestro,Amanda Rosado de Lágrima 2023,2023,3.9,722,13.95,España,Castilla y León,Rose
90064,Abadal,elRosat 2023,2023,3.5,661,9.1,España,Pla de Bages,Rose
4150177,Coloma,Pinot Noir Rosado 2024,2024,3.5,646,7.95,España,Cataluña,Rose
1770645,Bodegas José L. Ferrer,Rosado 2021,2021,3.6,505,10.96,España,Binissalem-Mallorca,Rose
2528968,Avgvstvs,Rosat 2025,2025,3.7,497,7.65,España,Penedès,Rose
4614226,Chozas Carrascal,Las 2 Ces Bobal Rosado 2024,2024,3.5,467,9.83,España,Utiel-Requena,Rose
4285511,Bodegas Binifadet,Rosat 2024,2024,3.7,444,14.95,España,Isla de Menorca,Rose
1153721,Casa Cesilia,Cesilia Rose 2024,2024,3.7,441,7.9,España,Alicante,Rose
1572587,Monteabellon,Avaniel Rosado 2024,2024,3.6,423,5.4,España,Ribera del Duero,Rose
1646421,Muriel,Rioja Rosado 2024,2024,3.7,410,6.5,España,Rioja,Rose
4285702,Latido de Sara,Garnacha Rosé 2022,2022,3.7,354,4.64,España,Navarra,Rose
100020,Portal del Montsant,Brunus Rosé 2019,2019,3.8,351,12.15,España,Montsant,Rose
85504,Buil & Giné,Giné Rosat 2023,2023,3.7,338,14.9,España,Priorato,Rose
2411403,Empordàlia,Sinols Rosat 2024,2024,3.5,337,5.5,España,Empordà,Rose
4088554,Pardevalles,Prieto Picudo Rosado 2024,2024,3.7,328,8.3,España,Castilla y León,Rose
4518455,Bodegas Ponce,Las Cañadas Bobal Rosado 2022,2022,3.7,322,8.62,España,Manchuela,Rose
1892928,Celler de Capçanes,Peraj Petita Rosat Montsant 2025,2025,3.7,320,12.1,España,Montsant,Rose
1360550,Bodegas Aragonesas,Solo Centifolia Rosado 2016,2016,3.5,317,7.0,España,Campo de Borja,Rose
2051515,Coca i Fitó,Rosa 2022,2022,3.8,317,17.8,España,Montsant,Rose
5769414,Can Xanet,Xanet Rosé 2021,2021,3.8,288,14.81,España,Mallorca,Rose
17416,Loxarel,Petit Arnau Rosado 2022,2022,3.6,280,7.98,España,Penedès,Rose
5829112,Pinuaga,Rosé 2024,2024,3.7,277,8.0,España,Castilla,Rose
2811170,El Grifo,Rosado 2023,2023,3.5,270,27.95,España,Lanzarote,Rose
1552513,Clos d'Agon,Amic Rosé 2024,2024,3.7,256,17.5,España,Cataluña,Rose
4465091,Mesquida Mora,Sincronia Rosat 2023,2023,3.6,251,16.01,España,Mallorca,Rose
13588,Marco Real,Homenaje Garnacha Rosado 2024,2024,3.5,244,4.25,España,Navarra,Rose
1705816,AVA-Vi,Rosat 2014,2014,3.8,238,10.46,España,Mallorca,Rose
5252055,Biniagual,Memòries de Biniagual Rosado 2024,2024,3.8,237,15.95,España,Binissalem-Mallorca,Rose
2405831,Familia Conesa,La Doncella de las Viñas Rosado 2019,2019,3.8,230,5.75,España,Guijoso,Rose
4173001,Herència Altés,Garnatxa Negra Rosat 2025,2025,3.6,227,11.15,España,Terra Alta,Rose
4384249,Honoro Vera,Rosé 2019,2019,3.8,225,7.92,España,Jumilla,Rose
1692409,F. Schatz,Rosado 2024,2024,3.7,218,19.5,España,Sierras de Málaga,Rose
1510082,Tamaral,Rosado Ribera del Duero 2021,2021,3.7,211,7.94,España,Ribera del Duero,Rose
2638506,Conde Pinel,Rosé 2024,2024,3.5,205,5.5,España,Castilla,Rose
2297307,Celler Masroig,Les Sorts Rosat 2024,2024,3.5,198,8.9,España,Montsant,Rose
5402371,Eguren Ugarte,Rosado 2021,2021,3.5,192,5.5,España,Rioja,Rose
59634,Ca N'Estruc,Rosat 2025,2025,3.5,185,8.7,España,Cataluña,Rose
1165529,Vins Miquel Gelabert,Golós Rosé 2024,2024,3.8,178,12.5,España,Plà i Llevant,Rose
5378608,Viñátigo,Listan Negro Rosé 2024,2024,3.7,172,10.3,España,Islas Canarias,Rose
2276640,Terramoll,Rosa de Mar 2021,2021,3.8,169,21.5,España,Formentera,Rose
1320749,Bodegas Obergo,Lagrimas de Obergo 2025,2025,3.6,169,6.05,España,Somontano,Rose
1212630,Bach,Viña Extrísima Rosado 2021,2021,3.6,164,6.95,España,Cataluña,Rose
2236514,Finca Enguera,Rosado 2024,2024,3.6,161,5.79,España,Valencia,Rose
4470993,Binitord,Rosat 2022,2022,3.6,159,14.0,España,Isla de Menorca,Rose
5544568,Jané Ventura,Vinyes Roses 2024,2024,3.5,152,8.8,España,Penedès,Rose
11102769,Avgvstvs,Primer Rosat 2025,2025,3.9,148,8.2,España,Penedès,Rose
1512557,Arroyo,Rosado 2024,2024,3.6,146,6.15,España,Ribera del Duero,Rose
5797670,Bodegas Gordonzello,Peregrino Prieto Picudo Rosado 2023,2023,3.5,146,4.81,España,Tierra de León,Rose
1895245,Bodegas Margon - Pricum,Rosado Barrica 2019,2019,3.5,146,10.69,España,Tierra de León,Rose
9357851,MontRubí,One Night's Rosé 2024,2024,3.7,145,16.0,España,Penedès,Rose
4710170,Empordàlia,Daina Empordà Rosé 2024,2024,3.7,144,7.65,España,Empordà,Rose
10717657,Parajes del Valle,Bobal Ecológico Rosado 2022,2022,3.8,142,15.4,España,Manchuela,Rose
10048381,Finca Torremilanos,El Porrón de Lara Rosado 2024,2024,3.9,138,14.65,España,Ribera del Duero,Rose
9561022,Sant Josep,Llàgrimes de Tardor Rosat 2024,2024,3.8,134,9.95,España,Terra Alta,Rose
1601493,Raíz de Guzmán,Rosado 2024,2024,3.9,131,13.25,España,Ribera del Duero,Rose
6295092,Bodegas Javier San Pedro Ortega,Cueva de Lobos Rosado 2024,2024,3.7,128,5.8,España,Rioja,Rose
2738312,Finca Albret,Rocío Rosado 2019,2019,3.6,121,6.25,España,Navarra,Rose
6198820,Breca,Rosé 2021,2021,3.8,112,11.9,España,Aragón,Rose
6215163,Bodegas Quinta de Aves,Cabernet Franc - Graciano Rosé 2019,2019,3.8,104,9.5,España,La Mancha,Rose
2734345,Vegalfaro,Rebel.lia Rosado 2023,2023,3.6,104,5.9,España,Utiel-Requena,Rose
9823258,Baldovar 923,Pieza la Moza 2022,2022,3.8,103,1600.0,España,Valencia,Rose
7448843,Angel,Rosat 2022,2022,3.5,101,10.48,España,Mallorca,Rose
8682688,Martí Fabra,Claret d'Albera 2023,2023,3.6,99,7.6,España,Empordà,Rose
6169227,Forlong,Rosado 2023,2023,3.7,95,8.59,España,Cádiz,Rose
5731046,Casa Corredor,Alagú Forcallat Rosé 2018,2018,3.7,92,10.07,España,Alicante,Rose
76311,Bodegas Olarra,Añares Rosado 2024,2024,3.5,91,8.0,España,Rioja,Rose
2807096,Pere Seda,GVIVM Rosat 2021,2021,3.7,89,8.62,España,Plà i Llevant,Rose
1189075,Pago de Las Encomiendas,Unadir Rosé 2025,2025,3.6,82,8.7,España,Extremadura,Rose
3347660,Finca Son Bordils,Rosat 2019,2019,3.6,79,8.96,España,Mallorca,Rose
3603220,Galmés i Ferrer,Es Pujol de Maria Rosat de Cor 2022,2022,3.8,77,13.55,España,Islas Baleares,Rose
7325877,Bodega Cauzón,Rosado 2023,2023,3.9,77,18.0,España,Andalucía,Rose
1527523,Alfredo Santamaría,Valvinoso Rosé 2021,2021,3.6,75,5.52,España,Cigales,Rose
5584959,Comalats,Gavernera Rosat 2024,2024,3.8,74,9.3,España,Costers del Segre,Rose
3580740,Bodegas Godelia,Godelia Mencía Rosé 2021,2021,3.6,72,9.06,España,Bierzo,Rose
2288071,Muñana,Delirio Rosado 2016,2016,3.5,72,8.38,España,Andalucía,Rose
1165556,Vins Miquel Gelabert,Vinya Son Caules Rosat 2025,2025,3.6,68,8.2,España,Plà i Llevant,Rose
5172686,Viña Sastre,Vina Sastre Rosado 2023,2023,3.9,65,14.0,España,Ribera del Duero,Rose
10562723,Heretat Mas Tinell,Irene Sumoll Negre 2023,2023,3.7,65,13.0,España,Penedès,Rose
6137515,Wine Side Story,Cau de Papallones Rosato 2023,2023,3.8,64,8.55,España,Penedès,Rose
7569113,Altavins,Almodí Petit Rosé 2023,2023,3.5,61,6.25,España,Terra Alta,Rose
5563196,Morosanto,Rosado 2023,2023,3.5,61,11.75,España,Sierras de Málaga,Rose
2622880,Jaume de Puntiró,Rosat 2020,2020,3.6,55,8.99,España,Binissalem-Mallorca,Rose
2577471,Pinna Fidelis,Rosado Fermentado en Barrica 2024,2024,3.6,53,7.46,España,Ribera del Duero,Rose
5892782,Marta Maté,Rosado 2024,2024,3.9,53,15.67,España,Ribera del Duero,Rose
8643220,Jose Luis Ripa,Rosado 2020,2020,3.9,51,22.9,España,Rioja,Rose
1165913,Casa Antonete,Rosado 2008,2008,3.6,51,5.24,España,La Mancha,Rose
5325882,Bodegas Lunares,Rosado 2013,2013,3.6,49,9.46,España,Sierras de Málaga,Rose
5351486,Artium,Fumet 2024,2024,3.5,47,9.0,España,Pla de Bages,Rose
77639,Macià Batle,Rosado 2022,2022,3.7,46,9.95,España,Binissalem-Mallorca,Rose
4934585,Pere Seda,Novell Rosat 2021,2021,3.5,44,8.7,España,Plà i Llevant,Rose
7368677,La Cepa de Pelayo,Ole de Rosé Rosado 2024,2024,3.5,39,12.0,España,Manchuela,Rose
8772953,Collbaix Celler El Molí,El Sagal de Collbaix Rosat 2023,2023,3.8,38,9.9,España,Pla de Bages,Rose
2385965,Azpilicueta,Rosado 2022,2022,3.5,37,8.95,España,Rioja,Rose
1277561,Bodegas Príncipe de Viana,Garnacha Rosado 2023,2023,3.6,35,4.49,España,Navarra,Rose
2717000,VALENCISO,Rioja Rose 2021,2021,3.9,33,16.05,España,Rioja,Rose
9587590,Bodega Bravo Escós,Bravo 2022,2022,3.5,33,19.0,España,Priorato,Rose
5309491,Ca Sa Padrina,Rosat de Ca Sa Padrina 2019,2019,3.6,33,8.1,España,Binissalem-Mallorca,Rose
6300064,Bodegas Orán,Señorío de Oran Rosado 2019,2019,3.6,33,4.7,España,Extremadura,Rose
4352961,Sinforiano,Raimun Rosado 2023,2023,3.7,32,3.5,España,Cigales,Rose
5472265,Mascún,Garnacha Rosado 2024,2024,3.7,32,9.97,España,Somontano,Rose
1781880,Portell - Vinícola de Sarral,Rosat Trepat 2019,2019,3.6,31,3.5,España,Conca de Barberà,Rose
1147660,Los Olmos,Rosado 2024,2024,3.7,28,5.5,España,Ribera del Duero,Rose
1101843,Agro de Bazán,Mas de Bazán Rosado 2015,2015,3.8,28,6.62,España,Utiel-Requena,Rose
4743009,Viñedos de Alfaro,Real Agrado Rosado 2020,2020,3.5,25,6.9,España,Rioja,Rose
1820870,I Heart,Rosé ,,3.4,1290,6.15,España,Vino de España,Rose
1141555,Castillo de Liria,Bobal Rosé 2023,2023,3.3,1045,2.99,España,Valencia,Rose
1730340,Valcarlos,Fortius Rosado 2023,2023,3.3,867,3.55,España,Navarra,Rose
6106607,Pinord,Clos de Torribas Tempranillo - Merlot 2023,2023,3.4,855,7.3,España,Penedès,Rose
5311116,Familia Torres,Natureo Syrah - Cabernet Sauvignon Rosado 2024,2024,3.3,829,9.05,España,Cataluña,Rose
65774,René Barbier,Tradición Rosado 2023,2023,3.1,705,7.1,España,Cataluña,Rose
1836150,Bodega Iniesta,Corazón Loco Rosado 2024,2024,3.2,702,6.73,España,Manchuela,Rose
1177912,Espelt,Coralí 2024,2024,3.4,685,8.99,España,Empordà,Rose
1660465,Castillo Perelada,Empordà Jardins Rosé 2024,2024,3.4,663,5.95,España,Empordà,Rose
1141579,Monte Ory,Rosé 2023,2023,3.4,512,4.95,España,Navarra,Rose
1699180,Viñas del Vero,Tempranillo - Cabernet Sauvignon Rosado 2024,2024,3.3,436,5.38,España,Somontano,Rose
2391652,Can Ràfols dels Caus,Petit Caus Rosat 2019,2019,3.4,427,8.43,España,Cataluña,Rose
4569326,Monólogo,Garnacha 2023,2023,3.3,419,7.2,España,Navarra,Rose
4712832,Viñas del Vero,Merlot - Tempranillo Rosé 2025,2025,3.4,411,5.1,España,Somontano,Rose
85747,Castaño,Dominio Espinal Rosado 2024,2024,3.2,350,5.55,España,Yecla,Rose
15708,Barahonda,Rosado 2023,2023,3.4,346,6.43,España,Yecla,Rose
1779382,Aroa,Larrosa 2024,2024,3.4,345,8.95,España,Navarra,Rose
1903153,Calderona,Rosado 2023,2023,3.3,333,5.61,España,Cigales,Rose
4211699,Vins Nadal,Albaflor Rosado 2025,2025,3.3,310,12.0,España,Binissalem-Mallorca,Rose
4603256,Bodegas Zinio,Zinio Rosado 2023,2023,3.4,266,3.9,España,Rioja Alta,Rose
1656493,La Vinyeta,Heus Rosat 2024,2024,3.4,241,7.1,España,Empordà,Rose
74762,Bodegas Príncipe de Viana,Cabernet Sauvignon Rosado 2024,2024,3.4,235,5.7,España,Navarra,Rose
3290023,Cellers Unió,Roureda Merlot Rosado 2024,2024,3.0,213,5.0,España,Tarragona,Rose
1154374,Bodegas Vilano,Viña Vilano Rosado 2020,2020,3.4,201,7.09,España,Ribera del Duero,Rose
1219650,Museum,Vinea Rosé 2023,2023,3.4,185,5.95,España,Cigales,Rose
9317715,Familia Torres,Natureo De-Alcoholised Rosé 2024,2024,3.3,180,7.85,España,Cataluña,Rose
2568169,Peñamonte,Rosado 2021,2021,3.2,163,155.0,España,Toro,Rose
3301447,Raimat,Abadia Cabernet Sauvignon - Tempranillo Rosé 2023,2023,3.3,163,8.34,España,Costers del Segre,Rose
1543124,Corona de Aragón,Garnacha Rosado 2024,2024,3.2,158,5.5,España,Cariñena,Rose
1296947,Ramón Roqueta,Synera Rosado 2024,2024,3.2,155,4.95,España,Cataluña,Rose
1154522,Oliveda,Masia Oliveda Rosat Flor 2024,2024,3.4,155,4.88,España,Empordà,Rose
4606258,Can Rich,Rosado 2024,2024,3.2,152,16.4,España,Ibiza,Rose
2562864,Cellers Tarroné,Mas Tarroné Rosat 2024,2024,3.3,148,4.4,España,Terra Alta,Rose
1176489,Azul y Garanza,Rosa 2022,2022,3.4,147,6.85,España,Navarra,Rose
5674375,Bodegas Yuntero,Ortiga Tempranillo Rosado 2024,2024,3.4,129,9.4,España,La Mancha,Rose
9737878,Sumarroca,Nostrat Rosé 2025,2025,3.4,125,6.95,España,Penedès,Rose
1712754,Celler Masroig,Solà Fred Rosat 2023,2023,3.3,112,6.5,España,Montsant,Rose
1660968,Señorío de Nava,Ribera del Duero Rosado 2024,2024,3.1,110,5.12,España,Ribera del Duero,Rose
1143921,El Lagar de Isilla,Rosado 2024,2024,3.3,101,8.42,España,Ribera del Duero,Rose
1732605,Aldeya,Rosado 2025,2025,3.2,97,6.4,España,Cariñena,Rose
5447557,Garriguella,Dinarells Rosé 2024,2024,3.1,94,4.4,España,Empordà,Rose
5772178,Castillo de Enériz,Rosado 2022,2022,3.4,90,6.0,España,Navarra,Rose
1708192,Arché Pagès,Sàtirs Rosat 2023,2023,3.4,87,7.65,España,Empordà,Rose
76549,Schenk Spanish Wineries,Vega Libre Rosé 2024,2024,3.3,81,3.5,España,Utiel-Requena,Rose
6424337,Cavas Hill,Masia Hill Rosé 2023,2023,3.1,72,4.21,España,Cataluña,Rose
3607262,Oriol Rossell,Beach Rosé 2024,2024,3.4,71,9.76,España,Penedès,Rose
7490239,Castillo Perelada,Inspirador Rosé 2022,2022,3.4,68,9.4,España,Empordà,Rose
1855685,Leyenda del Páramo,Flor del Páramo Rosado 2024,2024,3.0,66,4.5,España,Tierra de León,Rose
5528958,Oriol Rossell,Xino-Xano Rosé 2024,2024,3.3,62,6.8,España,Penedès,Rose
6362873,Ca N'Estella,Clot dels Oms Petit Rosado 2022,2022,3.2,55,6.8,España,Penedès,Rose
5702769,Celler Gerisena,Rosat de Gerisena 2024,2024,3.4,55,9.5,España,Cataluña,Rose
7304524,Castaño,Monastrell Ecológico Rosado 2023,2023,3.3,53,7.6,España,Yecla,Rose
1153636,Marques de Monistrol,Tempranillo - Merlot Penedés Rosé 2023,2023,3.3,52,3.99,España,Penedès,Rose
1487605,Planas Albareda,El Rosat Merlot 2024,2024,3.3,50,6.95,España,Penedès,Rose
4439991,Bodegas Estéban Martín,Vinem Rosado 2024,2024,3.4,36,4.2,España,Cariñena,Rose
1665980,Torrelongares,Rosado 2024,2024,3.1,28,4.54,España,Cariñena,Rose
6347885,Estévez Bodegas y Viñedos,Versos de Valtuille Rosado 2021,2021,3.4,28,13.35,España,Castilla y León,Rose
13488796,Familia Torres,Natureo De-Alcoholised Garnacha Tinta Rosado 2024,2024,3.2,26,8.38,España,Cataluña,Rose
1219530,Bodega Pirineos,Merlot - Cabernet Rosado 2025,2025,3.3,788,4.97,España,Somontano,Rose
1149666,Beso de Vino,Garnacha Rosé 2020,2020,3.2,602,4.5,España,Cariñena,Rose
6332788,Homenaje,Garnacha Rosado 2023,2023,3.3,589,5.7,España,Navarra,Rose
1229814,Franck Massard,Mas Amor Rosado 2024,2024,3.4,541,8.5,España,Cataluña,Rose
1525574,Bobal de San Juan,Bobal Rosé 2024,2024,3.4,508,7.05,España,Utiel-Requena,Rose
3849727,Sumarroca,Posidonia Rosé 2023,2023,3.4,497,7.48,España,Penedès,Rose
2125332,Pacheco,Rosado 2025,2025,3.3,481,5.37,España,Jumilla,Rose
95431,Bodegas Nekeas,Rosado de Lágrima 2024,2024,3.4,409,4.85,España,Navarra,Rose
7572753,Bodegas Piedemonte,Garnacha Rosado 2023,2023,3.4,321,6.4,España,Navarra,Rose
4191161,Miedes,Garnacha Rosado 2023,2023,3.4,316,5.9,España,Calatayud,Rose
1272678,Nuviana,Veranza Cabernet Sauvignon - Tempranillo Rosado 2022,2022,3.2,314,5.25,España,Valle del Cinca,Rose
1251479,Miquel Oliver,Son Caló Rosato 2022,2022,3.4,228,8.08,España,Plà i Llevant,Rose
5008809,Sant Josep,Clot d'Encís Rosé 2024,2024,3.3,172,4.15,España,Terra Alta,Rose
1695019,Celler de Capçanes,Marmellans Rosat Montsant 2020,2020,3.1,158,4.4,España,Montsant,Rose
2386247,Pinord,Gaudiana Rosato 2021,2021,3.3,154,4.43,España,Penedès,Rose
1154531,Oliveda,Clos Primat Rosado 2024,2024,3.4,151,4.65,España,Empordà,Rose
1564578,Miquel Pons,Arrelium Rosato 2022,2022,3.2,145,5.95,España,Penedès,Rose
3887687,Bodegas Zinio,Señorío de Uñuela Rosado 2024,2024,3.1,142,3.65,España,Rioja Alta,Rose
2745376,Vinos de León,Valjunco Rosado 2024,2024,3.4,120,6.43,España,Tierra de León,Rose
3718914,Celler de Capçanes,Mas Picosa Blanc De Negres Rosé 2024,2024,3.3,101,8.5,España,Montsant,Rose
3131531,Raimat,Rosada Cabernet Sauvignon -  Tempranillo 2018,2018,3.4,84,13.84,España,Cataluña,Rose
5127042,Sonsierra,Selección Tempranillo Rosé 2024,2024,3.4,81,4.43,España,Rioja Alta,Rose
85754,Castaño,Monastrell Rosado 2018,2018,3.2,76,5.9,España,Yecla,Rose
3613442,Son Colom,Rosado 2023,2023,3.1,69,8.5,España,Plà i Llevant,Rose
4690549,Cuatro Rayas,Blush Rosé 2024,2024,3.4,69,3.9,España,Castilla y León,Rose
6005779,Gran Sello,Rosado 2023,2023,3.4,69,7.5,España,Castilla,Rose
4541825,Can Grau Vell,Quike 2023,2023,3.4,67,12.85,España,Cataluña,Rose
1174832,Celler Sabaté,Pétals de Garnacha 2024,2024,3.4,61,10.7,España,Cataluña,Rose
1888506,Bodegas Aragonesas,Coto De Hayas Garnacha - Cabernet Sauvignon Rosé 2022,2022,3.2,59,21.5,España,Campo de Borja,Rose
1494907,Bodegas Estraunza,Solar de Estraunza Rosado 2023,2023,3.4,41,4.13,España,Rioja,Rose
2649384,Lezaun,Egiarte Rosado 2024,2024,3.3,36,3.8,España,Navarra,Rose
2373238,Bodegas Margon - Pricum,Rosado 2019,2019,3.1,36,7.84,España,Tierra de León,Rose
4604059,Cellers Unió,Clos del Pinell Garnacha Rosado 2021,2021,3.3,36,5.95,España,Terra Alta,Rose
2343495,Garriguella,Puntils Rosat 2024,2024,3.2,28,6.85,España,Empordà,Rose
2648089,Pinna Fidelis,Rosé 2020,2020,3.1,28,14.22,España,Ribera del Duero,Rose
3540569,Bodegas Xaló,Vall de Xaló Rosado 2022,2022,3.3,27,3.95,España,Valencia,Rose
2485399,Vins de Taller,Gris 2023,2023,3.3,27,28.0,España,Empordà,Rose
1924590,Señorío de Paniza,Garnacha Rosado Semi-Seco 2022,2022,3.2,26,3.67,España,Cariñena,Rose
84128,Jorge Ordóñez,No. 4 Esencia 2015,2015,4.5,125,81.95,España,Málaga,Dessert
2575234,Castell d'Encus,Majjan 2018,2018,4.5,31,62.35,España,Costers del Segre,Dessert
4492298,Gutiérrez de la Vega,Recóndita Armonía Monastrell Dulce 1987,1987,4.7,47,85.0,España,Alicante,Dessert
1705839,Gutiérrez de la Vega,Casta Diva Fondillón 1987,1987,4.5,25,80.91,España,Alicante,Dessert
50494,Bodegas Ochoa,Vendimia Tardía Moscatel 2024,2024,4.1,1850,14.17,España,Navarra,Dessert
1433204,Gramona,Vi De Glass Gewürztraminer 2022,2022,4.1,1718,23.49,España,Cataluña,Dessert
1840065,Menade,Dulce Menade Sauvignon 2024,2024,4.0,1422,11.8,España,Castilla y León,Dessert
2549470,Gutiérrez de la Vega,Casta Diva Cosecha Miel Moscatel Dulce 2023,2023,4.1,1377,16.45,España,Alicante,Dessert
1618793,Jorge Ordóñez,No. 1 Seleccion Especial 2023,2023,4.0,1203,17.53,España,Málaga,Dessert
13945,Finca Antigua,Moscatel Naturalmente Dulce 2024,2024,4.0,830,8.3,España,La Mancha,Dessert
3240337,Javier Sanz Viticultor,V Dulce de Invierno 2022,2022,4.2,822,22.67,España,Castilla y León,Dessert
1839728,Chivite,Navarra Vendimia Tardia Coleccion 125 2022,2022,4.2,732,30.49,España,Navarra,Dessert
2225389,Javier Sanz Viticultor,Semidulce 2024,2024,4.1,520,7.49,España,Rueda,Dessert
2147598,Gramona,Vi De Glass Riesling 2022,2022,4.1,508,19.4,España,Penedès,Dessert
1514537,Celler Piñol,Josefina Piñol Dolç Garnatxa Negra 2019,2019,4.0,435,17.99,España,Tarragona,Dessert
1164856,Jorge Ordóñez,No. 3 Old Vines 2023,2023,4.4,385,46.9,España,Málaga,Dessert
7735862,De Moya,Gloria Dulce N.V.,N.V.,4.1,275,10.5,España,Valencia,Dessert
5879030,Gramona,Vi De Glass Xarel-lo Dulce Frio 2018,2018,4.1,259,18.37,España,Penedès,Dessert
5244737,Bodegas El Sequé,Dulce 2019,2019,4.1,249,37.25,España,Alicante,Dessert
10942224,Gallina de Piel,Dolç de Foc Espurnes 2024,2024,4.1,239,10.89,España,Cataluña,Dessert
3556247,Pago de Cirsus,Vendimia Tardia Allegro Moscatel 2014,2014,4.1,237,18.3,España,Navarra,Dessert
1552204,Culebrón,Fondillón Gran Reserva 1970,1970,4.2,215,49.0,España,Alicante,Dessert
6721706,Celler Cooperatiu d'Espolla,Solera 1931 Garnatxa d'Empordà N.V.,N.V.,4.1,215,12.44,España,Cataluña,Dessert
7337855,De Moya,Sofia Noble 2023,2023,4.4,201,20.95,España,Valencia,Dessert
90809,Bodegas Tintoralba,Garnacha Tintorera Dulce 2024,2024,4.1,192,14.5,España,Almansa,Dessert
1653862,L'Olivera,Rasim Vimadur Negre 2018,2018,4.2,191,26.3,España,Costers del Segre,Dessert
9458544,Oliveda,Puig de les Guilles Gran Reserva Garnatxa Roja Dolça 2015,2015,4.3,186,17.45,España,Empordà,Dessert
3666512,Attis,Sitta Dulce Nana 2021,2021,4.3,185,50.51,España,Rías Baixas,Dessert
7838302,Hispano Suizas,Bassus Pinot Noir Dulce 2024,2024,4.2,144,28.9,España,Utiel-Requena,Dessert
82956,Enrique Mendoza,Dolç de Mendoza 2014,2014,4.1,142,21.9,España,Alicante,Dessert
5960285,Juan Gil,Dulce Natural 2015,2015,4.1,135,14.95,España,Jumilla,Dessert
2431508,L'Olivera,Rasim Vipansit Blanc 2020,2020,4.2,133,28.0,España,Costers del Segre,Dessert
5992762,Tajinaste,Paisaje de Las Islas Malvasia Aromatica Naturalmente Dulce 2021,2021,4.0,133,21.95,España,Islas Canarias,Dessert
1629526,Finca Moncloa,Tintilla de Rota 2019,2019,4.4,96,54.0,España,Cádiz,Dessert
7772713,Mas Oller,Malvasia Bóta 2 Anys 2021,2021,4.3,90,15.98,España,Empordà,Dessert
5067186,Orto Vins,Dolç d'Orto Negre 2021,2021,4.1,86,25.2,España,Montsant,Dessert
5475308,Astobiza,Late Harvest 2019,2019,4.0,83,20.0,España,Arabako Txakolina,Dessert
4910454,Orto Vins,Dolç d'Orto Blanc 2022,2022,4.0,71,24.0,España,Montsant,Dessert
9821466,Williams & Humbert,Finolis en Rama 2016,2016,4.1,69,17.25,España,Cádiz,Dessert
1425883,Bodegas Care,Moscatel de Alejandría 2019,2019,4.0,57,9.0,España,Cariñena,Dessert
6175737,Bodegas Ochoa,Vino Dulce de Moscatel 2024,2024,4.1,56,13.95,España,Navarra,Dessert
5873320,Viñedos Verticales,Noctiluca 2024,2024,4.3,54,25.42,España,Málaga,Dessert
1620854,José Pariente,'Apasionado de Jose Pariente' Dulce 2023,2023,4.0,50,12.55,España,Rueda,Dessert
5727215,Enate,Gewürztraminer Dulce 2022,2022,4.0,49,13.79,España,Somontano,Dessert
1199779,Alta Alella,Dolç Mataró 2022,2022,4.0,33,19.96,España,Alella,Dessert
1285845,Jorge Ordóñez,No. 2 Victoria 2024,2024,4.1,31,16.9,España,Málaga,Dessert
2464952,MontRubí,Advent Samsó 2010,2010,4.1,30,22.02,España,Penedès,Dessert
2545913,Gutiérrez de la Vega,Recóndita Armonía Fondillón 2013,2013,4.3,29,43.06,España,Valencia,Dessert
3779990,Bermejo,Malvasia Volcanica Semidulce 2020,2020,4.2,701,35.67,España,Lanzarote,Dessert
1859885,Bodegas Enguera,Verdil de Gel 2023,2023,4.2,278,14.4,España,Valencia,Dessert
2550285,Amós Bañeres,Diables 2021,2021,4.2,265,63.7,España,Penedès,Dessert
1974117,La Vinyeta,Sols 2009,2009,4.0,242,20.1,España,Empordà,Dessert
1202159,Dominio del Bendito,La Chispa Negra 2022,2022,4.3,214,30.5,España,Toro,Dessert
1482810,Vins Miquel Gelabert,Dolç de Sa Vall 2025,2025,4.2,210,14.7,España,Plà i Llevant,Dessert
2013447,Hispano Suizas,Bassus Dulce Bobal - Pinot Noir 2022,2022,4.2,175,25.08,España,Utiel-Requena,Dessert
3595516,Sonsierra,Androsela Semi Dulce 2024,2024,4.1,160,4.75,España,Rioja Alta,Dessert
1699020,Alta Alella,Blanc de Neu 2023,2023,4.1,131,19.75,España,Alella,Dessert
2129468,Mortitx,Dolç de Gel 2021,2021,4.1,126,22.49,España,Mallorca,Dessert
6622034,Bodegas Martín Códax,Alma Atlantica Sangria N.V.,N.V.,4.1,115,7.89,España,Rías Baixas,Dessert
2346219,Ton Rimbau,Porcellànic VI Xarel-lo Sur Lie 2019,2019,4.4,111,88.55,España,Penedès,Dessert
2846220,Finca Nadal de la Boadella,1510 Botritys Noble 2001,2001,4.2,107,50.65,España,Penedès,Dessert
2178975,Bodegas Xaló,Riu Rau Selecto Moscatel Unico 2019,2019,4.1,101,16.5,España,Alicante,Dessert
4686481,Attis,Sitta Pereiras Blanco Dulce 2022,2022,4.1,100,23.25,España,Rías Baixas,Dessert
3365121,Gutiérrez de la Vega,Casta Diva La Diva 2021,2021,4.1,91,25.7,España,Alicante,Dessert
1482807,Vins Miquel Gelabert,Dolç des Morro 2018,2018,4.1,76,22.8,España,Plà i Llevant,Dessert
1675345,Mas d'en Gil,Nus Vi Dolç Natural 2011,2011,4.2,64,25.2,España,Priorato,Dessert
3235839,Ton Rimbau,Porcellànic VI Espurnejant 2017,2017,4.3,52,90.15,España,Penedès,Dessert
2266512,Crapula,Dulce Monastrell 2023,2023,4.1,43,8.01,España,Jumilla,Dessert
1273550,Buil & Giné,Pleret Blanc Dolç 2010,2010,4.0,43,33.0,España,Priorato,Dessert
5776451,Nivarius,Blanco Semidulce 2018,2018,4.2,37,5.75,España,Rioja,Dessert
2537202,Parés Baltà,Music White 2019,2019,4.1,36,29.35,España,Penedès,Dessert
1480037,DG Viticultors,Caligo Vi de Boira 2013,2013,4.1,36,18.4,España,Penedès,Dessert
4892628,Ton Rimbau,Porcellànic VI Dolc Natural 2017,2017,4.4,27,94.5,España,Penedès,Dessert
26434,Celler de Capçanes,Pansal Del Calàs Montsant 2017,2017,4.1,27,20.7,España,Montsant,Dessert
1457422,Gutiérrez de la Vega,Casta Diva Reserva Real 2002,2002,4.4,25,48.9,España,Alicante,Dessert
3777,Familia Torres,Floralis Moscatel Oro N.V.,N.V.,3.8,8134,8.35,España,Penedès,Dessert
3792474,Bodegas Aragonesas,Azzulo Campo de Borja N.V.,N.V.,3.7,4516,4.85,España,Campo de Borja,Dessert
2329,Casa de la Ermita,Dulce Tinto 2024,2024,3.8,724,11.0,España,Jumilla,Dessert
6421394,Pampano,Verdejo Semi Dulce 2024,2024,3.8,529,5.35,España,Rueda,Dessert
6428223,Monte Real,Blanco Semidulce 2011,2011,3.7,523,9.98,España,Rioja,Dessert
734286,Alvear,Moscatel N.V.,N.V.,3.8,473,7.9,España,Montilla-Moriles,Dessert
1101151,Palacio de Bornos,Sauvignon Blanc Semidulce 2025,2025,3.9,306,7.3,España,Rueda,Dessert
2424005,Celler Cooperatiu d'Espolla,Garnatxa d'Empordà N.V.,N.V.,3.6,221,6.84,España,Empordà,Dessert
1156160,Edetària,Dolç 2022,2022,3.9,159,17.5,España,Terra Alta,Dessert
2821323,Celler Cooperatiu d'Espolla,Moscatell d'Empordà N.V.,N.V.,3.8,118,6.28,España,Empordà,Dessert
1213832,Quinta de la Quietud,La Dulce Quietud 2019,2019,3.9,109,36.3,España,Toro,Dessert
1198613,Pere Guardiola,Torre de Capmany Garnatxa d'Empordà N.V.,N.V.,3.9,98,13.5,España,Empordà,Dessert
85762,Castaño,Monastrell Dulce 2018,2018,3.8,88,18.5,España,Yecla,Dessert
5422595,Solaguen,Semidulce de Solagüen 2024,2024,3.9,76,8.95,España,Rioja,Dessert
6490698,Baron de Ley,Semi Dulce 2022,2022,3.9,74,7.28,España,Rioja,Dessert
2676388,Mas Llunes,Dolç Moscat 2023,2023,3.9,66,9.79,España,Empordà,Dessert
1989199,MN Vinos,Rita Hetvin Es Dulce 2012,2012,3.8,62,13.23,España,Ribera del Duero,Dessert
1861871,Gran Ducay,Cariñena Moscatel N.V.,N.V.,3.6,60,6.5,España,Cariñena,Dessert
2200141,Bàrbara Forés,Vi Dolç 2019,2019,3.8,49,30.65,España,Terra Alta,Dessert
5439200,Celler Gerisena,Essència de Gerisena 2024,2024,3.9,40,10.3,España,Empordà,Dessert
5602628,José Estévez,Castillo de Miraflores Semidulce 2024,2024,3.9,32,7.1,España,Rueda,Dessert
1766322,Falset Marçà,Ètim Tradition Verema Tardana Negre Dolç 2018,2018,3.8,1003,10.35,España,Montsant,Dessert
4316472,Nube de Leza García,Blanco Semidulce 2024,2024,3.6,438,7.6,España,Rioja,Dessert
2271309,Itsasmendi,Urezti Late Harvest 2023,2023,3.9,358,25.95,España,Bizkaiko Txakolina,Dessert
94288,Liberalia,Uno Dulce 2023,2023,3.9,151,19.9,España,Castilla y León,Dessert
1676438,Bodegas Xaló,Mistela Vall de Xaló Moscatell 2022,2022,3.8,132,5.04,España,Alicante,Dessert
1586954,La Vinyeta,És Poma N.V.,N.V.,3.8,132,17.95,España,Empordà,Dessert
1416837,Empordàlia,Sinols Moscatell 2023,2023,3.8,122,8.45,España,Empordà,Dessert
1303668,Celler Xavier Clua,Mil.lennium Dolç 2020,2020,3.8,60,19.5,España,Terra Alta,Dessert
1959773,Luis Angel Casado Manzanos,Trasotoño de Luis Ángel Casado Blanco Vemdimia Tardia 2009,2009,3.6,41,26.25,España,Rioja Alavesa,Dessert
8072795,De Muller,Aureo Seco 1954,1954,3.8,34,17.6,España,Tarragona,Dessert
1694179,Castillo de Liria,Medium White 2007,2007,3.3,1999,2.99,España,Valencia,Dessert
13094,Pinord,Moscatel 2021,2021,3.3,589,24.7,España,Cataluña,Dessert
1170945,Gonzalez-Byass,Noe Pedro Ximenez VORS ,,4.5,3435,82.0,España,Jerez-Xérès-Sherry,Fortified
2395864,Toro Albalá,Don PX Convento Selección 1977,1977,4.7,1463,180.0,España,Montilla-Moriles,Fortified
84350,Bodegas Tradición,Pedro Ximenez Tradición 20 Years Old Vos N.V.,N.V.,4.5,1200,133.3,España,Jerez-Xérès-Sherry,Fortified
2365584,Toro Albalá,Don PX Selección 1993,1993,4.5,415,48.73,España,Montilla-Moriles,Fortified
4743677,Tio Pepe,Cuatro Palmas Amontillado N.V.,N.V.,4.5,311,149.0,España,Jerez-Xérès-Sherry,Fortified
1640554,Valdespino,Toneles Moscatel N.V.,N.V.,4.8,239,214.99,España,Jerez-Xérès-Sherry,Fortified
2037513,Valdespino,Coliseo Amontillado VORS N.V.,N.V.,4.5,134,141.5,España,Jerez-Xérès-Sherry,Fortified
2417790,Toro Albalá,Ginés Liébana Pedro Ximénez 1937,1937,4.5,127,469.0,España,Montilla-Moriles,Fortified
4830124,Diez Mérito,Fino Imperial Amontillado 30 Años N.V.,N.V.,4.5,113,121.0,España,Jerez-Xérès-Sherry,Fortified
1736187,Osborne,Solera India Oloroso Rare Sherry N.V.,N.V.,4.6,91,138.67,España,Jerez-Xérès-Sherry,Fortified
1587258,Toro Albalá,Marqués de Poley Amontillado Selección 1951 1951,1951,4.5,70,240.0,España,Montilla-Moriles,Fortified
2557163,Barbadillo,Reliquia Palo Cortado Sherry N.V.,N.V.,4.7,67,399.0,España,Jerez-Xérès-Sherry,Fortified
1409007,Emilio Hidalgo,Santa Ana Pedro Ximenez 1861 N.V.,N.V.,4.6,61,413.9,España,Jerez-Xérès-Sherry,Fortified
2609014,Gonzalez-Byass,Añada Palo Cortado 1987 1991,1991,4.5,51,344.15,España,Jerez-Xérès-Sherry,Fortified
6559979,Bodegas Alonso,Oloroso 1/14 N.V.,N.V.,4.6,41,119.0,España,Cádiz,Fortified
2483367,Bodegas Tradición,Palo Cortado Añada 1998,1998,4.6,41,315.0,España,Jerez-Xérès-Sherry,Fortified
86816,Toro Albalá,Don PX Pedro Ximenez 1929,1929,4.8,26,401.61,España,Montilla-Moriles,Fortified
7190635,El Maestro Sierra,Oloroso 1/7 Anticuario N.V.,N.V.,4.6,55,90.0,España,Jerez-Xérès-Sherry,Fortified
5563500,Alvear,Abuelo Diego Palo Cortado N.V.,N.V.,4.7,49,225.95,España,Montilla-Moriles,Fortified
1435123,Toro Albalá,Eléctrico Don PX Reserva Especial 2021,2021,4.6,48,32.0,España,Montilla-Moriles,Fortified
2227897,Osborne,Solera BC-200 N.V.,N.V.,4.6,42,157.0,España,Jerez-Xérès-Sherry,Fortified
2445342,Emilio Hidalgo,Privilegio Palo Cortado 1860 N.V.,N.V.,4.5,31,375.0,España,Jerez-Xérès-Sherry,Fortified
2005750,Gonzalez-Byass,Nectar Pedro Ximenez Sherry (Dulce) N.V.,N.V.,4.1,10434,9.67,España,Jerez-Xérès-Sherry,Fortified
86829,Toro Albalá,Don PX 1993,1993,4.4,6812,54.5,España,Montilla-Moriles,Fortified
1164439,Lustau,East India Solera Sherry N.V.,N.V.,4.0,3891,17.7,España,Jerez-Xérès-Sherry,Fortified
1170133,Lustau,San Emilio Pedro Ximénez Sherry (Solera Reserva) N.V.,N.V.,4.1,3839,21.45,España,Jerez-Xérès-Sherry,Fortified
81688,Osborne,Pedro Ximenez 1827 Jerez-Xeres-Sherry N.V.,N.V.,4.0,2679,10.9,España,Jerez-Xérès-Sherry,Fortified
734294,Alvear,Pedro Ximénez 1927 N.V.,N.V.,4.1,2547,13.43,España,Montilla-Moriles,Fortified
3355868,Gonzalez-Byass,Leonor Palo Cortado Seco N.V.,N.V.,4.1,2430,24.95,España,Jerez-Xérès-Sherry,Fortified
2028826,Alvear,Pedro Ximénez de Añada 2023,2023,4.2,2206,13.6,España,Montilla-Moriles,Fortified
4010937,Lustau,Vermut Rojo N.V.,N.V.,4.2,1924,12.8,España,Jerez-Xérès-Sherry,Fortified
1508736,Gonzalez-Byass,Matusalem Sherry VORS N.V.,N.V.,4.3,1899,81.78,España,Jerez-Xérès-Sherry,Fortified
1826676,Bodegas Ximénez-Spínola,Finest Old Harvest Medium N.V.,N.V.,4.2,1893,21.38,España,Jerez-Xérès-Sherry,Fortified
2390233,Gonzalez-Byass,Apostoles 30 Years Old Sherry N.V.,N.V.,4.3,1828,82.05,España,Jerez-Xérès-Sherry,Fortified
3975739,Lustau,Palo Cortado Península Jerez-Xérès-Sherry  Seco-Dry N.V.,N.V.,4.0,1771,18.9,España,Jerez-Xérès-Sherry,Fortified
80861,Emilio Hidalgo,Hidalgo Pedro Ximénez N.V.,N.V.,4.0,1408,29.8,España,Jerez-Xérès-Sherry,Fortified
1170968,Gonzalez-Byass,Del Duque Amontillado Sherry VORS N.V.,N.V.,4.2,1352,82.05,España,Jerez-Xérès-Sherry,Fortified
2558495,Bodegas Tradición,Palo Cortado Tradición Vors 30 Years Sherry N.V.,N.V.,4.4,1315,122.0,España,Jerez-Xérès-Sherry,Fortified
1978025,Williams & Humbert,Don Guido Pedro Ximenez Solera Especial Aged 20 Years N.V.,N.V.,4.4,1295,38.9,España,Jerez-Xérès-Sherry,Fortified
2457113,Bodegas Tradición,Amontillado Tradición Vors 30 Years N.V.,N.V.,4.3,1193,96.0,España,Jerez-Xérès-Sherry,Fortified
80971,Hidalgo (La Gitana),Triana Pedro Ximenez ,,4.1,1143,12.79,España,Jerez-Xérès-Sherry,Fortified
2045984,Bodegas Yzaguirre,Reserva Vermouth Rojo N.V.,N.V.,4.2,1128,12.2,España,Cataluña,Fortified
1923353,Williams & Humbert,Don Zoilo Pedro Ximenez 12 Years Old Sherry N.V.,N.V.,4.0,1123,17.9,España,Jerez-Xérès-Sherry,Fortified
1170132,Lustau,Emilín Moscatel Sherry (Solera Reserva) N.V.,N.V.,4.1,1062,18.88,España,Jerez-Xérès-Sherry,Fortified
3934653,Bodegas Tradición,Oloroso Tradición Vors 30 Years N.V.,N.V.,4.3,964,76.5,España,Jerez-Xérès-Sherry,Fortified
1485302,Valdespino,Isabela Cream Sherry N.V.,N.V.,4.0,941,13.45,España,Jerez-Xérès-Sherry,Fortified
1144019,Williams & Humbert,Dos Cortados Palo Cortado Solera Especial Aged 20 Years N.V.,N.V.,4.2,897,32.5,España,Jerez-Xérès-Sherry,Fortified
1435782,Lustau,Viña 25 Pedro Ximénez N.V.,N.V.,4.1,859,9.5,España,Jerez-Xérès-Sherry,Fortified
1708849,Emilio Hidalgo,La Panesa Especial Fino N.V.,N.V.,4.1,824,38.43,España,Jerez-Xérès-Sherry,Fortified
7570942,M. Antonio de la Riva,Manzanilla Fina Miraflores Baja N.V.,N.V.,4.0,823,20.1,España,Jerez-Xérès-Sherry,Fortified
1980986,Bodegas Tradición,Cream Tradición Vos 20 Years N.V.,N.V.,4.3,808,62.6,España,Jerez-Xérès-Sherry,Fortified
3799719,St. Petroni,Vermello Vermú N.V.,N.V.,4.3,796,16.5,España,Galicia,Fortified
1232366,Fernando de Castilla,Antique Palo Cortado N.V.,N.V.,4.2,733,40.9,España,Jerez-Xérès-Sherry,Fortified
4052222,Valdespino,Single Vineyard Palo Cortado Viejo C.P Dry N.V.,N.V.,4.1,704,43.75,España,Jerez-Xérès-Sherry,Fortified
7179196,Bodegas Luis Perez,Fino Caberrubia Carrascal N.V.,N.V.,4.1,701,29.9,España,Jerez-Xérès-Sherry,Fortified
6411049,Lustau,Vermut Blanco N.V.,N.V.,4.1,699,12.0,España,Jerez-Xérès-Sherry,Fortified
8704940,Cooperatica San Francisco Javier,Viña Corrales Pago Balbaína Fino 2023,2023,4.0,698,38.65,España,Jerez-Xérès-Sherry,Fortified
1187156,Lustau,Oloroso Pata de Gallina Almacenista Juan García Jarana N.V.,N.V.,4.0,696,19.9,España,Jerez-Xérès-Sherry,Fortified
1169782,Lustau,Pedro Ximénez Murillo Selección del Centenario N.V.,N.V.,4.3,677,22.9,España,Jerez-Xérès-Sherry,Fortified
5282391,Bodegas Alonso,Velo Flor N.V.,N.V.,4.1,676,32.9,España,Jerez-Xérès-Sherry,Fortified
2325006,Lustau,Emperatriz Eugenia Oloroso Sherry (Very Rare) N.V.,N.V.,4.0,663,18.9,España,Jerez-Xérès-Sherry,Fortified
1462294,Valdespino,Don Gonzalo Oloroso Viejo VOS N.V.,N.V.,4.0,633,59.86,España,Jerez-Xérès-Sherry,Fortified
1144017,Williams & Humbert,Jalifa Amontillado Rare Old Dry Solera Especial Aged 30 Years N.V.,N.V.,4.2,630,39.5,España,Jerez-Xérès-Sherry,Fortified
6220459,De Muller,Aureo Dulce Añejo N.V.,N.V.,4.1,622,18.8,España,Tarragona,Fortified
4770861,Lustau,San Emilio Pedro Ximenez N.V.,N.V.,4.1,608,18.88,España,Jerez-Xérès-Sherry,Fortified
4759960,Gonzalez-Byass,La Copa Vermouth N.V.,N.V.,4.1,545,9.5,España,Jerez-Xérès-Sherry,Fortified
3791225,Juan Pinero,Maruja Manzanilla Pasada N.V.,N.V.,4.1,539,24.94,España,Jerez-Xérès-Sherry,Fortified
1169781,Lustau,Añada Rich Oloroso Abocado Vintage Sherry 1995,1995,4.3,539,43.35,España,Jerez-Xérès-Sherry,Fortified
7038646,Tio Pepe,Fino Dos Palmas N.V.,N.V.,4.1,508,37.8,España,Jerez-Xérès-Sherry,Fortified
1997349,Equipo Navazos,Casa del Inca Pedro Ximénez 2021,2021,4.0,491,29.2,España,Montilla-Moriles,Fortified
9684518,Perez Barquero,Gran Barquero Amontillado Solera 25 Años N.V.,N.V.,4.1,490,28.5,España,Montilla-Moriles,Fortified
1606356,Valdespino,Promesa Moscatel N.V.,N.V.,4.1,473,18.25,España,Jerez-Xérès-Sherry,Fortified
7183155,Tio Pepe,Tres Palmas N.V.,N.V.,4.2,460,49.9,España,Jerez-Xérès-Sherry,Fortified
5972398,Cayetano del Pino,Amontillado N.V.,N.V.,4.2,450,38.2,España,Jerez-Xérès-Sherry,Fortified
2178286,Emilio Hidalgo,El Tresillo Amontillado Fino N.V.,N.V.,4.0,444,99.98,España,Jerez-Xérès-Sherry,Fortified
2051396,Alvear,Solera 1830 Pedro Ximénez N.V.,N.V.,4.3,444,188.55,España,Montilla-Moriles,Fortified
3849742,Juan Pinero,Cream N.V.,N.V.,4.2,431,34.4,España,Jerez-Xérès-Sherry,Fortified
1546438,Emilio Hidalgo,Villapanes Oloroso Seco N.V.,N.V.,4.1,420,44.8,España,Jerez-Xérès-Sherry,Fortified
1169775,Lustau,Jerez-Xeres-Sherry 30 Year Old Palo Cortado VORS N.V.,N.V.,4.3,401,55.4,España,Jerez-Xérès-Sherry,Fortified
4527363,Bodegas Yzaguirre,Vermouth Blanco N.V.,N.V.,4.0,395,7.95,España,Tarragona,Fortified
6003502,Alvear,Fino Capataz (Solera de la Casa) N.V.,N.V.,4.0,382,19.51,España,Montilla-Moriles,Fortified
6818893,Lustau,Vermut Rosé N.V.,N.V.,4.1,369,13.75,España,Jerez-Xérès-Sherry,Fortified
4857863,Fernando de Castilla,Vermut N.V.,N.V.,4.0,365,15.9,España,Jerez-Xérès-Sherry,Fortified
9413621,Martinez Lacuesta,Vermouth Reserva N.V.,N.V.,4.1,351,16.1,España,Vino de España,Fortified
1201091,Álvaro Domecq,1730 Pedro Ximenez N.V.,N.V.,4.4,343,45.04,España,Jerez-Xérès-Sherry,Fortified
6447050,M. Antonio de la Riva,Macharnudo Blanco 2023,2023,4.2,343,85.0,España,Jerez-Xérès-Sherry,Fortified
4427420,Barbadillo,Manzanilla Solear en Rama Saca de Primavera N.V.,N.V.,4.0,340,15.5,España,Jerez-Xérès-Sherry,Fortified
7993888,Cayetano del Pino,Palo Cortado N.V.,N.V.,4.2,339,27.3,España,Jerez-Xérès-Sherry,Fortified
9264640,Perez Barquero,Gran Barquero Oloroso Solera 25 Años N.V.,N.V.,4.2,315,23.9,España,Jerez-Xérès-Sherry,Fortified
1186766,Bodegas Ximénez-Spínola,Original Exceptional Harvest 2023,2023,4.0,315,20.5,España,Jerez-Xérès-Sherry,Fortified
7216596,Perez Barquero,Gran Barquero Palo Cortado Solera 25 Años N.V.,N.V.,4.2,297,40.9,España,Montilla-Moriles,Fortified
4588637,Diez Mérito,Bertola Palo Cortado 12 Años N.V.,N.V.,4.0,292,28.5,España,Jerez-Xérès-Sherry,Fortified
1857498,Casa Mariol,Vermut Negro N.V.,N.V.,4.1,289,10.45,España,Cataluña,Fortified
6203791,Juan Pinero,Great Duke Palo Cortado 12 Años N.V.,N.V.,4.0,289,21.15,España,Jerez-Xérès-Sherry,Fortified
1371324,Montana-Perucchi,Gran Reserva Vermouth Perucchi N.V.,N.V.,4.1,289,14.9,España,Vino de España,Fortified
7180078,Williams & Humbert,Colección de Añadas Fino en Rama 2015,2015,4.3,285,18.5,España,Jerez-Xérès-Sherry,Fortified
7283788,Cota 45,Agostado 2022,2022,4.1,282,50.0,España,Jerez-Xérès-Sherry,Fortified
3009979,Vinos Guerra,Reserva Vermouth Rojo N.V.,N.V.,4.2,273,10.24,España,Bierzo,Fortified
1169773,Lustau,Jerez-Xeres-Sherry 30 Year Old Amontillado VORS N.V.,N.V.,4.2,259,54.9,España,Jerez-Xérès-Sherry,Fortified
9771084,Dos Déus,Reserve Red Vermouth N.V.,N.V.,4.3,258,10.95,España,Tarragona,Fortified
7706653,Fernando de Castilla,Classic Sweet Cream Sherry N.V.,N.V.,4.1,257,18.95,España,Jerez-Xérès-Sherry,Fortified
5872783,Cuatro Rayas,61 Vermouth Verdejo N.V.,N.V.,4.0,250,9.8,España,Rueda,Fortified
7707036,Barbadillo,Atamán Vermut N.V.,N.V.,4.2,243,15.4,España,Jerez-Xérès-Sherry,Fortified
6071347,Padró & Co,Rojo Clásico Vermouth N.V.,N.V.,4.1,242,10.99,España,Tarragona,Fortified
1840015,De Muller,Vermouth Reserva N.V.,N.V.,4.3,231,12.95,España,Tarragona,Fortified
5459018,Toro Albalá,Don PX Vieja Cosecha 2003,2003,4.4,226,51.0,España,Montilla-Moriles,Fortified
6767622,Lustau,Almacenista Amontillado del Castillo N.V.,N.V.,4.1,224,26.44,España,Jerez-Xérès-Sherry,Fortified
1169777,Lustau,Jerez-Xérès-Sherry 30 Year Old Oloroso VORS N.V.,N.V.,4.3,217,49.5,España,Jerez-Xérès-Sherry,Fortified
1170131,Lustau,Superior Rare Cream Sherry (Reserva Solera) N.V.,N.V.,4.0,213,20.93,España,Jerez-Xérès-Sherry,Fortified
4196329,Romate,Amontillado Olvidado N.V.,N.V.,4.1,205,32.5,España,Jerez-Xérès-Sherry,Fortified
6218900,Alvear,Pedro Ximénez de Sacristía 2006,2006,4.4,203,33.9,España,Montilla-Moriles,Fortified
10047563,Alvear,Palo Cortado No.7 Solera del Callejon 20 Años N.V.,N.V.,4.0,202,21.42,España,Montilla-Moriles,Fortified
2014802,Harveys,30 Years VORS Pedro Ximénez Sherry N.V.,N.V.,4.4,201,71.17,España,Jerez-Xérès-Sherry,Fortified
5550206,Cota 45,Pandorga Esencia de Pedro Ximénez 2024,2024,4.4,200,44.5,España,Vino de España,Fortified
1851660,Alvear,Vermouth Rojo N.V.,N.V.,4.0,191,12.5,España,Montilla-Moriles,Fortified
80831,Emilio Hidalgo,El Tresillo 1874 Especial Amontillado Viejo N.V.,N.V.,4.2,189,105.0,España,Jerez-Xérès-Sherry,Fortified
1211018,Gracia Hnos,Tauromaquia Pedro Ximenez N.V.,N.V.,4.0,186,46.53,España,Montilla-Moriles,Fortified
11077090,Williams & Humbert,Don Zoilo Pedro Ximenez 15 Years Old Sherry ,,4.1,186,15.9,España,Jerez-Xérès-Sherry,Fortified
1242398,Bodegas Dios Baco,Oloroso N.V.,N.V.,4.0,181,78.0,España,Jerez-Xérès-Sherry,Fortified
2352467,De Muller,Iris Vermouth Rojo N.V.,N.V.,4.1,178,7.5,España,Tarragona,Fortified
4135095,Cota 45,Pandorga 2023,2023,4.4,173,39.93,España,Vino de España,Fortified
5577115,Cayetano del Pino,Palo Cortado 1/10 N.V.,N.V.,4.4,172,45.0,España,Jerez-Xérès-Sherry,Fortified
1239736,Gracia Hnos,Tauromaquia Amontillado Viejo N.V.,N.V.,4.1,167,34.95,España,Montilla-Moriles,Fortified
5887465,Sacristia AB,Manzanilla Primera Saca N.V.,N.V.,4.1,167,19.05,España,Jerez-Xérès-Sherry,Fortified
9863303,Osborne,La Honda Amontillado En Rama Palomino Fino N.V.,N.V.,4.3,166,45.5,España,Jerez-Xérès-Sherry,Fortified
1859139,Williams & Humbert,As You Like It Medium Sweet Amontillado Blend N.V.,N.V.,4.4,160,65.17,España,Jerez-Xérès-Sherry,Fortified
4402094,Valdespino,Cardenal Palo Cortado VORS N.V.,N.V.,4.3,156,141.5,España,Jerez-Xérès-Sherry,Fortified
5013,Osborne,Jerez-Xeres-Sherry Amontillado Solera AOS N.V.,N.V.,4.3,153,144.6,España,Jerez-Xérès-Sherry,Fortified
2336390,Diez Mérito,Bertola P.X. Pedro Ximenez N.V.,N.V.,4.0,153,23.4,España,Jerez-Xérès-Sherry,Fortified
2389883,Dos Déus,Vermouth N.V.,N.V.,4.1,152,14.5,España,Cataluña,Fortified
3309686,Osborne,Sibarita Oloroso Jerez-Xeres-Sherry 30 Years V.O.R.S N.V.,N.V.,4.4,151,82.95,España,Jerez-Xérès-Sherry,Fortified
10074813,Osborne,La Honda Fino en Rama Palomino Fino N.V.,N.V.,4.1,150,25.0,España,Jerez-Xérès-Sherry,Fortified
1144018,Williams & Humbert,Dry Sack Oloroso Solera Especial Aged 15 Years N.V.,N.V.,4.0,140,34.9,España,Jerez-Xérès-Sherry,Fortified
2337690,Delgado Zuleta,Monteagudo Moscatel N.V.,N.V.,4.0,140,15.5,España,Jerez-Xérès-Sherry,Fortified
6517386,Padró & Co,Dorado Amargo Suave Vermouth N.V.,N.V.,4.1,139,10.9,España,Tarragona,Fortified
5378388,Equipo Navazos,La Bota 71 de Manzanilla N.V.,N.V.,4.0,138,24.7,España,Jerez-Xérès-Sherry,Fortified
4191528,Álvaro Domecq,1730 Palo Cortado N.V.,N.V.,4.2,137,44.54,España,Jerez-Xérès-Sherry,Fortified
2666435,Gracia Hnos,Tauromaquia Oloroso N.V.,N.V.,4.0,134,33.9,España,Montilla-Moriles,Fortified
9171317,M. Antonio de la Riva,La Riva Manzanilla Pasada Balbaina Alta N.V.,N.V.,4.2,131,69.0,España,Jerez-Xérès-Sherry,Fortified
5806240,Williams & Humbert,Colección de Añadas Amontillado en Rama 2010,2010,4.3,120,38.38,España,Jerez-Xérès-Sherry,Fortified
2653352,Bodegas Yzaguirre,Selectión 1884 Vermouth Gran Reserva N.V.,N.V.,4.4,113,29.6,España,Cataluña,Fortified
5304652,Padró & Co,Blanco Reserva Vermouth N.V.,N.V.,4.2,107,10.95,España,Tarragona,Fortified
8860698,Pepe Rodríguez de Vera,Sopla Poniente - Fino Cerro del Majuelo N.V.,N.V.,4.2,106,27.75,España,Montilla-Moriles,Fortified
2461281,Osborne,Amontillado 51-1ª 30 Years VORS Sherry N.V.,N.V.,4.3,105,69.15,España,Jerez-Xérès-Sherry,Fortified
1560308,Álvaro Domecq,1730 Oloroso N.V.,N.V.,4.2,105,26.7,España,Jerez-Xérès-Sherry,Fortified
4349178,Juan Pinero,Amontillado 30 Years Old V.O.R.S Sherry N.V.,N.V.,4.4,104,36.84,España,Jerez-Xérès-Sherry,Fortified
11748212,Osborne,Coquinero Fino En Rama Palomino Fino N.V.,N.V.,4.0,95,16.83,España,Jerez-Xérès-Sherry,Fortified
5806217,Williams & Humbert,Canasta 20 Años Cream N.V.,N.V.,4.3,93,34.9,España,Jerez-Xérès-Sherry,Fortified
3124482,M. Antonio de la Riva,La Riva Fino Balbaina Alta N.V.,N.V.,4.2,88,66.95,España,Jerez-Xérès-Sherry,Fortified
8456883,Juan Pinero,Fino En Rama Camborio N.V.,N.V.,4.2,85,24.97,España,Jerez-Xérès-Sherry,Fortified
5545179,Equipo Navazos,La Bota 72 de Palo Cortado 'Pata de Gallina' N.V.,N.V.,4.4,84,60.0,España,Jerez-Xérès-Sherry,Fortified
6488501,Padró & Co,Rojo Amargo Vermouth N.V.,N.V.,4.1,84,22.2,España,Tarragona,Fortified
80991,Hidalgo (La Gitana),Amontillado Napoleon Vinos Viejos 30 Year Old Sherry N.V.,N.V.,4.4,83,84.5,España,Jerez-Xérès-Sherry,Fortified
9984948,Delgado Zuleta,Gallipato 2021,2021,4.0,79,12.6,España,Jerez-Xérès-Sherry,Fortified
10585389,Toro Albalá,Poley Pedro Ximenez Dulce 2019,2019,4.2,77,18.53,España,Montilla-Moriles,Fortified
7249601,Barbadillo,Vors Obispo Gascon Palo Cortado Aged 30 Years N.V.,N.V.,4.4,77,58.0,España,Jerez-Xérès-Sherry,Fortified
4569582,Juan Pinero,Pedro Ximenez N.V.,N.V.,4.0,77,19.04,España,Jerez-Xérès-Sherry,Fortified
2014800,Harveys,30 Years  V.O.R.S Very Old Oloroso Blend Medium Sherry N.V.,N.V.,4.2,76,71.17,España,Jerez-Xérès-Sherry,Fortified
4520809,Juan Pinero,Oloroso 30 Years Old V.O.R.S N.V.,N.V.,4.3,75,37.9,España,Jerez-Xérès-Sherry,Fortified
6982794,La Fabulosa,Vermut Rojo N.V.,N.V.,4.0,71,11.5,España,Vino de España,Fortified
8287009,Williams & Humbert,Don Zoilo 12 Years Old Palo Cortado Sherry N.V.,N.V.,4.0,67,25.99,España,Jerez-Xérès-Sherry,Fortified
6213883,Bodegas Alonso,Amontillado 1/15 N.V.,N.V.,4.3,66,119.0,España,Jerez-Xérès-Sherry,Fortified
10733791,Antich,Vermouth Original N.V.,N.V.,4.3,64,10.95,España,Cataluña,Fortified
7767922,Perla Azul,Luis Felipe Pedro Ximénez N.V.,N.V.,4.3,62,30.9,España,Jerez-Xérès-Sherry,Fortified
9603013,Astobiza,Extra Premium Vermouth N.V.,N.V.,4.1,62,20.25,España,Arabako Txakolina,Fortified
10537479,Dos Déus,White Vermouth N.V.,N.V.,4.0,61,10.5,España,Cataluña,Fortified
11029214,Equipo Navazos,La Bota 113 de Manzanilla N.V.,N.V.,4.1,59,29.0,España,Jerez-Xérès-Sherry,Fortified
9050805,La Inglesa,Palo Cortado N.V.,N.V.,4.3,57,59.5,España,Jerez-Xérès-Sherry,Fortified
8148649,Harveys,Oloroso Jerez Seco N.V.,N.V.,4.0,55,14.45,España,Jerez-Xérès-Sherry,Fortified
9597410,Pepe Rodríguez de Vera,Sopla Poniente - PX El Coscojal 2022,2022,4.4,55,44.9,España,Montilla-Moriles,Fortified
2038064,Osborne,Solera PAP Palo Cortado Rare Sherry N.V.,N.V.,4.4,55,195.0,España,Jerez-Xérès-Sherry,Fortified
6496488,Arloren,Vermu Arlini N.V.,N.V.,4.3,51,10.0,España,Jumilla,Fortified
9663086,Toro Albalá,Marqués de Poley Palo Cortado 1964,1964,4.4,51,151.47,España,Montilla-Moriles,Fortified
2524177,Diez Mérito,Victoria Regina Oloroso 30 Años N.V.,N.V.,4.3,50,121.0,España,Jerez-Xérès-Sherry,Fortified
4830099,Olave,Reserva Especial Vermouth Rojo N.V.,N.V.,4.2,49,9.95,España,Cataluña,Fortified
1926033,Bodegas Yzaguirre,Reserva Vermouth Blanco N.V.,N.V.,4.0,47,14.6,España,Cataluña,Fortified
6559982,Bodegas Alonso,Palo Cortado 1/8 N.V.,N.V.,4.3,44,119.0,España,Cádiz,Fortified
9096258,Fernando de Castilla,Antique Pedro Ximenez N.V.,N.V.,4.2,43,33.7,España,Jerez-Xérès-Sherry,Fortified
7183099,Williams & Humbert,Colección Añadas Palo Cortado En Rama 2002,2002,4.2,41,60.11,España,Jerez-Xérès-Sherry,Fortified
6282326,Bodegas Tradición,Oloroso Añada 1970,1970,4.4,41,289.8,España,Jerez-Xérès-Sherry,Fortified
1764174,Barbadillo,Pedro Ximénez Jerez – Xérès – Sherry Reliquia 2023,2023,4.4,41,380.0,España,Jerez-Xérès-Sherry,Fortified
12575602,Valdespino,Palo Cortado Vintage Sherry Macharnudo Alto Single Vineyard 2001,2001,4.1,40,112.0,España,Jerez-Xérès-Sherry,Fortified
11400503,Pepe Rodríguez de Vera,Sopla Poniente - Palo Cortado El Coronel N.V.,N.V.,4.3,40,56.0,España,Jerez-Xérès-Sherry,Fortified
10782351,Equipo Navazos,La Bota 111 de Manzanilla Florpower MMXVIII 2018,2018,4.0,40,26.25,España,Jerez-Xérès-Sherry,Fortified
11079305,Barbadillo,Obispo Gascon Palo Cortado Aged 15 Years N.V.,N.V.,4.1,39,27.54,España,Jerez-Xérès-Sherry,Fortified
10932429,Valdespino,Manzanilla La Especial 2016,2016,4.0,39,29.9,España,Jerez-Xérès-Sherry,Fortified
8027324,Barbadillo,VORS Príncipe de Barbadillo Amontillado 2021,2021,4.0,38,58.0,España,Jerez-Xérès-Sherry,Fortified
7944275,Bodegas Dios Baco,Esnobista Moscatel N.V.,N.V.,4.0,36,13.5,España,Jerez-Xérès-Sherry,Fortified
11085412,La Guita,Amontillado en Rama N.V.,N.V.,4.0,35,36.9,España,Jerez-Xérès-Sherry,Fortified
6918085,Bodegas Ximénez-Spínola,Delicado Cosecha Pedro Ximénez 2024,2024,4.3,31,22.68,España,Jerez-Xérès-Sherry,Fortified
6960719,Equipo Navazos,La Bota 86 de Palo Cortado N.V.,N.V.,4.4,30,79.9,España,Jerez-Xérès-Sherry,Fortified
2477495,Bodegas Ximénez-Spínola,Anada Pedro Ximenez 2023,2023,4.2,29,19.95,España,Jerez-Xérès-Sherry,Fortified
3400091,Vinos Guerra,Reserva Vermouth Blanco N.V.,N.V.,4.1,28,10.24,España,Bierzo,Fortified
7740336,Montana-Perucchi,Vermouth Perucchi Bianco N.V.,N.V.,4.0,28,14.9,España,Cataluña,Fortified
11392957,M. Antonio de la Riva,Las 10 Vino de Pasto 2021,2021,4.3,27,39.9,España,Jerez-Xérès-Sherry,Fortified
8383956,Casa Mariol,Vermut Blanc N.V.,N.V.,4.0,26,11.15,España,Cataluña,Fortified
11102467,Primo de Lanzarote,Vermut Rojo N.V.,N.V.,4.0,25,20.85,España,Lanzarote,Fortified
4842440,Bodegas Yuste,Aurora Pedro Ximenez Sherry N.V.,N.V.,4.0,461,11.8,España,Jerez-Xérès-Sherry,Fortified
5054509,Perez Barquero,Gran Barquero Amontillado N.V.,N.V.,4.0,438,22.9,España,Jerez-Xérès-Sherry,Fortified
3542476,César Florido,Moscatel Dorado N.V.,N.V.,4.1,438,11.8,España,Jerez-Xérès-Sherry,Fortified
1735114,Delgado Zuleta,Manzanilla Goya XL N.V.,N.V.,4.1,335,25.5,España,Jerez-Xérès-Sherry,Fortified
1892982,Alvear,Asuncion Oloroso N.V.,N.V.,4.0,319,18.95,España,Montilla-Moriles,Fortified
5664415,Alvear,Solera 1910 N.V.,N.V.,4.3,279,41.1,España,Montilla-Moriles,Fortified
1619845,Bodegas Argüeso,Cream Jerez-Xérès-Sherry N.V.,N.V.,4.0,260,10.45,España,Jerez-Xérès-Sherry,Fortified
1170957,Barón,Oloroso Dulce N.V.,N.V.,4.2,251,75.95,España,Jerez-Xérès-Sherry,Fortified
2445393,Faustino González,Cruz Vieja Amontillado en Rama N.V.,N.V.,4.0,235,29.16,España,Jerez-Xérès-Sherry,Fortified
4838870,Faustino González,Cruz Vieja Palo Cortado en Rama N.V.,N.V.,4.1,216,35.85,España,Jerez-Xérès-Sherry,Fortified
4202518,Faustino González,Cruz Vieja Oloroso en Rama N.V.,N.V.,4.2,202,29.16,España,Jerez-Xérès-Sherry,Fortified
6949773,Romate,Encontrado 1/5 Oloroso Jerez N.V.,N.V.,4.2,178,25.95,España,Jerez-Xérès-Sherry,Fortified
1977926,Bodegas Urium,Palo Cortado Clásicos N.V.,N.V.,4.0,154,68.95,España,Jerez-Xérès-Sherry,Fortified
1253882,El Maestro Sierra,Palo Cortado N.V.,N.V.,4.3,151,90.0,España,Jerez-Xérès-Sherry,Fortified
4008940,Santa Petronila,Fino en Rama N.V.,N.V.,4.0,136,19.95,España,Jerez-Xérès-Sherry,Fortified
5709718,Faustino González,Cruz Vieja Fino en Rama N.V.,N.V.,4.0,135,20.95,España,Jerez-Xérès-Sherry,Fortified
10019068,Fondillón Luis XIV,Luis XIV Vermut N.V.,N.V.,4.2,129,20.0,España,Alicante,Fortified
2814640,Bodegas Urium,Amontillado V.O.R.S N.V.,N.V.,4.2,124,82.95,España,Jerez-Xérès-Sherry,Fortified
1888248,Delgado Zuleta,B.Rodríguez La-Cave Quo Vadis? N.V.,N.V.,4.4,112,99.85,España,Jerez-Xérès-Sherry,Fortified
5441464,Álvaro Domecq,1730 Amontillado N.V.,N.V.,4.2,109,26.05,España,Jerez-Xérès-Sherry,Fortified
97209,Gutiérrez Colosía,Palo Cortado N.V.,N.V.,4.0,108,78.65,España,Jerez-Xérès-Sherry,Fortified
2797832,Sandeman,Armada Superior Cream N.V.,N.V.,4.0,107,11.95,España,Jerez-Xérès-Sherry,Fortified
2754959,Romate,Old & Plus Pedro Ximénez N.V.,N.V.,4.4,100,45.0,España,Jerez-Xérès-Sherry,Fortified
9752077,Valdespino,Vermouth N.V.,N.V.,4.0,99,17.95,España,Jerez-Xérès-Sherry,Fortified
1958176,Vivanco,4 Varietales Colección Dulce de Invierno Colección Rioja 2016,2016,4.1,97,28.95,España,Rioja,Fortified
4421684,Bodegas Arfe,Palo Cortado de la Cruz de 1767 N.V.,N.V.,4.3,96,59.9,España,Jerez-Xérès-Sherry,Fortified
6829963,Primitivo Collantes,Los Cuartillos Moscatel Viejo N.V.,N.V.,4.0,91,10.95,España,Jerez-Xérès-Sherry,Fortified
5982627,Balandro,Las Botas Palo Cortado Horizontal N.V.,N.V.,4.3,88,34.2,España,Jerez-Xérès-Sherry,Fortified
5778297,Barbadillo,Atamán Inquina N.V.,N.V.,4.1,87,53.1,España,Jerez-Xérès-Sherry,Fortified
4958173,Santa Petronila,Oloroso En Rama N.V.,N.V.,4.3,85,26.95,España,Jerez-Xérès-Sherry,Fortified
1944053,El Maestro Sierra,Oloroso Extra Viejo 1/7 N.V.,N.V.,4.3,83,20.15,España,Jerez-Xérès-Sherry,Fortified
12034604,M. Antonio de la Riva,San Cayetano 2022,2022,4.3,74,64.8,España,Jerez-Xérès-Sherry,Fortified
1360895,El Maestro Sierra,Oloroso 1/14 N.V.,N.V.,4.3,68,109.6,España,Jerez-Xérès-Sherry,Fortified
1156638,Romate,Old & Plus Amontillado N.V.,N.V.,4.3,66,39.95,España,Jerez-Xérès-Sherry,Fortified
9655198,Delgado Zuleta,Zuleta Amontillado Viejo N.V.,N.V.,4.2,64,39.95,España,Jerez-Xérès-Sherry,Fortified
6513491,Balandro,Las Botas Amontillado Perpendicular N.V.,N.V.,4.0,57,33.5,España,Jerez-Xérès-Sherry,Fortified
2342509,Gutiérrez Colosía,Amontillado Solera Familiar Dry N.V.,N.V.,4.2,56,78.65,España,Jerez-Xérès-Sherry,Fortified
5364000,Romate,Old & Plus Oloroso N.V.,N.V.,4.2,55,39.95,España,Jerez-Xérès-Sherry,Fortified
5569150,Alvear,PX Dulce Viejo 1927,1927,4.1,43,20.85,España,Montilla-Moriles,Fortified
6188207,Valdespino,Quina N.V.,N.V.,4.1,43,14.9,España,Jerez-Xérès-Sherry,Fortified
2651487,Vins Miquel Gelabert,Dolç des Port 2017,2017,4.2,28,19.8,España,Plà i Llevant,Fortified
12369400,Raul Moreno,La Femme d’Argent 2023,2023,4.0,27,27.9,España,Sanlúcar de Barrameda,Fortified
1671068,Tio Pepe,Fino En Rama N.V.,N.V.,3.6,3958,19.13,España,Jerez-Xérès-Sherry,Fortified
1164440,Gonzalez-Byass,Alfonso Oloroso Seco N.V.,N.V.,3.7,3637,9.93,España,Jerez-Xérès-Sherry,Fortified
1173658,Valdespino,Single Vineyard Inocente Fino Dry N.V.,N.V.,3.6,3164,15.21,España,Jerez-Xérès-Sherry,Fortified
1164448,Gonzalez-Byass,Solera 1847 Cream N.V.,N.V.,3.9,3016,7.9,España,Jerez-Xérès-Sherry,Fortified
1170125,Lustau,Papirusa Manzanilla (Solera Reserva) N.V.,N.V.,3.6,2939,9.35,España,Jerez-Xérès-Sherry,Fortified
1170127,Lustau,Los Arcos Dry Amontillado Sherry (Solera Reserva) N.V.,N.V.,3.6,2839,10.49,España,Jerez-Xérès-Sherry,Fortified
1170129,Lustau,Don Nuño Dry Oloroso Sherry (Reserva Solera) N.V.,N.V.,3.7,2073,16.7,España,Jerez-Xérès-Sherry,Fortified
1170118,Lustau,La Ina Fino N.V.,N.V.,3.5,1909,7.08,España,Jerez-Xérès-Sherry,Fortified
1136340,Harveys,Bristol Cream Sherry N.V.,N.V.,3.6,1795,10.8,España,Jerez-Xérès-Sherry,Fortified
1661371,Bodegas Tradición,Fino Tradición N.V.,N.V.,3.9,1729,58.0,España,Jerez-Xérès-Sherry,Fortified
1636790,Valdespino,Single Vineyard Tío Diego Amontillado Dry Sherry N.V.,N.V.,3.7,1623,18.25,España,Jerez-Xérès-Sherry,Fortified
5806127,Lustau,Jerez-Xeres-Sherry Puerto Fino N.V.,N.V.,3.5,1612,10.3,España,Jerez-Xérès-Sherry,Fortified
4293856,Barbadillo,Manzanilla Pasada Pastora N.V.,N.V.,3.8,1375,23.9,España,Jerez-Xérès-Sherry,Fortified
80921,Hidalgo (La Gitana),Manzanilla Pasada Pastrana N.V.,N.V.,3.7,1361,15.65,España,Jerez-Xérès-Sherry,Fortified
1466944,Williams & Humbert,Canasta Cream N.V.,N.V.,3.8,1361,8.25,España,Jerez-Xérès-Sherry,Fortified
1670124,El Maestro Sierra,Fino Sherry N.V.,N.V.,3.6,1346,15.55,España,Jerez-Xérès-Sherry,Fortified
1606350,Valdespino,Contrabandista Amontillado Blend Medium Dry N.V.,N.V.,3.8,1280,17.25,España,Jerez-Xérès-Sherry,Fortified
2114477,El Maestro Sierra,15 Year Oloroso Sherry N.V.,N.V.,3.8,1126,22.85,España,Jerez-Xérès-Sherry,Fortified
1271685,Valdespino,Deliciosa Manzanilla N.V.,N.V.,3.6,1089,11.75,España,Sanlúcar de Barrameda,Fortified
1876655,Delgado Zuleta,La Goya Manzanilla N.V.,N.V.,3.5,1086,11.0,España,Jerez-Xérès-Sherry,Fortified
1493862,Gonzalez-Byass,Viña AB Amontillado Seco N.V.,N.V.,3.7,992,14.25,España,Jerez-Xérès-Sherry,Fortified
1162146,Perez Barquero,Gran Barquero Pedro Ximenez N.V.,N.V.,3.9,895,16.98,España,Montilla-Moriles,Fortified
1170130,Lustau,Capataz Andrés Deluxe Cream Sherry (Solera Reserva) N.V.,N.V.,3.8,844,18.88,España,Jerez-Xérès-Sherry,Fortified
1676234,Romate,Reserva Especial Regente Palo Cortado Sherry N.V.,N.V.,3.9,829,21.25,España,Jerez-Xérès-Sherry,Fortified
1170121,Lustau,Jerez-Xérès-Sherry Río Viejo Oloroso Seco Dry N.V.,N.V.,3.7,775,9.41,España,Jerez-Xérès-Sherry,Fortified
2021109,Gutiérrez Colosía,Fino Sherry N.V.,N.V.,3.5,749,11.5,España,Jerez-Xérès-Sherry,Fortified
80941,Hidalgo (La Gitana),Amontillado Napoleon N.V.,N.V.,3.7,708,14.7,España,Jerez-Xérès-Sherry,Fortified
80821,Emilio Hidalgo,Hidalgo Gobernador Oloroso Seco N.V.,N.V.,3.9,681,20.2,España,Jerez-Xérès-Sherry,Fortified
1829573,Romate,Perdido Fino N.V.,N.V.,3.7,670,21.5,España,Jerez-Xérès-Sherry,Fortified
86194,Barbadillo,Principe de Barbadillo Aged 12 Years Amontillado Sherry N.V.,N.V.,3.8,663,14.95,España,Jerez-Xérès-Sherry,Fortified
1170128,Lustau,Península Palo Cortado Sherry (Solera Reserva) N.V.,N.V.,3.9,663,19.45,España,Jerez-Xérès-Sherry,Fortified
1461505,Barbadillo,Obispo Gascon Palo Cortado Sherry N.V.,N.V.,3.9,660,25.95,España,Jerez-Xérès-Sherry,Fortified
1171017,Gonzalez-Byass,Croft Original Sherry N.V.,N.V.,3.5,659,10.5,España,Jerez-Xérès-Sherry,Fortified
2272296,Juan Pinero,Manzanilla Maruja N.V.,N.V.,3.6,657,9.6,España,Jerez-Xérès-Sherry,Fortified
1368391,Hidalgo (La Gitana),Oloroso Faraon N.V.,N.V.,3.6,644,11.29,España,Jerez-Xérès-Sherry,Fortified
1170124,Lustau,Jerez-Xeres-Sherry Reserva Solera Rare Amontillado Escuadrilla N.V.,N.V.,3.8,641,16.7,España,Jerez-Xérès-Sherry,Fortified
2577851,Valdespino,Manzanilla Deliciosa En Rama Sherry N.V.,N.V.,3.8,638,9.97,España,Jerez-Xérès-Sherry,Fortified
5012,Osborne,Santa María Jerez-Xeres-Sherry Cream N.V.,N.V.,3.8,604,10.47,España,Jerez-Xérès-Sherry,Fortified
1139179,Romate,Viva la Pepa Manzanilla N.V.,N.V.,3.6,599,9.55,España,Jerez-Xérès-Sherry,Fortified
6906759,Tio Pepe,Una Palma Fino N.V.,N.V.,3.9,598,25.5,España,Jerez-Xérès-Sherry,Fortified
2020686,Bodegas Yzaguirre,Vermouth Rojo N.V.,N.V.,3.8,569,8.5,España,Tarragona,Fortified
86198,Barbadillo,Eva Cream Sherry N.V.,N.V.,3.8,548,8.95,España,Jerez-Xérès-Sherry,Fortified
7317232,Barbadillo,Nave Trinidad Manzanilla en Rama N.V.,N.V.,3.8,547,12.85,España,Jerez-Xérès-Sherry,Fortified
1237343,Osborne,Duque de Bailen Jerez-Xeres-Sherry Oloroso N.V.,N.V.,3.6,533,10.35,España,Jerez-Xérès-Sherry,Fortified
2290178,Lustau,Macarena Manzanilla Sanlucar de Barrameda N.V.,N.V.,3.7,484,6.9,España,Sanlúcar de Barrameda,Fortified
1510305,Álvaro Domecq,Alburejo Oloroso N.V.,N.V.,3.6,481,14.48,España,Jerez-Xérès-Sherry,Fortified
5252069,Gonzalez-Byass,Cristina Medium Dry N.V.,N.V.,3.7,478,13.67,España,Jerez-Xérès-Sherry,Fortified
1582526,Delgado Zuleta,Monteagudo Palo Cortado N.V.,N.V.,3.9,454,19.5,España,Jerez-Xérès-Sherry,Fortified
1686508,Romate,Pedro Ximénez N.V.,N.V.,3.7,451,9.55,España,Jerez-Xérès-Sherry,Fortified
1187998,Fernando de Castilla,Antique Amontillado Sherry N.V.,N.V.,3.9,443,47.9,España,Jerez-Xérès-Sherry,Fortified
80961,Hidalgo (La Gitana),Alameda Cream Sherry N.V.,N.V.,3.9,436,12.0,España,Jerez-Xérès-Sherry,Fortified
1226693,Delgado Zuleta,B.Rodríguez La-Cave Manzanilla Barbiana N.V.,N.V.,3.8,434,8.1,España,Jerez-Xérès-Sherry,Fortified
2260681,Lustau,3 En Rama Manzanilla de Sanlúcar de Barrameda ,,3.8,430,18.5,España,Sanlúcar de Barrameda,Fortified
1921626,Fernando de Castilla,Antique Oloroso N.V.,N.V.,3.8,424,43.2,España,Jerez-Xérès-Sherry,Fortified
1170120,Lustau,Botaina Amontillado Sherry (Dry) N.V.,N.V.,3.7,423,29.05,España,Jerez-Xérès-Sherry,Fortified
2579176,Álvaro Domecq,La Janda Fino N.V.,N.V.,3.6,416,11.25,España,Jerez-Xérès-Sherry,Fortified
1169785,Lustau,Manzanilla Pasada de Sanlúcar Almacenista Manuel Cuevas Jurado N.V.,N.V.,3.8,404,19.49,España,Sanlúcar de Barrameda,Fortified
1169952,Lustau,Amontillado del Puerto Almacenista José Luis González Obregón N.V.,N.V.,3.9,396,19.9,España,Jerez-Xérès-Sherry,Fortified
2694280,Cillar de Silos,Golfo Vermut Old Vines Tinto N.V.,N.V.,3.9,372,13.0,España,Ribera del Duero,Fortified
2488746,Lustau,3 En Rama Fino de El Puerto Santa Maria ,,3.8,361,18.5,España,Jerez-Xérès-Sherry,Fortified
2134674,Toro Albalá,Eléctrico Fino del Lagar N.V.,N.V.,3.5,355,19.9,España,Montilla-Moriles,Fortified
1216572,Hidalgo (La Gitana),En Rama N.V.,N.V.,3.8,354,12.5,España,Jerez-Xérès-Sherry,Fortified
1167623,Bodegas Argüeso,San León N.V.,N.V.,3.6,353,9.56,España,Jerez-Xérès-Sherry,Fortified
7733001,Fernando de Castilla,Classic Dry Amontillado Sherry N.V.,N.V.,3.7,349,18.8,España,Jerez-Xérès-Sherry,Fortified
5294550,Williams & Humbert,Don Zoilo Oloroso 12 Years Old Sherry N.V.,N.V.,3.8,343,12.25,España,Jerez-Xérès-Sherry,Fortified
4726950,Bodegas Yuste,Aurora Amontillado Sherry N.V.,N.V.,3.7,333,15.55,España,Jerez-Xérès-Sherry,Fortified
80881,Emilio Hidalgo,Morenita Cream Sherry N.V.,N.V.,3.9,331,12.7,España,Jerez-Xérès-Sherry,Fortified
2651010,Bodegas Yuste,La Kika Manzanilla Sherry N.V.,N.V.,3.9,330,31.05,España,Jerez-Xérès-Sherry,Fortified
5764287,Barbadillo,Arboledilla Poniente Manzanilla en Rama N.V.,N.V.,3.9,325,11.9,España,Jerez-Xérès-Sherry,Fortified
1896450,Osborne,Jerez-Xérès-Sherry Oloroso 10 RF N.V.,N.V.,3.9,321,10.74,España,Jerez-Xérès-Sherry,Fortified
4003720,El Bandarra,Vermut Red N.V.,N.V.,3.8,312,9.15,España,Cataluña,Fortified
5047797,Lustau,3 En Rama Fino de Jerez de la Frontera 2024,2024,3.8,310,16.9,España,Jerez-Xérès-Sherry,Fortified
2411445,Fernando de Castilla,Fino en Rama N.V.,N.V.,3.8,300,18.5,España,Jerez-Xérès-Sherry,Fortified
3940804,La Guita,En Rama N.V.,N.V.,3.9,295,9.18,España,Jerez-Xérès-Sherry,Fortified
734540,Alvear,Carlos VII Amontillado N.V.,N.V.,3.8,286,52.2,España,Montilla-Moriles,Fortified
3940680,Marqués del Real Tesoro,Del Principe Amontillado N.V.,N.V.,3.7,283,18.65,España,Jerez-Xérès-Sherry,Fortified
1608746,Fernando de Castilla,Antique Fino N.V.,N.V.,3.9,282,29.9,España,Jerez-Xérès-Sherry,Fortified
5764257,Barbadillo,Arboledilla Levante Manzanilla en Rama N.V.,N.V.,3.9,277,12.3,España,Jerez-Xérès-Sherry,Fortified
1384015,Valdespino,Jerez Dulce Sherry N.V.,N.V.,3.8,273,7.9,España,Jerez-Xérès-Sherry,Fortified
2463277,Gutiérrez Colosía,Cream Sherry N.V.,N.V.,3.8,272,26.38,España,Jerez-Xérès-Sherry,Fortified
1162140,Perez Barquero,Gran Barquero Fino N.V.,N.V.,3.6,258,13.25,España,Jerez-Xérès-Sherry,Fortified
9820651,Lustau,Rare Amontillado Escuadrilla Jerez-Xeres-Sherry Seco N.V.,N.V.,3.9,255,18.9,España,Jerez-Xérès-Sherry,Fortified
5197731,Bodegas Yuste,Aurora Oloroso Sherry N.V.,N.V.,3.5,241,13.45,España,Jerez-Xérès-Sherry,Fortified
8226187,Williams & Humbert,Don Zoilo Fino Sherry N.V.,N.V.,3.7,239,9.53,España,Jerez-Xérès-Sherry,Fortified
3244746,Delgado Zuleta,Pale & Dry Fino Sherry N.V.,N.V.,3.5,228,12.0,España,Jerez-Xérès-Sherry,Fortified
1490466,Bodegas Argüeso,San Leon Reserva de Familia N.V.,N.V.,3.9,222,22.95,España,Jerez-Xérès-Sherry,Fortified
1244045,Delgado Zuleta,Monteagudo Oloroso N.V.,N.V.,3.8,221,18.9,España,Jerez-Xérès-Sherry,Fortified
4259516,Toro Albalá,Marqués de Poley Oloroso N.V.,N.V.,3.7,214,21.0,España,Montilla-Moriles,Fortified
2148343,Gutiérrez Colosía,Fino en Rama N.V.,N.V.,3.9,210,23.15,España,Jerez-Xérès-Sherry,Fortified
1206874,Romate,Reserva Especial Fino Marismeño N.V.,N.V.,3.7,205,14.0,España,Jerez-Xérès-Sherry,Fortified
3889084,Álvaro Domecq,Pedro Ximenez Viña 98 N.V.,N.V.,3.9,203,17.75,España,Jerez-Xérès-Sherry,Fortified
1368829,Conde de la Cortina,Pedro Ximenez N.V.,N.V.,3.6,196,8.3,España,Montilla-Moriles,Fortified
2132841,Diez Mérito,Bertola 12 Year Old Amontillado Sherry N.V.,N.V.,3.8,189,23.5,España,Jerez-Xérès-Sherry,Fortified
2480526,Luis Caballero,Lerchundi Moscatel de Chipiona N.V.,N.V.,3.9,182,8.48,España,Jerez-Xérès-Sherry,Fortified
3265920,Domingo,Vermut Rojo N.V.,N.V.,3.9,180,11.93,España,Madrid,Fortified
6685661,Harveys,Fino Jerez Muy Seco N.V.,N.V.,3.6,171,7.5,España,Jerez-Xérès-Sherry,Fortified
1625699,Bodegas Argüeso,Las Medallas de Argüeso N.V.,N.V.,3.5,167,7.95,España,Jerez-Xérès-Sherry,Fortified
7285185,Fernando de Castilla,Oloroso Classic Dry N.V.,N.V.,3.6,165,18.8,España,Jerez-Xérès-Sherry,Fortified
2321170,Diez Mérito,Bertola Fino N.V.,N.V.,3.7,149,9.95,España,Jerez-Xérès-Sherry,Fortified
6298391,Barbadillo,Cuco Oloroso 12 Years N.V.,N.V.,3.8,147,15.3,España,Jerez-Xérès-Sherry,Fortified
4919980,Equipo Navazos,Ovni Pedro Ximénez Seco 2017,2017,3.5,146,13.2,España,Andalucía,Fortified
5337411,Gutiérrez Colosía,Manzanilla N.V.,N.V.,3.6,145,12.5,España,Jerez-Xérès-Sherry,Fortified
1810310,Luis Caballero,Pavon Puerto Fino Jerez-Xérès-Sherry N.V.,N.V.,3.6,144,8.6,España,Jerez-Xérès-Sherry,Fortified
7430748,Equipo Navazos,La Bota 91 de Fino 'Macharnudo Alto' N.V.,N.V.,3.9,135,27.0,España,Jerez-Xérès-Sherry,Fortified
6002264,Equipo Navazos,La Bota de Florpower 77 N.V.,N.V.,3.9,124,19.5,España,Jerez-Xérès-Sherry,Fortified
1807985,Diez Mérito,Bertola 12 Year Old Oloroso Sherry N.V.,N.V.,3.6,123,22.2,España,Jerez-Xérès-Sherry,Fortified
2729176,Olave,Vermouth Rojo N.V.,N.V.,3.9,120,7.5,España,Cataluña,Fortified
2135068,Diez Mérito,Bertola Cream N.V.,N.V.,3.7,119,14.0,España,Jerez-Xérès-Sherry,Fortified
1162148,Perez Barquero,Pedro Ximénez de Cosecha 2023,2023,3.8,119,12.31,España,Montilla-Moriles,Fortified
6606390,Juan Pinero,Great Duke Amontillado 12 Años N.V.,N.V.,3.9,118,18.75,España,Jerez-Xérès-Sherry,Fortified
1723716,Valdespino,Contrabandista Amontillado N.V.,N.V.,3.7,114,18.5,España,Jerez-Xérès-Sherry,Fortified
1857366,Fernando de Castilla,Hechizo Moscatel N.V.,N.V.,3.8,114,19.1,España,Jerez-Xérès-Sherry,Fortified
9328860,Toro Albalá,Fino Eléctrico Bombilla N.V.,N.V.,3.9,111,20.74,España,Montilla-Moriles,Fortified
2317331,Fernando de Castilla,Classic Oloroso N.V.,N.V.,3.6,100,17.5,España,Jerez-Xérès-Sherry,Fortified
6123281,Osborne,10RF Medium N.V.,N.V.,3.9,99,10.0,España,Jerez-Xérès-Sherry,Fortified
2466345,Valdespino,Cream Sherry N.V.,N.V.,3.8,96,8.45,España,Jerez-Xérès-Sherry,Fortified
1573907,Bodegas Argüeso,Amontillado N.V.,N.V.,3.6,90,14.25,España,Jerez-Xérès-Sherry,Fortified
3948396,Romate,Voy a Perderme N.V.,N.V.,3.8,87,13.0,España,Jerez-Xérès-Sherry,Fortified
6960358,Celler de Capçanes,Vermut de Capçanes N.V.,N.V.,3.9,82,10.2,España,Montsant,Fortified
5762336,Delgado Zuleta,Monteagudo Cream N.V.,N.V.,3.9,80,17.5,España,Jerez-Xérès-Sherry,Fortified
7506826,Williams & Humbert,Cedro Pedro Ximénez N.V.,N.V.,3.9,79,9.5,España,Jerez-Xérès-Sherry,Fortified
2482801,Gracia Hnos,Solera Fina María del Valle N.V.,N.V.,3.9,66,25.41,España,Montilla-Moriles,Fortified
4515865,Padró & Co,Reserva Especial Vermouth N.V.,N.V.,3.9,63,15.49,España,Tarragona,Fortified
4059472,Padró & Co,Vermut Myrrha Rojo N.V.,N.V.,3.7,61,5.95,España,Tarragona,Fortified
4968063,Barbadillo,San Rafael Jerez-Xeres-Sherry Dulce N.V.,N.V.,3.9,59,13.9,España,Jerez-Xérès-Sherry,Fortified
2237368,Contreras Ruiz,1918 Antonio Contreras Labrador 1918,1918,3.9,57,25.1,España,Condado de Huelva,Fortified
6790980,Juan Pinero,Great Duke Oloroso 12 Años N.V.,N.V.,3.8,56,20.15,España,Jerez-Xérès-Sherry,Fortified
1774913,Valdespino,Ideal Pale Cream Sherry N.V.,N.V.,3.6,55,9.1,España,Jerez-Xérès-Sherry,Fortified
9925875,Garvey,Vermut Marinero Rojo N.V.,N.V.,3.7,55,10.99,España,Andalucía,Fortified
10403283,Callejuela,Amontillado Origen N.V.,N.V.,3.9,54,23.9,España,Jerez-Xérès-Sherry,Fortified
7704309,Álvaro Domecq,1730 Fino en Rama N.V.,N.V.,3.9,52,24.95,España,Jerez-Xérès-Sherry,Fortified
9497273,Coca i Fitó,Xalar Vermouth N.V.,N.V.,3.9,52,13.6,España,Montsant,Fortified
2927269,Delgado Zuleta,Zuleta Medium N.V.,N.V.,3.8,49,11.0,España,Jerez-Xérès-Sherry,Fortified
7241165,Les Cousins Marc & Adrià,Donzell Vermut 2022,2022,3.6,46,13.4,España,Tarragona,Fortified
11085408,La Guita,Manzanilla Pasada en Rama N.V.,N.V.,3.7,46,20.1,España,Jerez-Xérès-Sherry,Fortified
1509217,Williams & Humbert,A Winter's Tale Medium Sweet Amontillado N.V.,N.V.,3.7,42,9.35,España,Jerez-Xérès-Sherry,Fortified
8791114,Cuatro Rayas,61 Vermouth Tempranillo N.V.,N.V.,3.9,41,7.8,España,Rueda,Fortified
1267673,Williams & Humbert,Collection Fino Sherry N.V.,N.V.,3.7,39,18.6,España,Jerez-Xérès-Sherry,Fortified
5938636,Juan Pinero,Oloroso N.V.,N.V.,3.7,38,18.85,España,Jerez-Xérès-Sherry,Fortified
11068403,Equipo Navazos,La Bota 114 De Florpower 2021,2021,3.9,38,22.88,España,Jerez-Xérès-Sherry,Fortified
4968115,Juan Pinero,Moscatel N.V.,N.V.,3.9,38,17.9,España,Jerez-Xérès-Sherry,Fortified
5825362,Harveys,Oloroso Sherry Dry N.V.,N.V.,3.6,38,15.34,España,Jerez-Xérès-Sherry,Fortified
7272671,Bodegas Argüeso,1822 Oloroso 1822,1822,3.9,37,13.9,España,Jerez-Xérès-Sherry,Fortified
3467108,Padró & Co,Vermut Myrrha Blanco N.V.,N.V.,3.9,34,5.95,España,Vino de España,Fortified
3842971,Mascaró,Siset Vermut N.V.,N.V.,3.9,33,11.05,España,Penedès,Fortified
13143679,Nordés,Vermouth Rojo N.V.,N.V.,3.9,33,12.95,España,Galicia,Fortified
8620759,Fernando de Castilla,Vermut Blanco N.V.,N.V.,3.9,28,15.9,España,Andalucía,Fortified
10430557,Primo de Lanzarote,Vermut Blanco N.V.,N.V.,3.9,28,20.85,España,Lanzarote,Fortified
1801334,Delgado Zuleta,Monteagudo Medium N.V.,N.V.,3.8,28,27.58,España,Jerez-Xérès-Sherry,Fortified
5116378,Olave,Vermouth Blanco N.V.,N.V.,3.8,28,7.2,España,Cataluña,Fortified
5463414,Gonzalez-Byass,Elegante Fino Sherry Palomino N.V.,N.V.,3.8,1907,9.9,España,Jerez-Xérès-Sherry,Fortified
76125,Sandeman,Medium Dry Sherry N.V.,N.V.,3.7,1396,8.5,España,Jerez-Xérès-Sherry,Fortified
1297146,El Maestro Sierra,12 Year Amontillado Sherry N.V.,N.V.,3.7,744,27.5,España,Jerez-Xérès-Sherry,Fortified
1468652,Sandeman,Medium Sweet N.V.,N.V.,3.8,680,8.5,España,Jerez-Xérès-Sherry,Fortified
2394609,Gutiérrez Colosía,Amontillado Sherry N.V.,N.V.,3.8,678,20.75,España,Jerez-Xérès-Sherry,Fortified
4110722,Bodegas Yuste,Aurora Manzanilla Sherry N.V.,N.V.,3.6,541,8.25,España,Jerez-Xérès-Sherry,Fortified
97205,Gutiérrez Colosía,Oloroso Sherry N.V.,N.V.,3.7,504,20.75,España,Jerez-Xérès-Sherry,Fortified
5010,Osborne,Coquinero Jerez-Xérès-Sherry Fino Amontillado N.V.,N.V.,3.8,491,12.95,España,Jerez-Xérès-Sherry,Fortified
5232095,Romate,Reserva Especial Don José Oloroso Sherry N.V.,N.V.,3.9,484,19.6,España,Jerez-Xérès-Sherry,Fortified
1265407,Fernando de Castilla,Classic Premium Cream N.V.,N.V.,3.7,471,19.55,España,Jerez-Xérès-Sherry,Fortified
4904787,Barbadillo,Blend of Medium Dry Amontillado Sherry N.V.,N.V.,3.6,464,14.36,España,Jerez-Xérès-Sherry,Fortified
1462876,Gil Luque,Leyenda Fino Sherry N.V.,N.V.,3.7,355,13.9,España,Jerez-Xérès-Sherry,Fortified
2034198,Emilio Hidalgo,Marqués de Rodil Palo Cortado N.V.,N.V.,3.9,346,44.95,España,Jerez-Xérès-Sherry,Fortified
1408385,El Maestro Sierra,Amoroso (Medium) N.V.,N.V.,3.9,328,15.95,España,Jerez-Xérès-Sherry,Fortified
1858358,Delgado Zuleta,Monteagudo Amontillado N.V.,N.V.,3.6,312,18.85,España,Jerez-Xérès-Sherry,Fortified
2478192,Primitivo Collantes,Moscatel Oro Los Cuartillos N.V.,N.V.,3.8,294,11.5,España,Jerez-Xérès-Sherry,Fortified
2068926,Barbadillo,Laura Moscatel N.V.,N.V.,3.9,268,5.25,España,Jerez-Xérès-Sherry,Fortified
1676743,Gutiérrez Colosía,Oloroso Sangre y Trabajadero N.V.,N.V.,3.8,253,18.33,España,Jerez-Xérès-Sherry,Fortified
1531639,Bodegas Robles,Piedra Luenga B PX N.V.,N.V.,3.7,251,9.5,España,Montilla-Moriles,Fortified
81636,Bodegas Dios Baco,Amontillado N.V.,N.V.,3.9,241,21.08,España,Jerez-Xérès-Sherry,Fortified
2287764,Primitivo Collantes,Fino Arroyuelo N.V.,N.V.,3.7,222,10.89,España,Jerez-Xérès-Sherry,Fortified
6545113,Primitivo Collantes,Viña Matalián Blanco Semidulce N.V.,N.V.,3.9,197,10.49,España,Jerez-Xérès-Sherry,Fortified
1703713,José Pemartín,Pedro Ximénez N.V.,N.V.,3.9,174,10.5,España,Jerez-Xérès-Sherry,Fortified
1594302,Pedro Domecq,Rio Viejo Jerez Oloroso Seco N.V.,N.V.,3.8,158,9.7,España,Jerez-Xérès-Sherry,Fortified
5093649,Croft,Particular Pale Amontillado Sherry N.V.,N.V.,3.6,136,9.95,España,Jerez-Xérès-Sherry,Fortified
1365870,El Maestro Sierra,Cream N.V.,N.V.,3.8,129,18.4,España,Jerez-Xérès-Sherry,Fortified
1944026,Delgado Zuleta,Zuleta Amontillado N.V.,N.V.,3.8,125,9.1,España,Jerez-Xérès-Sherry,Fortified
2213212,César Florido,Cruz del Mar Oloroso N.V.,N.V.,3.9,107,13.5,España,Jerez-Xérès-Sherry,Fortified
1593852,Barbadillo,San Rafael Medium N.V.,N.V.,3.8,99,14.35,España,Jerez-Xérès-Sherry,Fortified
5762332,Delgado Zuleta,Zuleta Oloroso N.V.,N.V.,3.6,99,9.1,España,Jerez-Xérès-Sherry,Fortified
3950571,Romate,Miramé cuando te hablo N.V.,N.V.,3.7,98,11.75,España,Jerez-Xérès-Sherry,Fortified
2252583,Alvear,Pedro Ximenez de Cosecha 1927,1927,3.9,93,15.8,España,Montilla-Moriles,Fortified
81640,Bodegas Dios Baco,Baco de Élite Oloroso N.V.,N.V.,3.9,92,21.08,España,Jerez-Xérès-Sherry,Fortified
7391661,Bodegas Argüeso,Amontillado 1822 N.V.,N.V.,3.9,91,51.1,España,Jerez-Xérès-Sherry,Fortified
5360272,César Florido,Cruz del Mar Amontillado N.V.,N.V.,3.8,85,12.9,España,Jerez-Xérès-Sherry,Fortified
1826060,Manuel Aragon,Oloroso Tio Alejandro N.V.,N.V.,3.8,67,13.4,España,Jerez-Xérès-Sherry,Fortified
1412319,Marqués del Real Tesoro,Pedro Ximénez Viejo N.V.,N.V.,3.8,66,10.15,España,Jerez-Xérès-Sherry,Fortified
3961404,Primitivo Collantes,Amontillado Fino Fossi N.V.,N.V.,3.7,65,18.91,España,Jerez-Xérès-Sherry,Fortified
8359999,Valmiñor,Entroido Vermú Rojo N.V.,N.V.,3.7,59,18.95,España,Rías Baixas,Fortified
1877009,Gomez Nevado,Pálido Sierra Morena Dry Seco N.V.,N.V.,3.6,58,15.95,España,Jerez-Xérès-Sherry,Fortified
1175835,Alvear,Fino En Rama 2017,2017,3.8,51,11.15,España,Montilla-Moriles,Fortified
1385673,Delgado Zuleta,Las Senoras N.V.,N.V.,3.6,49,16.95,España,Jerez-Xérès-Sherry,Fortified
2769979,Romate,Don José a Selection of Oloroso Medium Dry N.V.,N.V.,3.7,47,7.95,España,Jerez-Xérès-Sherry,Fortified
1857577,Gomez Nevado,Dorado Sierra Morena Seco N.V.,N.V.,3.7,43,19.95,España,Jerez-Xérès-Sherry,Fortified
1697979,José Pemartín,Oloroso N.V.,N.V.,3.8,42,7.5,España,Jerez-Xérès-Sherry,Fortified
9954980,Valmiñor,Entroido Vermú Blanco N.V.,N.V.,3.9,37,18.95,España,Rías Baixas,Fortified
2060108,Diez Mérito,Bertola Medium N.V.,N.V.,3.7,27,20.5,España,Jerez-Xérès-Sherry,Fortified
1212990,Tio Pepe,Palomino Fino Sherry (Muy Seco) N.V.,N.V.,3.3,11551,7.5,España,Jerez-Xérès-Sherry,Fortified
1251191,La Guita,Manzanilla N.V.,N.V.,3.4,5111,6.7,España,Jerez-Xérès-Sherry,Fortified
80911,Hidalgo (La Gitana),Manzanilla La Gitana N.V.,N.V.,3.4,2232,7.45,España,Sanlúcar de Barrameda,Fortified
2240331,Barbadillo,Manzanilla Solear N.V.,N.V.,3.3,1982,7.9,España,Jerez-Xérès-Sherry,Fortified
1591507,Lustau,Jarana Fino Sherry (Very Dry) N.V.,N.V.,3.3,1679,9.35,España,Jerez-Xérès-Sherry,Fortified
5009,Osborne,Fino Quinta Sherry N.V.,N.V.,3.4,1455,7.5,España,Jerez-Xérès-Sherry,Fortified
1215718,Fernando de Castilla,Classic Dry Sec Fino N.V.,N.V.,3.3,1121,14.2,España,Jerez-Xérès-Sherry,Fortified
1205825,Fernando de Castilla,Classic Dry Manzanilla N.V.,N.V.,3.4,781,12.9,España,Jerez-Xérès-Sherry,Fortified
86191,Barbadillo,Manzanilla Muyfina N.V.,N.V.,3.1,685,5.59,España,Jerez-Xérès-Sherry,Fortified
734281,Alvear,CB Fino Pedro Ximenez N.V.,N.V.,3.4,674,6.8,España,Montilla-Moriles,Fortified
1144011,Williams & Humbert,Dry Sack Medium N.V.,N.V.,3.4,668,8.5,España,Jerez-Xérès-Sherry,Fortified
1144021,Williams & Humbert,Alegría Manzanilla N.V.,N.V.,3.4,650,8.35,España,Jerez-Xérès-Sherry,Fortified
1664696,Emilio Hidalgo,Hidalgo Fino Sherry (Seco) N.V.,N.V.,3.4,536,12.9,España,Jerez-Xérès-Sherry,Fortified
1164454,Osborne,Manzanilla Sherry Fina N.V.,N.V.,3.1,425,17.0,España,Jerez-Xérès-Sherry,Fortified
2125716,Lustau,Solera Reserva Puerto Fino N.V.,N.V.,3.3,411,15.35,España,Jerez-Xérès-Sherry,Fortified
1449987,Álvaro Domecq,La Jaca N.V.,N.V.,3.3,336,10.5,España,Jerez-Xérès-Sherry,Fortified
6447143,Osborne,Fino Sherry N.V.,N.V.,3.2,234,17.0,España,Jerez-Xérès-Sherry,Fortified
1156712,Romate,Amontillado N.V.,N.V.,3.4,220,51.94,España,Jerez-Xérès-Sherry,Fortified
2674671,Williams & Humbert,Pando Fino N.V.,N.V.,3.4,196,6.93,España,Jerez-Xérès-Sherry,Fortified
80851,Emilio Hidalgo,Manzanilla Charito N.V.,N.V.,3,160,23.2,España,Jerez-Xérès-Sherry,Fortified
7957376,Romate,Fino Romate Sherry N.V.,N.V.,3.2,95,9.85,España,Jerez-Xérès-Sherry,Fortified
1498315,Valdespino,Jerez Seco Dry N.V.,N.V.,3.3,76,7.9,España,Jerez-Xérès-Sherry,Fortified
6656303,Juan Pinero,Manzanilla Jarona N.V.,N.V.,3.4,49,7.75,España,Jerez-Xérès-Sherry,Fortified
3950504,Romate,¿Fuego? No Thanks N.V.,N.V.,3.4,37,13.25,España,Jerez-Xérès-Sherry,Fortified
4852142,Williams & Humbert,A Winter's Tale Rare Old Sherry N.V.,N.V.,3.4,29,10.3,España,Jerez-Xérès-Sherry,Fortified
2423053,Williams & Humbert,Perez Megia Manzanilla N.V.,N.V.,3.0,28,6.85,España,Jerez-Xérès-Sherry,Fortified
2795843,Sandeman,Fino Sherry N.V.,N.V.,3.2,917,8.5,España,Jerez-Xérès-Sherry,Fortified
4630597,Barbadillo,Fino Sherry N.V.,N.V.,3.4,443,14.36,España,Jerez-Xérès-Sherry,Fortified
1845331,Romate,Fino N.V.,N.V.,3.4,279,6.99,España,Jerez-Xérès-Sherry,Fortified
1598824,Delgado Zuleta,Zuleta Manzanilla N.V.,N.V.,3.3,227,6.15,España,Jerez-Xérès-Sherry,Fortified
1144010,Williams & Humbert,Dry Sack Fino N.V.,N.V.,3.0,162,8.9,España,Jerez-Xérès-Sherry,Fortified
1412680,Garvey,San Patricio Jerez Seco N.V.,N.V.,3.1,92,5.45,España,Jerez-Xérès-Sherry,Fortified
1453899,Antonio Bandeira,Superior N.V.,N.V.,3.1,49,9.5,España,Penedès,Fortified
6645195,Romate,Don José Oloroso N.V.,N.V.,3.4,45,16.13,España,Jerez-Xérès-Sherry,Fortified
